params,score
"{'learning_rate': 0.01, 'num_leaves': 15, 'max_depth': 3, 'min_data_in_leaf': 10, 'lambda_l1': 0.0, 'lambda_l2': 0.0}",-0.05632474635290388
"{'learning_rate': 0.01, 'num_leaves': 15, 'max_depth': 3, 'min_data_in_leaf': 10, 'lambda_l1': 0.0, 'lambda_l2': 0.1}",-0.05760646157589677
"{'learning_rate': 0.01, 'num_leaves': 15, 'max_depth': 3, 'min_data_in_leaf': 10, 'lambda_l1': 0.0, 'lambda_l2': 1.0}",-0.05654900956628917
"{'learning_rate': 0.01, 'num_leaves': 15, 'max_depth': 3, 'min_data_in_leaf': 10, 'lambda_l1': 0.1, 'lambda_l2': 0.0}",-0.06342526675803432
"{'learning_rate': 0.01, 'num_leaves': 15, 'max_depth': 3, 'min_data_in_leaf': 10, 'lambda_l1': 0.1, 'lambda_l2': 0.1}",-0.05807614032179237
"{'learning_rate': 0.01, 'num_leaves': 15, 'max_depth': 3, 'min_data_in_leaf': 10, 'lambda_l1': 0.1, 'lambda_l2': 1.0}",-0.06210923868095563
"{'learning_rate': 0.01, 'num_leaves': 15, 'max_depth': 3, 'min_data_in_leaf': 10, 'lambda_l1': 1.0, 'lambda_l2': 0.0}",-0.07172697613658728
"{'learning_rate': 0.01, 'num_leaves': 15, 'max_depth': 3, 'min_data_in_leaf': 10, 'lambda_l1': 1.0, 'lambda_l2': 0.1}",-0.0682618407904515
"{'learning_rate': 0.01, 'num_leaves': 15, 'max_depth': 3, 'min_data_in_leaf': 10, 'lambda_l1': 1.0, 'lambda_l2': 1.0}",-0.06825244226526365
"{'learning_rate': 0.01, 'num_leaves': 15, 'max_depth': 3, 'min_data_in_leaf': 20, 'lambda_l1': 0.0, 'lambda_l2': 0.0}",-0.04621844845156386
"{'learning_rate': 0.01, 'num_leaves': 15, 'max_depth': 3, 'min_data_in_leaf': 20, 'lambda_l1': 0.0, 'lambda_l2': 0.1}",-0.04499207234512123
"{'learning_rate': 0.01, 'num_leaves': 15, 'max_depth': 3, 'min_data_in_leaf': 20, 'lambda_l1': 0.0, 'lambda_l2': 1.0}",-0.048268372415836085
"{'learning_rate': 0.01, 'num_leaves': 15, 'max_depth': 3, 'min_data_in_leaf': 20, 'lambda_l1': 0.1, 'lambda_l2': 0.0}",-0.055670195346210094
"{'learning_rate': 0.01, 'num_leaves': 15, 'max_depth': 3, 'min_data_in_leaf': 20, 'lambda_l1': 0.1, 'lambda_l2': 0.1}",-0.05502362699167554
"{'learning_rate': 0.01, 'num_leaves': 15, 'max_depth': 3, 'min_data_in_leaf': 20, 'lambda_l1': 0.1, 'lambda_l2': 1.0}",-0.06085637529972555
"{'learning_rate': 0.01, 'num_leaves': 15, 'max_depth': 3, 'min_data_in_leaf': 20, 'lambda_l1': 1.0, 'lambda_l2': 0.0}",-0.07062224295174041
"{'learning_rate': 0.01, 'num_leaves': 15, 'max_depth': 3, 'min_data_in_leaf': 20, 'lambda_l1': 1.0, 'lambda_l2': 0.1}",-0.06788878798937255
"{'learning_rate': 0.01, 'num_leaves': 15, 'max_depth': 3, 'min_data_in_leaf': 20, 'lambda_l1': 1.0, 'lambda_l2': 1.0}",-0.07071263205578672
"{'learning_rate': 0.01, 'num_leaves': 15, 'max_depth': 3, 'min_data_in_leaf': 50, 'lambda_l1': 0.0, 'lambda_l2': 0.0}",-0.061840860108852515
"{'learning_rate': 0.01, 'num_leaves': 15, 'max_depth': 3, 'min_data_in_leaf': 50, 'lambda_l1': 0.0, 'lambda_l2': 0.1}",-0.06466003557493682
"{'learning_rate': 0.01, 'num_leaves': 15, 'max_depth': 3, 'min_data_in_leaf': 50, 'lambda_l1': 0.0, 'lambda_l2': 1.0}",-0.06281650417159282
"{'learning_rate': 0.01, 'num_leaves': 15, 'max_depth': 3, 'min_data_in_leaf': 50, 'lambda_l1': 0.1, 'lambda_l2': 0.0}",-0.06248777893509417
"{'learning_rate': 0.01, 'num_leaves': 15, 'max_depth': 3, 'min_data_in_leaf': 50, 'lambda_l1': 0.1, 'lambda_l2': 0.1}",-0.06413743645698397
"{'learning_rate': 0.01, 'num_leaves': 15, 'max_depth': 3, 'min_data_in_leaf': 50, 'lambda_l1': 0.1, 'lambda_l2': 1.0}",-0.06489167631337822
"{'learning_rate': 0.01, 'num_leaves': 15, 'max_depth': 3, 'min_data_in_leaf': 50, 'lambda_l1': 1.0, 'lambda_l2': 0.0}",-0.06983353374585533
"{'learning_rate': 0.01, 'num_leaves': 15, 'max_depth': 3, 'min_data_in_leaf': 50, 'lambda_l1': 1.0, 'lambda_l2': 0.1}",-0.07041260501019006
"{'learning_rate': 0.01, 'num_leaves': 15, 'max_depth': 3, 'min_data_in_leaf': 50, 'lambda_l1': 1.0, 'lambda_l2': 1.0}",-0.07164345254503883
"{'learning_rate': 0.01, 'num_leaves': 15, 'max_depth': 5, 'min_data_in_leaf': 10, 'lambda_l1': 0.0, 'lambda_l2': 0.0}",-0.03426084841878972
"{'learning_rate': 0.01, 'num_leaves': 15, 'max_depth': 5, 'min_data_in_leaf': 10, 'lambda_l1': 0.0, 'lambda_l2': 0.1}",-0.04556077949259953
"{'learning_rate': 0.01, 'num_leaves': 15, 'max_depth': 5, 'min_data_in_leaf': 10, 'lambda_l1': 0.0, 'lambda_l2': 1.0}",-0.042027948704761176
"{'learning_rate': 0.01, 'num_leaves': 15, 'max_depth': 5, 'min_data_in_leaf': 10, 'lambda_l1': 0.1, 'lambda_l2': 0.0}",-0.05269060800024807
"{'learning_rate': 0.01, 'num_leaves': 15, 'max_depth': 5, 'min_data_in_leaf': 10, 'lambda_l1': 0.1, 'lambda_l2': 0.1}",-0.05571640713961317
"{'learning_rate': 0.01, 'num_leaves': 15, 'max_depth': 5, 'min_data_in_leaf': 10, 'lambda_l1': 0.1, 'lambda_l2': 1.0}",-0.05366708104921958
"{'learning_rate': 0.01, 'num_leaves': 15, 'max_depth': 5, 'min_data_in_leaf': 10, 'lambda_l1': 1.0, 'lambda_l2': 0.0}",-0.07604303122705137
"{'learning_rate': 0.01, 'num_leaves': 15, 'max_depth': 5, 'min_data_in_leaf': 10, 'lambda_l1': 1.0, 'lambda_l2': 0.1}",-0.06767470374515053
"{'learning_rate': 0.01, 'num_leaves': 15, 'max_depth': 5, 'min_data_in_leaf': 10, 'lambda_l1': 1.0, 'lambda_l2': 1.0}",-0.0682775631587418
"{'learning_rate': 0.01, 'num_leaves': 15, 'max_depth': 5, 'min_data_in_leaf': 20, 'lambda_l1': 0.0, 'lambda_l2': 0.0}",-0.06042491553440449
"{'learning_rate': 0.01, 'num_leaves': 15, 'max_depth': 5, 'min_data_in_leaf': 20, 'lambda_l1': 0.0, 'lambda_l2': 0.1}",-0.0601937885919879
"{'learning_rate': 0.01, 'num_leaves': 15, 'max_depth': 5, 'min_data_in_leaf': 20, 'lambda_l1': 0.0, 'lambda_l2': 1.0}",-0.054360613674870696
"{'learning_rate': 0.01, 'num_leaves': 15, 'max_depth': 5, 'min_data_in_leaf': 20, 'lambda_l1': 0.1, 'lambda_l2': 0.0}",-0.060515835184864586
"{'learning_rate': 0.01, 'num_leaves': 15, 'max_depth': 5, 'min_data_in_leaf': 20, 'lambda_l1': 0.1, 'lambda_l2': 0.1}",-0.06148329662082099
"{'learning_rate': 0.01, 'num_leaves': 15, 'max_depth': 5, 'min_data_in_leaf': 20, 'lambda_l1': 0.1, 'lambda_l2': 1.0}",-0.058484598279077434
"{'learning_rate': 0.01, 'num_leaves': 15, 'max_depth': 5, 'min_data_in_leaf': 20, 'lambda_l1': 1.0, 'lambda_l2': 0.0}",-0.07934919730193546
"{'learning_rate': 0.01, 'num_leaves': 15, 'max_depth': 5, 'min_data_in_leaf': 20, 'lambda_l1': 1.0, 'lambda_l2': 0.1}",-0.07862475531113033
"{'learning_rate': 0.01, 'num_leaves': 15, 'max_depth': 5, 'min_data_in_leaf': 20, 'lambda_l1': 1.0, 'lambda_l2': 1.0}",-0.07979225234233508
"{'learning_rate': 0.01, 'num_leaves': 15, 'max_depth': 5, 'min_data_in_leaf': 50, 'lambda_l1': 0.0, 'lambda_l2': 0.0}",-0.0688711389679142
"{'learning_rate': 0.01, 'num_leaves': 15, 'max_depth': 5, 'min_data_in_leaf': 50, 'lambda_l1': 0.0, 'lambda_l2': 0.1}",-0.06728376467594378
"{'learning_rate': 0.01, 'num_leaves': 15, 'max_depth': 5, 'min_data_in_leaf': 50, 'lambda_l1': 0.0, 'lambda_l2': 1.0}",-0.06817834600345803
"{'learning_rate': 0.01, 'num_leaves': 15, 'max_depth': 5, 'min_data_in_leaf': 50, 'lambda_l1': 0.1, 'lambda_l2': 0.0}",-0.06797389318365539
"{'learning_rate': 0.01, 'num_leaves': 15, 'max_depth': 5, 'min_data_in_leaf': 50, 'lambda_l1': 0.1, 'lambda_l2': 0.1}",-0.06938811952975284
"{'learning_rate': 0.01, 'num_leaves': 15, 'max_depth': 5, 'min_data_in_leaf': 50, 'lambda_l1': 0.1, 'lambda_l2': 1.0}",-0.07069348419711317
"{'learning_rate': 0.01, 'num_leaves': 15, 'max_depth': 5, 'min_data_in_leaf': 50, 'lambda_l1': 1.0, 'lambda_l2': 0.0}",-0.08468814455882882
"{'learning_rate': 0.01, 'num_leaves': 15, 'max_depth': 5, 'min_data_in_leaf': 50, 'lambda_l1': 1.0, 'lambda_l2': 0.1}",-0.0852630933838948
"{'learning_rate': 0.01, 'num_leaves': 15, 'max_depth': 5, 'min_data_in_leaf': 50, 'lambda_l1': 1.0, 'lambda_l2': 1.0}",-0.08726815102338352
"{'learning_rate': 0.01, 'num_leaves': 15, 'max_depth': 7, 'min_data_in_leaf': 10, 'lambda_l1': 0.0, 'lambda_l2': 0.0}",-0.05433258569424159
"{'learning_rate': 0.01, 'num_leaves': 15, 'max_depth': 7, 'min_data_in_leaf': 10, 'lambda_l1': 0.0, 'lambda_l2': 0.1}",-0.055951389173356146
"{'learning_rate': 0.01, 'num_leaves': 15, 'max_depth': 7, 'min_data_in_leaf': 10, 'lambda_l1': 0.0, 'lambda_l2': 1.0}",-0.06073666116876558
"{'learning_rate': 0.01, 'num_leaves': 15, 'max_depth': 7, 'min_data_in_leaf': 10, 'lambda_l1': 0.1, 'lambda_l2': 0.0}",-0.06088229950690374
"{'learning_rate': 0.01, 'num_leaves': 15, 'max_depth': 7, 'min_data_in_leaf': 10, 'lambda_l1': 0.1, 'lambda_l2': 0.1}",-0.056990391768583025
"{'learning_rate': 0.01, 'num_leaves': 15, 'max_depth': 7, 'min_data_in_leaf': 10, 'lambda_l1': 0.1, 'lambda_l2': 1.0}",-0.04335971159770821
"{'learning_rate': 0.01, 'num_leaves': 15, 'max_depth': 7, 'min_data_in_leaf': 10, 'lambda_l1': 1.0, 'lambda_l2': 0.0}",-0.05009383866393083
"{'learning_rate': 0.01, 'num_leaves': 15, 'max_depth': 7, 'min_data_in_leaf': 10, 'lambda_l1': 1.0, 'lambda_l2': 0.1}",-0.0444173385712326
"{'learning_rate': 0.01, 'num_leaves': 15, 'max_depth': 7, 'min_data_in_leaf': 10, 'lambda_l1': 1.0, 'lambda_l2': 1.0}",-0.05900850292770826
"{'learning_rate': 0.01, 'num_leaves': 15, 'max_depth': 7, 'min_data_in_leaf': 20, 'lambda_l1': 0.0, 'lambda_l2': 0.0}",-0.04989695734070821
"{'learning_rate': 0.01, 'num_leaves': 15, 'max_depth': 7, 'min_data_in_leaf': 20, 'lambda_l1': 0.0, 'lambda_l2': 0.1}",-0.052898293572757916
"{'learning_rate': 0.01, 'num_leaves': 15, 'max_depth': 7, 'min_data_in_leaf': 20, 'lambda_l1': 0.0, 'lambda_l2': 1.0}",-0.05156219528346787
"{'learning_rate': 0.01, 'num_leaves': 15, 'max_depth': 7, 'min_data_in_leaf': 20, 'lambda_l1': 0.1, 'lambda_l2': 0.0}",-0.050639052614807674
"{'learning_rate': 0.01, 'num_leaves': 15, 'max_depth': 7, 'min_data_in_leaf': 20, 'lambda_l1': 0.1, 'lambda_l2': 0.1}",-0.054983924054027335
"{'learning_rate': 0.01, 'num_leaves': 15, 'max_depth': 7, 'min_data_in_leaf': 20, 'lambda_l1': 0.1, 'lambda_l2': 1.0}",-0.048493119591166665
"{'learning_rate': 0.01, 'num_leaves': 15, 'max_depth': 7, 'min_data_in_leaf': 20, 'lambda_l1': 1.0, 'lambda_l2': 0.0}",-0.060127725455156794
"{'learning_rate': 0.01, 'num_leaves': 15, 'max_depth': 7, 'min_data_in_leaf': 20, 'lambda_l1': 1.0, 'lambda_l2': 0.1}",-0.06093581754120656
"{'learning_rate': 0.01, 'num_leaves': 15, 'max_depth': 7, 'min_data_in_leaf': 20, 'lambda_l1': 1.0, 'lambda_l2': 1.0}",-0.06480635328739413
"{'learning_rate': 0.01, 'num_leaves': 15, 'max_depth': 7, 'min_data_in_leaf': 50, 'lambda_l1': 0.0, 'lambda_l2': 0.0}",-0.06925328715551421
"{'learning_rate': 0.01, 'num_leaves': 15, 'max_depth': 7, 'min_data_in_leaf': 50, 'lambda_l1': 0.0, 'lambda_l2': 0.1}",-0.058143536912036116
"{'learning_rate': 0.01, 'num_leaves': 15, 'max_depth': 7, 'min_data_in_leaf': 50, 'lambda_l1': 0.0, 'lambda_l2': 1.0}",-0.07059954189226891
"{'learning_rate': 0.01, 'num_leaves': 15, 'max_depth': 7, 'min_data_in_leaf': 50, 'lambda_l1': 0.1, 'lambda_l2': 0.0}",-0.06671006995386324
"{'learning_rate': 0.01, 'num_leaves': 15, 'max_depth': 7, 'min_data_in_leaf': 50, 'lambda_l1': 0.1, 'lambda_l2': 0.1}",-0.06925176698068654
"{'learning_rate': 0.01, 'num_leaves': 15, 'max_depth': 7, 'min_data_in_leaf': 50, 'lambda_l1': 0.1, 'lambda_l2': 1.0}",-0.06868283214614825
"{'learning_rate': 0.01, 'num_leaves': 15, 'max_depth': 7, 'min_data_in_leaf': 50, 'lambda_l1': 1.0, 'lambda_l2': 0.0}",-0.07133111625241935
"{'learning_rate': 0.01, 'num_leaves': 15, 'max_depth': 7, 'min_data_in_leaf': 50, 'lambda_l1': 1.0, 'lambda_l2': 0.1}",-0.07321247355601772
"{'learning_rate': 0.01, 'num_leaves': 15, 'max_depth': 7, 'min_data_in_leaf': 50, 'lambda_l1': 1.0, 'lambda_l2': 1.0}",-0.06933076734526859
"{'learning_rate': 0.01, 'num_leaves': 31, 'max_depth': 3, 'min_data_in_leaf': 10, 'lambda_l1': 0.0, 'lambda_l2': 0.0}",-0.05632474635290388
"{'learning_rate': 0.01, 'num_leaves': 31, 'max_depth': 3, 'min_data_in_leaf': 10, 'lambda_l1': 0.0, 'lambda_l2': 0.1}",-0.05760646157589677
"{'learning_rate': 0.01, 'num_leaves': 31, 'max_depth': 3, 'min_data_in_leaf': 10, 'lambda_l1': 0.0, 'lambda_l2': 1.0}",-0.05654900956628917
"{'learning_rate': 0.01, 'num_leaves': 31, 'max_depth': 3, 'min_data_in_leaf': 10, 'lambda_l1': 0.1, 'lambda_l2': 0.0}",-0.06342526675803432
"{'learning_rate': 0.01, 'num_leaves': 31, 'max_depth': 3, 'min_data_in_leaf': 10, 'lambda_l1': 0.1, 'lambda_l2': 0.1}",-0.05807614032179237
"{'learning_rate': 0.01, 'num_leaves': 31, 'max_depth': 3, 'min_data_in_leaf': 10, 'lambda_l1': 0.1, 'lambda_l2': 1.0}",-0.06210923868095563
"{'learning_rate': 0.01, 'num_leaves': 31, 'max_depth': 3, 'min_data_in_leaf': 10, 'lambda_l1': 1.0, 'lambda_l2': 0.0}",-0.07172697613658728
"{'learning_rate': 0.01, 'num_leaves': 31, 'max_depth': 3, 'min_data_in_leaf': 10, 'lambda_l1': 1.0, 'lambda_l2': 0.1}",-0.0682618407904515
"{'learning_rate': 0.01, 'num_leaves': 31, 'max_depth': 3, 'min_data_in_leaf': 10, 'lambda_l1': 1.0, 'lambda_l2': 1.0}",-0.06825244226526365
"{'learning_rate': 0.01, 'num_leaves': 31, 'max_depth': 3, 'min_data_in_leaf': 20, 'lambda_l1': 0.0, 'lambda_l2': 0.0}",-0.04621844845156386
"{'learning_rate': 0.01, 'num_leaves': 31, 'max_depth': 3, 'min_data_in_leaf': 20, 'lambda_l1': 0.0, 'lambda_l2': 0.1}",-0.04499207234512123
"{'learning_rate': 0.01, 'num_leaves': 31, 'max_depth': 3, 'min_data_in_leaf': 20, 'lambda_l1': 0.0, 'lambda_l2': 1.0}",-0.048268372415836085
"{'learning_rate': 0.01, 'num_leaves': 31, 'max_depth': 3, 'min_data_in_leaf': 20, 'lambda_l1': 0.1, 'lambda_l2': 0.0}",-0.055670195346210094
"{'learning_rate': 0.01, 'num_leaves': 31, 'max_depth': 3, 'min_data_in_leaf': 20, 'lambda_l1': 0.1, 'lambda_l2': 0.1}",-0.05502362699167554
"{'learning_rate': 0.01, 'num_leaves': 31, 'max_depth': 3, 'min_data_in_leaf': 20, 'lambda_l1': 0.1, 'lambda_l2': 1.0}",-0.06085637529972555
"{'learning_rate': 0.01, 'num_leaves': 31, 'max_depth': 3, 'min_data_in_leaf': 20, 'lambda_l1': 1.0, 'lambda_l2': 0.0}",-0.07062224295174041
"{'learning_rate': 0.01, 'num_leaves': 31, 'max_depth': 3, 'min_data_in_leaf': 20, 'lambda_l1': 1.0, 'lambda_l2': 0.1}",-0.06788878798937255
"{'learning_rate': 0.01, 'num_leaves': 31, 'max_depth': 3, 'min_data_in_leaf': 20, 'lambda_l1': 1.0, 'lambda_l2': 1.0}",-0.07071263205578672
"{'learning_rate': 0.01, 'num_leaves': 31, 'max_depth': 3, 'min_data_in_leaf': 50, 'lambda_l1': 0.0, 'lambda_l2': 0.0}",-0.061840860108852515
"{'learning_rate': 0.01, 'num_leaves': 31, 'max_depth': 3, 'min_data_in_leaf': 50, 'lambda_l1': 0.0, 'lambda_l2': 0.1}",-0.06466003557493682
"{'learning_rate': 0.01, 'num_leaves': 31, 'max_depth': 3, 'min_data_in_leaf': 50, 'lambda_l1': 0.0, 'lambda_l2': 1.0}",-0.06281650417159282
"{'learning_rate': 0.01, 'num_leaves': 31, 'max_depth': 3, 'min_data_in_leaf': 50, 'lambda_l1': 0.1, 'lambda_l2': 0.0}",-0.06248777893509417
"{'learning_rate': 0.01, 'num_leaves': 31, 'max_depth': 3, 'min_data_in_leaf': 50, 'lambda_l1': 0.1, 'lambda_l2': 0.1}",-0.06413743645698397
"{'learning_rate': 0.01, 'num_leaves': 31, 'max_depth': 3, 'min_data_in_leaf': 50, 'lambda_l1': 0.1, 'lambda_l2': 1.0}",-0.06489167631337822
"{'learning_rate': 0.01, 'num_leaves': 31, 'max_depth': 3, 'min_data_in_leaf': 50, 'lambda_l1': 1.0, 'lambda_l2': 0.0}",-0.06983353374585533
"{'learning_rate': 0.01, 'num_leaves': 31, 'max_depth': 3, 'min_data_in_leaf': 50, 'lambda_l1': 1.0, 'lambda_l2': 0.1}",-0.07041260501019006
"{'learning_rate': 0.01, 'num_leaves': 31, 'max_depth': 3, 'min_data_in_leaf': 50, 'lambda_l1': 1.0, 'lambda_l2': 1.0}",-0.07164345254503883
"{'learning_rate': 0.01, 'num_leaves': 31, 'max_depth': 5, 'min_data_in_leaf': 10, 'lambda_l1': 0.0, 'lambda_l2': 0.0}",-0.06474013842941294
"{'learning_rate': 0.01, 'num_leaves': 31, 'max_depth': 5, 'min_data_in_leaf': 10, 'lambda_l1': 0.0, 'lambda_l2': 0.1}",-0.06333549618538627
"{'learning_rate': 0.01, 'num_leaves': 31, 'max_depth': 5, 'min_data_in_leaf': 10, 'lambda_l1': 0.0, 'lambda_l2': 1.0}",-0.07106361308507231
"{'learning_rate': 0.01, 'num_leaves': 31, 'max_depth': 5, 'min_data_in_leaf': 10, 'lambda_l1': 0.1, 'lambda_l2': 0.0}",-0.0722515394675666
"{'learning_rate': 0.01, 'num_leaves': 31, 'max_depth': 5, 'min_data_in_leaf': 10, 'lambda_l1': 0.1, 'lambda_l2': 0.1}",-0.06872511659245117
"{'learning_rate': 0.01, 'num_leaves': 31, 'max_depth': 5, 'min_data_in_leaf': 10, 'lambda_l1': 0.1, 'lambda_l2': 1.0}",-0.07070240318029536
"{'learning_rate': 0.01, 'num_leaves': 31, 'max_depth': 5, 'min_data_in_leaf': 10, 'lambda_l1': 1.0, 'lambda_l2': 0.0}",-0.08395966432730025
"{'learning_rate': 0.01, 'num_leaves': 31, 'max_depth': 5, 'min_data_in_leaf': 10, 'lambda_l1': 1.0, 'lambda_l2': 0.1}",-0.08621302299497631
"{'learning_rate': 0.01, 'num_leaves': 31, 'max_depth': 5, 'min_data_in_leaf': 10, 'lambda_l1': 1.0, 'lambda_l2': 1.0}",-0.0890327105020946
"{'learning_rate': 0.01, 'num_leaves': 31, 'max_depth': 5, 'min_data_in_leaf': 20, 'lambda_l1': 0.0, 'lambda_l2': 0.0}",-0.06696149660040991
"{'learning_rate': 0.01, 'num_leaves': 31, 'max_depth': 5, 'min_data_in_leaf': 20, 'lambda_l1': 0.0, 'lambda_l2': 0.1}",-0.0706983550735039
"{'learning_rate': 0.01, 'num_leaves': 31, 'max_depth': 5, 'min_data_in_leaf': 20, 'lambda_l1': 0.0, 'lambda_l2': 1.0}",-0.074510070280136
"{'learning_rate': 0.01, 'num_leaves': 31, 'max_depth': 5, 'min_data_in_leaf': 20, 'lambda_l1': 0.1, 'lambda_l2': 0.0}",-0.07273333940805092
"{'learning_rate': 0.01, 'num_leaves': 31, 'max_depth': 5, 'min_data_in_leaf': 20, 'lambda_l1': 0.1, 'lambda_l2': 0.1}",-0.07426207154743612
"{'learning_rate': 0.01, 'num_leaves': 31, 'max_depth': 5, 'min_data_in_leaf': 20, 'lambda_l1': 0.1, 'lambda_l2': 1.0}",-0.07605809193349194
"{'learning_rate': 0.01, 'num_leaves': 31, 'max_depth': 5, 'min_data_in_leaf': 20, 'lambda_l1': 1.0, 'lambda_l2': 0.0}",-0.08781564836175516
"{'learning_rate': 0.01, 'num_leaves': 31, 'max_depth': 5, 'min_data_in_leaf': 20, 'lambda_l1': 1.0, 'lambda_l2': 0.1}",-0.08768905268125222
"{'learning_rate': 0.01, 'num_leaves': 31, 'max_depth': 5, 'min_data_in_leaf': 20, 'lambda_l1': 1.0, 'lambda_l2': 1.0}",-0.08927775323060812
"{'learning_rate': 0.01, 'num_leaves': 31, 'max_depth': 5, 'min_data_in_leaf': 50, 'lambda_l1': 0.0, 'lambda_l2': 0.0}",-0.07254939360528019
"{'learning_rate': 0.01, 'num_leaves': 31, 'max_depth': 5, 'min_data_in_leaf': 50, 'lambda_l1': 0.0, 'lambda_l2': 0.1}",-0.06971240073761346
"{'learning_rate': 0.01, 'num_leaves': 31, 'max_depth': 5, 'min_data_in_leaf': 50, 'lambda_l1': 0.0, 'lambda_l2': 1.0}",-0.07058266343434076
"{'learning_rate': 0.01, 'num_leaves': 31, 'max_depth': 5, 'min_data_in_leaf': 50, 'lambda_l1': 0.1, 'lambda_l2': 0.0}",-0.0691407482092787
"{'learning_rate': 0.01, 'num_leaves': 31, 'max_depth': 5, 'min_data_in_leaf': 50, 'lambda_l1': 0.1, 'lambda_l2': 0.1}",-0.07095555263040976
"{'learning_rate': 0.01, 'num_leaves': 31, 'max_depth': 5, 'min_data_in_leaf': 50, 'lambda_l1': 0.1, 'lambda_l2': 1.0}",-0.07131571095024375
"{'learning_rate': 0.01, 'num_leaves': 31, 'max_depth': 5, 'min_data_in_leaf': 50, 'lambda_l1': 1.0, 'lambda_l2': 0.0}",-0.08405544404570257
"{'learning_rate': 0.01, 'num_leaves': 31, 'max_depth': 5, 'min_data_in_leaf': 50, 'lambda_l1': 1.0, 'lambda_l2': 0.1}",-0.08522284626865517
"{'learning_rate': 0.01, 'num_leaves': 31, 'max_depth': 5, 'min_data_in_leaf': 50, 'lambda_l1': 1.0, 'lambda_l2': 1.0}",-0.08733020970635323
"{'learning_rate': 0.01, 'num_leaves': 31, 'max_depth': 7, 'min_data_in_leaf': 10, 'lambda_l1': 0.0, 'lambda_l2': 0.0}",-0.057373587801213856
"{'learning_rate': 0.01, 'num_leaves': 31, 'max_depth': 7, 'min_data_in_leaf': 10, 'lambda_l1': 0.0, 'lambda_l2': 0.1}",-0.06263430512783993
"{'learning_rate': 0.01, 'num_leaves': 31, 'max_depth': 7, 'min_data_in_leaf': 10, 'lambda_l1': 0.0, 'lambda_l2': 1.0}",-0.06299833501292512
"{'learning_rate': 0.01, 'num_leaves': 31, 'max_depth': 7, 'min_data_in_leaf': 10, 'lambda_l1': 0.1, 'lambda_l2': 0.0}",-0.06601105179480253
"{'learning_rate': 0.01, 'num_leaves': 31, 'max_depth': 7, 'min_data_in_leaf': 10, 'lambda_l1': 0.1, 'lambda_l2': 0.1}",-0.06645893259685764
"{'learning_rate': 0.01, 'num_leaves': 31, 'max_depth': 7, 'min_data_in_leaf': 10, 'lambda_l1': 0.1, 'lambda_l2': 1.0}",-0.0721978371339951
"{'learning_rate': 0.01, 'num_leaves': 31, 'max_depth': 7, 'min_data_in_leaf': 10, 'lambda_l1': 1.0, 'lambda_l2': 0.0}",-0.07639143732351182
"{'learning_rate': 0.01, 'num_leaves': 31, 'max_depth': 7, 'min_data_in_leaf': 10, 'lambda_l1': 1.0, 'lambda_l2': 0.1}",-0.07735005355540882
"{'learning_rate': 0.01, 'num_leaves': 31, 'max_depth': 7, 'min_data_in_leaf': 10, 'lambda_l1': 1.0, 'lambda_l2': 1.0}",-0.07680150854341149
"{'learning_rate': 0.01, 'num_leaves': 31, 'max_depth': 7, 'min_data_in_leaf': 20, 'lambda_l1': 0.0, 'lambda_l2': 0.0}",-0.06048842759467627
"{'learning_rate': 0.01, 'num_leaves': 31, 'max_depth': 7, 'min_data_in_leaf': 20, 'lambda_l1': 0.0, 'lambda_l2': 0.1}",-0.0597830214565239
"{'learning_rate': 0.01, 'num_leaves': 31, 'max_depth': 7, 'min_data_in_leaf': 20, 'lambda_l1': 0.0, 'lambda_l2': 1.0}",-0.06239414342664776
"{'learning_rate': 0.01, 'num_leaves': 31, 'max_depth': 7, 'min_data_in_leaf': 20, 'lambda_l1': 0.1, 'lambda_l2': 0.0}",-0.06763259152993645
"{'learning_rate': 0.01, 'num_leaves': 31, 'max_depth': 7, 'min_data_in_leaf': 20, 'lambda_l1': 0.1, 'lambda_l2': 0.1}",-0.06812169750897389
"{'learning_rate': 0.01, 'num_leaves': 31, 'max_depth': 7, 'min_data_in_leaf': 20, 'lambda_l1': 0.1, 'lambda_l2': 1.0}",-0.07499682491263467
"{'learning_rate': 0.01, 'num_leaves': 31, 'max_depth': 7, 'min_data_in_leaf': 20, 'lambda_l1': 1.0, 'lambda_l2': 0.0}",-0.09190588691323577
"{'learning_rate': 0.01, 'num_leaves': 31, 'max_depth': 7, 'min_data_in_leaf': 20, 'lambda_l1': 1.0, 'lambda_l2': 0.1}",-0.09188402931694144
"{'learning_rate': 0.01, 'num_leaves': 31, 'max_depth': 7, 'min_data_in_leaf': 20, 'lambda_l1': 1.0, 'lambda_l2': 1.0}",-0.09461907044037032
"{'learning_rate': 0.01, 'num_leaves': 31, 'max_depth': 7, 'min_data_in_leaf': 50, 'lambda_l1': 0.0, 'lambda_l2': 0.0}",-0.08569958833191811
"{'learning_rate': 0.01, 'num_leaves': 31, 'max_depth': 7, 'min_data_in_leaf': 50, 'lambda_l1': 0.0, 'lambda_l2': 0.1}",-0.0788712769070663
"{'learning_rate': 0.01, 'num_leaves': 31, 'max_depth': 7, 'min_data_in_leaf': 50, 'lambda_l1': 0.0, 'lambda_l2': 1.0}",-0.08248843705307594
"{'learning_rate': 0.01, 'num_leaves': 31, 'max_depth': 7, 'min_data_in_leaf': 50, 'lambda_l1': 0.1, 'lambda_l2': 0.0}",-0.08265519918760729
"{'learning_rate': 0.01, 'num_leaves': 31, 'max_depth': 7, 'min_data_in_leaf': 50, 'lambda_l1': 0.1, 'lambda_l2': 0.1}",-0.08511223842091213
"{'learning_rate': 0.01, 'num_leaves': 31, 'max_depth': 7, 'min_data_in_leaf': 50, 'lambda_l1': 0.1, 'lambda_l2': 1.0}",-0.08673355518633681
"{'learning_rate': 0.01, 'num_leaves': 31, 'max_depth': 7, 'min_data_in_leaf': 50, 'lambda_l1': 1.0, 'lambda_l2': 0.0}",-0.09060341150204958
"{'learning_rate': 0.01, 'num_leaves': 31, 'max_depth': 7, 'min_data_in_leaf': 50, 'lambda_l1': 1.0, 'lambda_l2': 0.1}",-0.08986936035246261
"{'learning_rate': 0.01, 'num_leaves': 31, 'max_depth': 7, 'min_data_in_leaf': 50, 'lambda_l1': 1.0, 'lambda_l2': 1.0}",-0.08476012624927198
"{'learning_rate': 0.01, 'num_leaves': 63, 'max_depth': 3, 'min_data_in_leaf': 10, 'lambda_l1': 0.0, 'lambda_l2': 0.0}",-0.05632474635290388
"{'learning_rate': 0.01, 'num_leaves': 63, 'max_depth': 3, 'min_data_in_leaf': 10, 'lambda_l1': 0.0, 'lambda_l2': 0.1}",-0.05760646157589677
"{'learning_rate': 0.01, 'num_leaves': 63, 'max_depth': 3, 'min_data_in_leaf': 10, 'lambda_l1': 0.0, 'lambda_l2': 1.0}",-0.05654900956628917
"{'learning_rate': 0.01, 'num_leaves': 63, 'max_depth': 3, 'min_data_in_leaf': 10, 'lambda_l1': 0.1, 'lambda_l2': 0.0}",-0.06342526675803432
"{'learning_rate': 0.01, 'num_leaves': 63, 'max_depth': 3, 'min_data_in_leaf': 10, 'lambda_l1': 0.1, 'lambda_l2': 0.1}",-0.05807614032179237
"{'learning_rate': 0.01, 'num_leaves': 63, 'max_depth': 3, 'min_data_in_leaf': 10, 'lambda_l1': 0.1, 'lambda_l2': 1.0}",-0.06210923868095563
"{'learning_rate': 0.01, 'num_leaves': 63, 'max_depth': 3, 'min_data_in_leaf': 10, 'lambda_l1': 1.0, 'lambda_l2': 0.0}",-0.07172697613658728
"{'learning_rate': 0.01, 'num_leaves': 63, 'max_depth': 3, 'min_data_in_leaf': 10, 'lambda_l1': 1.0, 'lambda_l2': 0.1}",-0.0682618407904515
"{'learning_rate': 0.01, 'num_leaves': 63, 'max_depth': 3, 'min_data_in_leaf': 10, 'lambda_l1': 1.0, 'lambda_l2': 1.0}",-0.06825244226526365
"{'learning_rate': 0.01, 'num_leaves': 63, 'max_depth': 3, 'min_data_in_leaf': 20, 'lambda_l1': 0.0, 'lambda_l2': 0.0}",-0.04621844845156386
"{'learning_rate': 0.01, 'num_leaves': 63, 'max_depth': 3, 'min_data_in_leaf': 20, 'lambda_l1': 0.0, 'lambda_l2': 0.1}",-0.04499207234512123
"{'learning_rate': 0.01, 'num_leaves': 63, 'max_depth': 3, 'min_data_in_leaf': 20, 'lambda_l1': 0.0, 'lambda_l2': 1.0}",-0.048268372415836085
"{'learning_rate': 0.01, 'num_leaves': 63, 'max_depth': 3, 'min_data_in_leaf': 20, 'lambda_l1': 0.1, 'lambda_l2': 0.0}",-0.055670195346210094
"{'learning_rate': 0.01, 'num_leaves': 63, 'max_depth': 3, 'min_data_in_leaf': 20, 'lambda_l1': 0.1, 'lambda_l2': 0.1}",-0.05502362699167554
"{'learning_rate': 0.01, 'num_leaves': 63, 'max_depth': 3, 'min_data_in_leaf': 20, 'lambda_l1': 0.1, 'lambda_l2': 1.0}",-0.06085637529972555
"{'learning_rate': 0.01, 'num_leaves': 63, 'max_depth': 3, 'min_data_in_leaf': 20, 'lambda_l1': 1.0, 'lambda_l2': 0.0}",-0.07062224295174041
"{'learning_rate': 0.01, 'num_leaves': 63, 'max_depth': 3, 'min_data_in_leaf': 20, 'lambda_l1': 1.0, 'lambda_l2': 0.1}",-0.06788878798937255
"{'learning_rate': 0.01, 'num_leaves': 63, 'max_depth': 3, 'min_data_in_leaf': 20, 'lambda_l1': 1.0, 'lambda_l2': 1.0}",-0.07071263205578672
"{'learning_rate': 0.01, 'num_leaves': 63, 'max_depth': 3, 'min_data_in_leaf': 50, 'lambda_l1': 0.0, 'lambda_l2': 0.0}",-0.061840860108852515
"{'learning_rate': 0.01, 'num_leaves': 63, 'max_depth': 3, 'min_data_in_leaf': 50, 'lambda_l1': 0.0, 'lambda_l2': 0.1}",-0.06466003557493682
"{'learning_rate': 0.01, 'num_leaves': 63, 'max_depth': 3, 'min_data_in_leaf': 50, 'lambda_l1': 0.0, 'lambda_l2': 1.0}",-0.06281650417159282
"{'learning_rate': 0.01, 'num_leaves': 63, 'max_depth': 3, 'min_data_in_leaf': 50, 'lambda_l1': 0.1, 'lambda_l2': 0.0}",-0.06248777893509417
"{'learning_rate': 0.01, 'num_leaves': 63, 'max_depth': 3, 'min_data_in_leaf': 50, 'lambda_l1': 0.1, 'lambda_l2': 0.1}",-0.06413743645698397
"{'learning_rate': 0.01, 'num_leaves': 63, 'max_depth': 3, 'min_data_in_leaf': 50, 'lambda_l1': 0.1, 'lambda_l2': 1.0}",-0.06489167631337822
"{'learning_rate': 0.01, 'num_leaves': 63, 'max_depth': 3, 'min_data_in_leaf': 50, 'lambda_l1': 1.0, 'lambda_l2': 0.0}",-0.06983353374585533
"{'learning_rate': 0.01, 'num_leaves': 63, 'max_depth': 3, 'min_data_in_leaf': 50, 'lambda_l1': 1.0, 'lambda_l2': 0.1}",-0.07041260501019006
"{'learning_rate': 0.01, 'num_leaves': 63, 'max_depth': 3, 'min_data_in_leaf': 50, 'lambda_l1': 1.0, 'lambda_l2': 1.0}",-0.07164345254503883
"{'learning_rate': 0.01, 'num_leaves': 63, 'max_depth': 5, 'min_data_in_leaf': 10, 'lambda_l1': 0.0, 'lambda_l2': 0.0}",-0.06474013842941294
"{'learning_rate': 0.01, 'num_leaves': 63, 'max_depth': 5, 'min_data_in_leaf': 10, 'lambda_l1': 0.0, 'lambda_l2': 0.1}",-0.06333549618538627
"{'learning_rate': 0.01, 'num_leaves': 63, 'max_depth': 5, 'min_data_in_leaf': 10, 'lambda_l1': 0.0, 'lambda_l2': 1.0}",-0.07106361308507231
"{'learning_rate': 0.01, 'num_leaves': 63, 'max_depth': 5, 'min_data_in_leaf': 10, 'lambda_l1': 0.1, 'lambda_l2': 0.0}",-0.0722515394675666
"{'learning_rate': 0.01, 'num_leaves': 63, 'max_depth': 5, 'min_data_in_leaf': 10, 'lambda_l1': 0.1, 'lambda_l2': 0.1}",-0.06872511659245117
"{'learning_rate': 0.01, 'num_leaves': 63, 'max_depth': 5, 'min_data_in_leaf': 10, 'lambda_l1': 0.1, 'lambda_l2': 1.0}",-0.07070240318029536
"{'learning_rate': 0.01, 'num_leaves': 63, 'max_depth': 5, 'min_data_in_leaf': 10, 'lambda_l1': 1.0, 'lambda_l2': 0.0}",-0.08395966432730025
"{'learning_rate': 0.01, 'num_leaves': 63, 'max_depth': 5, 'min_data_in_leaf': 10, 'lambda_l1': 1.0, 'lambda_l2': 0.1}",-0.08621302299497631
"{'learning_rate': 0.01, 'num_leaves': 63, 'max_depth': 5, 'min_data_in_leaf': 10, 'lambda_l1': 1.0, 'lambda_l2': 1.0}",-0.0890327105020946
"{'learning_rate': 0.01, 'num_leaves': 63, 'max_depth': 5, 'min_data_in_leaf': 20, 'lambda_l1': 0.0, 'lambda_l2': 0.0}",-0.06696149660040991
"{'learning_rate': 0.01, 'num_leaves': 63, 'max_depth': 5, 'min_data_in_leaf': 20, 'lambda_l1': 0.0, 'lambda_l2': 0.1}",-0.0706983550735039
"{'learning_rate': 0.01, 'num_leaves': 63, 'max_depth': 5, 'min_data_in_leaf': 20, 'lambda_l1': 0.0, 'lambda_l2': 1.0}",-0.074510070280136
"{'learning_rate': 0.01, 'num_leaves': 63, 'max_depth': 5, 'min_data_in_leaf': 20, 'lambda_l1': 0.1, 'lambda_l2': 0.0}",-0.07273333940805092
"{'learning_rate': 0.01, 'num_leaves': 63, 'max_depth': 5, 'min_data_in_leaf': 20, 'lambda_l1': 0.1, 'lambda_l2': 0.1}",-0.07426207154743612
"{'learning_rate': 0.01, 'num_leaves': 63, 'max_depth': 5, 'min_data_in_leaf': 20, 'lambda_l1': 0.1, 'lambda_l2': 1.0}",-0.07605809193349194
"{'learning_rate': 0.01, 'num_leaves': 63, 'max_depth': 5, 'min_data_in_leaf': 20, 'lambda_l1': 1.0, 'lambda_l2': 0.0}",-0.08781564836175516
"{'learning_rate': 0.01, 'num_leaves': 63, 'max_depth': 5, 'min_data_in_leaf': 20, 'lambda_l1': 1.0, 'lambda_l2': 0.1}",-0.08768905268125222
"{'learning_rate': 0.01, 'num_leaves': 63, 'max_depth': 5, 'min_data_in_leaf': 20, 'lambda_l1': 1.0, 'lambda_l2': 1.0}",-0.08927775323060812
"{'learning_rate': 0.01, 'num_leaves': 63, 'max_depth': 5, 'min_data_in_leaf': 50, 'lambda_l1': 0.0, 'lambda_l2': 0.0}",-0.07254939360528019
"{'learning_rate': 0.01, 'num_leaves': 63, 'max_depth': 5, 'min_data_in_leaf': 50, 'lambda_l1': 0.0, 'lambda_l2': 0.1}",-0.06971240073761346
"{'learning_rate': 0.01, 'num_leaves': 63, 'max_depth': 5, 'min_data_in_leaf': 50, 'lambda_l1': 0.0, 'lambda_l2': 1.0}",-0.07058266343434076
"{'learning_rate': 0.01, 'num_leaves': 63, 'max_depth': 5, 'min_data_in_leaf': 50, 'lambda_l1': 0.1, 'lambda_l2': 0.0}",-0.0691407482092787
"{'learning_rate': 0.01, 'num_leaves': 63, 'max_depth': 5, 'min_data_in_leaf': 50, 'lambda_l1': 0.1, 'lambda_l2': 0.1}",-0.07095555263040976
"{'learning_rate': 0.01, 'num_leaves': 63, 'max_depth': 5, 'min_data_in_leaf': 50, 'lambda_l1': 0.1, 'lambda_l2': 1.0}",-0.07131571095024375
"{'learning_rate': 0.01, 'num_leaves': 63, 'max_depth': 5, 'min_data_in_leaf': 50, 'lambda_l1': 1.0, 'lambda_l2': 0.0}",-0.08405544404570257
"{'learning_rate': 0.01, 'num_leaves': 63, 'max_depth': 5, 'min_data_in_leaf': 50, 'lambda_l1': 1.0, 'lambda_l2': 0.1}",-0.08522284626865517
"{'learning_rate': 0.01, 'num_leaves': 63, 'max_depth': 5, 'min_data_in_leaf': 50, 'lambda_l1': 1.0, 'lambda_l2': 1.0}",-0.08733020970635323
"{'learning_rate': 0.01, 'num_leaves': 63, 'max_depth': 7, 'min_data_in_leaf': 10, 'lambda_l1': 0.0, 'lambda_l2': 0.0}",-0.061282698875891606
"{'learning_rate': 0.01, 'num_leaves': 63, 'max_depth': 7, 'min_data_in_leaf': 10, 'lambda_l1': 0.0, 'lambda_l2': 0.1}",-0.06353573400910013
"{'learning_rate': 0.01, 'num_leaves': 63, 'max_depth': 7, 'min_data_in_leaf': 10, 'lambda_l1': 0.0, 'lambda_l2': 1.0}",-0.06835038447564051
"{'learning_rate': 0.01, 'num_leaves': 63, 'max_depth': 7, 'min_data_in_leaf': 10, 'lambda_l1': 0.1, 'lambda_l2': 0.0}",-0.07449424755397906
"{'learning_rate': 0.01, 'num_leaves': 63, 'max_depth': 7, 'min_data_in_leaf': 10, 'lambda_l1': 0.1, 'lambda_l2': 0.1}",-0.0741509602067973
"{'learning_rate': 0.01, 'num_leaves': 63, 'max_depth': 7, 'min_data_in_leaf': 10, 'lambda_l1': 0.1, 'lambda_l2': 1.0}",-0.07007576557711978
"{'learning_rate': 0.01, 'num_leaves': 63, 'max_depth': 7, 'min_data_in_leaf': 10, 'lambda_l1': 1.0, 'lambda_l2': 0.0}",-0.0846269115176862
"{'learning_rate': 0.01, 'num_leaves': 63, 'max_depth': 7, 'min_data_in_leaf': 10, 'lambda_l1': 1.0, 'lambda_l2': 0.1}",-0.08357383304898729
"{'learning_rate': 0.01, 'num_leaves': 63, 'max_depth': 7, 'min_data_in_leaf': 10, 'lambda_l1': 1.0, 'lambda_l2': 1.0}",-0.07982890601643676
"{'learning_rate': 0.01, 'num_leaves': 63, 'max_depth': 7, 'min_data_in_leaf': 20, 'lambda_l1': 0.0, 'lambda_l2': 0.0}",-0.05645379069223136
"{'learning_rate': 0.01, 'num_leaves': 63, 'max_depth': 7, 'min_data_in_leaf': 20, 'lambda_l1': 0.0, 'lambda_l2': 0.1}",-0.057342769054132305
"{'learning_rate': 0.01, 'num_leaves': 63, 'max_depth': 7, 'min_data_in_leaf': 20, 'lambda_l1': 0.0, 'lambda_l2': 1.0}",-0.06323395736525356
"{'learning_rate': 0.01, 'num_leaves': 63, 'max_depth': 7, 'min_data_in_leaf': 20, 'lambda_l1': 0.1, 'lambda_l2': 0.0}",-0.06809139045479397
"{'learning_rate': 0.01, 'num_leaves': 63, 'max_depth': 7, 'min_data_in_leaf': 20, 'lambda_l1': 0.1, 'lambda_l2': 0.1}",-0.06486655011356622
"{'learning_rate': 0.01, 'num_leaves': 63, 'max_depth': 7, 'min_data_in_leaf': 20, 'lambda_l1': 0.1, 'lambda_l2': 1.0}",-0.06820516702168959
"{'learning_rate': 0.01, 'num_leaves': 63, 'max_depth': 7, 'min_data_in_leaf': 20, 'lambda_l1': 1.0, 'lambda_l2': 0.0}",-0.09568640097907638
"{'learning_rate': 0.01, 'num_leaves': 63, 'max_depth': 7, 'min_data_in_leaf': 20, 'lambda_l1': 1.0, 'lambda_l2': 0.1}",-0.09488598147185072
"{'learning_rate': 0.01, 'num_leaves': 63, 'max_depth': 7, 'min_data_in_leaf': 20, 'lambda_l1': 1.0, 'lambda_l2': 1.0}",-0.09760123713208092
"{'learning_rate': 0.01, 'num_leaves': 63, 'max_depth': 7, 'min_data_in_leaf': 50, 'lambda_l1': 0.0, 'lambda_l2': 0.0}",-0.0877655862101621
"{'learning_rate': 0.01, 'num_leaves': 63, 'max_depth': 7, 'min_data_in_leaf': 50, 'lambda_l1': 0.0, 'lambda_l2': 0.1}",-0.08746892114108147
"{'learning_rate': 0.01, 'num_leaves': 63, 'max_depth': 7, 'min_data_in_leaf': 50, 'lambda_l1': 0.0, 'lambda_l2': 1.0}",-0.08432799866872759
"{'learning_rate': 0.01, 'num_leaves': 63, 'max_depth': 7, 'min_data_in_leaf': 50, 'lambda_l1': 0.1, 'lambda_l2': 0.0}",-0.08931836631283187
"{'learning_rate': 0.01, 'num_leaves': 63, 'max_depth': 7, 'min_data_in_leaf': 50, 'lambda_l1': 0.1, 'lambda_l2': 0.1}",-0.08649121524417523
"{'learning_rate': 0.01, 'num_leaves': 63, 'max_depth': 7, 'min_data_in_leaf': 50, 'lambda_l1': 0.1, 'lambda_l2': 1.0}",-0.08826527510212746
"{'learning_rate': 0.01, 'num_leaves': 63, 'max_depth': 7, 'min_data_in_leaf': 50, 'lambda_l1': 1.0, 'lambda_l2': 0.0}",-0.09058851260924672
"{'learning_rate': 0.01, 'num_leaves': 63, 'max_depth': 7, 'min_data_in_leaf': 50, 'lambda_l1': 1.0, 'lambda_l2': 0.1}",-0.08602725461365285
"{'learning_rate': 0.01, 'num_leaves': 63, 'max_depth': 7, 'min_data_in_leaf': 50, 'lambda_l1': 1.0, 'lambda_l2': 1.0}",-0.07982526736577833
"{'learning_rate': 0.05, 'num_leaves': 15, 'max_depth': 3, 'min_data_in_leaf': 10, 'lambda_l1': 0.0, 'lambda_l2': 0.0}",-0.08381135599235207
"{'learning_rate': 0.05, 'num_leaves': 15, 'max_depth': 3, 'min_data_in_leaf': 10, 'lambda_l1': 0.0, 'lambda_l2': 0.1}",-0.07079253616147382
"{'learning_rate': 0.05, 'num_leaves': 15, 'max_depth': 3, 'min_data_in_leaf': 10, 'lambda_l1': 0.0, 'lambda_l2': 1.0}",-0.08749616843950675
"{'learning_rate': 0.05, 'num_leaves': 15, 'max_depth': 3, 'min_data_in_leaf': 10, 'lambda_l1': 0.1, 'lambda_l2': 0.0}",-0.09547184532952402
"{'learning_rate': 0.05, 'num_leaves': 15, 'max_depth': 3, 'min_data_in_leaf': 10, 'lambda_l1': 0.1, 'lambda_l2': 0.1}",-0.07847695725076978
"{'learning_rate': 0.05, 'num_leaves': 15, 'max_depth': 3, 'min_data_in_leaf': 10, 'lambda_l1': 0.1, 'lambda_l2': 1.0}",-0.07940131664587283
"{'learning_rate': 0.05, 'num_leaves': 15, 'max_depth': 3, 'min_data_in_leaf': 10, 'lambda_l1': 1.0, 'lambda_l2': 0.0}",-0.07636347860659012
"{'learning_rate': 0.05, 'num_leaves': 15, 'max_depth': 3, 'min_data_in_leaf': 10, 'lambda_l1': 1.0, 'lambda_l2': 0.1}",-0.08078719021876356
"{'learning_rate': 0.05, 'num_leaves': 15, 'max_depth': 3, 'min_data_in_leaf': 10, 'lambda_l1': 1.0, 'lambda_l2': 1.0}",-0.07439526502756484
"{'learning_rate': 0.05, 'num_leaves': 15, 'max_depth': 3, 'min_data_in_leaf': 20, 'lambda_l1': 0.0, 'lambda_l2': 0.0}",-0.07953915447800829
"{'learning_rate': 0.05, 'num_leaves': 15, 'max_depth': 3, 'min_data_in_leaf': 20, 'lambda_l1': 0.0, 'lambda_l2': 0.1}",-0.08404706172170433
"{'learning_rate': 0.05, 'num_leaves': 15, 'max_depth': 3, 'min_data_in_leaf': 20, 'lambda_l1': 0.0, 'lambda_l2': 1.0}",-0.08018930497850754
"{'learning_rate': 0.05, 'num_leaves': 15, 'max_depth': 3, 'min_data_in_leaf': 20, 'lambda_l1': 0.1, 'lambda_l2': 0.0}",-0.076833117740967
"{'learning_rate': 0.05, 'num_leaves': 15, 'max_depth': 3, 'min_data_in_leaf': 20, 'lambda_l1': 0.1, 'lambda_l2': 0.1}",-0.08860013171583196
"{'learning_rate': 0.05, 'num_leaves': 15, 'max_depth': 3, 'min_data_in_leaf': 20, 'lambda_l1': 0.1, 'lambda_l2': 1.0}",-0.08069530667494168
"{'learning_rate': 0.05, 'num_leaves': 15, 'max_depth': 3, 'min_data_in_leaf': 20, 'lambda_l1': 1.0, 'lambda_l2': 0.0}",-0.09305059914623011
"{'learning_rate': 0.05, 'num_leaves': 15, 'max_depth': 3, 'min_data_in_leaf': 20, 'lambda_l1': 1.0, 'lambda_l2': 0.1}",-0.08359660230603433
"{'learning_rate': 0.05, 'num_leaves': 15, 'max_depth': 3, 'min_data_in_leaf': 20, 'lambda_l1': 1.0, 'lambda_l2': 1.0}",-0.07669065489650655
"{'learning_rate': 0.05, 'num_leaves': 15, 'max_depth': 3, 'min_data_in_leaf': 50, 'lambda_l1': 0.0, 'lambda_l2': 0.0}",-0.09897083267721114
"{'learning_rate': 0.05, 'num_leaves': 15, 'max_depth': 3, 'min_data_in_leaf': 50, 'lambda_l1': 0.0, 'lambda_l2': 0.1}",-0.11496328453840975
"{'learning_rate': 0.05, 'num_leaves': 15, 'max_depth': 3, 'min_data_in_leaf': 50, 'lambda_l1': 0.0, 'lambda_l2': 1.0}",-0.09884743193307705
"{'learning_rate': 0.05, 'num_leaves': 15, 'max_depth': 3, 'min_data_in_leaf': 50, 'lambda_l1': 0.1, 'lambda_l2': 0.0}",-0.12026965858954412
"{'learning_rate': 0.05, 'num_leaves': 15, 'max_depth': 3, 'min_data_in_leaf': 50, 'lambda_l1': 0.1, 'lambda_l2': 0.1}",-0.1133808216901037
"{'learning_rate': 0.05, 'num_leaves': 15, 'max_depth': 3, 'min_data_in_leaf': 50, 'lambda_l1': 0.1, 'lambda_l2': 1.0}",-0.10844554130491381
"{'learning_rate': 0.05, 'num_leaves': 15, 'max_depth': 3, 'min_data_in_leaf': 50, 'lambda_l1': 1.0, 'lambda_l2': 0.0}",-0.0854768579566371
"{'learning_rate': 0.05, 'num_leaves': 15, 'max_depth': 3, 'min_data_in_leaf': 50, 'lambda_l1': 1.0, 'lambda_l2': 0.1}",-0.0814013501033453
"{'learning_rate': 0.05, 'num_leaves': 15, 'max_depth': 3, 'min_data_in_leaf': 50, 'lambda_l1': 1.0, 'lambda_l2': 1.0}",-0.09716682903859548
"{'learning_rate': 0.05, 'num_leaves': 15, 'max_depth': 5, 'min_data_in_leaf': 10, 'lambda_l1': 0.0, 'lambda_l2': 0.0}",-0.06442164864109134
"{'learning_rate': 0.05, 'num_leaves': 15, 'max_depth': 5, 'min_data_in_leaf': 10, 'lambda_l1': 0.0, 'lambda_l2': 0.1}",-0.057333463699335674
"{'learning_rate': 0.05, 'num_leaves': 15, 'max_depth': 5, 'min_data_in_leaf': 10, 'lambda_l1': 0.0, 'lambda_l2': 1.0}",-0.057260592500934814
"{'learning_rate': 0.05, 'num_leaves': 15, 'max_depth': 5, 'min_data_in_leaf': 10, 'lambda_l1': 0.1, 'lambda_l2': 0.0}",-0.07096238118748129
"{'learning_rate': 0.05, 'num_leaves': 15, 'max_depth': 5, 'min_data_in_leaf': 10, 'lambda_l1': 0.1, 'lambda_l2': 0.1}",-0.07719785673945685
"{'learning_rate': 0.05, 'num_leaves': 15, 'max_depth': 5, 'min_data_in_leaf': 10, 'lambda_l1': 0.1, 'lambda_l2': 1.0}",-0.06835436416264253
"{'learning_rate': 0.05, 'num_leaves': 15, 'max_depth': 5, 'min_data_in_leaf': 10, 'lambda_l1': 1.0, 'lambda_l2': 0.0}",-0.07729628310563379
"{'learning_rate': 0.05, 'num_leaves': 15, 'max_depth': 5, 'min_data_in_leaf': 10, 'lambda_l1': 1.0, 'lambda_l2': 0.1}",-0.07826539473204212
"{'learning_rate': 0.05, 'num_leaves': 15, 'max_depth': 5, 'min_data_in_leaf': 10, 'lambda_l1': 1.0, 'lambda_l2': 1.0}",-0.07442107773812204
"{'learning_rate': 0.05, 'num_leaves': 15, 'max_depth': 5, 'min_data_in_leaf': 20, 'lambda_l1': 0.0, 'lambda_l2': 0.0}",-0.07563065575418033
"{'learning_rate': 0.05, 'num_leaves': 15, 'max_depth': 5, 'min_data_in_leaf': 20, 'lambda_l1': 0.0, 'lambda_l2': 0.1}",-0.0701570072786663
"{'learning_rate': 0.05, 'num_leaves': 15, 'max_depth': 5, 'min_data_in_leaf': 20, 'lambda_l1': 0.0, 'lambda_l2': 1.0}",-0.075965578243804
"{'learning_rate': 0.05, 'num_leaves': 15, 'max_depth': 5, 'min_data_in_leaf': 20, 'lambda_l1': 0.1, 'lambda_l2': 0.0}",-0.07953380943096332
"{'learning_rate': 0.05, 'num_leaves': 15, 'max_depth': 5, 'min_data_in_leaf': 20, 'lambda_l1': 0.1, 'lambda_l2': 0.1}",-0.07698894831937064
"{'learning_rate': 0.05, 'num_leaves': 15, 'max_depth': 5, 'min_data_in_leaf': 20, 'lambda_l1': 0.1, 'lambda_l2': 1.0}",-0.08522664337178404
"{'learning_rate': 0.05, 'num_leaves': 15, 'max_depth': 5, 'min_data_in_leaf': 20, 'lambda_l1': 1.0, 'lambda_l2': 0.0}",-0.07330296906211135
"{'learning_rate': 0.05, 'num_leaves': 15, 'max_depth': 5, 'min_data_in_leaf': 20, 'lambda_l1': 1.0, 'lambda_l2': 0.1}",-0.07518428216369748
"{'learning_rate': 0.05, 'num_leaves': 15, 'max_depth': 5, 'min_data_in_leaf': 20, 'lambda_l1': 1.0, 'lambda_l2': 1.0}",-0.07193959368961579
"{'learning_rate': 0.05, 'num_leaves': 15, 'max_depth': 5, 'min_data_in_leaf': 50, 'lambda_l1': 0.0, 'lambda_l2': 0.0}",-0.07171274180687277
"{'learning_rate': 0.05, 'num_leaves': 15, 'max_depth': 5, 'min_data_in_leaf': 50, 'lambda_l1': 0.0, 'lambda_l2': 0.1}",-0.085995687424768
"{'learning_rate': 0.05, 'num_leaves': 15, 'max_depth': 5, 'min_data_in_leaf': 50, 'lambda_l1': 0.0, 'lambda_l2': 1.0}",-0.08172282016538969
"{'learning_rate': 0.05, 'num_leaves': 15, 'max_depth': 5, 'min_data_in_leaf': 50, 'lambda_l1': 0.1, 'lambda_l2': 0.0}",-0.08656419591088704
"{'learning_rate': 0.05, 'num_leaves': 15, 'max_depth': 5, 'min_data_in_leaf': 50, 'lambda_l1': 0.1, 'lambda_l2': 0.1}",-0.08124309603075808
"{'learning_rate': 0.05, 'num_leaves': 15, 'max_depth': 5, 'min_data_in_leaf': 50, 'lambda_l1': 0.1, 'lambda_l2': 1.0}",-0.07491516888488427
"{'learning_rate': 0.05, 'num_leaves': 15, 'max_depth': 5, 'min_data_in_leaf': 50, 'lambda_l1': 1.0, 'lambda_l2': 0.0}",-0.07809126087768285
"{'learning_rate': 0.05, 'num_leaves': 15, 'max_depth': 5, 'min_data_in_leaf': 50, 'lambda_l1': 1.0, 'lambda_l2': 0.1}",-0.0793578546935861
"{'learning_rate': 0.05, 'num_leaves': 15, 'max_depth': 5, 'min_data_in_leaf': 50, 'lambda_l1': 1.0, 'lambda_l2': 1.0}",-0.07147511025887647
"{'learning_rate': 0.05, 'num_leaves': 15, 'max_depth': 7, 'min_data_in_leaf': 10, 'lambda_l1': 0.0, 'lambda_l2': 0.0}",-0.07650257665414574
"{'learning_rate': 0.05, 'num_leaves': 15, 'max_depth': 7, 'min_data_in_leaf': 10, 'lambda_l1': 0.0, 'lambda_l2': 0.1}",-0.07622623570198739
"{'learning_rate': 0.05, 'num_leaves': 15, 'max_depth': 7, 'min_data_in_leaf': 10, 'lambda_l1': 0.0, 'lambda_l2': 1.0}",-0.07314887578008654
"{'learning_rate': 0.05, 'num_leaves': 15, 'max_depth': 7, 'min_data_in_leaf': 10, 'lambda_l1': 0.1, 'lambda_l2': 0.0}",-0.08382987447549752
"{'learning_rate': 0.05, 'num_leaves': 15, 'max_depth': 7, 'min_data_in_leaf': 10, 'lambda_l1': 0.1, 'lambda_l2': 0.1}",-0.0786285285820184
"{'learning_rate': 0.05, 'num_leaves': 15, 'max_depth': 7, 'min_data_in_leaf': 10, 'lambda_l1': 0.1, 'lambda_l2': 1.0}",-0.05811913549440364
"{'learning_rate': 0.05, 'num_leaves': 15, 'max_depth': 7, 'min_data_in_leaf': 10, 'lambda_l1': 1.0, 'lambda_l2': 0.0}",-0.07461904744705539
"{'learning_rate': 0.05, 'num_leaves': 15, 'max_depth': 7, 'min_data_in_leaf': 10, 'lambda_l1': 1.0, 'lambda_l2': 0.1}",-0.07887809866142532
"{'learning_rate': 0.05, 'num_leaves': 15, 'max_depth': 7, 'min_data_in_leaf': 10, 'lambda_l1': 1.0, 'lambda_l2': 1.0}",-0.06406950896032716
"{'learning_rate': 0.05, 'num_leaves': 15, 'max_depth': 7, 'min_data_in_leaf': 20, 'lambda_l1': 0.0, 'lambda_l2': 0.0}",-0.08961895382326139
"{'learning_rate': 0.05, 'num_leaves': 15, 'max_depth': 7, 'min_data_in_leaf': 20, 'lambda_l1': 0.0, 'lambda_l2': 0.1}",-0.0890293443699386
"{'learning_rate': 0.05, 'num_leaves': 15, 'max_depth': 7, 'min_data_in_leaf': 20, 'lambda_l1': 0.0, 'lambda_l2': 1.0}",-0.07926996613774039
"{'learning_rate': 0.05, 'num_leaves': 15, 'max_depth': 7, 'min_data_in_leaf': 20, 'lambda_l1': 0.1, 'lambda_l2': 0.0}",-0.08787425829154494
"{'learning_rate': 0.05, 'num_leaves': 15, 'max_depth': 7, 'min_data_in_leaf': 20, 'lambda_l1': 0.1, 'lambda_l2': 0.1}",-0.08803362597751041
"{'learning_rate': 0.05, 'num_leaves': 15, 'max_depth': 7, 'min_data_in_leaf': 20, 'lambda_l1': 0.1, 'lambda_l2': 1.0}",-0.07177349942120011
"{'learning_rate': 0.05, 'num_leaves': 15, 'max_depth': 7, 'min_data_in_leaf': 20, 'lambda_l1': 1.0, 'lambda_l2': 0.0}",-0.07110928519876643
"{'learning_rate': 0.05, 'num_leaves': 15, 'max_depth': 7, 'min_data_in_leaf': 20, 'lambda_l1': 1.0, 'lambda_l2': 0.1}",-0.06913229159635587
"{'learning_rate': 0.05, 'num_leaves': 15, 'max_depth': 7, 'min_data_in_leaf': 20, 'lambda_l1': 1.0, 'lambda_l2': 1.0}",-0.0757663854140783
"{'learning_rate': 0.05, 'num_leaves': 15, 'max_depth': 7, 'min_data_in_leaf': 50, 'lambda_l1': 0.0, 'lambda_l2': 0.0}",-0.09209354818301252
"{'learning_rate': 0.05, 'num_leaves': 15, 'max_depth': 7, 'min_data_in_leaf': 50, 'lambda_l1': 0.0, 'lambda_l2': 0.1}",-0.09106216193551653
"{'learning_rate': 0.05, 'num_leaves': 15, 'max_depth': 7, 'min_data_in_leaf': 50, 'lambda_l1': 0.0, 'lambda_l2': 1.0}",-0.09328244180813221
"{'learning_rate': 0.05, 'num_leaves': 15, 'max_depth': 7, 'min_data_in_leaf': 50, 'lambda_l1': 0.1, 'lambda_l2': 0.0}",-0.09321576892894416
"{'learning_rate': 0.05, 'num_leaves': 15, 'max_depth': 7, 'min_data_in_leaf': 50, 'lambda_l1': 0.1, 'lambda_l2': 0.1}",-0.0942424743482571
"{'learning_rate': 0.05, 'num_leaves': 15, 'max_depth': 7, 'min_data_in_leaf': 50, 'lambda_l1': 0.1, 'lambda_l2': 1.0}",-0.08605195713875598
"{'learning_rate': 0.05, 'num_leaves': 15, 'max_depth': 7, 'min_data_in_leaf': 50, 'lambda_l1': 1.0, 'lambda_l2': 0.0}",-0.07903684641210451
"{'learning_rate': 0.05, 'num_leaves': 15, 'max_depth': 7, 'min_data_in_leaf': 50, 'lambda_l1': 1.0, 'lambda_l2': 0.1}",-0.08654135985713306
"{'learning_rate': 0.05, 'num_leaves': 15, 'max_depth': 7, 'min_data_in_leaf': 50, 'lambda_l1': 1.0, 'lambda_l2': 1.0}",-0.08269674873569692
"{'learning_rate': 0.05, 'num_leaves': 31, 'max_depth': 3, 'min_data_in_leaf': 10, 'lambda_l1': 0.0, 'lambda_l2': 0.0}",-0.08381135599235207
"{'learning_rate': 0.05, 'num_leaves': 31, 'max_depth': 3, 'min_data_in_leaf': 10, 'lambda_l1': 0.0, 'lambda_l2': 0.1}",-0.07079253616147382
"{'learning_rate': 0.05, 'num_leaves': 31, 'max_depth': 3, 'min_data_in_leaf': 10, 'lambda_l1': 0.0, 'lambda_l2': 1.0}",-0.08749616843950675
"{'learning_rate': 0.05, 'num_leaves': 31, 'max_depth': 3, 'min_data_in_leaf': 10, 'lambda_l1': 0.1, 'lambda_l2': 0.0}",-0.09547184532952402
"{'learning_rate': 0.05, 'num_leaves': 31, 'max_depth': 3, 'min_data_in_leaf': 10, 'lambda_l1': 0.1, 'lambda_l2': 0.1}",-0.07847695725076978
"{'learning_rate': 0.05, 'num_leaves': 31, 'max_depth': 3, 'min_data_in_leaf': 10, 'lambda_l1': 0.1, 'lambda_l2': 1.0}",-0.07940131664587283
"{'learning_rate': 0.05, 'num_leaves': 31, 'max_depth': 3, 'min_data_in_leaf': 10, 'lambda_l1': 1.0, 'lambda_l2': 0.0}",-0.07636347860659012
"{'learning_rate': 0.05, 'num_leaves': 31, 'max_depth': 3, 'min_data_in_leaf': 10, 'lambda_l1': 1.0, 'lambda_l2': 0.1}",-0.08078719021876356
"{'learning_rate': 0.05, 'num_leaves': 31, 'max_depth': 3, 'min_data_in_leaf': 10, 'lambda_l1': 1.0, 'lambda_l2': 1.0}",-0.07439526502756484
"{'learning_rate': 0.05, 'num_leaves': 31, 'max_depth': 3, 'min_data_in_leaf': 20, 'lambda_l1': 0.0, 'lambda_l2': 0.0}",-0.07953915447800829
"{'learning_rate': 0.05, 'num_leaves': 31, 'max_depth': 3, 'min_data_in_leaf': 20, 'lambda_l1': 0.0, 'lambda_l2': 0.1}",-0.08404706172170433
"{'learning_rate': 0.05, 'num_leaves': 31, 'max_depth': 3, 'min_data_in_leaf': 20, 'lambda_l1': 0.0, 'lambda_l2': 1.0}",-0.08018930497850754
"{'learning_rate': 0.05, 'num_leaves': 31, 'max_depth': 3, 'min_data_in_leaf': 20, 'lambda_l1': 0.1, 'lambda_l2': 0.0}",-0.076833117740967
"{'learning_rate': 0.05, 'num_leaves': 31, 'max_depth': 3, 'min_data_in_leaf': 20, 'lambda_l1': 0.1, 'lambda_l2': 0.1}",-0.08860013171583196
"{'learning_rate': 0.05, 'num_leaves': 31, 'max_depth': 3, 'min_data_in_leaf': 20, 'lambda_l1': 0.1, 'lambda_l2': 1.0}",-0.08069530667494168
"{'learning_rate': 0.05, 'num_leaves': 31, 'max_depth': 3, 'min_data_in_leaf': 20, 'lambda_l1': 1.0, 'lambda_l2': 0.0}",-0.09305059914623011
"{'learning_rate': 0.05, 'num_leaves': 31, 'max_depth': 3, 'min_data_in_leaf': 20, 'lambda_l1': 1.0, 'lambda_l2': 0.1}",-0.08359660230603433
"{'learning_rate': 0.05, 'num_leaves': 31, 'max_depth': 3, 'min_data_in_leaf': 20, 'lambda_l1': 1.0, 'lambda_l2': 1.0}",-0.07669065489650655
"{'learning_rate': 0.05, 'num_leaves': 31, 'max_depth': 3, 'min_data_in_leaf': 50, 'lambda_l1': 0.0, 'lambda_l2': 0.0}",-0.09897083267721114
"{'learning_rate': 0.05, 'num_leaves': 31, 'max_depth': 3, 'min_data_in_leaf': 50, 'lambda_l1': 0.0, 'lambda_l2': 0.1}",-0.11496328453840975
"{'learning_rate': 0.05, 'num_leaves': 31, 'max_depth': 3, 'min_data_in_leaf': 50, 'lambda_l1': 0.0, 'lambda_l2': 1.0}",-0.09884743193307705
"{'learning_rate': 0.05, 'num_leaves': 31, 'max_depth': 3, 'min_data_in_leaf': 50, 'lambda_l1': 0.1, 'lambda_l2': 0.0}",-0.12026965858954412
"{'learning_rate': 0.05, 'num_leaves': 31, 'max_depth': 3, 'min_data_in_leaf': 50, 'lambda_l1': 0.1, 'lambda_l2': 0.1}",-0.1133808216901037
"{'learning_rate': 0.05, 'num_leaves': 31, 'max_depth': 3, 'min_data_in_leaf': 50, 'lambda_l1': 0.1, 'lambda_l2': 1.0}",-0.10844554130491381
"{'learning_rate': 0.05, 'num_leaves': 31, 'max_depth': 3, 'min_data_in_leaf': 50, 'lambda_l1': 1.0, 'lambda_l2': 0.0}",-0.0854768579566371
"{'learning_rate': 0.05, 'num_leaves': 31, 'max_depth': 3, 'min_data_in_leaf': 50, 'lambda_l1': 1.0, 'lambda_l2': 0.1}",-0.0814013501033453
"{'learning_rate': 0.05, 'num_leaves': 31, 'max_depth': 3, 'min_data_in_leaf': 50, 'lambda_l1': 1.0, 'lambda_l2': 1.0}",-0.09716682903859548
"{'learning_rate': 0.05, 'num_leaves': 31, 'max_depth': 5, 'min_data_in_leaf': 10, 'lambda_l1': 0.0, 'lambda_l2': 0.0}",-0.06758787125217254
"{'learning_rate': 0.05, 'num_leaves': 31, 'max_depth': 5, 'min_data_in_leaf': 10, 'lambda_l1': 0.0, 'lambda_l2': 0.1}",-0.07046586784784051
"{'learning_rate': 0.05, 'num_leaves': 31, 'max_depth': 5, 'min_data_in_leaf': 10, 'lambda_l1': 0.0, 'lambda_l2': 1.0}",-0.06765811506969872
"{'learning_rate': 0.05, 'num_leaves': 31, 'max_depth': 5, 'min_data_in_leaf': 10, 'lambda_l1': 0.1, 'lambda_l2': 0.0}",-0.06890475496983751
"{'learning_rate': 0.05, 'num_leaves': 31, 'max_depth': 5, 'min_data_in_leaf': 10, 'lambda_l1': 0.1, 'lambda_l2': 0.1}",-0.0836933080275039
"{'learning_rate': 0.05, 'num_leaves': 31, 'max_depth': 5, 'min_data_in_leaf': 10, 'lambda_l1': 0.1, 'lambda_l2': 1.0}",-0.07343614279805324
"{'learning_rate': 0.05, 'num_leaves': 31, 'max_depth': 5, 'min_data_in_leaf': 10, 'lambda_l1': 1.0, 'lambda_l2': 0.0}",-0.0736379854678045
"{'learning_rate': 0.05, 'num_leaves': 31, 'max_depth': 5, 'min_data_in_leaf': 10, 'lambda_l1': 1.0, 'lambda_l2': 0.1}",-0.06609667891736605
"{'learning_rate': 0.05, 'num_leaves': 31, 'max_depth': 5, 'min_data_in_leaf': 10, 'lambda_l1': 1.0, 'lambda_l2': 1.0}",-0.07499940878634637
"{'learning_rate': 0.05, 'num_leaves': 31, 'max_depth': 5, 'min_data_in_leaf': 20, 'lambda_l1': 0.0, 'lambda_l2': 0.0}",-0.07783668552694924
"{'learning_rate': 0.05, 'num_leaves': 31, 'max_depth': 5, 'min_data_in_leaf': 20, 'lambda_l1': 0.0, 'lambda_l2': 0.1}",-0.06813764631770323
"{'learning_rate': 0.05, 'num_leaves': 31, 'max_depth': 5, 'min_data_in_leaf': 20, 'lambda_l1': 0.0, 'lambda_l2': 1.0}",-0.09170058526323133
"{'learning_rate': 0.05, 'num_leaves': 31, 'max_depth': 5, 'min_data_in_leaf': 20, 'lambda_l1': 0.1, 'lambda_l2': 0.0}",-0.09040188715850661
"{'learning_rate': 0.05, 'num_leaves': 31, 'max_depth': 5, 'min_data_in_leaf': 20, 'lambda_l1': 0.1, 'lambda_l2': 0.1}",-0.07744665282645702
"{'learning_rate': 0.05, 'num_leaves': 31, 'max_depth': 5, 'min_data_in_leaf': 20, 'lambda_l1': 0.1, 'lambda_l2': 1.0}",-0.0811880177095093
"{'learning_rate': 0.05, 'num_leaves': 31, 'max_depth': 5, 'min_data_in_leaf': 20, 'lambda_l1': 1.0, 'lambda_l2': 0.0}",-0.07919666641234972
"{'learning_rate': 0.05, 'num_leaves': 31, 'max_depth': 5, 'min_data_in_leaf': 20, 'lambda_l1': 1.0, 'lambda_l2': 0.1}",-0.07423139627595904
"{'learning_rate': 0.05, 'num_leaves': 31, 'max_depth': 5, 'min_data_in_leaf': 20, 'lambda_l1': 1.0, 'lambda_l2': 1.0}",-0.07962886807039014
"{'learning_rate': 0.05, 'num_leaves': 31, 'max_depth': 5, 'min_data_in_leaf': 50, 'lambda_l1': 0.0, 'lambda_l2': 0.0}",-0.08841662761419251
"{'learning_rate': 0.05, 'num_leaves': 31, 'max_depth': 5, 'min_data_in_leaf': 50, 'lambda_l1': 0.0, 'lambda_l2': 0.1}",-0.09532676637028993
"{'learning_rate': 0.05, 'num_leaves': 31, 'max_depth': 5, 'min_data_in_leaf': 50, 'lambda_l1': 0.0, 'lambda_l2': 1.0}",-0.07860933759457261
"{'learning_rate': 0.05, 'num_leaves': 31, 'max_depth': 5, 'min_data_in_leaf': 50, 'lambda_l1': 0.1, 'lambda_l2': 0.0}",-0.07929099707980919
"{'learning_rate': 0.05, 'num_leaves': 31, 'max_depth': 5, 'min_data_in_leaf': 50, 'lambda_l1': 0.1, 'lambda_l2': 0.1}",-0.07603637260192171
"{'learning_rate': 0.05, 'num_leaves': 31, 'max_depth': 5, 'min_data_in_leaf': 50, 'lambda_l1': 0.1, 'lambda_l2': 1.0}",-0.08366302608915273
"{'learning_rate': 0.05, 'num_leaves': 31, 'max_depth': 5, 'min_data_in_leaf': 50, 'lambda_l1': 1.0, 'lambda_l2': 0.0}",-0.07663878513045007
"{'learning_rate': 0.05, 'num_leaves': 31, 'max_depth': 5, 'min_data_in_leaf': 50, 'lambda_l1': 1.0, 'lambda_l2': 0.1}",-0.07988848779306265
"{'learning_rate': 0.05, 'num_leaves': 31, 'max_depth': 5, 'min_data_in_leaf': 50, 'lambda_l1': 1.0, 'lambda_l2': 1.0}",-0.07427136905486477
"{'learning_rate': 0.05, 'num_leaves': 31, 'max_depth': 7, 'min_data_in_leaf': 10, 'lambda_l1': 0.0, 'lambda_l2': 0.0}",-0.08527739959958984
"{'learning_rate': 0.05, 'num_leaves': 31, 'max_depth': 7, 'min_data_in_leaf': 10, 'lambda_l1': 0.0, 'lambda_l2': 0.1}",-0.10023935596890582
"{'learning_rate': 0.05, 'num_leaves': 31, 'max_depth': 7, 'min_data_in_leaf': 10, 'lambda_l1': 0.0, 'lambda_l2': 1.0}",-0.0945651034840116
"{'learning_rate': 0.05, 'num_leaves': 31, 'max_depth': 7, 'min_data_in_leaf': 10, 'lambda_l1': 0.1, 'lambda_l2': 0.0}",-0.09045402392394919
"{'learning_rate': 0.05, 'num_leaves': 31, 'max_depth': 7, 'min_data_in_leaf': 10, 'lambda_l1': 0.1, 'lambda_l2': 0.1}",-0.07903879580630023
"{'learning_rate': 0.05, 'num_leaves': 31, 'max_depth': 7, 'min_data_in_leaf': 10, 'lambda_l1': 0.1, 'lambda_l2': 1.0}",-0.09935534349416719
"{'learning_rate': 0.05, 'num_leaves': 31, 'max_depth': 7, 'min_data_in_leaf': 10, 'lambda_l1': 1.0, 'lambda_l2': 0.0}",-0.08698729425373168
"{'learning_rate': 0.05, 'num_leaves': 31, 'max_depth': 7, 'min_data_in_leaf': 10, 'lambda_l1': 1.0, 'lambda_l2': 0.1}",-0.08103856533296906
"{'learning_rate': 0.05, 'num_leaves': 31, 'max_depth': 7, 'min_data_in_leaf': 10, 'lambda_l1': 1.0, 'lambda_l2': 1.0}",-0.08748143277360194
"{'learning_rate': 0.05, 'num_leaves': 31, 'max_depth': 7, 'min_data_in_leaf': 20, 'lambda_l1': 0.0, 'lambda_l2': 0.0}",-0.08232743895278578
"{'learning_rate': 0.05, 'num_leaves': 31, 'max_depth': 7, 'min_data_in_leaf': 20, 'lambda_l1': 0.0, 'lambda_l2': 0.1}",-0.07784078062364107
"{'learning_rate': 0.05, 'num_leaves': 31, 'max_depth': 7, 'min_data_in_leaf': 20, 'lambda_l1': 0.0, 'lambda_l2': 1.0}",-0.07508405908787745
"{'learning_rate': 0.05, 'num_leaves': 31, 'max_depth': 7, 'min_data_in_leaf': 20, 'lambda_l1': 0.1, 'lambda_l2': 0.0}",-0.07862954593408861
"{'learning_rate': 0.05, 'num_leaves': 31, 'max_depth': 7, 'min_data_in_leaf': 20, 'lambda_l1': 0.1, 'lambda_l2': 0.1}",-0.0747209018285984
"{'learning_rate': 0.05, 'num_leaves': 31, 'max_depth': 7, 'min_data_in_leaf': 20, 'lambda_l1': 0.1, 'lambda_l2': 1.0}",-0.0695849267854316
"{'learning_rate': 0.05, 'num_leaves': 31, 'max_depth': 7, 'min_data_in_leaf': 20, 'lambda_l1': 1.0, 'lambda_l2': 0.0}",-0.07808518290461079
"{'learning_rate': 0.05, 'num_leaves': 31, 'max_depth': 7, 'min_data_in_leaf': 20, 'lambda_l1': 1.0, 'lambda_l2': 0.1}",-0.08472637856725201
"{'learning_rate': 0.05, 'num_leaves': 31, 'max_depth': 7, 'min_data_in_leaf': 20, 'lambda_l1': 1.0, 'lambda_l2': 1.0}",-0.08439282557097984
"{'learning_rate': 0.05, 'num_leaves': 31, 'max_depth': 7, 'min_data_in_leaf': 50, 'lambda_l1': 0.0, 'lambda_l2': 0.0}",-0.09157620687333266
"{'learning_rate': 0.05, 'num_leaves': 31, 'max_depth': 7, 'min_data_in_leaf': 50, 'lambda_l1': 0.0, 'lambda_l2': 0.1}",-0.08666847871260101
"{'learning_rate': 0.05, 'num_leaves': 31, 'max_depth': 7, 'min_data_in_leaf': 50, 'lambda_l1': 0.0, 'lambda_l2': 1.0}",-0.07765125123860635
"{'learning_rate': 0.05, 'num_leaves': 31, 'max_depth': 7, 'min_data_in_leaf': 50, 'lambda_l1': 0.1, 'lambda_l2': 0.0}",-0.08031213785831388
"{'learning_rate': 0.05, 'num_leaves': 31, 'max_depth': 7, 'min_data_in_leaf': 50, 'lambda_l1': 0.1, 'lambda_l2': 0.1}",-0.08591784054313818
"{'learning_rate': 0.05, 'num_leaves': 31, 'max_depth': 7, 'min_data_in_leaf': 50, 'lambda_l1': 0.1, 'lambda_l2': 1.0}",-0.07282725509539843
"{'learning_rate': 0.05, 'num_leaves': 31, 'max_depth': 7, 'min_data_in_leaf': 50, 'lambda_l1': 1.0, 'lambda_l2': 0.0}",-0.07462628922839665
"{'learning_rate': 0.05, 'num_leaves': 31, 'max_depth': 7, 'min_data_in_leaf': 50, 'lambda_l1': 1.0, 'lambda_l2': 0.1}",-0.06985260836012273
"{'learning_rate': 0.05, 'num_leaves': 31, 'max_depth': 7, 'min_data_in_leaf': 50, 'lambda_l1': 1.0, 'lambda_l2': 1.0}",-0.07682470917015398
"{'learning_rate': 0.05, 'num_leaves': 63, 'max_depth': 3, 'min_data_in_leaf': 10, 'lambda_l1': 0.0, 'lambda_l2': 0.0}",-0.08381135599235207
"{'learning_rate': 0.05, 'num_leaves': 63, 'max_depth': 3, 'min_data_in_leaf': 10, 'lambda_l1': 0.0, 'lambda_l2': 0.1}",-0.07079253616147382
"{'learning_rate': 0.05, 'num_leaves': 63, 'max_depth': 3, 'min_data_in_leaf': 10, 'lambda_l1': 0.0, 'lambda_l2': 1.0}",-0.08749616843950675
"{'learning_rate': 0.05, 'num_leaves': 63, 'max_depth': 3, 'min_data_in_leaf': 10, 'lambda_l1': 0.1, 'lambda_l2': 0.0}",-0.09547184532952402
"{'learning_rate': 0.05, 'num_leaves': 63, 'max_depth': 3, 'min_data_in_leaf': 10, 'lambda_l1': 0.1, 'lambda_l2': 0.1}",-0.07847695725076978
"{'learning_rate': 0.05, 'num_leaves': 63, 'max_depth': 3, 'min_data_in_leaf': 10, 'lambda_l1': 0.1, 'lambda_l2': 1.0}",-0.07940131664587283
"{'learning_rate': 0.05, 'num_leaves': 63, 'max_depth': 3, 'min_data_in_leaf': 10, 'lambda_l1': 1.0, 'lambda_l2': 0.0}",-0.07636347860659012
"{'learning_rate': 0.05, 'num_leaves': 63, 'max_depth': 3, 'min_data_in_leaf': 10, 'lambda_l1': 1.0, 'lambda_l2': 0.1}",-0.08078719021876356
"{'learning_rate': 0.05, 'num_leaves': 63, 'max_depth': 3, 'min_data_in_leaf': 10, 'lambda_l1': 1.0, 'lambda_l2': 1.0}",-0.07439526502756484
"{'learning_rate': 0.05, 'num_leaves': 63, 'max_depth': 3, 'min_data_in_leaf': 20, 'lambda_l1': 0.0, 'lambda_l2': 0.0}",-0.07953915447800829
"{'learning_rate': 0.05, 'num_leaves': 63, 'max_depth': 3, 'min_data_in_leaf': 20, 'lambda_l1': 0.0, 'lambda_l2': 0.1}",-0.08404706172170433
"{'learning_rate': 0.05, 'num_leaves': 63, 'max_depth': 3, 'min_data_in_leaf': 20, 'lambda_l1': 0.0, 'lambda_l2': 1.0}",-0.08018930497850754
"{'learning_rate': 0.05, 'num_leaves': 63, 'max_depth': 3, 'min_data_in_leaf': 20, 'lambda_l1': 0.1, 'lambda_l2': 0.0}",-0.076833117740967
"{'learning_rate': 0.05, 'num_leaves': 63, 'max_depth': 3, 'min_data_in_leaf': 20, 'lambda_l1': 0.1, 'lambda_l2': 0.1}",-0.08860013171583196
"{'learning_rate': 0.05, 'num_leaves': 63, 'max_depth': 3, 'min_data_in_leaf': 20, 'lambda_l1': 0.1, 'lambda_l2': 1.0}",-0.08069530667494168
"{'learning_rate': 0.05, 'num_leaves': 63, 'max_depth': 3, 'min_data_in_leaf': 20, 'lambda_l1': 1.0, 'lambda_l2': 0.0}",-0.09305059914623011
"{'learning_rate': 0.05, 'num_leaves': 63, 'max_depth': 3, 'min_data_in_leaf': 20, 'lambda_l1': 1.0, 'lambda_l2': 0.1}",-0.08359660230603433
"{'learning_rate': 0.05, 'num_leaves': 63, 'max_depth': 3, 'min_data_in_leaf': 20, 'lambda_l1': 1.0, 'lambda_l2': 1.0}",-0.07669065489650655
"{'learning_rate': 0.05, 'num_leaves': 63, 'max_depth': 3, 'min_data_in_leaf': 50, 'lambda_l1': 0.0, 'lambda_l2': 0.0}",-0.09897083267721114
"{'learning_rate': 0.05, 'num_leaves': 63, 'max_depth': 3, 'min_data_in_leaf': 50, 'lambda_l1': 0.0, 'lambda_l2': 0.1}",-0.11496328453840975
"{'learning_rate': 0.05, 'num_leaves': 63, 'max_depth': 3, 'min_data_in_leaf': 50, 'lambda_l1': 0.0, 'lambda_l2': 1.0}",-0.09884743193307705
"{'learning_rate': 0.05, 'num_leaves': 63, 'max_depth': 3, 'min_data_in_leaf': 50, 'lambda_l1': 0.1, 'lambda_l2': 0.0}",-0.12026965858954412
"{'learning_rate': 0.05, 'num_leaves': 63, 'max_depth': 3, 'min_data_in_leaf': 50, 'lambda_l1': 0.1, 'lambda_l2': 0.1}",-0.1133808216901037
"{'learning_rate': 0.05, 'num_leaves': 63, 'max_depth': 3, 'min_data_in_leaf': 50, 'lambda_l1': 0.1, 'lambda_l2': 1.0}",-0.10844554130491381
"{'learning_rate': 0.05, 'num_leaves': 63, 'max_depth': 3, 'min_data_in_leaf': 50, 'lambda_l1': 1.0, 'lambda_l2': 0.0}",-0.0854768579566371
"{'learning_rate': 0.05, 'num_leaves': 63, 'max_depth': 3, 'min_data_in_leaf': 50, 'lambda_l1': 1.0, 'lambda_l2': 0.1}",-0.0814013501033453
"{'learning_rate': 0.05, 'num_leaves': 63, 'max_depth': 3, 'min_data_in_leaf': 50, 'lambda_l1': 1.0, 'lambda_l2': 1.0}",-0.09716682903859548
"{'learning_rate': 0.05, 'num_leaves': 63, 'max_depth': 5, 'min_data_in_leaf': 10, 'lambda_l1': 0.0, 'lambda_l2': 0.0}",-0.06758787125217254
"{'learning_rate': 0.05, 'num_leaves': 63, 'max_depth': 5, 'min_data_in_leaf': 10, 'lambda_l1': 0.0, 'lambda_l2': 0.1}",-0.07046586784784051
"{'learning_rate': 0.05, 'num_leaves': 63, 'max_depth': 5, 'min_data_in_leaf': 10, 'lambda_l1': 0.0, 'lambda_l2': 1.0}",-0.06765811506969872
"{'learning_rate': 0.05, 'num_leaves': 63, 'max_depth': 5, 'min_data_in_leaf': 10, 'lambda_l1': 0.1, 'lambda_l2': 0.0}",-0.06890475496983751
"{'learning_rate': 0.05, 'num_leaves': 63, 'max_depth': 5, 'min_data_in_leaf': 10, 'lambda_l1': 0.1, 'lambda_l2': 0.1}",-0.0836933080275039
"{'learning_rate': 0.05, 'num_leaves': 63, 'max_depth': 5, 'min_data_in_leaf': 10, 'lambda_l1': 0.1, 'lambda_l2': 1.0}",-0.07343614279805324
"{'learning_rate': 0.05, 'num_leaves': 63, 'max_depth': 5, 'min_data_in_leaf': 10, 'lambda_l1': 1.0, 'lambda_l2': 0.0}",-0.07363816994907908
"{'learning_rate': 0.05, 'num_leaves': 63, 'max_depth': 5, 'min_data_in_leaf': 10, 'lambda_l1': 1.0, 'lambda_l2': 0.1}",-0.06609667891736605
"{'learning_rate': 0.05, 'num_leaves': 63, 'max_depth': 5, 'min_data_in_leaf': 10, 'lambda_l1': 1.0, 'lambda_l2': 1.0}",-0.07499940878634637
"{'learning_rate': 0.05, 'num_leaves': 63, 'max_depth': 5, 'min_data_in_leaf': 20, 'lambda_l1': 0.0, 'lambda_l2': 0.0}",-0.07783668552694924
"{'learning_rate': 0.05, 'num_leaves': 63, 'max_depth': 5, 'min_data_in_leaf': 20, 'lambda_l1': 0.0, 'lambda_l2': 0.1}",-0.06813764631770323
"{'learning_rate': 0.05, 'num_leaves': 63, 'max_depth': 5, 'min_data_in_leaf': 20, 'lambda_l1': 0.0, 'lambda_l2': 1.0}",-0.09170058526323133
"{'learning_rate': 0.05, 'num_leaves': 63, 'max_depth': 5, 'min_data_in_leaf': 20, 'lambda_l1': 0.1, 'lambda_l2': 0.0}",-0.09040188715850661
"{'learning_rate': 0.05, 'num_leaves': 63, 'max_depth': 5, 'min_data_in_leaf': 20, 'lambda_l1': 0.1, 'lambda_l2': 0.1}",-0.07744665282645702
"{'learning_rate': 0.05, 'num_leaves': 63, 'max_depth': 5, 'min_data_in_leaf': 20, 'lambda_l1': 0.1, 'lambda_l2': 1.0}",-0.0811880177095093
"{'learning_rate': 0.05, 'num_leaves': 63, 'max_depth': 5, 'min_data_in_leaf': 20, 'lambda_l1': 1.0, 'lambda_l2': 0.0}",-0.07919666641234972
"{'learning_rate': 0.05, 'num_leaves': 63, 'max_depth': 5, 'min_data_in_leaf': 20, 'lambda_l1': 1.0, 'lambda_l2': 0.1}",-0.07423139627595904
"{'learning_rate': 0.05, 'num_leaves': 63, 'max_depth': 5, 'min_data_in_leaf': 20, 'lambda_l1': 1.0, 'lambda_l2': 1.0}",-0.07962886807039014
"{'learning_rate': 0.05, 'num_leaves': 63, 'max_depth': 5, 'min_data_in_leaf': 50, 'lambda_l1': 0.0, 'lambda_l2': 0.0}",-0.08841662761419251
"{'learning_rate': 0.05, 'num_leaves': 63, 'max_depth': 5, 'min_data_in_leaf': 50, 'lambda_l1': 0.0, 'lambda_l2': 0.1}",-0.09532676637028993
"{'learning_rate': 0.05, 'num_leaves': 63, 'max_depth': 5, 'min_data_in_leaf': 50, 'lambda_l1': 0.0, 'lambda_l2': 1.0}",-0.07860933759457261
"{'learning_rate': 0.05, 'num_leaves': 63, 'max_depth': 5, 'min_data_in_leaf': 50, 'lambda_l1': 0.1, 'lambda_l2': 0.0}",-0.07929099707980919
"{'learning_rate': 0.05, 'num_leaves': 63, 'max_depth': 5, 'min_data_in_leaf': 50, 'lambda_l1': 0.1, 'lambda_l2': 0.1}",-0.07603637260192171
"{'learning_rate': 0.05, 'num_leaves': 63, 'max_depth': 5, 'min_data_in_leaf': 50, 'lambda_l1': 0.1, 'lambda_l2': 1.0}",-0.08366302608915273
"{'learning_rate': 0.05, 'num_leaves': 63, 'max_depth': 5, 'min_data_in_leaf': 50, 'lambda_l1': 1.0, 'lambda_l2': 0.0}",-0.07663878513045007
"{'learning_rate': 0.05, 'num_leaves': 63, 'max_depth': 5, 'min_data_in_leaf': 50, 'lambda_l1': 1.0, 'lambda_l2': 0.1}",-0.07988848779306265
"{'learning_rate': 0.05, 'num_leaves': 63, 'max_depth': 5, 'min_data_in_leaf': 50, 'lambda_l1': 1.0, 'lambda_l2': 1.0}",-0.07427136905486477
"{'learning_rate': 0.05, 'num_leaves': 63, 'max_depth': 7, 'min_data_in_leaf': 10, 'lambda_l1': 0.0, 'lambda_l2': 0.0}",-0.08484997112361324
"{'learning_rate': 0.05, 'num_leaves': 63, 'max_depth': 7, 'min_data_in_leaf': 10, 'lambda_l1': 0.0, 'lambda_l2': 0.1}",-0.07654238888430222
"{'learning_rate': 0.05, 'num_leaves': 63, 'max_depth': 7, 'min_data_in_leaf': 10, 'lambda_l1': 0.0, 'lambda_l2': 1.0}",-0.07859676235878216
"{'learning_rate': 0.05, 'num_leaves': 63, 'max_depth': 7, 'min_data_in_leaf': 10, 'lambda_l1': 0.1, 'lambda_l2': 0.0}",-0.07915878277514041
"{'learning_rate': 0.05, 'num_leaves': 63, 'max_depth': 7, 'min_data_in_leaf': 10, 'lambda_l1': 0.1, 'lambda_l2': 0.1}",-0.09145842103546607
"{'learning_rate': 0.05, 'num_leaves': 63, 'max_depth': 7, 'min_data_in_leaf': 10, 'lambda_l1': 0.1, 'lambda_l2': 1.0}",-0.08081467686458672
"{'learning_rate': 0.05, 'num_leaves': 63, 'max_depth': 7, 'min_data_in_leaf': 10, 'lambda_l1': 1.0, 'lambda_l2': 0.0}",-0.08947975564348294
"{'learning_rate': 0.05, 'num_leaves': 63, 'max_depth': 7, 'min_data_in_leaf': 10, 'lambda_l1': 1.0, 'lambda_l2': 0.1}",-0.07832334823008774
"{'learning_rate': 0.05, 'num_leaves': 63, 'max_depth': 7, 'min_data_in_leaf': 10, 'lambda_l1': 1.0, 'lambda_l2': 1.0}",-0.08325106011079252
"{'learning_rate': 0.05, 'num_leaves': 63, 'max_depth': 7, 'min_data_in_leaf': 20, 'lambda_l1': 0.0, 'lambda_l2': 0.0}",-0.08259900196851268
"{'learning_rate': 0.05, 'num_leaves': 63, 'max_depth': 7, 'min_data_in_leaf': 20, 'lambda_l1': 0.0, 'lambda_l2': 0.1}",-0.07692269260739
"{'learning_rate': 0.05, 'num_leaves': 63, 'max_depth': 7, 'min_data_in_leaf': 20, 'lambda_l1': 0.0, 'lambda_l2': 1.0}",-0.086402702341417
"{'learning_rate': 0.05, 'num_leaves': 63, 'max_depth': 7, 'min_data_in_leaf': 20, 'lambda_l1': 0.1, 'lambda_l2': 0.0}",-0.0756355483224782
"{'learning_rate': 0.05, 'num_leaves': 63, 'max_depth': 7, 'min_data_in_leaf': 20, 'lambda_l1': 0.1, 'lambda_l2': 0.1}",-0.08118606437749014
"{'learning_rate': 0.05, 'num_leaves': 63, 'max_depth': 7, 'min_data_in_leaf': 20, 'lambda_l1': 0.1, 'lambda_l2': 1.0}",-0.07514742254672328
"{'learning_rate': 0.05, 'num_leaves': 63, 'max_depth': 7, 'min_data_in_leaf': 20, 'lambda_l1': 1.0, 'lambda_l2': 0.0}",-0.08787078592951336
"{'learning_rate': 0.05, 'num_leaves': 63, 'max_depth': 7, 'min_data_in_leaf': 20, 'lambda_l1': 1.0, 'lambda_l2': 0.1}",-0.09227551510047599
"{'learning_rate': 0.05, 'num_leaves': 63, 'max_depth': 7, 'min_data_in_leaf': 20, 'lambda_l1': 1.0, 'lambda_l2': 1.0}",-0.09085149329018816
"{'learning_rate': 0.05, 'num_leaves': 63, 'max_depth': 7, 'min_data_in_leaf': 50, 'lambda_l1': 0.0, 'lambda_l2': 0.0}",-0.08918129749673886
"{'learning_rate': 0.05, 'num_leaves': 63, 'max_depth': 7, 'min_data_in_leaf': 50, 'lambda_l1': 0.0, 'lambda_l2': 0.1}",-0.08111105610423246
"{'learning_rate': 0.05, 'num_leaves': 63, 'max_depth': 7, 'min_data_in_leaf': 50, 'lambda_l1': 0.0, 'lambda_l2': 1.0}",-0.07732751328179586
"{'learning_rate': 0.05, 'num_leaves': 63, 'max_depth': 7, 'min_data_in_leaf': 50, 'lambda_l1': 0.1, 'lambda_l2': 0.0}",-0.07606742463851124
"{'learning_rate': 0.05, 'num_leaves': 63, 'max_depth': 7, 'min_data_in_leaf': 50, 'lambda_l1': 0.1, 'lambda_l2': 0.1}",-0.08331872734343541
"{'learning_rate': 0.05, 'num_leaves': 63, 'max_depth': 7, 'min_data_in_leaf': 50, 'lambda_l1': 0.1, 'lambda_l2': 1.0}",-0.07211909696972067
"{'learning_rate': 0.05, 'num_leaves': 63, 'max_depth': 7, 'min_data_in_leaf': 50, 'lambda_l1': 1.0, 'lambda_l2': 0.0}",-0.07205694809779829
"{'learning_rate': 0.05, 'num_leaves': 63, 'max_depth': 7, 'min_data_in_leaf': 50, 'lambda_l1': 1.0, 'lambda_l2': 0.1}",-0.07175189734107573
"{'learning_rate': 0.05, 'num_leaves': 63, 'max_depth': 7, 'min_data_in_leaf': 50, 'lambda_l1': 1.0, 'lambda_l2': 1.0}",-0.07425409283102077
"{'learning_rate': 0.1, 'num_leaves': 15, 'max_depth': 3, 'min_data_in_leaf': 10, 'lambda_l1': 0.0, 'lambda_l2': 0.0}",-0.08940621790191916
"{'learning_rate': 0.1, 'num_leaves': 15, 'max_depth': 3, 'min_data_in_leaf': 10, 'lambda_l1': 0.0, 'lambda_l2': 0.1}",-0.08473926338189924
"{'learning_rate': 0.1, 'num_leaves': 15, 'max_depth': 3, 'min_data_in_leaf': 10, 'lambda_l1': 0.0, 'lambda_l2': 1.0}",-0.055972948470199575
"{'learning_rate': 0.1, 'num_leaves': 15, 'max_depth': 3, 'min_data_in_leaf': 10, 'lambda_l1': 0.1, 'lambda_l2': 0.0}",-0.06451676661218579
"{'learning_rate': 0.1, 'num_leaves': 15, 'max_depth': 3, 'min_data_in_leaf': 10, 'lambda_l1': 0.1, 'lambda_l2': 0.1}",-0.08404940927220467
"{'learning_rate': 0.1, 'num_leaves': 15, 'max_depth': 3, 'min_data_in_leaf': 10, 'lambda_l1': 0.1, 'lambda_l2': 1.0}",-0.061862940798383864
"{'learning_rate': 0.1, 'num_leaves': 15, 'max_depth': 3, 'min_data_in_leaf': 10, 'lambda_l1': 1.0, 'lambda_l2': 0.0}",-0.08935601055641551
"{'learning_rate': 0.1, 'num_leaves': 15, 'max_depth': 3, 'min_data_in_leaf': 10, 'lambda_l1': 1.0, 'lambda_l2': 0.1}",-0.06594177016987172
"{'learning_rate': 0.1, 'num_leaves': 15, 'max_depth': 3, 'min_data_in_leaf': 10, 'lambda_l1': 1.0, 'lambda_l2': 1.0}",-0.07840417593182804
"{'learning_rate': 0.1, 'num_leaves': 15, 'max_depth': 3, 'min_data_in_leaf': 20, 'lambda_l1': 0.0, 'lambda_l2': 0.0}",-0.07130387251446478
"{'learning_rate': 0.1, 'num_leaves': 15, 'max_depth': 3, 'min_data_in_leaf': 20, 'lambda_l1': 0.0, 'lambda_l2': 0.1}",-0.08799394149696077
"{'learning_rate': 0.1, 'num_leaves': 15, 'max_depth': 3, 'min_data_in_leaf': 20, 'lambda_l1': 0.0, 'lambda_l2': 1.0}",-0.07039494522498363
"{'learning_rate': 0.1, 'num_leaves': 15, 'max_depth': 3, 'min_data_in_leaf': 20, 'lambda_l1': 0.1, 'lambda_l2': 0.0}",-0.08081909381700562
"{'learning_rate': 0.1, 'num_leaves': 15, 'max_depth': 3, 'min_data_in_leaf': 20, 'lambda_l1': 0.1, 'lambda_l2': 0.1}",-0.07934126744197519
"{'learning_rate': 0.1, 'num_leaves': 15, 'max_depth': 3, 'min_data_in_leaf': 20, 'lambda_l1': 0.1, 'lambda_l2': 1.0}",-0.07885660715534996
"{'learning_rate': 0.1, 'num_leaves': 15, 'max_depth': 3, 'min_data_in_leaf': 20, 'lambda_l1': 1.0, 'lambda_l2': 0.0}",-0.07771598006761278
"{'learning_rate': 0.1, 'num_leaves': 15, 'max_depth': 3, 'min_data_in_leaf': 20, 'lambda_l1': 1.0, 'lambda_l2': 0.1}",-0.07427330363720397
"{'learning_rate': 0.1, 'num_leaves': 15, 'max_depth': 3, 'min_data_in_leaf': 20, 'lambda_l1': 1.0, 'lambda_l2': 1.0}",-0.0759193075575611
"{'learning_rate': 0.1, 'num_leaves': 15, 'max_depth': 3, 'min_data_in_leaf': 50, 'lambda_l1': 0.0, 'lambda_l2': 0.0}",-0.07070205811159305
"{'learning_rate': 0.1, 'num_leaves': 15, 'max_depth': 3, 'min_data_in_leaf': 50, 'lambda_l1': 0.0, 'lambda_l2': 0.1}",-0.06465963337345014
"{'learning_rate': 0.1, 'num_leaves': 15, 'max_depth': 3, 'min_data_in_leaf': 50, 'lambda_l1': 0.0, 'lambda_l2': 1.0}",-0.09069800603324873
"{'learning_rate': 0.1, 'num_leaves': 15, 'max_depth': 3, 'min_data_in_leaf': 50, 'lambda_l1': 0.1, 'lambda_l2': 0.0}",-0.07070533726678928
"{'learning_rate': 0.1, 'num_leaves': 15, 'max_depth': 3, 'min_data_in_leaf': 50, 'lambda_l1': 0.1, 'lambda_l2': 0.1}",-0.07530328397071497
"{'learning_rate': 0.1, 'num_leaves': 15, 'max_depth': 3, 'min_data_in_leaf': 50, 'lambda_l1': 0.1, 'lambda_l2': 1.0}",-0.08031066910489974
"{'learning_rate': 0.1, 'num_leaves': 15, 'max_depth': 3, 'min_data_in_leaf': 50, 'lambda_l1': 1.0, 'lambda_l2': 0.0}",-0.08361847387627437
"{'learning_rate': 0.1, 'num_leaves': 15, 'max_depth': 3, 'min_data_in_leaf': 50, 'lambda_l1': 1.0, 'lambda_l2': 0.1}",-0.08773102365625052
"{'learning_rate': 0.1, 'num_leaves': 15, 'max_depth': 3, 'min_data_in_leaf': 50, 'lambda_l1': 1.0, 'lambda_l2': 1.0}",-0.09645509313565499
"{'learning_rate': 0.1, 'num_leaves': 15, 'max_depth': 5, 'min_data_in_leaf': 10, 'lambda_l1': 0.0, 'lambda_l2': 0.0}",-0.07931861570305605
"{'learning_rate': 0.1, 'num_leaves': 15, 'max_depth': 5, 'min_data_in_leaf': 10, 'lambda_l1': 0.0, 'lambda_l2': 0.1}",-0.07699961003727007
"{'learning_rate': 0.1, 'num_leaves': 15, 'max_depth': 5, 'min_data_in_leaf': 10, 'lambda_l1': 0.0, 'lambda_l2': 1.0}",-0.08237804835223526
"{'learning_rate': 0.1, 'num_leaves': 15, 'max_depth': 5, 'min_data_in_leaf': 10, 'lambda_l1': 0.1, 'lambda_l2': 0.0}",-0.08855178962960504
"{'learning_rate': 0.1, 'num_leaves': 15, 'max_depth': 5, 'min_data_in_leaf': 10, 'lambda_l1': 0.1, 'lambda_l2': 0.1}",-0.08425534558737091
"{'learning_rate': 0.1, 'num_leaves': 15, 'max_depth': 5, 'min_data_in_leaf': 10, 'lambda_l1': 0.1, 'lambda_l2': 1.0}",-0.0776869331299579
"{'learning_rate': 0.1, 'num_leaves': 15, 'max_depth': 5, 'min_data_in_leaf': 10, 'lambda_l1': 1.0, 'lambda_l2': 0.0}",-0.08638856597970239
"{'learning_rate': 0.1, 'num_leaves': 15, 'max_depth': 5, 'min_data_in_leaf': 10, 'lambda_l1': 1.0, 'lambda_l2': 0.1}",-0.08673626949823286
"{'learning_rate': 0.1, 'num_leaves': 15, 'max_depth': 5, 'min_data_in_leaf': 10, 'lambda_l1': 1.0, 'lambda_l2': 1.0}",-0.0850598560603779
"{'learning_rate': 0.1, 'num_leaves': 15, 'max_depth': 5, 'min_data_in_leaf': 20, 'lambda_l1': 0.0, 'lambda_l2': 0.0}",-0.07232537440087204
"{'learning_rate': 0.1, 'num_leaves': 15, 'max_depth': 5, 'min_data_in_leaf': 20, 'lambda_l1': 0.0, 'lambda_l2': 0.1}",-0.07616360580661695
"{'learning_rate': 0.1, 'num_leaves': 15, 'max_depth': 5, 'min_data_in_leaf': 20, 'lambda_l1': 0.0, 'lambda_l2': 1.0}",-0.08869428476502152
"{'learning_rate': 0.1, 'num_leaves': 15, 'max_depth': 5, 'min_data_in_leaf': 20, 'lambda_l1': 0.1, 'lambda_l2': 0.0}",-0.0792341333668616
"{'learning_rate': 0.1, 'num_leaves': 15, 'max_depth': 5, 'min_data_in_leaf': 20, 'lambda_l1': 0.1, 'lambda_l2': 0.1}",-0.07710532689246263
"{'learning_rate': 0.1, 'num_leaves': 15, 'max_depth': 5, 'min_data_in_leaf': 20, 'lambda_l1': 0.1, 'lambda_l2': 1.0}",-0.07586954827321268
"{'learning_rate': 0.1, 'num_leaves': 15, 'max_depth': 5, 'min_data_in_leaf': 20, 'lambda_l1': 1.0, 'lambda_l2': 0.0}",-0.08904516116794182
"{'learning_rate': 0.1, 'num_leaves': 15, 'max_depth': 5, 'min_data_in_leaf': 20, 'lambda_l1': 1.0, 'lambda_l2': 0.1}",-0.08947485089369255
"{'learning_rate': 0.1, 'num_leaves': 15, 'max_depth': 5, 'min_data_in_leaf': 20, 'lambda_l1': 1.0, 'lambda_l2': 1.0}",-0.0699737691501601
"{'learning_rate': 0.1, 'num_leaves': 15, 'max_depth': 5, 'min_data_in_leaf': 50, 'lambda_l1': 0.0, 'lambda_l2': 0.0}",-0.06093158320607747
"{'learning_rate': 0.1, 'num_leaves': 15, 'max_depth': 5, 'min_data_in_leaf': 50, 'lambda_l1': 0.0, 'lambda_l2': 0.1}",-0.08806723381164137
"{'learning_rate': 0.1, 'num_leaves': 15, 'max_depth': 5, 'min_data_in_leaf': 50, 'lambda_l1': 0.0, 'lambda_l2': 1.0}",-0.07080668354117939
"{'learning_rate': 0.1, 'num_leaves': 15, 'max_depth': 5, 'min_data_in_leaf': 50, 'lambda_l1': 0.1, 'lambda_l2': 0.0}",-0.06642092171070274
"{'learning_rate': 0.1, 'num_leaves': 15, 'max_depth': 5, 'min_data_in_leaf': 50, 'lambda_l1': 0.1, 'lambda_l2': 0.1}",-0.06563968671159486
"{'learning_rate': 0.1, 'num_leaves': 15, 'max_depth': 5, 'min_data_in_leaf': 50, 'lambda_l1': 0.1, 'lambda_l2': 1.0}",-0.0863357615750775
"{'learning_rate': 0.1, 'num_leaves': 15, 'max_depth': 5, 'min_data_in_leaf': 50, 'lambda_l1': 1.0, 'lambda_l2': 0.0}",-0.06116318767915536
"{'learning_rate': 0.1, 'num_leaves': 15, 'max_depth': 5, 'min_data_in_leaf': 50, 'lambda_l1': 1.0, 'lambda_l2': 0.1}",-0.08068703083834564
"{'learning_rate': 0.1, 'num_leaves': 15, 'max_depth': 5, 'min_data_in_leaf': 50, 'lambda_l1': 1.0, 'lambda_l2': 1.0}",-0.07050219948342205
"{'learning_rate': 0.1, 'num_leaves': 15, 'max_depth': 7, 'min_data_in_leaf': 10, 'lambda_l1': 0.0, 'lambda_l2': 0.0}",-0.07847419589630662
"{'learning_rate': 0.1, 'num_leaves': 15, 'max_depth': 7, 'min_data_in_leaf': 10, 'lambda_l1': 0.0, 'lambda_l2': 0.1}",-0.09854164121722948
"{'learning_rate': 0.1, 'num_leaves': 15, 'max_depth': 7, 'min_data_in_leaf': 10, 'lambda_l1': 0.0, 'lambda_l2': 1.0}",-0.06681723836158275
"{'learning_rate': 0.1, 'num_leaves': 15, 'max_depth': 7, 'min_data_in_leaf': 10, 'lambda_l1': 0.1, 'lambda_l2': 0.0}",-0.08392072294248054
"{'learning_rate': 0.1, 'num_leaves': 15, 'max_depth': 7, 'min_data_in_leaf': 10, 'lambda_l1': 0.1, 'lambda_l2': 0.1}",-0.06759174388725527
"{'learning_rate': 0.1, 'num_leaves': 15, 'max_depth': 7, 'min_data_in_leaf': 10, 'lambda_l1': 0.1, 'lambda_l2': 1.0}",-0.08519561036542901
"{'learning_rate': 0.1, 'num_leaves': 15, 'max_depth': 7, 'min_data_in_leaf': 10, 'lambda_l1': 1.0, 'lambda_l2': 0.0}",-0.08197345736762314
"{'learning_rate': 0.1, 'num_leaves': 15, 'max_depth': 7, 'min_data_in_leaf': 10, 'lambda_l1': 1.0, 'lambda_l2': 0.1}",-0.09562253716141962
"{'learning_rate': 0.1, 'num_leaves': 15, 'max_depth': 7, 'min_data_in_leaf': 10, 'lambda_l1': 1.0, 'lambda_l2': 1.0}",-0.07292586056194432
"{'learning_rate': 0.1, 'num_leaves': 15, 'max_depth': 7, 'min_data_in_leaf': 20, 'lambda_l1': 0.0, 'lambda_l2': 0.0}",-0.06223351102949804
"{'learning_rate': 0.1, 'num_leaves': 15, 'max_depth': 7, 'min_data_in_leaf': 20, 'lambda_l1': 0.0, 'lambda_l2': 0.1}",-0.07847312659873036
"{'learning_rate': 0.1, 'num_leaves': 15, 'max_depth': 7, 'min_data_in_leaf': 20, 'lambda_l1': 0.0, 'lambda_l2': 1.0}",-0.06817880552347254
"{'learning_rate': 0.1, 'num_leaves': 15, 'max_depth': 7, 'min_data_in_leaf': 20, 'lambda_l1': 0.1, 'lambda_l2': 0.0}",-0.07447895435588744
"{'learning_rate': 0.1, 'num_leaves': 15, 'max_depth': 7, 'min_data_in_leaf': 20, 'lambda_l1': 0.1, 'lambda_l2': 0.1}",-0.06808836545109669
"{'learning_rate': 0.1, 'num_leaves': 15, 'max_depth': 7, 'min_data_in_leaf': 20, 'lambda_l1': 0.1, 'lambda_l2': 1.0}",-0.0927703432756309
"{'learning_rate': 0.1, 'num_leaves': 15, 'max_depth': 7, 'min_data_in_leaf': 20, 'lambda_l1': 1.0, 'lambda_l2': 0.0}",-0.07548348689663147
"{'learning_rate': 0.1, 'num_leaves': 15, 'max_depth': 7, 'min_data_in_leaf': 20, 'lambda_l1': 1.0, 'lambda_l2': 0.1}",-0.09027631323158085
"{'learning_rate': 0.1, 'num_leaves': 15, 'max_depth': 7, 'min_data_in_leaf': 20, 'lambda_l1': 1.0, 'lambda_l2': 1.0}",-0.08766529549331563
"{'learning_rate': 0.1, 'num_leaves': 15, 'max_depth': 7, 'min_data_in_leaf': 50, 'lambda_l1': 0.0, 'lambda_l2': 0.0}",-0.07506363548975296
"{'learning_rate': 0.1, 'num_leaves': 15, 'max_depth': 7, 'min_data_in_leaf': 50, 'lambda_l1': 0.0, 'lambda_l2': 0.1}",-0.08164716393377967
"{'learning_rate': 0.1, 'num_leaves': 15, 'max_depth': 7, 'min_data_in_leaf': 50, 'lambda_l1': 0.0, 'lambda_l2': 1.0}",-0.07643665835929576
"{'learning_rate': 0.1, 'num_leaves': 15, 'max_depth': 7, 'min_data_in_leaf': 50, 'lambda_l1': 0.1, 'lambda_l2': 0.0}",-0.08576827015465842
"{'learning_rate': 0.1, 'num_leaves': 15, 'max_depth': 7, 'min_data_in_leaf': 50, 'lambda_l1': 0.1, 'lambda_l2': 0.1}",-0.09176056483393184
"{'learning_rate': 0.1, 'num_leaves': 15, 'max_depth': 7, 'min_data_in_leaf': 50, 'lambda_l1': 0.1, 'lambda_l2': 1.0}",-0.078224884623492
"{'learning_rate': 0.1, 'num_leaves': 15, 'max_depth': 7, 'min_data_in_leaf': 50, 'lambda_l1': 1.0, 'lambda_l2': 0.0}",-0.06956239761153614
"{'learning_rate': 0.1, 'num_leaves': 15, 'max_depth': 7, 'min_data_in_leaf': 50, 'lambda_l1': 1.0, 'lambda_l2': 0.1}",-0.07685383550785753
"{'learning_rate': 0.1, 'num_leaves': 15, 'max_depth': 7, 'min_data_in_leaf': 50, 'lambda_l1': 1.0, 'lambda_l2': 1.0}",-0.06813336225131572
"{'learning_rate': 0.1, 'num_leaves': 31, 'max_depth': 3, 'min_data_in_leaf': 10, 'lambda_l1': 0.0, 'lambda_l2': 0.0}",-0.08940621790191916
"{'learning_rate': 0.1, 'num_leaves': 31, 'max_depth': 3, 'min_data_in_leaf': 10, 'lambda_l1': 0.0, 'lambda_l2': 0.1}",-0.08473926338189924
"{'learning_rate': 0.1, 'num_leaves': 31, 'max_depth': 3, 'min_data_in_leaf': 10, 'lambda_l1': 0.0, 'lambda_l2': 1.0}",-0.055972948470199575
"{'learning_rate': 0.1, 'num_leaves': 31, 'max_depth': 3, 'min_data_in_leaf': 10, 'lambda_l1': 0.1, 'lambda_l2': 0.0}",-0.06451676661218579
"{'learning_rate': 0.1, 'num_leaves': 31, 'max_depth': 3, 'min_data_in_leaf': 10, 'lambda_l1': 0.1, 'lambda_l2': 0.1}",-0.08404940927220467
"{'learning_rate': 0.1, 'num_leaves': 31, 'max_depth': 3, 'min_data_in_leaf': 10, 'lambda_l1': 0.1, 'lambda_l2': 1.0}",-0.061862940798383864
"{'learning_rate': 0.1, 'num_leaves': 31, 'max_depth': 3, 'min_data_in_leaf': 10, 'lambda_l1': 1.0, 'lambda_l2': 0.0}",-0.08935601055641551
"{'learning_rate': 0.1, 'num_leaves': 31, 'max_depth': 3, 'min_data_in_leaf': 10, 'lambda_l1': 1.0, 'lambda_l2': 0.1}",-0.06594177016987172
"{'learning_rate': 0.1, 'num_leaves': 31, 'max_depth': 3, 'min_data_in_leaf': 10, 'lambda_l1': 1.0, 'lambda_l2': 1.0}",-0.07840417593182804
"{'learning_rate': 0.1, 'num_leaves': 31, 'max_depth': 3, 'min_data_in_leaf': 20, 'lambda_l1': 0.0, 'lambda_l2': 0.0}",-0.07130387251446478
"{'learning_rate': 0.1, 'num_leaves': 31, 'max_depth': 3, 'min_data_in_leaf': 20, 'lambda_l1': 0.0, 'lambda_l2': 0.1}",-0.08799394149696077
"{'learning_rate': 0.1, 'num_leaves': 31, 'max_depth': 3, 'min_data_in_leaf': 20, 'lambda_l1': 0.0, 'lambda_l2': 1.0}",-0.07039494522498363
"{'learning_rate': 0.1, 'num_leaves': 31, 'max_depth': 3, 'min_data_in_leaf': 20, 'lambda_l1': 0.1, 'lambda_l2': 0.0}",-0.08081909381700562
"{'learning_rate': 0.1, 'num_leaves': 31, 'max_depth': 3, 'min_data_in_leaf': 20, 'lambda_l1': 0.1, 'lambda_l2': 0.1}",-0.07934126744197519
"{'learning_rate': 0.1, 'num_leaves': 31, 'max_depth': 3, 'min_data_in_leaf': 20, 'lambda_l1': 0.1, 'lambda_l2': 1.0}",-0.07885660715534996
"{'learning_rate': 0.1, 'num_leaves': 31, 'max_depth': 3, 'min_data_in_leaf': 20, 'lambda_l1': 1.0, 'lambda_l2': 0.0}",-0.07771598006761278
"{'learning_rate': 0.1, 'num_leaves': 31, 'max_depth': 3, 'min_data_in_leaf': 20, 'lambda_l1': 1.0, 'lambda_l2': 0.1}",-0.07427330363720397
"{'learning_rate': 0.1, 'num_leaves': 31, 'max_depth': 3, 'min_data_in_leaf': 20, 'lambda_l1': 1.0, 'lambda_l2': 1.0}",-0.0759193075575611
"{'learning_rate': 0.1, 'num_leaves': 31, 'max_depth': 3, 'min_data_in_leaf': 50, 'lambda_l1': 0.0, 'lambda_l2': 0.0}",-0.07070205811159305
"{'learning_rate': 0.1, 'num_leaves': 31, 'max_depth': 3, 'min_data_in_leaf': 50, 'lambda_l1': 0.0, 'lambda_l2': 0.1}",-0.06465963337345014
"{'learning_rate': 0.1, 'num_leaves': 31, 'max_depth': 3, 'min_data_in_leaf': 50, 'lambda_l1': 0.0, 'lambda_l2': 1.0}",-0.09069800603324873
"{'learning_rate': 0.1, 'num_leaves': 31, 'max_depth': 3, 'min_data_in_leaf': 50, 'lambda_l1': 0.1, 'lambda_l2': 0.0}",-0.07070533726678928
"{'learning_rate': 0.1, 'num_leaves': 31, 'max_depth': 3, 'min_data_in_leaf': 50, 'lambda_l1': 0.1, 'lambda_l2': 0.1}",-0.07530328397071497
"{'learning_rate': 0.1, 'num_leaves': 31, 'max_depth': 3, 'min_data_in_leaf': 50, 'lambda_l1': 0.1, 'lambda_l2': 1.0}",-0.08031066910489974
"{'learning_rate': 0.1, 'num_leaves': 31, 'max_depth': 3, 'min_data_in_leaf': 50, 'lambda_l1': 1.0, 'lambda_l2': 0.0}",-0.08361847387627437
"{'learning_rate': 0.1, 'num_leaves': 31, 'max_depth': 3, 'min_data_in_leaf': 50, 'lambda_l1': 1.0, 'lambda_l2': 0.1}",-0.08773102365625052
"{'learning_rate': 0.1, 'num_leaves': 31, 'max_depth': 3, 'min_data_in_leaf': 50, 'lambda_l1': 1.0, 'lambda_l2': 1.0}",-0.09645509313565499
"{'learning_rate': 0.1, 'num_leaves': 31, 'max_depth': 5, 'min_data_in_leaf': 10, 'lambda_l1': 0.0, 'lambda_l2': 0.0}",-0.07709155294735916
"{'learning_rate': 0.1, 'num_leaves': 31, 'max_depth': 5, 'min_data_in_leaf': 10, 'lambda_l1': 0.0, 'lambda_l2': 0.1}",-0.07747660233743618
"{'learning_rate': 0.1, 'num_leaves': 31, 'max_depth': 5, 'min_data_in_leaf': 10, 'lambda_l1': 0.0, 'lambda_l2': 1.0}",-0.08359395765310366
"{'learning_rate': 0.1, 'num_leaves': 31, 'max_depth': 5, 'min_data_in_leaf': 10, 'lambda_l1': 0.1, 'lambda_l2': 0.0}",-0.0768347636390008
"{'learning_rate': 0.1, 'num_leaves': 31, 'max_depth': 5, 'min_data_in_leaf': 10, 'lambda_l1': 0.1, 'lambda_l2': 0.1}",-0.09345280558322344
"{'learning_rate': 0.1, 'num_leaves': 31, 'max_depth': 5, 'min_data_in_leaf': 10, 'lambda_l1': 0.1, 'lambda_l2': 1.0}",-0.0891142992183067
"{'learning_rate': 0.1, 'num_leaves': 31, 'max_depth': 5, 'min_data_in_leaf': 10, 'lambda_l1': 1.0, 'lambda_l2': 0.0}",-0.07382095250199691
"{'learning_rate': 0.1, 'num_leaves': 31, 'max_depth': 5, 'min_data_in_leaf': 10, 'lambda_l1': 1.0, 'lambda_l2': 0.1}",-0.07334225614999257
"{'learning_rate': 0.1, 'num_leaves': 31, 'max_depth': 5, 'min_data_in_leaf': 10, 'lambda_l1': 1.0, 'lambda_l2': 1.0}",-0.08397067815555274
"{'learning_rate': 0.1, 'num_leaves': 31, 'max_depth': 5, 'min_data_in_leaf': 20, 'lambda_l1': 0.0, 'lambda_l2': 0.0}",-0.08634837704818128
"{'learning_rate': 0.1, 'num_leaves': 31, 'max_depth': 5, 'min_data_in_leaf': 20, 'lambda_l1': 0.0, 'lambda_l2': 0.1}",-0.0995743406461132
"{'learning_rate': 0.1, 'num_leaves': 31, 'max_depth': 5, 'min_data_in_leaf': 20, 'lambda_l1': 0.0, 'lambda_l2': 1.0}",-0.09811977995785004
"{'learning_rate': 0.1, 'num_leaves': 31, 'max_depth': 5, 'min_data_in_leaf': 20, 'lambda_l1': 0.1, 'lambda_l2': 0.0}",-0.08203202430745583
"{'learning_rate': 0.1, 'num_leaves': 31, 'max_depth': 5, 'min_data_in_leaf': 20, 'lambda_l1': 0.1, 'lambda_l2': 0.1}",-0.0902669757557298
"{'learning_rate': 0.1, 'num_leaves': 31, 'max_depth': 5, 'min_data_in_leaf': 20, 'lambda_l1': 0.1, 'lambda_l2': 1.0}",-0.0700887508925301
"{'learning_rate': 0.1, 'num_leaves': 31, 'max_depth': 5, 'min_data_in_leaf': 20, 'lambda_l1': 1.0, 'lambda_l2': 0.0}",-0.09101380425629556
"{'learning_rate': 0.1, 'num_leaves': 31, 'max_depth': 5, 'min_data_in_leaf': 20, 'lambda_l1': 1.0, 'lambda_l2': 0.1}",-0.08602010233849115
"{'learning_rate': 0.1, 'num_leaves': 31, 'max_depth': 5, 'min_data_in_leaf': 20, 'lambda_l1': 1.0, 'lambda_l2': 1.0}",-0.08189500337242621
"{'learning_rate': 0.1, 'num_leaves': 31, 'max_depth': 5, 'min_data_in_leaf': 50, 'lambda_l1': 0.0, 'lambda_l2': 0.0}",-0.07707186495635615
"{'learning_rate': 0.1, 'num_leaves': 31, 'max_depth': 5, 'min_data_in_leaf': 50, 'lambda_l1': 0.0, 'lambda_l2': 0.1}",-0.06408830771900628
"{'learning_rate': 0.1, 'num_leaves': 31, 'max_depth': 5, 'min_data_in_leaf': 50, 'lambda_l1': 0.0, 'lambda_l2': 1.0}",-0.06662379686146051
"{'learning_rate': 0.1, 'num_leaves': 31, 'max_depth': 5, 'min_data_in_leaf': 50, 'lambda_l1': 0.1, 'lambda_l2': 0.0}",-0.055891544269687954
"{'learning_rate': 0.1, 'num_leaves': 31, 'max_depth': 5, 'min_data_in_leaf': 50, 'lambda_l1': 0.1, 'lambda_l2': 0.1}",-0.06212970148110868
"{'learning_rate': 0.1, 'num_leaves': 31, 'max_depth': 5, 'min_data_in_leaf': 50, 'lambda_l1': 0.1, 'lambda_l2': 1.0}",-0.053477703534229405
"{'learning_rate': 0.1, 'num_leaves': 31, 'max_depth': 5, 'min_data_in_leaf': 50, 'lambda_l1': 1.0, 'lambda_l2': 0.0}",-0.06958627165883413
"{'learning_rate': 0.1, 'num_leaves': 31, 'max_depth': 5, 'min_data_in_leaf': 50, 'lambda_l1': 1.0, 'lambda_l2': 0.1}",-0.06956842038255903
"{'learning_rate': 0.1, 'num_leaves': 31, 'max_depth': 5, 'min_data_in_leaf': 50, 'lambda_l1': 1.0, 'lambda_l2': 1.0}",-0.05578961165107333
"{'learning_rate': 0.1, 'num_leaves': 31, 'max_depth': 7, 'min_data_in_leaf': 10, 'lambda_l1': 0.0, 'lambda_l2': 0.0}",-0.0766278514895415
"{'learning_rate': 0.1, 'num_leaves': 31, 'max_depth': 7, 'min_data_in_leaf': 10, 'lambda_l1': 0.0, 'lambda_l2': 0.1}",-0.09160322220666028
"{'learning_rate': 0.1, 'num_leaves': 31, 'max_depth': 7, 'min_data_in_leaf': 10, 'lambda_l1': 0.0, 'lambda_l2': 1.0}",-0.09242860768780366
"{'learning_rate': 0.1, 'num_leaves': 31, 'max_depth': 7, 'min_data_in_leaf': 10, 'lambda_l1': 0.1, 'lambda_l2': 0.0}",-0.07555749644325528
"{'learning_rate': 0.1, 'num_leaves': 31, 'max_depth': 7, 'min_data_in_leaf': 10, 'lambda_l1': 0.1, 'lambda_l2': 0.1}",-0.062196863353873484
"{'learning_rate': 0.1, 'num_leaves': 31, 'max_depth': 7, 'min_data_in_leaf': 10, 'lambda_l1': 0.1, 'lambda_l2': 1.0}",-0.07501435101538602
"{'learning_rate': 0.1, 'num_leaves': 31, 'max_depth': 7, 'min_data_in_leaf': 10, 'lambda_l1': 1.0, 'lambda_l2': 0.0}",-0.06859544443676859
"{'learning_rate': 0.1, 'num_leaves': 31, 'max_depth': 7, 'min_data_in_leaf': 10, 'lambda_l1': 1.0, 'lambda_l2': 0.1}",-0.06596327646296526
"{'learning_rate': 0.1, 'num_leaves': 31, 'max_depth': 7, 'min_data_in_leaf': 10, 'lambda_l1': 1.0, 'lambda_l2': 1.0}",-0.0820174663832253
"{'learning_rate': 0.1, 'num_leaves': 31, 'max_depth': 7, 'min_data_in_leaf': 20, 'lambda_l1': 0.0, 'lambda_l2': 0.0}",-0.07204782162559444
"{'learning_rate': 0.1, 'num_leaves': 31, 'max_depth': 7, 'min_data_in_leaf': 20, 'lambda_l1': 0.0, 'lambda_l2': 0.1}",-0.05827740733755218
"{'learning_rate': 0.1, 'num_leaves': 31, 'max_depth': 7, 'min_data_in_leaf': 20, 'lambda_l1': 0.0, 'lambda_l2': 1.0}",-0.07082079900291212
"{'learning_rate': 0.1, 'num_leaves': 31, 'max_depth': 7, 'min_data_in_leaf': 20, 'lambda_l1': 0.1, 'lambda_l2': 0.0}",-0.07902904395033962
"{'learning_rate': 0.1, 'num_leaves': 31, 'max_depth': 7, 'min_data_in_leaf': 20, 'lambda_l1': 0.1, 'lambda_l2': 0.1}",-0.06330897678325721
"{'learning_rate': 0.1, 'num_leaves': 31, 'max_depth': 7, 'min_data_in_leaf': 20, 'lambda_l1': 0.1, 'lambda_l2': 1.0}",-0.047355502500618644
"{'learning_rate': 0.1, 'num_leaves': 31, 'max_depth': 7, 'min_data_in_leaf': 20, 'lambda_l1': 1.0, 'lambda_l2': 0.0}",-0.06707692480653936
"{'learning_rate': 0.1, 'num_leaves': 31, 'max_depth': 7, 'min_data_in_leaf': 20, 'lambda_l1': 1.0, 'lambda_l2': 0.1}",-0.06418953241528072
"{'learning_rate': 0.1, 'num_leaves': 31, 'max_depth': 7, 'min_data_in_leaf': 20, 'lambda_l1': 1.0, 'lambda_l2': 1.0}",-0.0648186244134228
"{'learning_rate': 0.1, 'num_leaves': 31, 'max_depth': 7, 'min_data_in_leaf': 50, 'lambda_l1': 0.0, 'lambda_l2': 0.0}",-0.062411339113327004
"{'learning_rate': 0.1, 'num_leaves': 31, 'max_depth': 7, 'min_data_in_leaf': 50, 'lambda_l1': 0.0, 'lambda_l2': 0.1}",-0.06210321197742722
"{'learning_rate': 0.1, 'num_leaves': 31, 'max_depth': 7, 'min_data_in_leaf': 50, 'lambda_l1': 0.0, 'lambda_l2': 1.0}",-0.06581650004518493
"{'learning_rate': 0.1, 'num_leaves': 31, 'max_depth': 7, 'min_data_in_leaf': 50, 'lambda_l1': 0.1, 'lambda_l2': 0.0}",-0.06160887278267301
"{'learning_rate': 0.1, 'num_leaves': 31, 'max_depth': 7, 'min_data_in_leaf': 50, 'lambda_l1': 0.1, 'lambda_l2': 0.1}",-0.08190359311159234
"{'learning_rate': 0.1, 'num_leaves': 31, 'max_depth': 7, 'min_data_in_leaf': 50, 'lambda_l1': 0.1, 'lambda_l2': 1.0}",-0.08436636921852535
"{'learning_rate': 0.1, 'num_leaves': 31, 'max_depth': 7, 'min_data_in_leaf': 50, 'lambda_l1': 1.0, 'lambda_l2': 0.0}",-0.05355302578915825
"{'learning_rate': 0.1, 'num_leaves': 31, 'max_depth': 7, 'min_data_in_leaf': 50, 'lambda_l1': 1.0, 'lambda_l2': 0.1}",-0.08270309646610492
"{'learning_rate': 0.1, 'num_leaves': 31, 'max_depth': 7, 'min_data_in_leaf': 50, 'lambda_l1': 1.0, 'lambda_l2': 1.0}",-0.06292303590980099
"{'learning_rate': 0.1, 'num_leaves': 63, 'max_depth': 3, 'min_data_in_leaf': 10, 'lambda_l1': 0.0, 'lambda_l2': 0.0}",-0.08940621790191916
"{'learning_rate': 0.1, 'num_leaves': 63, 'max_depth': 3, 'min_data_in_leaf': 10, 'lambda_l1': 0.0, 'lambda_l2': 0.1}",-0.08473926338189924
"{'learning_rate': 0.1, 'num_leaves': 63, 'max_depth': 3, 'min_data_in_leaf': 10, 'lambda_l1': 0.0, 'lambda_l2': 1.0}",-0.055972948470199575
"{'learning_rate': 0.1, 'num_leaves': 63, 'max_depth': 3, 'min_data_in_leaf': 10, 'lambda_l1': 0.1, 'lambda_l2': 0.0}",-0.06451676661218579
"{'learning_rate': 0.1, 'num_leaves': 63, 'max_depth': 3, 'min_data_in_leaf': 10, 'lambda_l1': 0.1, 'lambda_l2': 0.1}",-0.08404940927220467
"{'learning_rate': 0.1, 'num_leaves': 63, 'max_depth': 3, 'min_data_in_leaf': 10, 'lambda_l1': 0.1, 'lambda_l2': 1.0}",-0.061862940798383864
"{'learning_rate': 0.1, 'num_leaves': 63, 'max_depth': 3, 'min_data_in_leaf': 10, 'lambda_l1': 1.0, 'lambda_l2': 0.0}",-0.08935601055641551
"{'learning_rate': 0.1, 'num_leaves': 63, 'max_depth': 3, 'min_data_in_leaf': 10, 'lambda_l1': 1.0, 'lambda_l2': 0.1}",-0.06594177016987172
"{'learning_rate': 0.1, 'num_leaves': 63, 'max_depth': 3, 'min_data_in_leaf': 10, 'lambda_l1': 1.0, 'lambda_l2': 1.0}",-0.07840417593182804
"{'learning_rate': 0.1, 'num_leaves': 63, 'max_depth': 3, 'min_data_in_leaf': 20, 'lambda_l1': 0.0, 'lambda_l2': 0.0}",-0.07130387251446478
"{'learning_rate': 0.1, 'num_leaves': 63, 'max_depth': 3, 'min_data_in_leaf': 20, 'lambda_l1': 0.0, 'lambda_l2': 0.1}",-0.08799394149696077
"{'learning_rate': 0.1, 'num_leaves': 63, 'max_depth': 3, 'min_data_in_leaf': 20, 'lambda_l1': 0.0, 'lambda_l2': 1.0}",-0.07039494522498363
"{'learning_rate': 0.1, 'num_leaves': 63, 'max_depth': 3, 'min_data_in_leaf': 20, 'lambda_l1': 0.1, 'lambda_l2': 0.0}",-0.08081909381700562
"{'learning_rate': 0.1, 'num_leaves': 63, 'max_depth': 3, 'min_data_in_leaf': 20, 'lambda_l1': 0.1, 'lambda_l2': 0.1}",-0.07934126744197519
"{'learning_rate': 0.1, 'num_leaves': 63, 'max_depth': 3, 'min_data_in_leaf': 20, 'lambda_l1': 0.1, 'lambda_l2': 1.0}",-0.07885660715534996
"{'learning_rate': 0.1, 'num_leaves': 63, 'max_depth': 3, 'min_data_in_leaf': 20, 'lambda_l1': 1.0, 'lambda_l2': 0.0}",-0.07771598006761278
"{'learning_rate': 0.1, 'num_leaves': 63, 'max_depth': 3, 'min_data_in_leaf': 20, 'lambda_l1': 1.0, 'lambda_l2': 0.1}",-0.07427330363720397
"{'learning_rate': 0.1, 'num_leaves': 63, 'max_depth': 3, 'min_data_in_leaf': 20, 'lambda_l1': 1.0, 'lambda_l2': 1.0}",-0.0759193075575611
"{'learning_rate': 0.1, 'num_leaves': 63, 'max_depth': 3, 'min_data_in_leaf': 50, 'lambda_l1': 0.0, 'lambda_l2': 0.0}",-0.07070205811159305
"{'learning_rate': 0.1, 'num_leaves': 63, 'max_depth': 3, 'min_data_in_leaf': 50, 'lambda_l1': 0.0, 'lambda_l2': 0.1}",-0.06465963337345014
"{'learning_rate': 0.1, 'num_leaves': 63, 'max_depth': 3, 'min_data_in_leaf': 50, 'lambda_l1': 0.0, 'lambda_l2': 1.0}",-0.09069800603324873
"{'learning_rate': 0.1, 'num_leaves': 63, 'max_depth': 3, 'min_data_in_leaf': 50, 'lambda_l1': 0.1, 'lambda_l2': 0.0}",-0.07070533726678928
"{'learning_rate': 0.1, 'num_leaves': 63, 'max_depth': 3, 'min_data_in_leaf': 50, 'lambda_l1': 0.1, 'lambda_l2': 0.1}",-0.07530328397071497
"{'learning_rate': 0.1, 'num_leaves': 63, 'max_depth': 3, 'min_data_in_leaf': 50, 'lambda_l1': 0.1, 'lambda_l2': 1.0}",-0.08031066910489974
"{'learning_rate': 0.1, 'num_leaves': 63, 'max_depth': 3, 'min_data_in_leaf': 50, 'lambda_l1': 1.0, 'lambda_l2': 0.0}",-0.08361847387627437
"{'learning_rate': 0.1, 'num_leaves': 63, 'max_depth': 3, 'min_data_in_leaf': 50, 'lambda_l1': 1.0, 'lambda_l2': 0.1}",-0.08773102365625052
"{'learning_rate': 0.1, 'num_leaves': 63, 'max_depth': 3, 'min_data_in_leaf': 50, 'lambda_l1': 1.0, 'lambda_l2': 1.0}",-0.09645509313565499
"{'learning_rate': 0.1, 'num_leaves': 63, 'max_depth': 5, 'min_data_in_leaf': 10, 'lambda_l1': 0.0, 'lambda_l2': 0.0}",-0.07709155294735916
"{'learning_rate': 0.1, 'num_leaves': 63, 'max_depth': 5, 'min_data_in_leaf': 10, 'lambda_l1': 0.0, 'lambda_l2': 0.1}",-0.07747660233743618
"{'learning_rate': 0.1, 'num_leaves': 63, 'max_depth': 5, 'min_data_in_leaf': 10, 'lambda_l1': 0.0, 'lambda_l2': 1.0}",-0.07896088403386727
"{'learning_rate': 0.1, 'num_leaves': 63, 'max_depth': 5, 'min_data_in_leaf': 10, 'lambda_l1': 0.1, 'lambda_l2': 0.0}",-0.0768347636390008
"{'learning_rate': 0.1, 'num_leaves': 63, 'max_depth': 5, 'min_data_in_leaf': 10, 'lambda_l1': 0.1, 'lambda_l2': 0.1}",-0.09345280558322344
"{'learning_rate': 0.1, 'num_leaves': 63, 'max_depth': 5, 'min_data_in_leaf': 10, 'lambda_l1': 0.1, 'lambda_l2': 1.0}",-0.08739013153170438
"{'learning_rate': 0.1, 'num_leaves': 63, 'max_depth': 5, 'min_data_in_leaf': 10, 'lambda_l1': 1.0, 'lambda_l2': 0.0}",-0.07382095250199691
"{'learning_rate': 0.1, 'num_leaves': 63, 'max_depth': 5, 'min_data_in_leaf': 10, 'lambda_l1': 1.0, 'lambda_l2': 0.1}",-0.0732800425531019
"{'learning_rate': 0.1, 'num_leaves': 63, 'max_depth': 5, 'min_data_in_leaf': 10, 'lambda_l1': 1.0, 'lambda_l2': 1.0}",-0.08397067815555274
"{'learning_rate': 0.1, 'num_leaves': 63, 'max_depth': 5, 'min_data_in_leaf': 20, 'lambda_l1': 0.0, 'lambda_l2': 0.0}",-0.08634837704818128
"{'learning_rate': 0.1, 'num_leaves': 63, 'max_depth': 5, 'min_data_in_leaf': 20, 'lambda_l1': 0.0, 'lambda_l2': 0.1}",-0.0995743406461132
"{'learning_rate': 0.1, 'num_leaves': 63, 'max_depth': 5, 'min_data_in_leaf': 20, 'lambda_l1': 0.0, 'lambda_l2': 1.0}",-0.09811977995785004
"{'learning_rate': 0.1, 'num_leaves': 63, 'max_depth': 5, 'min_data_in_leaf': 20, 'lambda_l1': 0.1, 'lambda_l2': 0.0}",-0.08203202430745583
"{'learning_rate': 0.1, 'num_leaves': 63, 'max_depth': 5, 'min_data_in_leaf': 20, 'lambda_l1': 0.1, 'lambda_l2': 0.1}",-0.0902669757557298
"{'learning_rate': 0.1, 'num_leaves': 63, 'max_depth': 5, 'min_data_in_leaf': 20, 'lambda_l1': 0.1, 'lambda_l2': 1.0}",-0.0700887508925301
"{'learning_rate': 0.1, 'num_leaves': 63, 'max_depth': 5, 'min_data_in_leaf': 20, 'lambda_l1': 1.0, 'lambda_l2': 0.0}",-0.09101380425629556
"{'learning_rate': 0.1, 'num_leaves': 63, 'max_depth': 5, 'min_data_in_leaf': 20, 'lambda_l1': 1.0, 'lambda_l2': 0.1}",-0.08602010233849115
"{'learning_rate': 0.1, 'num_leaves': 63, 'max_depth': 5, 'min_data_in_leaf': 20, 'lambda_l1': 1.0, 'lambda_l2': 1.0}",-0.08189500337242621
"{'learning_rate': 0.1, 'num_leaves': 63, 'max_depth': 5, 'min_data_in_leaf': 50, 'lambda_l1': 0.0, 'lambda_l2': 0.0}",-0.07707186495635615
"{'learning_rate': 0.1, 'num_leaves': 63, 'max_depth': 5, 'min_data_in_leaf': 50, 'lambda_l1': 0.0, 'lambda_l2': 0.1}",-0.06408830771900628
"{'learning_rate': 0.1, 'num_leaves': 63, 'max_depth': 5, 'min_data_in_leaf': 50, 'lambda_l1': 0.0, 'lambda_l2': 1.0}",-0.06662379686146051
"{'learning_rate': 0.1, 'num_leaves': 63, 'max_depth': 5, 'min_data_in_leaf': 50, 'lambda_l1': 0.1, 'lambda_l2': 0.0}",-0.055891544269687954
"{'learning_rate': 0.1, 'num_leaves': 63, 'max_depth': 5, 'min_data_in_leaf': 50, 'lambda_l1': 0.1, 'lambda_l2': 0.1}",-0.06212970148110868
"{'learning_rate': 0.1, 'num_leaves': 63, 'max_depth': 5, 'min_data_in_leaf': 50, 'lambda_l1': 0.1, 'lambda_l2': 1.0}",-0.053477703534229405
"{'learning_rate': 0.1, 'num_leaves': 63, 'max_depth': 5, 'min_data_in_leaf': 50, 'lambda_l1': 1.0, 'lambda_l2': 0.0}",-0.06958627165883413
"{'learning_rate': 0.1, 'num_leaves': 63, 'max_depth': 5, 'min_data_in_leaf': 50, 'lambda_l1': 1.0, 'lambda_l2': 0.1}",-0.06956842038255903
"{'learning_rate': 0.1, 'num_leaves': 63, 'max_depth': 5, 'min_data_in_leaf': 50, 'lambda_l1': 1.0, 'lambda_l2': 1.0}",-0.05578961165107333
"{'learning_rate': 0.1, 'num_leaves': 63, 'max_depth': 7, 'min_data_in_leaf': 10, 'lambda_l1': 0.0, 'lambda_l2': 0.0}",-0.08799564719688192
"{'learning_rate': 0.1, 'num_leaves': 63, 'max_depth': 7, 'min_data_in_leaf': 10, 'lambda_l1': 0.0, 'lambda_l2': 0.1}",-0.0719289342536301
"{'learning_rate': 0.1, 'num_leaves': 63, 'max_depth': 7, 'min_data_in_leaf': 10, 'lambda_l1': 0.0, 'lambda_l2': 1.0}",-0.08441154499442943
"{'learning_rate': 0.1, 'num_leaves': 63, 'max_depth': 7, 'min_data_in_leaf': 10, 'lambda_l1': 0.1, 'lambda_l2': 0.0}",-0.0660828094770505
"{'learning_rate': 0.1, 'num_leaves': 63, 'max_depth': 7, 'min_data_in_leaf': 10, 'lambda_l1': 0.1, 'lambda_l2': 0.1}",-0.05134203953300306
"{'learning_rate': 0.1, 'num_leaves': 63, 'max_depth': 7, 'min_data_in_leaf': 10, 'lambda_l1': 0.1, 'lambda_l2': 1.0}",-0.06454036706688882
"{'learning_rate': 0.1, 'num_leaves': 63, 'max_depth': 7, 'min_data_in_leaf': 10, 'lambda_l1': 1.0, 'lambda_l2': 0.0}",-0.05999796593117021
"{'learning_rate': 0.1, 'num_leaves': 63, 'max_depth': 7, 'min_data_in_leaf': 10, 'lambda_l1': 1.0, 'lambda_l2': 0.1}",-0.08116304678594878
"{'learning_rate': 0.1, 'num_leaves': 63, 'max_depth': 7, 'min_data_in_leaf': 10, 'lambda_l1': 1.0, 'lambda_l2': 1.0}",-0.0642731675437015
"{'learning_rate': 0.1, 'num_leaves': 63, 'max_depth': 7, 'min_data_in_leaf': 20, 'lambda_l1': 0.0, 'lambda_l2': 0.0}",-0.06807060069659833
"{'learning_rate': 0.1, 'num_leaves': 63, 'max_depth': 7, 'min_data_in_leaf': 20, 'lambda_l1': 0.0, 'lambda_l2': 0.1}",-0.0808469445830403
"{'learning_rate': 0.1, 'num_leaves': 63, 'max_depth': 7, 'min_data_in_leaf': 20, 'lambda_l1': 0.0, 'lambda_l2': 1.0}",-0.06759124775334904
"{'learning_rate': 0.1, 'num_leaves': 63, 'max_depth': 7, 'min_data_in_leaf': 20, 'lambda_l1': 0.1, 'lambda_l2': 0.0}",-0.08125437586870334
"{'learning_rate': 0.1, 'num_leaves': 63, 'max_depth': 7, 'min_data_in_leaf': 20, 'lambda_l1': 0.1, 'lambda_l2': 0.1}",-0.07486330425886743
"{'learning_rate': 0.1, 'num_leaves': 63, 'max_depth': 7, 'min_data_in_leaf': 20, 'lambda_l1': 0.1, 'lambda_l2': 1.0}",-0.0729742651892627
"{'learning_rate': 0.1, 'num_leaves': 63, 'max_depth': 7, 'min_data_in_leaf': 20, 'lambda_l1': 1.0, 'lambda_l2': 0.0}",-0.08644000342310432
"{'learning_rate': 0.1, 'num_leaves': 63, 'max_depth': 7, 'min_data_in_leaf': 20, 'lambda_l1': 1.0, 'lambda_l2': 0.1}",-0.07477655465245822
"{'learning_rate': 0.1, 'num_leaves': 63, 'max_depth': 7, 'min_data_in_leaf': 20, 'lambda_l1': 1.0, 'lambda_l2': 1.0}",-0.06894276841759579
"{'learning_rate': 0.1, 'num_leaves': 63, 'max_depth': 7, 'min_data_in_leaf': 50, 'lambda_l1': 0.0, 'lambda_l2': 0.0}",-0.07481735756965845
"{'learning_rate': 0.1, 'num_leaves': 63, 'max_depth': 7, 'min_data_in_leaf': 50, 'lambda_l1': 0.0, 'lambda_l2': 0.1}",-0.07551832260826713
"{'learning_rate': 0.1, 'num_leaves': 63, 'max_depth': 7, 'min_data_in_leaf': 50, 'lambda_l1': 0.0, 'lambda_l2': 1.0}",-0.08052225650463068
"{'learning_rate': 0.1, 'num_leaves': 63, 'max_depth': 7, 'min_data_in_leaf': 50, 'lambda_l1': 0.1, 'lambda_l2': 0.0}",-0.08936660351113011
"{'learning_rate': 0.1, 'num_leaves': 63, 'max_depth': 7, 'min_data_in_leaf': 50, 'lambda_l1': 0.1, 'lambda_l2': 0.1}",-0.08180259995754327
"{'learning_rate': 0.1, 'num_leaves': 63, 'max_depth': 7, 'min_data_in_leaf': 50, 'lambda_l1': 0.1, 'lambda_l2': 1.0}",-0.06203558331253579
"{'learning_rate': 0.1, 'num_leaves': 63, 'max_depth': 7, 'min_data_in_leaf': 50, 'lambda_l1': 1.0, 'lambda_l2': 0.0}",-0.05956540074964944
"{'learning_rate': 0.1, 'num_leaves': 63, 'max_depth': 7, 'min_data_in_leaf': 50, 'lambda_l1': 1.0, 'lambda_l2': 0.1}",-0.06059728048122787
"{'learning_rate': 0.1, 'num_leaves': 63, 'max_depth': 7, 'min_data_in_leaf': 50, 'lambda_l1': 1.0, 'lambda_l2': 1.0}",-0.05830364649811026
