date,ticker,sector,actual,predicted
2025-01-31,AAPL,Technology,0.025872509648322994,0.32
2025-01-31,ADBE,Technology,0.002537399292692699,0.6
2025-01-31,AMAT,Technology,-0.12151877614928519,0.98
2025-01-31,AMD,Technology,-0.13876668185746377,0.34
2025-01-31,AVGO,Technology,-0.09870294702613158,0.84
2025-01-31,CDNS,Technology,-0.15832267955865686,0.08
2025-01-31,CRM,Technology,-0.12832895851114923,0.74
2025-01-31,CRWD,Technology,-0.02112694628424905,0.7
2025-01-31,FTNT,Technology,0.07067808363338268,0.3
2025-01-31,GOOGL,Technology,-0.16537593568322484,0.44000000000000006
2025-01-31,INTC,Technology,0.22130721407735177,1.0
2025-01-31,INTU,Technology,0.020498426303733108,0.22000000000000003
2025-01-31,KLAC,Technology,-0.03765554274794536,0.62
2025-01-31,LRCX,Technology,-0.0531770673730515,0.78
2025-01-31,META,Technology,-0.03044191648510486,0.04
2025-01-31,MSFT,Technology,-0.041618084643111564,0.58
2025-01-31,MU,Technology,0.026194680996241893,0.9000000000000001
2025-01-31,NET,Technology,0.04985555967895672,0.8
2025-01-31,NOW,Technology,-0.08702055946497289,0.76
2025-01-31,NVDA,Technology,0.0403931058066469,0.82
2025-01-31,ORCL,Technology,-0.023521103061888038,0.54
2025-01-31,PANW,Technology,0.032588626865348136,0.4600000000000001
2025-01-31,QCOM,Technology,-0.0911350783636673,0.94
2025-01-31,SNPS,Technology,-0.12978607030588662,0.64
2025-01-31,TXN,Technology,0.06164354506687353,0.66
2025-01-31,ACN,Technology,-0.09468768314498488,0.4
2025-01-31,ADI,Technology,0.08575208516127075,0.68
2025-01-31,ANET,Technology,-0.19248459306619614,0.14
2025-01-31,CGNX,Technology,-0.17595874710643422,0.86
2025-01-31,COHU,Technology,-0.14185945096665364,0.52
2025-01-31,CSCO,Technology,0.0579209947780015,0.28
2025-01-31,DELL,Technology,-0.008108079434800075,0.42
2025-01-31,ENTG,Technology,-0.0031513600481334336,0.9200000000000002
2025-01-31,FORM,Technology,-0.16853932905331592,0.5
2025-01-31,HPQ,Technology,-0.050153835364551425,0.8800000000000001
2025-01-31,IBM,Technology,-0.006172025990990093,0.48
2025-01-31,IPGP,Technology,-0.20646396872083572,0.24
2025-01-31,KEYS,Technology,-0.10552288578726199,0.56
2025-01-31,MCHP,Technology,0.09211468211989282,0.12
2025-01-31,MKSI,Technology,-0.18770852813181227,0.02
2025-01-31,MPWR,Technology,-0.04135753384009755,0.26
2025-01-31,MRVL,Technology,-0.18642564863747735,0.72
2025-01-31,NXPI,Technology,0.03375686196937622,0.16
2025-01-31,ONTO,Technology,-0.2886305549434536,0.36
2025-01-31,QRVO,Technology,-0.12400579054287952,0.96
2025-01-31,STX,Technology,0.05759664439943446,0.38
2025-01-31,SWKS,Technology,-0.24108179318114287,0.2
2025-01-31,TER,Technology,-0.05020330755284019,0.06
2025-01-31,VRSN,Technology,0.10641872204148695,0.1
2025-01-31,WDC,Technology,-0.0060741831534590895,0.18
2025-01-31,AXP,Financials,-0.05194530651055329,0.5306122448979592
2025-01-31,BAC,Financials,-0.0043197439639303115,0.2857142857142857
2025-01-31,BK,Financials,0.0351449581053751,0.32653061224489793
2025-01-31,BLK,Financials,-0.09086020954323937,0.36734693877551017
2025-01-31,C,Financials,-0.01137651670275519,0.7551020408163265
2025-01-31,CFG,Financials,-0.03783901898715636,0.8979591836734695
2025-01-31,CME,Financials,0.07293243367138191,0.08163265306122448
2025-01-31,COF,Financials,-0.012581661395814958,0.7959183673469388
2025-01-31,FITB,Financials,-0.018957252519693824,0.7346938775510203
2025-01-31,GS,Financials,-0.023460799322529535,0.6938775510204082
2025-01-31,HBAN,Financials,-0.04244203204145336,0.8163265306122449
2025-01-31,ICE,Financials,0.08383911509855912,0.6530612244897959
2025-01-31,JPM,Financials,-0.00991393216807912,0.30612244897959184
2025-01-31,KEY,Financials,-0.036707507560113095,0.8571428571428572
2025-01-31,MCO,Financials,0.010906923464700347,0.20408163265306123
2025-01-31,MS,Financials,-0.03843099359352575,0.673469387755102
2025-01-31,MTB,Financials,-0.04730668891566869,0.3469387755102041
2025-01-31,PNC,Financials,-0.04493663562995087,0.7142857142857143
2025-01-31,RF,Financials,-0.037743397576101456,0.8775510204081632
2025-01-31,SCHW,Financials,-0.035370911534552074,0.8367346938775511
2025-01-31,SPGI,Financials,0.025493199918254605,0.2653061224489796
2025-01-31,STT,Financials,-0.02351891776096804,0.6122448979591837
2025-01-31,TFC,Financials,-0.015652311956442455,0.3877551020408163
2025-01-31,USB,Financials,-0.01841778834265506,0.9591836734693877
2025-01-31,WFC,Financials,-0.001184541296180952,0.7755102040816326
2025-01-31,AFL,Financials,0.025166659415632786,0.16326530612244897
2025-01-31,AJG,Financials,0.11901129449876602,0.02040816326530612
2025-01-31,ALL,Financials,0.03545984774536004,0.4897959183673469
2025-01-31,AMTD,Financials,0.019801961500356402,0.24489795918367346
2025-01-31,AON,Financials,0.10529650724752693,0.5714285714285714
2025-01-31,CB,Financials,0.05002198857138196,0.5510204081632653
2025-01-31,FDS,Financials,-0.024475683657960268,0.12244897959183673
2025-01-31,FNF,Financials,0.10933483785641607,0.46938775510204084
2025-01-31,GL,Financials,0.04373835458517927,1.0
2025-01-31,HIG,Financials,0.06033164699661864,0.22448979591836737
2025-01-31,IBKR,Financials,-0.058814481619869796,0.9387755102040817
2025-01-31,LPLA,Financials,0.01321907406248668,0.5918367346938775
2025-01-31,MET,Financials,0.0025768673102528616,0.061224489795918366
2025-01-31,MSCI,Financials,-0.007367774720118403,0.40816326530612246
2025-01-31,NDAQ,Financials,0.0053436752222806305,0.5102040816326531
2025-01-31,PGR,Financials,0.14429475618834364,0.04081632653061224
2025-01-31,PRU,Financials,-0.03519471257850104,0.18367346938775508
2025-01-31,RJF,Financials,-0.08196813420334448,0.9183673469387754
2025-01-31,SEIC,Financials,-0.07542159961512862,0.10204081632653061
2025-01-31,SF,Financials,-0.08338350989932752,0.9795918367346939
2025-01-31,SYF,Financials,-0.11712502028573668,0.6326530612244898
2025-01-31,TRV,Financials,0.05428657725508379,0.4285714285714286
2025-01-31,UNM,Financials,0.07921317029242658,0.44897959183673475
2025-01-31,WTW,Financials,0.030585263930094087,0.14285714285714285
2025-01-31,ABBV,Healthcare,0.1366502587517262,0.43478260869565216
2025-01-31,ABT,Healthcare,0.0787929513425476,0.2391304347826087
2025-01-31,AMGN,Healthcare,0.08804146795106038,0.2826086956521739
2025-01-31,BAX,Healthcare,0.06504775629658033,0.7826086956521738
2025-01-31,BIIB,Healthcare,-0.023830979297745802,0.15217391304347827
2025-01-31,BMY,Healthcare,0.011365479034100234,0.5
2025-01-31,BSX,Healthcare,0.013970303796883465,0.10869565217391304
2025-01-31,CI,Healthcare,0.04976054716505551,0.021739130434782608
2025-01-31,CVS,Healthcare,0.16359777443746437,0.8260869565217391
2025-01-31,DHR,Healthcare,-0.0672532714577676,0.6739130434782609
2025-01-31,EW,Healthcare,-0.011456097123828668,0.6086956521739131
2025-01-31,GILD,Healthcare,0.17602882439937395,0.30434782608695654
2025-01-31,HUM,Healthcare,-0.07778869178968262,0.5434782608695652
2025-01-31,ISRG,Healthcare,0.0022207797447126865,0.19565217391304346
2025-01-31,JNJ,Healthcare,0.09326934177003965,0.34782608695652173
2025-01-31,LLY,Healthcare,0.13702293647232922,0.6521739130434783
2025-01-31,MDT,Healthcare,0.013212755148619415,0.32608695652173914
2025-01-31,MRK,Healthcare,-0.06648458962617632,0.6956521739130435
2025-01-31,PFE,Healthcare,-0.003393644667571749,0.13043478260869565
2025-01-31,REGN,Healthcare,0.039611709701733444,0.9347826086956522
2025-01-31,SYK,Healthcare,-0.013033764124686154,0.06521739130434782
2025-01-31,TMO,Healthcare,-0.11508158255677181,0.5217391304347826
2025-01-31,UNH,Healthcare,-0.12448160715403911,0.4565217391304348
2025-01-31,VRTX,Healthcare,0.03922633892835492,0.5652173913043478
2025-01-31,ZBH,Healthcare,-0.047131943444744584,0.7391304347826086
2025-01-31,A,Healthcare,-0.15575500359116345,0.2608695652173913
2025-01-31,ACAD,Healthcare,0.05037516300880274,0.8043478260869565
2025-01-31,ALGN,Healthcare,-0.14641048670390588,0.9782608695652173
2025-01-31,ALKS,Healthcare,0.08880434771430612,0.3913043478260869
2025-01-31,BDX,Healthcare,-0.08913575275793584,0.21739130434782608
2025-01-31,DGX,Healthcare,0.06008603407712054,0.17391304347826086
2025-01-31,DXCM,Healthcare,0.017735815767040197,0.7608695652173914
2025-01-31,FOLD,Healthcare,-0.009394588027624273,0.8695652173913043
2025-01-31,HOLX,Healthcare,-0.12129193337996569,0.08695652173913043
2025-01-31,IDXX,Healthcare,0.035682971198144564,0.6304347826086957
2025-01-31,INSP,Healthcare,-0.04087857189720612,1.0
2025-01-31,IQV,Healthcare,-0.06237583194538421,0.9130434782608696
2025-01-31,MASI,Healthcare,0.08345295816720077,0.7173913043478262
2025-01-31,MTD,Healthcare,-0.06722169874959427,0.4782608695652174
2025-01-31,NBIX,Healthcare,-0.21802137074614292,0.043478260869565216
2025-01-31,NTRA,Healthcare,-0.12056297790985804,0.8913043478260869
2025-01-31,NVCR,Healthcare,-0.2222675636702054,0.8478260869565217
2025-01-31,PODD,Healthcare,-0.02194847245481124,0.3695652173913043
2025-01-31,RARE,Healthcare,-0.002556370287523424,0.9565217391304348
2025-01-31,RMD,Healthcare,-0.00904276979888674,0.5869565217391305
2025-01-31,WAT,Healthcare,-0.09179747193588228,0.41304347826086957
2025-01-31,AMZN,Consumer,-0.10686635257151178,0.3541666666666667
2025-01-31,AZO,Consumer,0.04262420877889239,0.1875
2025-01-31,BKNG,Consumer,0.058774967228537145,0.6041666666666666
2025-01-31,CMG,Consumer,-0.07506422224433384,0.3958333333333333
2025-01-31,COST,Consumer,0.07132360457502629,0.25
2025-01-31,DG,Consumer,0.043906803416730256,0.9791666666666665
2025-01-31,DLTR,Consumer,-0.006680270947004963,0.2708333333333333
2025-01-31,DRI,Consumer,0.026736213981219947,0.5208333333333334
2025-01-31,EBAY,Consumer,-0.04060461283945682,0.3125
2025-01-31,HD,Consumer,-0.037331888912701006,0.020833333333333332
2025-01-31,HLT,Consumer,0.03529683111457271,0.2916666666666667
2025-01-31,KR,Consumer,0.05674233919561167,0.14583333333333334
2025-01-31,LOW,Consumer,-0.043839450290382165,0.75
2025-01-31,LULU,Consumer,-0.11731053940959757,0.041666666666666664
2025-01-31,MAR,Consumer,-0.03273471675804829,0.125
2025-01-31,MCD,Consumer,0.06799426485588222,0.375
2025-01-31,MGM,Consumer,0.008120614356560196,0.6666666666666666
2025-01-31,NKE,Consumer,0.03289980933557546,0.8125
2025-01-31,ORLY,Consumer,0.06120107171764366,0.47916666666666663
2025-01-31,ROST,Consumer,-0.06801273798620411,0.20833333333333337
2025-01-31,SBUX,Consumer,0.08133870874703786,0.9375
2025-01-31,TGT,Consumer,-0.0914397915657218,0.7916666666666666
2025-01-31,TJX,Consumer,0.00278213289945084,0.0625
2025-01-31,WMT,Consumer,0.004584315577881304,0.625
2025-01-31,YUM,Consumer,0.20389964473575506,0.3333333333333333
2025-01-31,BBY,Consumer,0.047169673212356544,0.7291666666666666
2025-01-31,CCL,Consumer,-0.13516444500214297,0.5416666666666666
2025-01-31,CHDN,Consumer,-0.041106973102295385,0.6875
2025-01-31,CMCSA,Consumer,0.06595353090721967,0.4375
2025-01-31,CZR,Consumer,-0.07850202708043597,0.8958333333333334
2025-01-31,DIS,Consumer,0.0065452417757716486,0.5833333333333334
2025-01-31,DKNG,Consumer,0.04553038885995653,0.6458333333333334
2025-01-31,F,Consumer,-0.02161796584321951,0.4583333333333333
2025-01-31,FOX,Consumer,0.11255138578692958,0.16666666666666666
2025-01-31,GM,Consumer,-0.006672088550633837,0.5625
2025-01-31,GRMN,Consumer,0.06059763208639746,0.7708333333333334
2025-01-31,H,Consumer,-0.10824715386756845,0.22916666666666666
2025-01-31,IHG,Consumer,-0.05849165384171173,0.10416666666666669
2025-01-31,LVS,Consumer,-0.018730497392775436,0.41666666666666674
2025-01-31,NCLH,Consumer,-0.19858910025959453,0.5
2025-01-31,NFLX,Consumer,0.0038903849838498594,0.7083333333333334
2025-01-31,PENN,Consumer,0.04417474905634844,0.08333333333333333
2025-01-31,POOL,Consumer,0.007988422665174522,0.9166666666666666
2025-01-31,RCL,Consumer,-0.07689419736743797,0.8541666666666667
2025-01-31,SIRI,Consumer,0.01810616813169519,1.0
2025-01-31,TSLA,Consumer,-0.2758773935575025,0.875
2025-01-31,WBD,Consumer,0.09770119719930315,0.9583333333333333
2025-01-31,WYNN,Consumer,0.031280365451697545,0.8333333333333335
2025-01-31,APA,Energy,-0.056087470177063725,0.021739130434782608
2025-01-31,BA,Energy,-0.010706998322587813,0.17391304347826086
2025-01-31,CAT,Energy,-0.07400913819371258,0.19565217391304346
2025-01-31,COP,Energy,0.011378998823891928,0.5652173913043478
2025-01-31,CVX,Energy,0.07500074565348847,0.13043478260869565
2025-01-31,DE,Energy,0.008876098867992788,0.34782608695652173
2025-01-31,DVN,Energy,0.06217018946182873,0.7608695652173914
2025-01-31,EOG,Energy,0.009142007665310592,0.2608695652173913
2025-01-31,FDX,Energy,-0.007437464547552786,0.7391304347826086
2025-01-31,GD,Energy,-0.01704415450962149,0.5
2025-01-31,GE,Energy,0.016750896629362133,0.8260869565217391
2025-01-31,HAL,Energy,0.013451195151511053,0.8478260869565217
2025-01-31,HON,Energy,-0.04331588180879953,0.10869565217391304
2025-01-31,LMT,Energy,-0.02717357045730462,0.5434782608695652
2025-01-31,MMM,Energy,0.024212555322594254,0.3695652173913043
2025-01-31,MPC,Energy,0.03660908769043236,0.8913043478260869
2025-01-31,NOC,Energy,-0.05239400024315666,0.41304347826086957
2025-01-31,OXY,Energy,0.04694529366440481,0.4565217391304348
2025-01-31,PSX,Energy,0.1101939377771397,0.7173913043478262
2025-01-31,RTX,Energy,0.03654950639336385,0.30434782608695654
2025-01-31,SLB,Energy,0.041461124495608015,0.8695652173913043
2025-01-31,UNP,Energy,0.0010343357644027051,0.5869565217391305
2025-01-31,UPS,Energy,0.05693491917568516,0.8043478260869565
2025-01-31,VLO,Energy,-0.01706772919094368,0.6956521739130435
2025-01-31,XOM,Energy,0.05144457041801931,0.4782608695652174
2025-01-31,AME,Energy,0.02568284294956036,0.6304347826086957
2025-01-31,BE,Energy,0.018659903964429736,1.0
2025-01-31,BKR,Energy,-0.029723403195876963,0.43478260869565216
2025-01-31,CTRA,Energy,-0.02633475839859767,0.2826086956521739
2025-01-31,EMR,Energy,-0.06021828135738583,0.043478260869565216
2025-01-31,ENPH,Energy,-0.07947972134334191,0.9347826086956522
2025-01-31,ETN,Energy,-0.1014580823354615,0.6086956521739131
2025-01-31,FSLR,Energy,-0.18708220390030017,0.15217391304347827
2025-01-31,FTV,Energy,-0.021025277625269623,0.08695652173913043
2025-01-31,GNRC,Energy,-0.08826095073300533,0.9130434782608696
2025-01-31,HUBB,Energy,-0.1184060587535487,0.21739130434782608
2025-01-31,MTDR,Energy,-0.09217490964510733,0.7826086956521738
2025-01-31,PH,Energy,-0.05227459593557515,0.6521739130434783
2025-01-31,PLUG,Energy,-0.13440860111681163,0.9782608695652173
2025-01-31,PR,Energy,-0.03822519565783522,0.32608695652173914
2025-01-31,ROK,Energy,0.035928068074493114,0.5217391304347826
2025-01-31,ROP,Energy,0.015374038728012573,0.06521739130434782
2025-01-31,SM,Energy,-0.13830343179663263,0.9565217391304348
2025-01-31,VRSK,Energy,0.032945980666873265,0.3913043478260869
2025-01-31,WMB,Energy,0.04961199295038532,0.6739130434782609
2025-01-31,XYL,Energy,0.05849669155378656,0.2391304347826087
2025-02-28,AAPL,Technology,-0.08150021586838241,0.194
2025-02-28,ADBE,Technology,-0.12547883775456425,0.796
2025-02-28,AMAT,Technology,-0.08192579931190147,0.73
2025-02-28,AMD,Technology,0.02884034884653741,0.7739999999999999
2025-02-28,AVGO,Technology,-0.15791690404933312,0.756
2025-02-28,CDNS,Technology,0.015289428467284205,0.15
2025-02-28,CRM,Technology,-0.0990096102799134,0.768
2025-02-28,CRWD,Technology,-0.0951599259389152,0.504
2025-02-28,FTNT,Technology,-0.10878622134624161,0.608
2025-02-28,GOOGL,Technology,-0.09080288682617288,0.72
2025-02-28,INTC,Technology,-0.04298358522713841,1.03
2025-02-28,INTU,Technology,0.0002443117192605371,0.542
2025-02-28,KLAC,Technology,-0.04096841954759933,0.46599999999999997
2025-02-28,LRCX,Technology,-0.049786253656108115,0.5840000000000001
2025-02-28,META,Technology,-0.1366765104196711,0.12399999999999999
2025-02-28,MSFT,Technology,-0.05440940078093004,0.314
2025-02-28,MU,Technology,-0.07077719344476174,0.9279999999999999
2025-02-28,NET,Technology,-0.22443220870914538,0.8140000000000001
2025-02-28,NOW,Technology,-0.1437145049255122,0.8720000000000001
2025-02-28,NVDA,Technology,-0.13232496449965547,0.28800000000000003
2025-02-28,ORCL,Technology,-0.1580755607247566,0.33
2025-02-28,PANW,Technology,-0.1039226699957212,0.34800000000000003
2025-02-28,QCOM,Technology,-0.01738075021227714,0.508
2025-02-28,SNPS,Technology,-0.06217195755702143,0.43000000000000005
2025-02-28,TXN,Technology,-0.08311657595589372,0.5760000000000001
2025-02-28,ACN,Technology,-0.1046198104974887,0.568
2025-02-28,ADI,Technology,-0.11958870049008186,0.666
2025-02-28,ANET,Technology,-0.16732938403197706,0.224
2025-02-28,CGNX,Technology,-0.09054863647773048,0.41200000000000003
2025-02-28,COHU,Technology,-0.25178025674891935,0.38
2025-02-28,CSCO,Technology,-0.0374358116776099,0.15400000000000003
2025-02-28,DELL,Technology,-0.11298167058051212,0.8119999999999999
2025-02-28,ENTG,Technology,-0.13574401029221284,0.3320000000000001
2025-02-28,FORM,Technology,-0.15045040349302563,0.752
2025-02-28,HPQ,Technology,-0.09386257182614044,0.6280000000000001
2025-02-28,IBM,Technology,-0.014973774209837809,0.17200000000000001
2025-02-28,IPGP,Technology,0.08506617768963864,0.156
2025-02-28,KEYS,Technology,-0.061179681448744194,0.504
2025-02-28,MCHP,Technology,-0.17753998209423738,0.596
2025-02-28,MKSI,Technology,-0.1270964939590845,0.258
2025-02-28,MPWR,Technology,-0.04822424319003238,0.344
2025-02-28,MRVL,Technology,-0.3294489405712472,0.524
2025-02-28,NXPI,Technology,-0.11408158932721091,0.46799999999999997
2025-02-28,ONTO,Technology,-0.1669642092048439,0.542
2025-02-28,QRVO,Technology,-0.0038519572140965908,0.3320000000000001
2025-02-28,STX,Technology,-0.15959499895263618,0.604
2025-02-28,SWKS,Technology,-0.030453134582541064,0.592
2025-02-28,TER,Technology,-0.24813402613450797,0.648
2025-02-28,VRSN,Technology,0.06721877041918711,0.42200000000000004
2025-02-28,WDC,Technology,-0.1737176095232711,0.376
2025-02-28,AXP,Financials,-0.10602725555996584,0.6020408163265306
2025-02-28,BAC,Financials,-0.08908126202704614,0.5857142857142857
2025-02-28,BK,Financials,-0.0571106816863346,0.2979591836734694
2025-02-28,BLK,Financials,-0.026727211920280824,0.22448979591836732
2025-02-28,C,Financials,-0.11206996533900349,0.49795918367346936
2025-02-28,CFG,Financials,-0.10487211316392209,0.7979591836734694
2025-02-28,CME,Financials,0.0505648589102794,0.15306122448979592
2025-02-28,COF,Financials,-0.10595856416736105,0.8816326530612244
2025-02-28,FITB,Financials,-0.0895488580894288,0.5775510204081633
2025-02-28,GS,Financials,-0.12212963394007104,0.7224489795918367
2025-02-28,HBAN,Financials,-0.07906572258285927,0.8448979591836735
2025-02-28,ICE,Financials,-0.0014120376928269396,0.4816326530612245
2025-02-28,JPM,Financials,-0.07311540855337095,0.7775510204081632
2025-02-28,KEY,Financials,-0.06550767806440339,0.7428571428571429
2025-02-28,MCO,Financials,-0.07590180776604027,0.20408163265306123
2025-02-28,MS,Financials,-0.12350688228215889,0.6591836734693877
2025-02-28,MTB,Financials,-0.06103905991185843,0.7755102040816326
2025-02-28,PNC,Financials,-0.08414959928762245,0.6428571428571429
2025-02-28,RF,Financials,-0.07374257911060256,0.8204081632653061
2025-02-28,SCHW,Financials,-0.0157173431676777,0.4653061224489796
2025-02-28,SPGI,Financials,-0.048038426499660725,0.2653061224489796
2025-02-28,STT,Financials,-0.09775274494665553,0.22653061224489798
2025-02-28,TFC,Financials,-0.11218984678512911,0.28775510204081634
2025-02-28,USB,Financials,-0.08900836268934975,0.5606122448979591
2025-02-28,WFC,Financials,-0.08337577434833021,0.6469387755102041
2025-02-28,AFL,Financials,0.015712164924434724,0.3918367346938775
2025-02-28,AJG,Financials,0.024165239628180624,0.06326530612244897
2025-02-28,ALL,Financials,0.0449749454333539,0.2469387755102041
2025-02-28,AMTD,Financials,0.048543760111089185,0.08775510204081632
2025-02-28,AON,Financials,-0.02451611750005689,0.3285714285714286
2025-02-28,CB,Financials,0.061178969156050034,0.4653061224489796
2025-02-28,FDS,Financials,-0.015376573231934088,0.5081632653061224
2025-02-28,FNF,Financials,0.016366678790607603,0.5122448979591837
2025-02-28,GL,Financials,0.033665551447703335,1.03
2025-02-28,HIG,Financials,0.050696340113828064,0.32448979591836735
2025-02-28,IBKR,Financials,-0.1898727737583702,0.34020408163265314
2025-02-28,LPLA,Financials,-0.11912671689462406,0.8061224489795918
2025-02-28,MET,Financials,-0.06834530209803902,0.5612244897959183
2025-02-28,MSCI,Financials,-0.042353369559421705,0.5224489795918368
2025-02-28,NDAQ,Financials,-0.08053738450498349,0.46734693877551026
2025-02-28,PGR,Financials,0.0035816410805515897,0.39795918367346933
2025-02-28,PRU,Financials,-0.029713229352425374,0.28367346938775506
2025-02-28,RJF,Financials,-0.10189434657855556,0.9326530612244899
2025-02-28,SEIC,Financials,-0.0302311448488366,0.11632653061224489
2025-02-28,SF,Financials,-0.10848394973520004,0.909591836734694
2025-02-28,SYF,Financials,-0.12755442152823748,0.8040816326530612
2025-02-28,TRV,Financials,0.02728140321975614,0.2
2025-02-28,UNM,Financials,-0.010086343514109197,0.7061224489795919
2025-02-28,WTW,Financials,-0.0022826864536567015,0.37142857142857144
2025-02-28,ABBV,Healthcare,0.0023442599256007224,0.2978260869565218
2025-02-28,ABT,Healthcare,-0.03883771463274166,0.2543478260869565
2025-02-28,AMGN,Healthcare,0.011328995534282127,0.358695652173913
2025-02-28,BAX,Healthcare,-0.008113546398849758,0.341304347826087
2025-02-28,BIIB,Healthcare,-0.026049848128892328,0.3043478260869565
2025-02-28,BMY,Healthcare,0.02297898914450225,0.6369565217391304
2025-02-28,BSX,Healthcare,-0.02803741821408956,0.16956521739130434
2025-02-28,CI,Healthcare,0.07047547007576371,0.5391304347826087
2025-02-28,CVS,Healthcare,0.030888421902383056,0.3695652173913044
2025-02-28,DHR,Healthcare,-0.011779532467055431,0.7804347826086957
2025-02-28,EW,Healthcare,0.012007827106549573,0.8217391304347826
2025-02-28,GILD,Healthcare,-0.01289106915124949,0.5630434782608695
2025-02-28,HUM,Healthcare,-0.018308913474618715,0.1782608695652174
2025-02-28,ISRG,Healthcare,-0.13588071548982006,0.15
2025-02-28,JNJ,Healthcare,0.004969016591489517,0.30217391304347824
2025-02-28,LLY,Healthcare,-0.10288603803405139,0.5913043478260869
2025-02-28,MDT,Healthcare,-0.015729854614104144,0.25
2025-02-28,MRK,Healthcare,-0.01858602337888604,0.8021739130434782
2025-02-28,PFE,Healthcare,-0.04124110509534573,0.40434782608695646
2025-02-28,REGN,Healthcare,-0.0923232823760729,0.9647826086956522
2025-02-28,SYK,Healthcare,-0.033869742671619796,0.06521739130434782
2025-02-28,TMO,Healthcare,-0.058490766583215614,0.47608695652173916
2025-02-28,UNH,Healthcare,0.10743706628480809,0.42608695652173917
2025-02-28,VRTX,Healthcare,0.010483750577781947,0.2456521739130435
2025-02-28,ZBH,Healthcare,0.08725546298282816,0.6478260869565218
2025-02-28,A,Healthcare,-0.0855221741574601,0.3065217391304348
2025-02-28,ACAD,Healthcare,-0.15255100576145786,0.5760869565217392
2025-02-28,ALGN,Healthcare,-0.15061753917983545,0.3843478260869565
2025-02-28,ALKS,Healthcare,-0.03815908253479894,0.4978260869565217
2025-02-28,BDX,Healthcare,0.020274796688834584,0.47608695652173916
2025-02-28,DGX,Healthcare,-0.021399805818265505,0.26521739130434785
2025-02-28,DXCM,Healthcare,-0.22722644796829927,0.8978260869565218
2025-02-28,FOLD,Healthcare,-0.140147519049871,0.5652173913043479
2025-02-28,HOLX,Healthcare,-0.025556064797017664,0.5282608695652173
2025-02-28,IDXX,Healthcare,-0.039257792591330776,0.43260869565217397
2025-02-28,INSP,Healthcare,-0.1417640933118668,1.0147826086956522
2025-02-28,IQV,Healthcare,-0.06620762604846586,0.6239130434782609
2025-02-28,MASI,Healthcare,-0.11744449683301528,0.6565217391304349
2025-02-28,MTD,Healthcare,-0.07213679256774475,0.1739130434782609
2025-02-28,NBIX,Healthcare,-0.06839624884678674,0.5760869565217391
2025-02-28,NTRA,Healthcare,-0.09113691760096798,0.8913043478260869
2025-02-28,NVCR,Healthcare,-0.06554798217114088,0.9543478260869565
2025-02-28,PODD,Healthcare,-0.0354795021555766,0.658695652173913
2025-02-28,RARE,Healthcare,-0.15633735719326436,0.8343478260869566
2025-02-28,RMD,Healthcare,-0.04140966014649117,0.6326086956521739
2025-02-28,WAT,Healthcare,-0.023241609950668374,0.7326086956521739
2025-02-28,AMZN,Consumer,-0.1037309421475675,0.6458333333333334
2025-02-28,AZO,Consumer,0.09154569229325116,0.46458333333333335
2025-02-28,BKNG,Consumer,-0.07967745007095428,0.6625
2025-02-28,CMG,Consumer,-0.06966837226581557,0.46875
2025-02-28,COST,Consumer,-0.0980630433997749,0.11875000000000001
2025-02-28,DG,Consumer,0.1853598418218747,1.02375
2025-02-28,DLTR,Consumer,0.030332131017834163,0.7520833333333333
2025-02-28,DRI,Consumer,0.036416229500878305,0.7833333333333333
2025-02-28,EBAY,Consumer,0.050928172658896154,0.29791666666666666
2025-02-28,HD,Consumer,-0.07005618928914159,0.020833333333333332
2025-02-28,HLT,Consumer,-0.14119103251152054,0.30625
2025-02-28,KR,Consumer,0.04427644938774411,0.4375
2025-02-28,LOW,Consumer,-0.06197720123709072,0.6770833333333334
2025-02-28,LULU,Consumer,-0.22578701649406674,0.6979166666666665
2025-02-28,MAR,Consumer,-0.15065073954940833,0.3291666666666667
2025-02-28,MCD,Consumer,0.018952205612746242,0.25833333333333336
2025-02-28,MGM,Consumer,-0.14729571861667834,0.8125
2025-02-28,NKE,Consumer,-0.1967607489385722,0.9
2025-02-28,ORLY,Consumer,0.04290793114316194,0.6541666666666667
2025-02-28,ROST,Consumer,-0.08634841156169026,0.13541666666666669
2025-02-28,SBUX,Consumer,-0.15300922476863277,0.5883333333333334
2025-02-28,TGT,Consumer,-0.1600128392829654,0.7625
2025-02-28,TJX,Consumer,-0.023725567350725396,0.04791666666666666
2025-02-28,WMT,Consumer,-0.10728049480909052,0.44999999999999996
2025-02-28,YUM,Consumer,0.006331155979011793,0.26041666666666663
2025-02-28,BBY,Consumer,-0.17088321179611665,0.7729166666666666
2025-02-28,CCL,Consumer,-0.18386963541771761,0.26458333333333334
2025-02-28,CHDN,Consumer,-0.06270041078150868,0.6291666666666667
2025-02-28,CMCSA,Consumer,0.028428292458756,0.7291666666666667
2025-02-28,CZR,Consumer,-0.24744132807497665,0.5166666666666667
2025-02-28,DIS,Consumer,-0.1326889602273189,0.35000000000000003
2025-02-28,DKNG,Consumer,-0.24281808886626777,0.5
2025-02-28,F,Consumer,0.050261643561057,0.6041666666666666
2025-02-28,FOX,Consumer,-0.020123760031425797,0.6333333333333334
2025-02-28,GM,Consumer,-0.04030386366490446,0.5041666666666667
2025-02-28,GRMN,Consumer,-0.04813436745425137,0.5520833333333334
2025-02-28,H,Consumer,-0.13089744273988946,0.43333333333333335
2025-02-28,IHG,Consumer,-0.13599805672449616,0.26458333333333334
2025-02-28,LVS,Consumer,-0.1359874104338552,0.69375
2025-02-28,NCLH,Consumer,-0.16549297282204412,0.28125
2025-02-28,NFLX,Consumer,-0.04898222868327429,0.27083333333333337
2025-02-28,PENN,Consumer,-0.24174805707148828,0.11249999999999999
2025-02-28,POOL,Consumer,-0.0793490603669329,0.6541666666666666
2025-02-28,RCL,Consumer,-0.16230256652625297,0.8979166666666667
2025-02-28,SIRI,Consumer,-0.06779658346397888,0.44666666666666666
2025-02-28,TSLA,Consumer,-0.11543452131892018,0.7000000000000001
2025-02-28,WBD,Consumer,-0.06369986854107224,0.5070833333333333
2025-02-28,WYNN,Consumer,-0.06515895148710404,0.7458333333333333
2025-02-28,APA,Energy,0.015458854819866197,0.20434782608695648
2025-02-28,BA,Energy,-0.023363693048011003,0.17391304347826086
2025-02-28,CAT,Energy,-0.04113980546039253,0.0891304347826087
2025-02-28,COP,Energy,0.0592032040998931,0.7782608695652173
2025-02-28,CVX,Energy,0.054658800559769904,0.4347826086956521
2025-02-28,DE,Energy,-0.02038353241599533,0.19565217391304346
2025-02-28,DVN,Energy,0.03996527748683354,0.7760869565217391
2025-02-28,EOG,Energy,0.010241225972236423,0.44347826086956516
2025-02-28,FDX,Energy,-0.06766025122873243,0.7239130434782609
2025-02-28,GD,Energy,0.07909723379063105,0.7130434782608696
2025-02-28,GE,Energy,-0.0311992066030089,0.5065217391304347
2025-02-28,HAL,Energy,-0.031101437782530605,0.9086956521739131
2025-02-28,HON,Energy,-0.0053549783028573605,0.3369565217391304
2025-02-28,LMT,Energy,-0.0008052591846917645,0.6804347826086956
2025-02-28,MMM,Energy,-0.05324908029397735,0.5521739130434783
2025-02-28,MPC,Energy,-0.0298974949258074,0.6173913043478261
2025-02-28,NOC,Energy,0.11384006416374981,0.1847826086956522
2025-02-28,OXY,Energy,0.01580777986079296,0.6086956521739131
2025-02-28,PSX,Energy,-0.0478833380710918,0.44347826086956527
2025-02-28,RTX,Energy,-0.003985206770592886,0.2434782608695652
2025-02-28,SLB,Energy,0.003360481283654515,0.8391304347826087
2025-02-28,UNP,Energy,-0.0423609087735386,0.5108695652173914
2025-02-28,UPS,Energy,-0.07594730930726201,0.45434782608695656
2025-02-28,VLO,Energy,0.010250197528158589,0.8021739130434782
2025-02-28,XOM,Energy,0.06826542606135932,0.6760869565217392
2025-02-28,AME,Energy,-0.08901662513775577,0.6000000000000001
2025-02-28,BE,Energy,-0.1815154257810323,1.03
2025-02-28,BKR,Energy,-0.014352988425952895,0.2978260869565218
2025-02-28,CTRA,Energy,0.07948842136614265,0.5413043478260869
2025-02-28,EMR,Energy,-0.09842943724876463,0.25652173913043474
2025-02-28,ENPH,Energy,0.08233032016840292,0.9800000000000001
2025-02-28,ETN,Energy,-0.0698703778337425,0.47173913043478266
2025-02-28,FSLR,Energy,-0.07159636433391758,0.060869565217391314
2025-02-28,FTV,Energy,-0.07995964546572498,0.40652173913043477
2025-02-28,GNRC,Energy,-0.0697759294637087,0.9130434782608696
2025-02-28,HUBB,Energy,-0.10947549468839701,0.24782608695652172
2025-02-28,MTDR,Energy,-0.02388233440899956,0.6608695652173913
2025-02-28,PH,Energy,-0.09073903563252039,0.33260869565217394
2025-02-28,PLUG,Energy,-0.16149067587149946,1.0082608695652173
2025-02-28,PR,Energy,-0.006095273230291021,0.5847826086956521
2025-02-28,ROK,Energy,-0.10019149146014561,0.47608695652173916
2025-02-28,ROP,Energy,0.008691092381149401,0.09565217391304347
2025-02-28,SM,Energy,-0.08437787044029765,0.9408695652173913
2025-02-28,VRSK,Energy,0.003951972121545966,0.16304347826086957
2025-02-28,WMB,Energy,0.036380913326361286,0.30869565217391304
2025-02-28,XYL,Energy,-0.0873252799356169,0.3456521739130435
2025-03-31,AAPL,Technology,-0.04335306356502355,0.2122
2025-03-31,ADBE,Technology,-0.02229287883654929,0.7847999999999999
2025-03-31,AMAT,Technology,0.038519845308711,0.919
2025-03-31,AMD,Technology,-0.05246252191668754,0.9181999999999999
2025-03-31,AVGO,Technology,0.14955505535394376,0.6888
2025-03-31,CDNS,Technology,0.17068371049734243,0.49299999999999994
2025-03-31,CRM,Technology,0.002877522335882121,0.8044
2025-03-31,CRWD,Technology,0.21637645768440494,0.6552
2025-03-31,FTNT,Technology,0.07791398123371884,0.4344
2025-03-31,GOOGL,Technology,0.026901221618923055,0.31400000000000006
2025-03-31,INTC,Technology,-0.11492729230391929,0.887
2025-03-31,INTU,Technology,0.023739732730235996,0.3446
2025-03-31,KLAC,Technology,0.03367169554059557,0.4758
2025-03-31,LRCX,Technology,-0.014167795059063182,0.8192
2025-03-31,META,Technology,-0.047470323346377796,0.3172
2025-03-31,MSFT,Technology,0.05293166193248733,0.4442
2025-03-31,MU,Technology,-0.11439755669290996,0.9663999999999999
2025-03-31,NET,Technology,0.0717898319515704,0.9462
2025-03-31,NOW,Technology,0.19955034735432098,0.6696000000000001
2025-03-31,NVDA,Technology,0.004982454875415376,0.5064
2025-03-31,ORCL,Technology,0.010124678314283875,0.169
2025-03-31,PANW,Technology,0.0954640960173434,0.23040000000000002
2025-03-31,QCOM,Technology,-0.03352652515983823,0.7404
2025-03-31,SNPS,Technology,0.07032762791853475,0.395
2025-03-31,TXN,Technology,-0.10175035594162807,0.3688
2025-03-31,ACN,Technology,-0.03655489963898739,0.46440000000000003
2025-03-31,ADI,Technology,-0.033470502065212626,0.4378
2025-03-31,ANET,Technology,0.06182231645068925,0.1232
2025-03-31,CGNX,Technology,-0.08481396209243175,0.7256
2025-03-31,COHU,Technology,0.08769544245463701,0.324
2025-03-31,CSCO,Technology,-0.05824933557990841,0.1862
2025-03-31,DELL,Technology,0.013148229945648238,0.8596
2025-03-31,ENTG,Technology,-0.09441373054776403,0.5756
2025-03-31,FORM,Technology,-0.005302280700760775,0.7575999999999999
2025-03-31,HPQ,Technology,-0.07656193759847796,0.6224000000000001
2025-03-31,IBM,Technology,-0.027507527209517768,0.1356
2025-03-31,IPGP,Technology,-0.05147291782414598,0.5367999999999999
2025-03-31,KEYS,Technology,-0.029178141492382292,0.3752
2025-03-31,MCHP,Technology,-0.048130459686999694,0.8088
2025-03-31,MKSI,Technology,-0.12489097455825338,0.4834
2025-03-31,MPWR,Technology,0.022621258097595964,0.2152
2025-03-31,MRVL,Technology,-0.050896291370900126,0.18520000000000003
2025-03-31,NXPI,Technology,-0.030253678828168207,0.5324
2025-03-31,ONTO,Technology,0.0051920628137993585,0.17660000000000003
2025-03-31,QRVO,Technology,-0.010219658275632648,0.4636
2025-03-31,STX,Technology,0.07157157302851558,0.5032000000000001
2025-03-31,SWKS,Technology,-0.005415413515077461,0.21960000000000002
2025-03-31,TER,Technology,-0.10157392987036562,0.7544
2025-03-31,VRSN,Technology,0.1112773660351658,0.4346
2025-03-31,WDC,Technology,0.08483804971699804,0.2808
2025-03-31,AXP,Financials,-0.006525138030439193,0.43775510204081636
2025-03-31,BAC,Financials,-0.044332575541886965,0.21857142857142858
2025-03-31,BK,Financials,-0.035315140676628665,0.5179591836734694
2025-03-31,BLK,Financials,-0.0340418631093673,0.09591836734693877
2025-03-31,C,Financials,-0.03676570785121691,0.2493877551020408
2025-03-31,CFG,Financials,-0.08940001211214998,0.8965306122448979
2025-03-31,CME,Financials,0.04444185131004508,0.2744897959183673
2025-03-31,COF,Financials,0.0053540944775252175,0.8944897959183673
2025-03-31,FITB,Financials,-0.08316315781515404,0.6446938775510204
2025-03-31,GS,Financials,0.0023065993534086005,0.5024489795918368
2025-03-31,HBAN,Financials,-0.031978766552424376,0.4391836734693878
2025-03-31,ICE,Financials,-0.02626085551047852,0.2730612244897959
2025-03-31,JPM,Financials,0.0033703695621740692,0.5332653061224489
2025-03-31,KEY,Financials,-0.07191988272112537,0.7799999999999999
2025-03-31,MCO,Financials,-0.026992279258197915,0.07551020408163267
2025-03-31,MS,Financials,-0.002776360846169612,0.7120408163265306
2025-03-31,MTB,Financials,-0.05029368210818996,0.7183673469387755
2025-03-31,PNC,Financials,-0.07628267628826124,0.6499999999999999
2025-03-31,RF,Financials,-0.06074553740976396,0.40326530612244904
2025-03-31,SCHW,Financials,0.03985704058768014,0.45387755102040817
2025-03-31,SPGI,Financials,-0.015843454235281107,0.16530612244897958
2025-03-31,STT,Financials,-0.007547602243614726,0.4822448979591837
2025-03-31,TFC,Financials,-0.06828676462429695,0.4577551020408164
2025-03-31,USB,Financials,-0.04452869924599223,0.6110408163265306
2025-03-31,WFC,Financials,-0.010865111695654517,0.8083673469387754
2025-03-31,AFL,Financials,-0.022574102920372208,0.18897959183673468
2025-03-31,AJG,Financials,-0.07110985576616213,0.6046938775510204
2025-03-31,ALL,Financials,-0.041918252221083585,0.21693877551020407
2025-03-31,AMTD,Financials,-0.07222228293065436,0.6548979591836734
2025-03-31,AON,Financials,-0.11100253496890478,0.6271428571428571
2025-03-31,CB,Financials,-0.0526838176707769,0.4681632653061225
2025-03-31,FDS,Financials,-0.049313748109899413,0.5524489795918367
2025-03-31,FNF,Financials,-0.01582669542518389,0.5393877551020408
2025-03-31,GL,Financials,-0.06171635513936635,1.069
2025-03-31,HIG,Financials,-0.008567051971262729,0.440204081632653
2025-03-31,IBKR,Financials,0.037804370445523094,0.6020612244897959
2025-03-31,LPLA,Financials,-0.022467484560706352,0.9275510204081632
2025-03-31,MET,Financials,-0.06127775037965966,0.3683673469387755
2025-03-31,MSCI,Financials,-0.03605660869187599,0.4281632653061225
2025-03-31,NDAQ,Financials,0.0046137646625774575,0.19734693877551024
2025-03-31,PGR,Financials,-0.004133457028037135,0.36224489795918363
2025-03-31,PRU,Financials,-0.0803188733227026,0.2993877551020408
2025-03-31,RJF,Financials,-0.009898168434985366,0.9812244897959184
2025-03-31,SEIC,Financials,0.008501924434852759,0.39204081632653065
2025-03-31,SF,Financials,-0.09091873147472251,0.875734693877551
2025-03-31,SYF,Financials,-0.018700327703450315,0.8840816326530612
2025-03-31,TRV,Financials,-0.0012478619593883078,0.17428571428571427
2025-03-31,UNM,Financials,-0.041574896080115886,0.783265306122449
2025-03-31,WTW,Financials,-0.08921438070389642,0.28285714285714286
2025-03-31,ABBV,Healthcare,-0.06021850445153942,0.3176086956521739
2025-03-31,ABT,Healthcare,-0.009757508047727126,0.5328260869565217
2025-03-31,AMGN,Healthcare,-0.06621730485150334,0.3663043478260869
2025-03-31,BAX,Healthcare,-0.08939525612177546,0.6502173913043477
2025-03-31,BIIB,Healthcare,-0.11517096557004247,0.5782608695652174
2025-03-31,BMY,Healthcare,-0.16799269729446475,0.38891304347826083
2025-03-31,BSX,Healthcare,0.01972646260254174,0.08130434782608696
2025-03-31,CI,Healthcare,0.03355625678796614,0.3139130434782609
2025-03-31,CVS,Healthcare,-0.005199317591777275,0.5217391304347827
2025-03-31,DHR,Healthcare,-0.0276585386180489,0.6297826086956522
2025-03-31,EW,Healthcare,0.04152861985964562,0.9008695652173914
2025-03-31,GILD,Healthcare,-0.0491744643206391,0.336304347826087
2025-03-31,HUM,Healthcare,-0.00891918745898812,0.6621739130434782
2025-03-31,ISRG,Healthcare,0.04145213567287276,0.1058695652173913
2025-03-31,JNJ,Healthcare,-0.05746499322245069,0.42543478260869566
2025-03-31,LLY,Healthcare,0.08843578386503226,0.31434782608695655
2025-03-31,MDT,Healthcare,-0.05675502508732999,0.1967391304347826
2025-03-31,MRK,Healthcare,-0.05080218920370905,0.45369565217391306
2025-03-31,PFE,Healthcare,-0.03670081345996312,0.5017391304347826
2025-03-31,REGN,Healthcare,-0.05592602594796836,0.7755217391304348
2025-03-31,SYK,Healthcare,0.004486256947800804,0.06521739130434782
2025-03-31,TMO,Healthcare,-0.137861699965369,0.38630434782608697
2025-03-31,UNH,Healthcare,-0.2144342966043028,0.41695652173913045
2025-03-31,VRTX,Healthcare,0.050905474821456353,0.42369565217391303
2025-03-31,ZBH,Healthcare,-0.08950347413012905,0.7573913043478261
2025-03-31,A,Healthcare,-0.07823061989822833,0.3963043478260869
2025-03-31,ACAD,Healthcare,-0.12101144822530463,0.49239130434782613
2025-03-31,ALGN,Healthcare,0.09089766074484906,0.7392173913043478
2025-03-31,ALKS,Healthcare,-0.12870987102002718,0.33195652173913043
2025-03-31,BDX,Healthcare,-0.09591371869160947,0.2341304347826087
2025-03-31,DGX,Healthcare,0.05846736007007158,0.4447826086956521
2025-03-31,DXCM,Healthcare,0.045248151947059556,0.9841304347826088
2025-03-31,FOLD,Healthcare,-0.05882353284917219,0.6869565217391304
2025-03-31,HOLX,Healthcare,-0.057795040770078465,0.6910869565217392
2025-03-31,IDXX,Healthcare,0.030241650959143662,0.7232608695652173
2025-03-31,INSP,Healthcare,-0.005650388645039084,1.034
2025-03-31,IQV,Healthcare,-0.12041971276260499,0.6893478260869565
2025-03-31,MASI,Healthcare,-0.033853536512742144,0.6382608695652174
2025-03-31,MTD,Healthcare,-0.09343648939969595,0.15869565217391307
2025-03-31,NBIX,Healthcare,-0.026310995233835732,0.1880434782608696
2025-03-31,NTRA,Healthcare,0.06732189213727269,0.9065217391304348
2025-03-31,NVCR,Healthcare,0.0179573344727475,1.016304347826087
2025-03-31,PODD,Healthcare,-0.039297790034960256,0.47152173913043477
2025-03-31,RARE,Healthcare,0.07649821949184976,0.8285652173913044
2025-03-31,RMD,Healthcare,0.056912993091305486,0.6615217391304348
2025-03-31,WAT,Healthcare,-0.05654284375765384,0.29586956521739133
2025-03-31,AMZN,Consumer,-0.030694820280155133,0.6020833333333333
2025-03-31,AZO,Consumer,-0.013160982604569216,0.47479166666666667
2025-03-31,BKNG,Consumer,0.10687647988524218,0.6799999999999999
2025-03-31,CMG,Consumer,0.0061740963741001575,0.7385416666666667
2025-03-31,COST,Consumer,0.05151300907733969,0.2689583333333333
2025-03-31,DG,Consumer,0.07238234760042395,0.7317083333333334
2025-03-31,DLTR,Consumer,0.08924999301290959,0.7506249999999999
2025-03-31,DRI,Consumer,-0.027335037402329787,0.54125
2025-03-31,EBAY,Consumer,0.006348817965444731,0.5852083333333333
2025-03-31,HD,Consumer,-0.016371453737452746,0.06458333333333333
2025-03-31,HLT,Consumer,-0.009096995324890056,0.19395833333333334
2025-03-31,KR,Consumer,0.06677510924287988,0.5104166666666666
2025-03-31,LOW,Consumer,-0.03640283267417421,0.421875
2025-03-31,LULU,Consumer,-0.04341838709433965,0.8218749999999999
2025-03-31,MAR,Consumer,0.0015953339247103404,0.18625000000000003
2025-03-31,MCD,Consumer,0.02330577618566254,0.2816666666666667
2025-03-31,MGM,Consumer,0.061403499740281475,0.93
2025-03-31,NKE,Consumer,-0.11153116158136944,0.6937500000000001
2025-03-31,ORLY,Consumer,-0.01213197716102521,0.47333333333333333
2025-03-31,ROST,Consumer,0.08772207831049239,0.171875
2025-03-31,SBUX,Consumer,-0.1839126476726054,0.7598333333333334
2025-03-31,TGT,Consumer,-0.07339995255137288,0.7975
2025-03-31,TJX,Consumer,0.056486022703893024,0.058124999999999996
2025-03-31,WMT,Consumer,0.1077573132597971,0.14958333333333335
2025-03-31,YUM,Consumer,-0.04397552495241186,0.3989583333333333
2025-03-31,BBY,Consumer,-0.09400888791954187,0.6839583333333333
2025-03-31,CCL,Consumer,-0.06093189999324,0.3272916666666667
2025-03-31,CHDN,Consumer,-0.18600880038047496,0.6991666666666667
2025-03-31,CMCSA,Consumer,-0.06476596016602809,0.7729166666666667
2025-03-31,CZR,Consumer,0.08239997863769521,0.855
2025-03-31,DIS,Consumer,-0.07852077883904407,0.3675
2025-03-31,DKNG,Consumer,0.0024089681800711915,0.325
2025-03-31,F,Consumer,-0.0019938378464512407,0.8083333333333333
2025-03-31,FOX,Consumer,-0.12274706628564769,0.48166666666666674
2025-03-31,GM,Consumer,-0.038060714456026545,0.6179166666666667
2025-03-31,GRMN,Consumer,-0.13936349315661956,0.35520833333333335
2025-03-31,H,Consumer,-0.08016319913631509,0.1591666666666667
2025-03-31,IHG,Consumer,0.0063011874082736785,0.23979166666666668
2025-03-31,LVS,Consumer,-0.05073777878357244,0.8789583333333333
2025-03-31,NCLH,Consumer,-0.15453578793823253,0.43437499999999996
2025-03-31,NFLX,Consumer,0.21360169721367117,0.15416666666666667
2025-03-31,PENN,Consumer,-0.06683011861463573,0.17958333333333334
2025-03-31,POOL,Consumer,-0.07918967055581949,0.63375
2025-03-31,RCL,Consumer,0.04609615187359828,0.9847916666666666
2025-03-31,SIRI,Consumer,-0.050110815906463824,0.25066666666666665
2025-03-31,TSLA,Consumer,0.08874826236685496,0.7495833333333334
2025-03-31,WBD,Consumer,-0.19198504695490803,0.5750416666666667
2025-03-31,WYNN,Consumer,-0.038203647673691,0.8654166666666666
2025-03-31,APA,Energy,-0.2485844855893149,0.5939130434782609
2025-03-31,BA,Energy,0.07440634543732694,0.5391304347826087
2025-03-31,CAT,Energy,-0.05773476921740883,0.13326086956521738
2025-03-31,COP,Energy,-0.15139970034516437,0.6139130434782609
2025-03-31,CVX,Energy,-0.18668166182841084,0.41956521739130437
2025-03-31,DE,Energy,-0.012336187592893455,0.07391304347826087
2025-03-31,DVN,Energy,-0.1868984381090305,0.8719565217391304
2025-03-31,EOG,Energy,-0.13178404613216343,0.36130434782608695
2025-03-31,FDX,Energy,-0.1372137718026487,0.5671739130434783
2025-03-31,GD,Energy,0.0038520820664651456,0.7617391304347826
2025-03-31,GE,Energy,0.006944836693716372,0.623695652173913
2025-03-31,HAL,Energy,-0.2187623539596859,0.79
2025-03-31,HON,Energy,-0.005903141896883679,0.17717391304347824
2025-03-31,LMT,Energy,0.06948587369272397,0.5389130434782609
2025-03-31,MMM,Energy,-0.05413312068764464,0.5917391304347827
2025-03-31,MPC,Energy,-0.056832856465055426,0.8547826086956523
2025-03-31,NOC,Energy,-0.04982322161795516,0.4510869565217391
2025-03-31,OXY,Energy,-0.20158024434016864,0.24347826086956526
2025-03-31,PSX,Energy,-0.15727254436580373,0.25478260869565217
2025-03-31,RTX,Energy,-0.04778803885441263,0.3773913043478261
2025-03-31,SLB,Energy,-0.20454545240794708,0.7539130434782608
2025-03-31,UNP,Energy,-0.08711479760325125,0.5641304347826087
2025-03-31,UPS,Energy,-0.13355756094191895,0.3189130434782609
2025-03-31,VLO,Energy,-0.12099647069667319,0.803695652173913
2025-03-31,XOM,Energy,-0.11183041552885364,0.5680434782608695
2025-03-31,AME,Energy,-0.014871528264459921,0.3930434782608696
2025-03-31,BE,Energy,-0.06815870615402253,1.069
2025-03-31,BKR,Energy,-0.19453934679147933,0.33282608695652177
2025-03-31,CTRA,Energy,-0.15017306479916315,0.32978260869565224
2025-03-31,EMR,Energy,-0.0413169743572257,0.21391304347826084
2025-03-31,ENPH,Energy,-0.2813859677542806,0.8105217391304349
2025-03-31,ETN,Energy,0.0829195627190702,0.7197826086956522
2025-03-31,FSLR,Energy,-0.004824809055438917,0.6269565217391304
2025-03-31,FTV,Energy,-0.04769063492243286,0.16760869565217393
2025-03-31,GNRC,Energy,-0.09688120114198151,0.9586956521739131
2025-03-31,HUBB,Energy,0.09751898085570487,0.7286956521739131
2025-03-31,MTDR,Energy,-0.22607160604577325,0.7917391304347825
2025-03-31,PH,Energy,-0.004590013412211991,0.3584782608695652
2025-03-31,PLUG,Energy,-0.3555555634047267,0.9863913043478261
2025-03-31,PR,Energy,-0.14801439228013402,0.6167391304347827
2025-03-31,ROK,Energy,-0.04141200232073039,0.4167391304347826
2025-03-31,ROP,Energy,-0.04868163334045139,0.059130434782608696
2025-03-31,SM,Energy,-0.23218510822051774,0.6618260869565218
2025-03-31,VRSK,Energy,-0.003998624378143911,0.14021739130434782
2025-03-31,WMB,Energy,-0.019912983785175697,0.29043478260869565
2025-03-31,XYL,Energy,0.009291848778653744,0.2558695652173913
2025-04-30,AAPL,Technology,-0.05358393736029188,0.34365999999999997
2025-04-30,ADBE,Technology,0.10696566263908114,0.52944
2025-04-30,AMAT,Technology,0.043034393682281014,0.6977000000000001
2025-04-30,AMD,Technology,0.13744227110973561,0.8234600000000001
2025-04-30,AVGO,Technology,0.2577024810403048,0.44464000000000004
2025-04-30,CDNS,Technology,-0.035836579767995036,0.39990000000000003
2025-04-30,CRM,Technology,-0.012429710020725682,0.77332
2025-04-30,CRWD,Technology,0.09909762978029502,0.85456
2025-04-30,FTNT,Technology,-0.019082530032468292,0.57832
2025-04-30,GOOGL,Technology,0.08148619898169485,0.6402
2025-04-30,INTC,Technology,-0.02736324049606631,0.9661
2025-04-30,INTU,Technology,0.20080639419841773,0.25738000000000005
2025-04-30,KLAC,Technology,0.07971091102584937,0.46474000000000004
2025-04-30,LRCX,Technology,0.12724992201574992,0.8757600000000001
2025-04-30,META,Technology,0.17939896558888457,0.10916000000000001
2025-04-30,MSFT,Technology,0.16683981045131824,0.60926
2025-04-30,MU,Technology,0.22755044894580112,0.7139200000000001
2025-04-30,NET,Technology,0.3734889970712929,0.39986000000000005
2025-04-30,NOW,Technology,0.058721916432721066,0.55088
2025-04-30,NVDA,Technology,0.24063549928333217,0.7259199999999999
2025-04-30,ORCL,Technology,0.17630752347595235,0.0787
2025-04-30,PANW,Technology,0.029369313156108356,0.23712
2025-04-30,QCOM,Technology,-0.021958874169719422,0.83812
2025-04-30,SNPS,Technology,0.010827653242770907,0.6225
2025-04-30,TXN,Technology,0.14245551885343555,0.30664
2025-04-30,ACN,Technology,0.05906752090755085,0.40532
2025-04-30,ADI,Technology,0.09778363432469872,0.27134
2025-04-30,ANET,Technology,0.05311781846231933,0.26095999999999997
2025-04-30,CGNX,Technology,0.10054746457199992,0.62368
2025-04-30,COHU,Technology,0.06687498092651367,0.6852
2025-04-30,CSCO,Technology,0.09197992979823333,0.12586
2025-04-30,DELL,Technology,0.2126196850502038,0.63588
2025-04-30,ENTG,Technology,-0.13119316622815147,0.25668
2025-04-30,FORM,Technology,0.06076762718233497,0.87128
2025-04-30,HPQ,Technology,-0.02620258332569292,0.7887200000000001
2025-04-30,IBM,Technology,0.07842156641446052,0.16668
2025-04-30,IPGP,Technology,0.10636170999332228,0.20304
2025-04-30,KEYS,Technology,0.08005501979549856,0.44855999999999996
2025-04-30,MCHP,Technology,0.269295950403309,0.9286399999999999
2025-04-30,MKSI,Technology,0.17488307609782683,0.24302
2025-04-30,MPWR,Technology,0.11600086519524022,0.5545599999999999
2025-04-30,MRVL,Technology,0.031180486562037757,0.72756
2025-04-30,NXPI,Technology,0.03700288720301392,0.27172
2025-04-30,ONTO,Technology,-0.24620807148274093,0.36098
2025-04-30,QRVO,Technology,0.0606948316625735,0.55908
2025-04-30,STX,Technology,0.29561671633702225,0.58496
2025-04-30,SWKS,Technology,0.08483926471679348,0.52788
2025-04-30,TER,Technology,0.06076824594701047,0.7863199999999999
2025-04-30,VRSN,Technology,-0.03157157711454661,0.31238
2025-04-30,WDC,Technology,0.1753305754082295,0.29424
2025-04-30,AXP,Financials,0.10374994530722059,0.1598979591836735
2025-04-30,BAC,Financials,0.10656956109423632,0.25128571428571433
2025-04-30,BK,Financials,0.10197735140526909,0.2982448979591837
2025-04-30,BLK,Financials,0.07178481962579486,0.31448979591836734
2025-04-30,C,Financials,0.11029990732057082,0.17481632653061224
2025-04-30,CFG,Financials,0.09379242053069348,0.627530612244898
2025-04-30,CME,Financials,0.04302001674857037,0.2537755102040816
2025-04-30,COF,Financials,0.05266712764671344,0.6540612244897959
2025-04-30,FITB,Financials,0.06260429311900984,0.45055102040816325
2025-04-30,GS,Financials,0.10207829601140239,0.6078775510204082
2025-04-30,HBAN,Financials,0.07570558122716853,0.6317551020408163
2025-04-30,ICE,Financials,0.07042930544383452,0.3962040816326531
2025-04-30,JPM,Financials,0.07922497000906481,0.5885510204081632
2025-04-30,KEY,Financials,0.0829182519241507,0.7625714285714285
2025-04-30,MCO,Financials,0.05986572973403015,0.1083673469387755
2025-04-30,MS,Financials,0.10925311015117334,0.3278979591836735
2025-04-30,MTB,Financials,0.07587177959079972,0.8155102040816327
2025-04-30,PNC,Financials,0.0816478646411205,0.5521428571428572
2025-04-30,RF,Financials,0.05046547443129512,0.7638367346938775
2025-04-30,SCHW,Financials,0.08874193348423298,0.364734693877551
2025-04-30,SPGI,Financials,0.027526575164231737,0.2924489795918367
2025-04-30,STT,Financials,0.09284903708703629,0.5161020408163266
2025-04-30,TFC,Financials,0.043978170788089965,0.5801836734693877
2025-04-30,USB,Financials,0.08056519735044398,0.5975979591836735
2025-04-30,WFC,Financials,0.05886868991976946,0.8996530612244897
2025-04-30,AFL,Financials,-0.042034241941375505,0.5281224489795918
2025-04-30,AJG,Financials,0.0834138130368951,0.3956938775510204
2025-04-30,ALL,Financials,0.05786582578349875,0.5793673469387755
2025-04-30,AMTD,Financials,0.007984048321403536,0.21075510204081635
2025-04-30,AON,Financials,0.05093989670368426,0.8167142857142857
2025-04-30,CB,Financials,0.03887030186129592,0.6975918367346938
2025-04-30,FDS,Financials,0.06275806734558897,0.43716326530612243
2025-04-30,FNF,Financials,-0.14488679731787446,0.4618163265306123
2025-04-30,GL,Financials,-0.011918221261341677,1.1107
2025-04-30,HIG,Financials,0.05844959229501545,0.4749183673469387
2025-04-30,IBKR,Financials,0.22200204195284945,0.30918979591836737
2025-04-30,LPLA,Financials,0.21160735736001723,0.9939795918367347
2025-04-30,MET,Financials,0.0502964473331311,0.1819387755102041
2025-04-30,MSCI,Financials,0.03793730594425493,0.5284489795918368
2025-04-30,NDAQ,Financials,0.09618164890932923,0.10206122448979593
2025-04-30,PGR,Financials,0.011322340007942966,0.5943877551020408
2025-04-30,PRU,Financials,0.024294735903226616,0.6612448979591836
2025-04-30,RJF,Financials,0.0725336019662739,0.9686530612244897
2025-04-30,SEIC,Financials,0.08902797191349521,0.3176122448979592
2025-04-30,SF,Financials,0.09954478512543963,0.3198632653061225
2025-04-30,SYF,Financials,0.1158997767446428,0.9366530612244898
2025-04-30,TRV,Financials,0.043804268243014644,0.5951428571428571
2025-04-30,UNM,Financials,0.052150154359273726,0.8206938775510205
2025-04-30,WTW,Financials,0.028427557968062178,0.242
2025-04-30,ABBV,Healthcare,-0.04607891512896656,0.3844130434782609
2025-04-30,ABT,Healthcare,0.02164448292246668,0.19028260869565217
2025-04-30,AMGN,Healthcare,-0.000664185985924548,0.4903260869565217
2025-04-30,BAX,Healthcare,-0.016046453639401825,0.6059347826086957
2025-04-30,BIIB,Healthcare,0.0719358384816624,0.6147826086956523
2025-04-30,BMY,Healthcare,-0.0382470371280238,0.4362391304347826
2025-04-30,BSX,Healthcare,0.0232332004066933,0.07004347826086957
2025-04-30,CI,Healthcare,-0.06881534418257207,0.44417391304347825
2025-04-30,CVS,Healthcare,-0.04002402998353938,0.8108695652173914
2025-04-30,DHR,Healthcare,-0.04730849338432597,0.2802391304347826
2025-04-30,EW,Healthcare,0.03616377578735941,0.8637391304347826
2025-04-30,GILD,Healthcare,0.033226945336320535,0.32915217391304347
2025-04-30,HUM,Healthcare,-0.11100510289482424,0.503
2025-04-30,ISRG,Healthcare,0.07084148880818963,0.2295869565217391
2025-04-30,JNJ,Healthcare,0.0014753789613810575,0.3711086956521739
2025-04-30,LLY,Healthcare,-0.17772728276945504,0.45952173913043476
2025-04-30,MDT,Healthcare,-0.021000428420961836,0.5307608695652173
2025-04-30,MRK,Healthcare,-0.09812207500768155,0.21219565217391306
2025-04-30,PFE,Healthcare,-0.019331359463678144,0.6374782608695652
2025-04-30,REGN,Healthcare,-0.17996480805085535,0.3848304347826087
2025-04-30,SYK,Healthcare,0.023320509567723358,0.12608695652173912
2025-04-30,TMO,Healthcare,-0.061025700890372514,0.6789347826086957
2025-04-30,UNH,Healthcare,-0.26621129851839354,0.18595652173913046
2025-04-30,VRTX,Healthcare,-0.13238471483224978,0.5836304347826087
2025-04-30,ZBH,Healthcare,-0.10557986379803475,0.4098260869565218
2025-04-30,A,Healthcare,0.040148761921020126,0.6971521739130435
2025-04-30,ACAD,Healthcare,0.47739720076999403,0.2694565217391305
2025-04-30,ALGN,Healthcare,0.04408539674039513,0.8913304347826088
2025-04-30,ALKS,Healthcare,0.0639555134970935,0.35828260869565215
2025-04-30,BDX,Healthcare,-0.16659413065518291,0.4050217391304348
2025-04-30,DGX,Healthcare,-0.027381928176685832,0.2703913043478261
2025-04-30,DXCM,Healthcare,0.20201746081811955,1.0400217391304347
2025-04-30,FOLD,Healthcare,-0.20963537664889886,0.83
2025-04-30,HOLX,Healthcare,0.06821301295469873,0.4203695652173913
2025-04-30,IDXX,Healthcare,0.18654800090991963,0.7495869565217392
2025-04-30,INSP,Healthcare,-0.12741512383145692,0.9480260869565217
2025-04-30,IQV,Healthcare,-0.09505387758411477,0.6328913043478261
2025-04-30,MASI,Healthcare,0.009567552322922168,0.8306086956521739
2025-04-30,MTD,Healthcare,0.079350325064375,0.5497826086956522
2025-04-30,NBIX,Healthcare,0.14235299335238794,0.6651086956521739
2025-04-30,NTRA,Healthcare,0.04505402094840871,0.5758695652173913
2025-04-30,NVCR,Healthcare,0.05347305696474591,1.064891304347826
2025-04-30,PODD,Healthcare,0.2883190274243914,0.30884782608695655
2025-04-30,RARE,Healthcare,-0.12698822014032962,0.26378695652173917
2025-04-30,RMD,Healthcare,0.03690496835944468,0.5941086956521738
2025-04-30,WAT,Healthcare,0.004342389786155865,0.6061521739130434
2025-04-30,AMZN,Consumer,0.1116473080052216,0.2972916666666667
2025-04-30,AZO,Consumer,-0.007856284969578131,0.4924375
2025-04-30,BKNG,Consumer,0.08229592762855176,0.43733333333333335
2025-04-30,CMG,Consumer,-0.008709394749052635,0.6590625
2025-04-30,COST,Consumer,0.04729539364995916,0.18277083333333333
2025-04-30,DG,Consumer,0.037997692038813424,0.2340958333333334
2025-04-30,DLTR,Consumer,0.10382788115087882,0.9251874999999999
2025-04-30,DRI,Consumer,0.06763361168259618,0.4102916666666667
2025-04-30,EBAY,Consumer,0.07780034227764587,0.4818125
2025-04-30,HD,Consumer,0.021637294575244104,0.16520833333333335
2025-04-30,HLT,Consumer,0.10249774936292422,0.11652083333333334
2025-04-30,KR,Consumer,-0.050537125826168094,0.3572916666666667
2025-04-30,LOW,Consumer,0.009706579706699303,0.5786458333333333
2025-04-30,LULU,Consumer,0.1695166609167491,0.7715624999999999
2025-04-30,MAR,Consumer,0.10868392025512064,0.3475416666666667
2025-04-30,MCD,Consumer,-0.018144834572719648,0.24491666666666667
2025-04-30,MGM,Consumer,0.006039432281846224,0.5285833333333334
2025-04-30,NKE,Consumer,0.07429079388569249,0.5727083333333334
2025-04-30,ORLY,Consumer,-0.03370548735804657,0.47741666666666666
2025-04-30,ROST,Consumer,0.00784165724081598,0.3723958333333333
2025-04-30,SBUX,Consumer,0.05610218339148698,0.6946166666666667
2025-04-30,TGT,Consumer,-0.01670374089237725,0.5017499999999999
2025-04-30,TJX,Consumer,-0.010629059082848502,0.09035416666666668
2025-04-30,WMT,Consumer,0.017570018428187284,0.13237500000000002
2025-04-30,YUM,Consumer,-0.03851324801023204,0.6009374999999999
2025-04-30,BBY,Consumer,-0.0061478473198677275,0.4239375
2025-04-30,CCL,Consumer,0.26608505371166147,0.7106874999999999
2025-04-30,CHDN,Consumer,0.05596719595249122,0.7493333333333334
2025-04-30,CMCSA,Consumer,0.010818636005851756,0.6256250000000001
2025-04-30,CZR,Consumer,-0.006651896109692412,0.30025
2025-04-30,DIS,Consumer,0.2428806870284168,0.6644166666666667
2025-04-30,DKNG,Consumer,0.07780114392787074,0.7683333333333333
2025-04-30,F,Consumer,0.05209380073434078,0.8404166666666667
2025-04-30,FOX,Consumer,0.08737019786601374,0.5236666666666666
2025-04-30,GM,Consumer,0.09659596031094808,0.6957916666666667
2025-04-30,GRMN,Consumer,0.08615612158596586,0.6753125
2025-04-30,H,Consumer,0.17306787453366534,0.179
2025-04-30,IHG,Consumer,0.07368614017568431,0.5677708333333333
2025-04-30,LVS,Consumer,0.12981609793783222,0.9207708333333333
2025-04-30,NCLH,Consumer,0.10106044057966734,0.7719791666666667
2025-04-30,NFLX,Consumer,0.06672147437453146,0.45458333333333334
2025-04-30,PENN,Consumer,-0.025624200819996945,0.08304166666666668
2025-04-30,POOL,Consumer,0.029579305814445567,0.8463750000000001
2025-04-30,RCL,Consumer,0.19570987399718098,0.5304375
2025-04-30,SIRI,Consumer,0.02487838857628999,0.7606166666666666
2025-04-30,TSLA,Consumer,0.2278848417863253,0.5019583333333333
2025-04-30,WBD,Consumer,0.14994235055307614,0.5954291666666667
2025-04-30,WYNN,Consumer,0.13027208683310243,0.8729583333333334
2025-04-30,APA,Energy,0.0945946291484896,0.45208695652173914
2025-04-30,BA,Energy,0.13141236143410295,0.5269565217391304
2025-04-30,CAT,Energy,0.12532758461443017,0.3595434782608696
2025-04-30,COP,Energy,-0.034151868108186045,0.3515652173913044
2025-04-30,CVX,Energy,0.016941379975119686,0.26282608695652177
2025-04-30,DE,Energy,0.09211327280593751,0.12869565217391304
2025-04-30,DVN,Energy,-0.004932658932813694,0.3372391304347826
2025-04-30,EOG,Energy,-0.015952204045898144,0.26056521739130434
2025-04-30,FDX,Energy,0.03694199232718587,0.7788478260869565
2025-04-30,GD,Energy,0.02340868637643556,0.4415652173913044
2025-04-30,GE,Energy,0.2201547153144292,0.613195652173913
2025-04-30,HAL,Energy,-0.011604392718640999,0.9065652173913044
2025-04-30,HON,Energy,0.08231898613017363,0.4488043478260869
2025-04-30,LMT,Energy,0.009691249054292639,0.3595
2025-04-30,MMM,Energy,0.07318814808881524,0.6949130434782608
2025-04-30,MPC,Energy,0.1764113190224863,0.8042608695652174
2025-04-30,NOC,Energy,-0.0035560067558519926,0.5766304347826087
2025-04-30,OXY,Energy,0.03476264550651753,0.10347826086956524
2025-04-30,PSX,Energy,0.10103339446015558,0.7003478260869564
2025-04-30,RTX,Energy,0.08757436259773765,0.5240869565217392
2025-04-30,SLB,Energy,-0.006015072086513751,0.7587826086956522
2025-04-30,UNP,Energy,0.034048854577936716,0.5192391304347826
2025-04-30,UPS,Energy,0.040344062698986605,0.1717608695652174
2025-04-30,VLO,Energy,0.12037318479943115,0.36284782608695654
2025-04-30,XOM,Energy,-0.022605291250527015,0.47476086956521735
2025-04-30,AME,Energy,0.05401573452492614,0.20921739130434786
2025-04-30,BE,Energy,0.00818775223957302,1.1107
2025-04-30,BKR,Energy,0.05320179046905493,0.3889782608695652
2025-04-30,CTRA,Energy,-0.0013841802645596646,0.28154347826086956
2025-04-30,EMR,Energy,0.14077128816509776,0.12504347826086956
2025-04-30,ENPH,Energy,-0.07176498658867425,0.7301130434782609
2025-04-30,ETN,Energy,0.09153432588524746,0.718108695652174
2025-04-30,FSLR,Energy,0.2563980465305751,0.7663478260869565
2025-04-30,FTV,Energy,0.008309602487845957,0.3089782608695652
2025-04-30,GNRC,Energy,0.06775660243136095,0.9110869565217391
2025-04-30,HUBB,Energy,0.0762702996819018,0.8577391304347826
2025-04-30,MTDR,Energy,0.09579728616690608,0.9223043478260868
2025-04-30,PH,Energy,0.10166000803647712,0.4879782608695652
2025-04-30,PLUG,Energy,0.011494241848790887,0.9489608695652173
2025-04-30,PR,Energy,0.06864403912165984,0.6567608695652174
2025-04-30,ROK,Energy,0.2794462001572666,0.14023913043478262
2025-04-30,ROP,Energy,0.01819375653355948,0.2612173913043478
2025-04-30,SM,Energy,0.02764364708031719,0.852895652173913
2025-04-30,VRSK,Energy,0.05974446128567412,0.37684782608695655
2025-04-30,WMB,Energy,0.03312277747811754,0.3153913043478261
2025-04-30,XYL,Energy,0.048706287088299716,0.5332826086956521
2025-05-31,AAPL,Technology,0.021508466222438072,0.271098
2025-05-31,ADBE,Technology,-0.06796114506241846,0.466832
2025-05-31,AMAT,Technology,0.16791081064008262,0.7413099999999999
2025-05-31,AMD,Technology,0.28149543569574,0.807038
2025-05-31,AVGO,Technology,0.14140055618709058,0.315392
2025-05-31,CDNS,Technology,0.07343151856493924,0.24597000000000002
2025-05-31,CRM,Technology,0.02921355838888351,0.497996
2025-05-31,CRWD,Technology,0.08048879401408215,0.49436800000000003
2025-05-31,FTNT,Technology,0.03871096962724363,0.187496
2025-05-31,GOOGL,Technology,0.02738639908611251,0.44406
2025-05-31,INTC,Technology,0.1457800763524859,0.78183
2025-05-31,INTU,Technology,0.0453369707810789,0.147214
2025-05-31,KLAC,Technology,0.18346367798553875,0.419422
2025-05-31,LRCX,Technology,0.2078500930768321,0.8807280000000001
2025-05-31,META,Technology,0.1408020796780629,0.228748
2025-05-31,MSFT,Technology,0.08048059364909244,0.322778
2025-05-31,MU,Technology,0.30478502361171467,0.662176
2025-05-31,NET,Technology,0.1804810570351627,0.469958
2025-05-31,NOW,Technology,0.016803622606018864,0.207264
2025-05-31,NVDA,Technology,0.16925162252476178,0.623776
2025-05-31,ORCL,Technology,0.32078773105364533,0.24761
2025-05-31,PANW,Technology,0.06350691891169191,0.155136
2025-05-31,QCOM,Technology,0.1034207578020534,0.8254360000000001
2025-05-31,SNPS,Technology,0.10496137880148493,0.5507500000000001
2025-05-31,TXN,Technology,0.13546612840626482,0.18999200000000002
2025-05-31,ACN,Technology,-0.05659369770529832,0.415596
2025-05-31,ADI,Technology,0.117411541619735,0.40340200000000004
2025-05-31,ANET,Technology,0.180863322707012,0.554288
2025-05-31,CGNX,Technology,0.05839179699601438,0.733104
2025-05-31,COHU,Technology,0.1271236154123605,0.8075600000000001
2025-05-31,CSCO,Technology,0.10057119276581195,0.06575800000000001
2025-05-31,DELL,Technology,0.10182450257529219,0.568764
2025-05-31,ENTG,Technology,0.17326146281611976,0.511004
2025-05-31,FORM,Technology,0.15276379925184647,0.9213840000000001
2025-05-31,HPQ,Technology,-0.006436947806806592,0.7546160000000001
2025-05-31,IBM,Technology,0.13788317123694638,0.106004
2025-05-31,IPGP,Technology,0.036070016791345694,0.214912
2025-05-31,KEYS,Technology,0.043428474374629156,0.470568
2025-05-31,MCHP,Technology,0.21243982654299498,0.9525920000000001
2025-05-31,MKSI,Technology,0.20890622151412108,0.730906
2025-05-31,MPWR,Technology,0.10731756628813405,0.278368
2025-05-31,MRVL,Technology,0.2859277374941107,0.834268
2025-05-31,NXPI,Technology,0.14847819919784166,0.5715159999999999
2025-05-31,ONTO,Technology,0.09778113579558467,0.808294
2025-05-31,QRVO,Technology,0.11694300725615459,0.8537239999999999
2025-05-31,STX,Technology,0.2302561793147091,0.595488
2025-05-31,SWKS,Technology,0.0795306462958989,0.6623640000000001
2025-05-31,TER,Technology,0.144020419006766,0.9078959999999999
2025-05-31,VRSN,Technology,0.05993303340447231,0.48571400000000003
2025-05-31,WDC,Technology,0.24363203797898003,0.298272
2025-05-31,AXP,Financials,0.084781477679307,0.09082653061224491
2025-05-31,BAC,Financials,0.07860551484323897,0.18967142857142857
2025-05-31,BK,Financials,0.028213518394234027,0.3894734693877551
2025-05-31,BLK,Financials,0.07645437938861432,0.6943469387755102
2025-05-31,C,Financials,0.13011153379084672,0.2095877551020408
2025-05-31,CFG,Financials,0.1090458844998663,0.8311163265306123
2025-05-31,CME,Financials,-0.04193065514606631,0.6475612244897959
2025-05-31,COF,Financials,0.12482170086695366,0.8247897959183673
2025-05-31,FITB,Financials,0.08666948452360201,0.5494510204081633
2025-05-31,GS,Financials,0.1786991994646372,0.8537918367346938
2025-05-31,HBAN,Financials,0.08298864481033386,0.7752408163265306
2025-05-31,ICE,Financials,0.02315395736527215,0.19028979591836737
2025-05-31,JPM,Financials,0.09814391751226359,0.5337081632653061
2025-05-31,KEY,Financials,0.09836064149458656,0.7287714285714286
2025-05-31,MCO,Financials,0.04646167178038385,0.23251020408163264
2025-05-31,MS,Financials,0.10021095282495285,0.7840836734693877
2025-05-31,MTB,Financials,0.0700536046230007,0.6732244897959184
2025-05-31,PNC,Financials,0.07255042915164034,0.5513571428571429
2025-05-31,RF,Financials,0.10995756468274775,0.7577224489795917
2025-05-31,SCHW,Financials,0.03282775895454382,0.36656326530612243
2025-05-31,SPGI,Financials,0.02813635086074595,0.3020204081632653
2025-05-31,STT,Financials,0.10448677092477432,0.5976877551020409
2025-05-31,TFC,Financials,0.08835468341521757,0.7169122448979591
2025-05-31,USB,Financials,0.049550141696813155,0.6935651020408163
2025-05-31,WFC,Financials,0.07140932742536488,0.7556102040816326
2025-05-31,AFL,Financials,0.018543572131169972,0.48700816326530616
2025-05-31,AJG,Financials,-0.07680341324454265,0.39013673469387755
2025-05-31,ALL,Financials,-0.036154585014017804,0.20238163265306125
2025-05-31,AMTD,Financials,-0.02574253814756311,0.07751224489795919
2025-05-31,AON,Financials,-0.041173915945666884,0.3735857142857143
2025-05-31,CB,Financials,-0.021888667112790694,0.4378489795918367
2025-05-31,FDS,Financials,-0.023960292200658095,0.5025775510204082
2025-05-31,FNF,Financials,0.03289711886928526,0.3242591836734694
2025-05-31,GL,Financials,0.019857254653871337,0.6246385714285715
2025-05-31,HIG,Financials,-0.01894531335181937,0.38533265306122444
2025-05-31,IBKR,Financials,0.05703924868562926,0.4070426530612245
2025-05-31,LPLA,Financials,-0.03148570018687291,0.9153367346938774
2025-05-31,MET,Financials,0.023415542563351543,0.19743877551020408
2025-05-31,MSCI,Financials,0.022552256127593706,0.6299632653061225
2025-05-31,NDAQ,Financials,0.0737216017546749,0.48776122448979586
2025-05-31,PGR,Financials,-0.06341903566795382,0.5211734693877551
2025-05-31,PRU,Financials,0.03417083208540728,0.8126591836734693
2025-05-31,RJF,Financials,0.04347529233366276,1.037738775510204
2025-05-31,SEIC,Financials,0.06001758191764606,0.38099795918367346
2025-05-31,SF,Financials,0.10686873805971397,0.49595897959183677
2025-05-31,SYF,Financials,0.15767563448914923,1.010995918367347
2025-05-31,TRV,Financials,-0.02559473824590508,0.26425714285714286
2025-05-31,UNM,Financials,-0.011626328149502374,0.3462081632653062
2025-05-31,WTW,Financials,-0.028814235896363338,0.12974285714285716
2025-05-31,ABBV,Healthcare,-0.0026328109589411897,0.2674978260869565
2025-05-31,ABT,Healthcare,0.018191185615648253,0.16360652173913043
2025-05-31,AMGN,Healthcare,-0.031126410858186793,0.4666630434782609
2025-05-31,BAX,Healthcare,-0.007213118226413684,0.3035195652173913
2025-05-31,BIIB,Healthcare,-0.032359944259978124,0.595304347826087
2025-05-31,BMY,Healthcare,-0.04121785641429043,0.6026108695652174
2025-05-31,BSX,Healthcare,0.020425626850133494,0.05144782608695653
2025-05-31,CI,Healthcare,0.04905357099095964,0.40716521739130435
2025-05-31,CVS,Healthcare,0.07713931168314181,0.5932608695652174
2025-05-31,DHR,Healthcare,0.04188659794398286,0.6166804347826087
2025-05-31,EW,Healthcare,-0.00012787184958296116,0.7156434782608696
2025-05-31,GILD,Healthcare,0.01432794519584979,0.35744130434782606
2025-05-31,HUM,Healthcare,0.052568172996795504,0.759595652173913
2025-05-31,ISRG,Healthcare,-0.01616767439755773,0.2514847826086956
2025-05-31,JNJ,Healthcare,-0.015849582359687586,0.24828913043478262
2025-05-31,LLY,Healthcare,0.05674632341320085,0.4726391304347827
2025-05-31,MDT,Healthcare,0.059220443424290226,0.3266195652173913
2025-05-31,MRK,Healthcare,0.04050735651303672,0.15496304347826087
2025-05-31,PFE,Healthcare,0.03192853445808974,0.586895652173913
2025-05-31,REGN,Healthcare,0.07081671619338348,0.7545795652173913
2025-05-31,SYK,Healthcare,0.03615994398056843,0.09869565217391305
2025-05-31,TMO,Healthcare,0.007597017856831867,0.4928108695652174
2025-05-31,UNH,Healthcare,0.040656546943551364,0.07100434782608697
2025-05-31,VRTX,Healthcare,0.007125946162310104,0.4794369565217391
2025-05-31,ZBH,Healthcare,-0.007849262707115279,0.35120869565217394
2025-05-31,A,Healthcare,0.05441394822925516,0.6961021739130435
2025-05-31,ACAD,Healthcare,0.0,0.6743152173913043
2025-05-31,ALGN,Healthcare,0.046368958088001344,0.9973991304347827
2025-05-31,ALKS,Healthcare,-0.0653381234930015,0.6553108695652173
2025-05-31,BDX,Healthcare,0.00405029366902343,0.1975934782608696
2025-05-31,DGX,Healthcare,0.036287117741624186,0.1267695652173913
2025-05-31,DXCM,Healthcare,0.01736594185049989,1.0867891304347825
2025-05-31,FOLD,Healthcare,-0.05601320312563218,0.8120434782608695
2025-05-31,HOLX,Healthcare,0.048094025755619274,0.49132826086956516
2025-05-31,IDXX,Healthcare,0.04476399049327706,0.7422673913043478
2025-05-31,INSP,Healthcare,-0.060998501171735886,1.0283208695652175
2025-05-31,IQV,Healthcare,0.12299575487510861,0.6920413043478262
2025-05-31,MASI,Healthcare,0.03520000751201913,0.4622260869565218
2025-05-31,MTD,Healthcare,0.016615853336460207,0.5453695652173913
2025-05-31,NBIX,Healthcare,0.021703835727509224,0.8538804347826088
2025-05-31,NTRA,Healthcare,0.0710708617099769,0.5988478260869565
2025-05-31,NVCR,Healthcare,-0.06855056679492777,1.0790326086956523
2025-05-31,PODD,Healthcare,-0.03338155291592959,0.3361326086956522
2025-05-31,RARE,Healthcare,0.06846905420614391,0.6573969565217391
2025-05-31,RMD,Healthcare,0.053964759851864,0.6195369565217391
2025-05-31,WAT,Healthcare,-0.0005726196742787959,0.3796717391304347
2025-05-31,AMZN,Consumer,0.07014294555445688,0.5412708333333334
2025-05-31,AZO,Consumer,-0.005574560780488236,0.45398125
2025-05-31,BKNG,Consumer,0.050789538348726904,0.4228666666666667
2025-05-31,CMG,Consumer,0.12120605976216647,0.7956354166666667
2025-05-31,COST,Consumer,-0.048299359788969265,0.06941458333333334
2025-05-31,DG,Consumer,0.17614386098010737,0.40564541666666665
2025-05-31,DLTR,Consumer,0.09727452439060569,0.7304729166666666
2025-05-31,DRI,Consumer,0.01755280185435093,0.18142083333333336
2025-05-31,EBAY,Consumer,0.017630252212351705,0.31954375
2025-05-31,HD,Consumer,0.0017065398784650299,0.16622916666666665
2025-05-31,HLT,Consumer,0.07204964267378222,0.07870625
2025-05-31,KR,Consumer,0.05129700825269268,0.35510416666666667
2025-05-31,LOW,Consumer,-0.017100202273575338,0.61109375
2025-05-31,LULU,Consumer,-0.24975529176439815,0.93146875
2025-05-31,MAR,Consumer,0.03555321901223141,0.46884583333333335
2025-05-31,MCD,Consumer,-0.06379765337253329,0.2630583333333333
2025-05-31,MGM,Consumer,0.086571873748585,0.7127416666666666
2025-05-31,NKE,Consumer,0.1802625339871673,0.8280625
2025-05-31,ORLY,Consumer,-0.011371117722509316,0.37655833333333333
2025-05-31,ROST,Consumer,-0.08669778058909272,0.3888020833333333
2025-05-31,SBUX,Consumer,0.09148304447782274,0.5292183333333333
2025-05-31,TGT,Consumer,0.04935645402990119,0.8213583333333333
2025-05-31,TJX,Consumer,-0.026871559955792712,0.12918958333333333
2025-05-31,WMT,Consumer,-0.009521949610746927,0.1272125
2025-05-31,YUM,Consumer,0.029456581693380057,0.39903125
2025-05-31,BBY,Consumer,0.026882966156759336,0.5938479166666666
2025-05-31,CCL,Consumer,0.2110250147879773,0.7965395833333334
2025-05-31,CHDN,Consumer,0.057924007722067294,0.35605000000000003
2025-05-31,CMCSA,Consumer,0.032398092525140365,0.5376875000000001
2025-05-31,CZR,Consumer,0.056175605506930015,0.5859083333333334
2025-05-31,DIS,Consumer,0.10172362896004539,0.8409916666666666
2025-05-31,DKNG,Consumer,0.19537341451649626,0.9159166666666666
2025-05-31,F,Consumer,0.04527932160943715,0.7917083333333333
2025-05-31,FOX,Consumer,0.026849672926027246,0.4196
2025-05-31,GM,Consumer,-0.004903994066799422,0.6899875
2025-05-31,GRMN,Consumer,0.03294714329510873,0.59634375
2025-05-31,H,Consumer,0.05771413662121416,0.46203333333333335
2025-05-31,IHG,Consumer,-0.004316337896148714,0.3307479166666667
2025-05-31,LVS,Consumer,0.057094167675144414,0.9633145833333334
2025-05-31,NCLH,Consumer,0.14900856232053772,0.7420104166666667
2025-05-31,NFLX,Consumer,0.10925834231001486,0.1655416666666667
2025-05-31,PENN,Consumer,0.20498994815690064,0.4040791666666666
2025-05-31,POOL,Consumer,-0.030307023296079927,0.8089124999999999
2025-05-31,RCL,Consumer,0.22202159387147336,0.36329791666666666
2025-05-31,SIRI,Consumer,0.059501750352491944,0.3011016666666667
2025-05-31,TSLA,Consumer,-0.08312644606383923,0.7630874999999999
2025-05-31,WBD,Consumer,0.14944831807534187,0.3244620833333334
2025-05-31,WYNN,Consumer,0.034570381696430674,0.8906375
2025-05-31,APA,Energy,0.0752500148044879,0.6986695652173913
2025-05-31,BA,Energy,0.010659807915316177,0.5689565217391305
2025-05-31,CAT,Energy,0.11544976597978485,0.6252543478260869
2025-05-31,COP,Energy,0.051435266560242665,0.21199130434782612
2025-05-31,CVX,Energy,0.04747624084791369,0.09406521739130436
2025-05-31,DE,Energy,0.007584464282170078,0.2668695652173913
2025-05-31,DVN,Energy,0.05862354514728363,0.1620413043478261
2025-05-31,EOG,Energy,0.10168559621378015,0.16947391304347825
2025-05-31,FDX,Energy,0.048957006389925395,0.6597413043478261
2025-05-31,GD,Energy,0.04729100190059898,0.4063826086956522
2025-05-31,GE,Energy,0.046683871553699685,0.5035239130434783
2025-05-31,HAL,Energy,0.049055826538530134,0.6676217391304348
2025-05-31,HON,Energy,0.02739666965930332,0.42377173913043475
2025-05-31,LMT,Energy,-0.03327212293242665,0.5643717391304348
2025-05-31,MMM,Energy,0.026221766292623405,0.5128217391304347
2025-05-31,MPC,Energy,0.03340795784131512,0.8651913043478261
2025-05-31,NOC,Energy,0.03631388491937004,0.4316847826086956
2025-05-31,OXY,Energy,0.03591159191380644,0.1071304347826087
2025-05-31,PSX,Energy,0.05128654738626115,0.651408695652174
2025-05-31,RTX,Energy,0.06990059171704721,0.3550521739130435
2025-05-31,SLB,Energy,0.03130983194716719,0.2732869565217392
2025-05-31,UNP,Energy,0.037986123664437876,0.6579456521739131
2025-05-31,UPS,Energy,0.03485764270258529,0.38631086956521743
2025-05-31,VLO,Energy,0.04225791973319404,0.7175499999999999
2025-05-31,XOM,Energy,0.053763334834558085,0.26416739130434785
2025-05-31,AME,Energy,0.014167213295620096,0.41276521739130434
2025-05-31,BE,Energy,0.2950731437763996,1.15321
2025-05-31,BKR,Energy,0.03481786990818447,0.14712826086956524
2025-05-31,CTRA,Energy,0.044014772292661375,0.2366369565217391
2025-05-31,EMR,Energy,0.11685387516579993,0.5701217391304348
2025-05-31,ENPH,Energy,-0.04203908889654884,0.8885991304347827
2025-05-31,ETN,Energy,0.11489683519431448,0.6871717391304348
2025-05-31,FSLR,Energy,0.04719124094552374,0.914686956521739
2025-05-31,FTV,Energy,-0.014439295703136068,0.4579108695652173
2025-05-31,GNRC,Energy,0.17260304539849058,0.926804347826087
2025-05-31,HUBB,Energy,0.04833421347231548,0.8355826086956522
2025-05-31,MTDR,Energy,0.1095094337207223,0.48929999999999996
2025-05-31,PH,Energy,0.05080481713989227,0.38987173913043477
2025-05-31,PLUG,Energy,0.6931818381937083,1.0590360869565218
2025-05-31,PR,Energy,0.0910568657442925,0.6839847826086957
2025-05-31,ROK,Energy,0.05267003175758522,0.5898978260869565
2025-05-31,ROP,Energy,-0.006014749867362945,0.24575652173913043
2025-05-31,SM,Energy,0.05508109043994791,0.8949991304347826
2025-05-31,VRSK,Energy,-0.006980462439482693,0.32609782608695653
2025-05-31,WMB,Energy,0.04672129599909369,0.23157391304347824
2025-05-31,XYL,Energy,0.026340819985819053,0.5404195652173913
2025-06-30,AAPL,Technology,0.01169767583943182,0.2633294
2025-06-30,ADBE,Technology,-0.07544975721929081,0.46204960000000006
2025-06-30,AMAT,Technology,-0.01644185953489241,0.7403930000000001
2025-06-30,AMD,Technology,0.24249475082579197,0.3821114
2025-06-30,AVGO,Technology,0.0654815264818771,0.6266175999999999
2025-06-30,CDNS,Technology,0.1830926968854243,0.633791
2025-06-30,CRM,Technology,-0.052660580470431206,0.5553988
2025-06-30,CRWD,Technology,-0.1074787270950388,0.8063104
2025-06-30,FTNT,Technology,-0.055051074797797916,0.7282487999999999
2025-06-30,GOOGL,Technology,0.08891785209165959,0.6372180000000001
2025-06-30,INTC,Technology,-0.11607144757801202,0.850549
2025-06-30,INTU,Technology,-0.0018251806177270735,0.1981642
2025-06-30,KLAC,Technology,-0.018654993406360343,0.8118266
2025-06-30,LRCX,Technology,-0.02568309608795971,0.8002184000000001
2025-06-30,META,Technology,0.04789385548533054,0.46062440000000004
2025-06-30,MSFT,Technology,0.07255583849300784,0.3628334
2025-06-30,MU,Technology,-0.11364920938738887,0.22665280000000002
2025-06-30,NET,Technology,0.06051162096678997,0.5749874
2025-06-30,NOW,Technology,-0.082639505760561,0.6361792
2025-06-30,NVDA,Technology,0.12583062355243713,0.22913280000000003
2025-06-30,ORCL,Technology,0.16319454700193026,0.242283
2025-06-30,PANW,Technology,-0.1516809684260727,0.5085408
2025-06-30,QCOM,Technology,-0.07848797201286761,0.6116308
2025-06-30,SNPS,Technology,0.23560501629274877,0.5432250000000001
2025-06-30,TXN,Technology,-0.12162268143680655,0.3509976
2025-06-30,ACN,Technology,-0.10189085761237837,0.4046788
2025-06-30,ADI,Technology,-0.05625576187869463,0.42902060000000003
2025-06-30,ANET,Technology,0.20437888926870573,0.41828640000000006
2025-06-30,CGNX,Technology,0.2853088414684839,0.2339312
2025-06-30,COHU,Technology,-0.07172552895962958,0.578268
2025-06-30,CSCO,Technology,-0.012836630097452284,0.4397274
2025-06-30,DELL,Technology,0.08672435747918916,0.2686292
2025-06-30,ENTG,Technology,-0.02610545085627014,0.3773012
2025-06-30,FORM,Technology,-0.17436791707661825,0.6864152000000001
2025-06-30,HPQ,Technology,0.01390030556325672,0.6743848
2025-06-30,IBM,Technology,-0.14122398180508766,0.6618012
2025-06-30,IPGP,Technology,0.09089581536887881,0.19047360000000002
2025-06-30,KEYS,Technology,0.00030515715593537607,0.3511704
2025-06-30,MCHP,Technology,-0.03950559693740463,0.40177760000000007
2025-06-30,MKSI,Technology,-0.04206923874652069,0.4572718
2025-06-30,MPWR,Technology,-0.027537078503102275,0.6855104
2025-06-30,MRVL,Technology,0.039222271564090416,0.8382803999999999
2025-06-30,NXPI,Technology,-0.02160276020708074,0.7174548
2025-06-30,ONTO,Technology,-0.06123055866927274,0.7324881999999999
2025-06-30,QRVO,Technology,-0.015428160775982414,0.9561172
2025-06-30,STX,Technology,0.08785422729344994,0.24864640000000005
2025-06-30,SWKS,Technology,-0.08024695405910742,0.3947092000000001
2025-06-30,TER,Technology,0.19472863879785796,0.38636880000000007
2025-06-30,VRSN,Technology,-0.06900956502941769,0.7897142
2025-06-30,WDC,Technology,0.22972351469676022,0.20148159999999998
2025-06-30,AXP,Financials,-0.05929623717760135,0.15581938775510204
2025-06-30,BAC,Financials,-0.0010566833810294884,0.3140442857142857
2025-06-30,BK,Financials,0.11942394377335774,0.5025563265306122
2025-06-30,BLK,Financials,0.05409570951092624,0.608304081632653
2025-06-30,C,Financials,0.10079877963433215,0.2200191836734694
2025-06-30,CFG,Financials,0.07564724160826652,0.2921920408163266
2025-06-30,CME,Financials,0.009650989044993397,0.8656969387755102
2025-06-30,COF,Financials,0.010528177712219478,0.33315122448979595
2025-06-30,FITB,Financials,0.01069778199320015,0.4362638775510204
2025-06-30,GS,Financials,0.022380827129672376,0.42899469387755107
2025-06-30,HBAN,Financials,-0.01968954812407775,0.4611436734693878
2025-06-30,ICE,Financials,0.007412665721512779,0.7428012244897958
2025-06-30,JPM,Financials,0.026757077071267732,0.6743981632653061
2025-06-30,KEY,Financials,0.02870266438535185,0.29006000000000004
2025-06-30,MCO,Financials,0.028190208102847114,0.4126102040816326
2025-06-30,MS,Financials,0.018385176214615884,0.33522510204081635
2025-06-30,MTB,Financials,-0.027269434638993895,0.5019673469387755
2025-06-30,PNC,Financials,0.029519033932370764,0.37969285714285717
2025-06-30,RF,Financials,0.07695578124731095,0.47017387755102036
2025-06-30,SCHW,Financials,0.07113118847597577,0.6671118367346938
2025-06-30,SPGI,Financials,0.045155331718605085,0.662034693877551
2025-06-30,STT,Financials,0.05843925526253768,0.6507348979591836
2025-06-30,TFC,Financials,0.01674789220629025,0.5007879591836735
2025-06-30,USB,Financials,-0.006408897462594987,0.39378381632653064
2025-06-30,WFC,Financials,0.006365408983195708,0.6695402040816326
2025-06-30,AFL,Financials,-0.05784190493832064,0.7318167346938776
2025-06-30,AJG,Financials,-0.1026802276103137,0.7456124489795919
2025-06-30,ALL,Financials,0.009636886859726967,0.6035716326530612
2025-06-30,AMTD,Financials,0.02642272618432573,0.05182510204081633
2025-06-30,AON,Financials,-0.002943240705263861,0.6406471428571427
2025-06-30,CB,Financials,-0.0817340513577478,0.30278326530612243
2025-06-30,FDS,Financials,-0.09922196803291727,0.6507732653061225
2025-06-30,FNF,Financials,0.0066000640072225725,0.6972777551020408
2025-06-30,GL,Financials,0.13272187171737038,0.8016772857142856
2025-06-30,HIG,Financials,-0.019547574645896182,0.7584569387755101
2025-06-30,IBKR,Financials,0.18317989997300588,0.23639851020408165
2025-06-30,LPLA,Financials,0.05536446530865424,0.37888673469387757
2025-06-30,MET,Financials,-0.05558320971391184,0.4306602040816327
2025-06-30,MSCI,Financials,-0.026667172753429225,0.5461318367346939
2025-06-30,NDAQ,Financials,0.07604556583664213,0.560614081632653
2025-06-30,PGR,Financials,-0.09265558726330159,0.8134948979591837
2025-06-30,PRU,Financials,-0.03592704553841042,0.5580834693877551
2025-06-30,RJF,Financials,0.09328186176779418,0.7598930612244899
2025-06-30,SEIC,Financials,-0.01936340397206615,0.5714422448979591
2025-06-30,SF,Financials,0.09963389045428972,0.2059305510204082
2025-06-30,SYF,Financials,0.04390163226416366,0.5632987755102041
2025-06-30,TRV,Financials,-0.02728566881825456,0.5649914285714285
2025-06-30,UNM,Financials,-0.10568060778381994,0.8038624489795918
2025-06-30,WTW,Financials,0.030375159155568543,0.4674942857142857
2025-06-30,ABBV,Healthcare,0.027112235294976417,0.6585102173913043
2025-06-30,ABT,Healthcare,-0.06803585027225767,0.5969080434782608
2025-06-30,AMGN,Healthcare,0.05691059817658406,0.7639119565217392
2025-06-30,BAX,Healthcare,-0.281373807382144,0.4258384782608696
2025-06-30,BIIB,Healthcare,0.019189455628499497,0.2242434782608696
2025-06-30,BMY,Healthcare,-0.0520371831866292,0.6068702173913043
2025-06-30,BSX,Healthcare,-0.023182249401993538,0.6849995652173914
2025-06-30,CI,Healthcare,-0.19117909193698068,0.76128
2025-06-30,CVS,Healthcare,-0.08992075511933162,0.8779782608695652
2025-06-30,DHR,Healthcare,-0.0019236154154494978,0.24587369565217393
2025-06-30,EW,Healthcare,0.014064678263619568,0.8233886956521739
2025-06-30,GILD,Healthcare,0.012807801192431745,0.5485367391304348
2025-06-30,HUM,Healthcare,0.022046792490967526,0.7452699999999999
2025-06-30,ISRG,Healthcare,-0.11468316719697991,0.33414108695652167
2025-06-30,JNJ,Healthcare,0.07849441139931801,0.6679649999999999
2025-06-30,LLY,Healthcare,-0.05062036669259562,0.6287482608695653
2025-06-30,MDT,Healthcare,0.035218566187468214,0.47842065217391305
2025-06-30,MRK,Healthcare,-0.013137888944674048,0.07692369565217391
2025-06-30,PFE,Healthcare,-0.0226124237886689,0.46519913043478267
2025-06-30,REGN,Healthcare,0.03897147101755971,0.46985213043478263
2025-06-30,SYK,Healthcare,-0.007330037096267006,0.5317826086956522
2025-06-30,TMO,Healthcare,0.15345529582662532,0.42175630434782607
2025-06-30,UNH,Healthcare,-0.20005134398703583,0.1430404347826087
2025-06-30,VRTX,Healthcare,0.026212898899763193,0.6003528260869565
2025-06-30,ZBH,Healthcare,0.004824037656207203,0.45536260869565215
2025-06-30,A,Healthcare,-0.025067594393098802,0.6044828260869565
2025-06-30,ACAD,Healthcare,0.10477516276572452,0.29359891304347824
2025-06-30,ALGN,Healthcare,-0.31859719400438313,0.4961762608695653
2025-06-30,ALKS,Healthcare,-0.0740999927999424,0.3792019565217391
2025-06-30,BDX,Healthcare,0.03483297014478981,0.2571041304347826
2025-06-30,DGX,Healthcare,-0.06379531950886663,0.6923786956521739
2025-06-30,DXCM,Healthcare,-0.07469359839703182,0.9786454347826087
2025-06-30,FOLD,Healthcare,0.045375174725866385,0.3957869565217391
2025-06-30,HOLX,Healthcare,0.025475689678024604,0.8321810869565217
2025-06-30,IDXX,Healthcare,-0.003784966989648253,0.5422454347826087
2025-06-30,INSP,Healthcare,-0.04030209743965829,0.7628440869565217
2025-06-30,IQV,Healthcare,0.17938958645475744,0.42065586956521744
2025-06-30,MASI,Healthcare,-0.08578057204766198,0.24518956521739133
2025-06-30,MTD,Healthcare,0.050190755650916685,0.5744804347826087
2025-06-30,NBIX,Healthcare,0.02020839555092624,0.4235554347826087
2025-06-30,NTRA,Healthcare,-0.20883152758052725,0.7426978260869566
2025-06-30,NVCR,Healthcare,-0.3499999892845578,0.4589271739130436
2025-06-30,PODD,Healthcare,-0.08205487103025244,0.32910065217391304
2025-06-30,RARE,Healthcare,-0.24862488349226508,0.6689582173913043
2025-06-30,RMD,Healthcare,0.05403081238130536,0.5510784782608695
2025-06-30,WAT,Healthcare,-0.17270226135563127,0.18998847826086956
2025-06-30,AMZN,Consumer,0.06709513314943583,0.29363125
2025-06-30,AZO,Consumer,0.01512565294692747,0.7632777083333333
2025-06-30,BKNG,Consumer,-0.04926035919681648,0.6081099999999999
2025-06-30,CMG,Consumer,-0.23633125729565074,0.763690625
2025-06-30,COST,Consumer,-0.05081109474865653,0.677074375
2025-06-30,DG,Consumer,-0.07820528028560936,0.515443625
2025-06-30,DLTR,Consumer,0.14650648225060348,0.5983085416666666
2025-06-30,DRI,Consumer,-0.06830579705199236,0.5940095833333333
2025-06-30,EBAY,Consumer,0.23220523303420104,0.7375297916666667
2025-06-30,HD,Consumer,0.002372889520950716,0.2977854166666667
2025-06-30,HLT,Consumer,0.006532985632733634,0.18402854166666666
2025-06-30,KR,Consumer,-0.022724169828186924,0.71903125
2025-06-30,LOW,Consumer,0.013021474149022438,0.41666145833333335
2025-06-30,LULU,Consumer,-0.15594748196906072,0.4552739583333334
2025-06-30,MAR,Consumer,-0.03433258509508974,0.22815375000000002
2025-06-30,MCD,Consumer,0.02703894307877852,0.6330841666666666
2025-06-30,MGM,Consumer,0.059901175046577215,0.4763225
2025-06-30,NKE,Consumer,0.05137952002239787,0.3213354166666667
2025-06-30,ORLY,Consumer,0.09086877500260515,0.6817175
2025-06-30,ROST,Consumer,0.07023033985612503,0.5687239583333333
2025-06-30,SBUX,Consumer,-0.02695609035202362,0.3775155
2025-06-30,TGT,Consumer,0.018753118722571127,0.5818241666666667
2025-06-30,TJX,Consumer,0.008421754168304041,0.7095902083333333
2025-06-30,WMT,Consumer,0.0020454834061556237,0.7235804166666666
2025-06-30,YUM,Consumer,-0.027196626717981953,0.7030427083333334
2025-06-30,BBY,Consumer,-0.030835614988180993,0.4698210416666667
2025-06-30,CCL,Consumer,0.058677111357620104,0.6472952083333334
2025-06-30,CHDN,Consumer,0.059801933437586774,0.45681499999999997
2025-06-30,CMCSA,Consumer,-0.06039202250604503,0.3508895833333333
2025-06-30,CZR,Consumer,-0.06023244527071592,0.2924391666666667
2025-06-30,DIS,Consumer,-0.03951296636408386,0.45646416666666667
2025-06-30,DKNG,Consumer,0.050128271309740624,0.8006083333333334
2025-06-30,F,Consumer,0.02027645958384139,0.7479291666666666
2025-06-30,FOX,Consumer,-0.00949062572908399,0.7237966666666666
2025-06-30,GM,Consumer,0.0839260465064724,0.48407958333333334
2025-06-30,GRMN,Consumer,0.04810263449871943,0.616403125
2025-06-30,H,Consumer,0.009452267119501645,0.18236000000000002
2025-06-30,IHG,Consumer,0.007109513261725153,0.46380770833333335
2025-06-30,LVS,Consumer,0.20432096750465378,0.3935777083333334
2025-06-30,NCLH,Consumer,0.2603549605781712,0.39760312500000006
2025-06-30,NFLX,Consumer,-0.1342139500795454,0.7496625
2025-06-30,PENN,Consumer,0.010632267363515968,0.5878904166666666
2025-06-30,POOL,Consumer,0.05715662343388517,0.5489237499999999
2025-06-30,RCL,Consumer,0.015104936094235688,0.13815604166666667
2025-06-30,SIRI,Consumer,-0.08053977914675958,0.5132471666666666
2025-06-30,TSLA,Consumer,-0.02955995259140498,0.28725958333333335
2025-06-30,WBD,Consumer,0.1492146625178783,0.19942195833333337
2025-06-30,WYNN,Consumer,0.16397998245706225,0.6780245833333333
2025-06-30,APA,Energy,0.06904335752482682,0.22481826086956525
2025-06-30,BA,Energy,0.058750525606408255,0.6880782608695651
2025-06-30,CAT,Energy,0.13244006634741035,0.370185
2025-06-30,COP,Energy,0.0624024218348056,0.39838
2025-06-30,CVX,Energy,0.05901249625523808,0.40865434782608695
2025-06-30,DE,Energy,0.031229761683893464,0.7039739130434782
2025-06-30,DVN,Energy,0.0443257917811295,0.24643847826086954
2025-06-30,EOG,Energy,0.011731128552851855,0.5834508695652174
2025-06-30,FDX,Energy,-0.01680520268921426,0.30444413043478263
2025-06-30,GD,Energy,0.07388189216257612,0.42626260869565213
2025-06-30,GE,Energy,0.054725713486780014,0.6075789130434783
2025-06-30,HAL,Energy,0.09911681278702433,0.5959386956521738
2025-06-30,HON,Energy,-0.04521640566665375,0.5532184782608696
2025-06-30,LMT,Energy,-0.09103079531596026,0.42800717391304344
2025-06-30,MMM,Energy,-0.019837176487892405,0.792976956521739
2025-06-30,MPC,Energy,0.024562018314847167,0.42694869565217397
2025-06-30,NOC,Energy,0.15326602490470287,0.6925489130434782
2025-06-30,OXY,Energy,0.045941566019747526,0.07779130434782608
2025-06-30,PSX,Energy,0.03587596452283015,0.2867269565217392
2025-06-30,RTX,Energy,0.07909874979423659,0.7760808695652175
2025-06-30,SLB,Energy,0.0,0.6602469565217391
2025-06-30,UNP,Energy,-0.03524864675862405,0.4104271739130435
2025-06-30,UPS,Energy,-0.14642366870674373,0.2528497826086957
2025-06-30,VLO,Energy,0.02984964637159382,0.2913519565217391
2025-06-30,XOM,Energy,0.03562152351596204,0.4901197826086957
2025-06-30,AME,Energy,0.02149645560963287,0.4738295652173913
2025-06-30,BE,Energy,0.5631270597989677,1.0894412608695652
2025-06-30,BKR,Energy,0.17501280863444668,0.5158776086956521
2025-06-30,CTRA,Energy,-0.039007056956035124,0.5579476086956522
2025-06-30,EMR,Energy,0.0913521367277812,0.23190608695652176
2025-06-30,ENPH,Energy,-0.18385878020128898,0.9665797391304348
2025-06-30,ETN,Energy,0.07767727704015992,0.5713689130434783
2025-06-30,FSLR,Energy,0.05551530031490026,0.4261452173913044
2025-06-30,FTV,Energy,-0.08056781766416243,0.3808515217391304
2025-06-30,GNRC,Energy,0.3594720572173131,0.6571717391304348
2025-06-30,HUBB,Energy,0.07117843772862154,0.40284869565217396
2025-06-30,MTDR,Energy,0.04526401571037986,0.17722478260869565
2025-06-30,PH,Energy,0.047861841032463825,0.43652673913043477
2025-06-30,PLUG,Energy,0.006711402952518153,1.1524934347826086
2025-06-30,PR,Energy,0.03964757327628954,0.7530215217391304
2025-06-30,ROK,Energy,0.058825294255119065,0.4508823913043478
2025-06-30,ROP,Energy,-0.02758552590530905,0.5150313043478261
2025-06-30,SM,Energy,0.12499483936420974,0.4967606086956522
2025-06-30,VRSK,Energy,-0.10526492215311112,0.706525
2025-06-30,WMB,Energy,-0.04553416009019162,0.72382
2025-06-30,XYL,Energy,0.1179653459389649,0.6642997826086956
2025-07-31,AAPL,Technology,0.11963895984061979,0.20499882000000003
2025-07-31,ADBE,Technology,-0.0027677324711841145,0.7406148800000001
2025-07-31,AMAT,Technology,-0.10462765921166606,0.36211790000000005
2025-07-31,AMD,Technology,-0.07759056698548772,0.28263342
2025-07-31,AVGO,Technology,0.012563903739962523,0.84598528
2025-07-31,CDNS,Technology,-0.038785457839000226,0.45613729999999997
2025-07-31,CRM,Technology,-0.008051676076399783,0.39061964
2025-07-31,CRWD,Technology,-0.06791032100622008,0.88589312
2025-07-31,FTNT,Technology,-0.21151155715787262,0.65247464
2025-07-31,GOOGL,Technology,0.10948414150921826,0.44316540000000004
2025-07-31,INTC,Technology,0.22979804645106938,0.8451647
2025-07-31,INTU,Technology,-0.15045925440795482,0.36744926
2025-07-31,KLAC,Technology,-0.0058385421672141335,0.88954798
2025-07-31,LRCX,Technology,0.05598910433357207,0.82806552
2025-07-31,META,Technology,-0.04491617460361408,0.53018732
2025-07-31,MSFT,Technology,-0.048691766218305066,0.44485001999999996
2025-07-31,MU,Technology,0.0904342904963018,0.76799584
2025-07-31,NET,Technology,0.004959620928405739,0.8024962200000001
2025-07-31,NOW,Technology,-0.027207506563437844,0.56885376
2025-07-31,NVDA,Technology,-0.020745518363826654,0.6007398399999999
2025-07-31,ORCL,Technology,-0.10891748780578558,0.1146849
2025-07-31,PANW,Technology,0.09746542381373025,0.47456224
2025-07-31,QCOM,Technology,0.09518929919754138,0.29548924
2025-07-31,SNPS,Technology,-0.04727919642131073,0.2609675
2025-07-31,TXN,Technology,0.11830323561736389,0.58129928
2025-07-31,ACN,Technology,-0.026694100775527807,0.35940364
2025-07-31,ADI,Technology,0.1187730259978208,0.57670618
2025-07-31,ANET,Technology,0.10818050396849865,0.30748592
2025-07-31,CGNX,Technology,0.07970843981732934,0.57417936
2025-07-31,COHU,Technology,0.11422166508753295,0.20148040000000003
2025-07-31,CSCO,Technology,0.014835447354002218,0.48191822
2025-07-31,DELL,Technology,-0.07943331174992674,0.48658875999999995
2025-07-31,ENTG,Technology,0.0672954230993017,0.19719036
2025-07-31,FORM,Technology,0.0274551457527219,0.2619245600000001
2025-07-31,HPQ,Technology,0.1508065372937124,0.62231544
2025-07-31,IBM,Technology,-0.03165604335621197,0.5625403600000001
2025-07-31,IPGP,Technology,0.0925357238837643,0.33714208
2025-07-31,KEYS,Technology,-0.0029285032981735126,0.39935112
2025-07-31,MCHP,Technology,-0.03165362440453845,0.69453328
2025-07-31,MKSI,Technology,0.08800653871085928,0.29118154
2025-07-31,MPWR,Technology,0.17507454933889233,0.72365312
2025-07-31,MRVL,Technology,-0.21774300237149713,0.29548412
2025-07-31,NXPI,Technology,0.09861063808097281,0.41123644000000004
2025-07-31,ONTO,Technology,0.1187335092348285,0.42974646
2025-07-31,QRVO,Technology,0.0849282129630533,0.8628351599999999
2025-07-31,STX,Technology,0.06617408964165516,0.7465939199999999
2025-07-31,SWKS,Technology,0.10358392281878492,0.60841276
2025-07-31,TER,Technology,0.10062364705953519,0.18591064000000002
2025-07-31,VRSN,Technology,0.019670184711689576,0.69891426
2025-07-31,WDC,Technology,0.0209681089154361,0.74644448
2025-07-31,AXP,Financials,0.1068122931515938,0.6038886734693877
2025-07-31,BAC,Financials,0.0734080359417777,0.708499
2025-07-31,BK,Financials,0.040906737044504204,0.4079097551020408
2025-07-31,BLK,Financials,0.019104610400924704,0.6110626530612244
2025-07-31,C,Financials,0.03740804016393118,0.6374343265306123
2025-07-31,CFG,Financials,0.09555735216467665,0.40194332653061227
2025-07-31,CME,Financials,-0.04229549346102501,0.3611376530612246
2025-07-31,COF,Financials,0.059713314764245906,0.7856596530612244
2025-07-31,FITB,Financials,0.10103455387131244,0.6451648775510204
2025-07-31,GS,Financials,0.035447457509792946,0.5429841224489795
2025-07-31,HBAN,Financials,0.08399256141135747,0.7812002448979591
2025-07-31,ICE,Financials,-0.04452742404405263,0.7514117959183673
2025-07-31,JPM,Financials,0.017486003431689934,0.859462306122449
2025-07-31,KEY,Financials,0.08035718110865742,0.587018
2025-07-31,MCO,Financials,-0.009790263155920909,0.2237830612244898
2025-07-31,MS,Financials,0.05629638635145762,0.7005675306122449
2025-07-31,MTB,Financials,0.06868042955997344,0.35059020408163266
2025-07-31,PNC,Financials,0.0902401374298889,0.5853364285714285
2025-07-31,RF,Financials,0.0813264781387304,0.4696235918367347
2025-07-31,SCHW,Financials,-0.016572891384292632,0.542990693877551
2025-07-31,SPGI,Financials,-0.003091935441279392,0.4986104081632653
2025-07-31,STT,Financials,0.02881432607276846,0.8666490408163265
2025-07-31,TFC,Financials,0.0843092245012047,0.550236387755102
2025-07-31,USB,Financials,0.08607663458869497,0.3324208591836735
2025-07-31,WFC,Financials,0.025211334613621794,0.8294334897959184
2025-07-31,AFL,Financials,0.08135074351701754,0.5909735918367347
2025-07-31,AJG,Financials,0.053959936390107544,0.23796944897959188
2025-07-31,ALL,Financials,0.005920768797166742,0.42392863265306124
2025-07-31,AMTD,Financials,0.029702942250534603,0.044118959183673465
2025-07-31,AON,Financials,0.03390472919790888,0.549337
2025-07-31,CB,Financials,0.03394224994650208,0.2194064081632653
2025-07-31,FDS,Financials,-0.07069731977120952,0.23808912244897962
2025-07-31,FNF,Financials,0.06096056865470434,0.29489761224489797
2025-07-31,GL,Financials,-0.0037017904265880253,0.6562174714285715
2025-07-31,HIG,Financials,0.0636706036711987,0.4561085102040816
2025-07-31,IBKR,Financials,-0.04942917109544287,0.7709195530612245
2025-07-31,LPLA,Financials,-0.07819105485975886,0.27080887755102045
2025-07-31,MET,Financials,0.07942458164176136,0.31491234693877557
2025-07-31,MSCI,Financials,0.014557862301292523,0.33526812244897963
2025-07-31,NDAQ,Financials,-0.01538149637684294,0.7538985102040816
2025-07-31,PGR,Financials,0.020740432737373693,0.33119132653061234
2025-07-31,PRU,Financials,0.07227562939867349,0.6102821836734694
2025-07-31,RJF,Financials,0.01382167292021097,0.4993964897959184
2025-07-31,SEIC,Financials,0.0018156189398970124,0.7142898163265305
2025-07-31,SF,Financials,0.010252311562324534,0.17606487959183673
2025-07-31,SYF,Financials,0.10050449478320567,0.6261324897959184
2025-07-31,TRV,Financials,0.04330632014618896,0.3123545714285714
2025-07-31,UNM,Financials,-0.027154879359425066,0.7568730204081633
2025-07-31,WTW,Financials,0.03476783602534317,0.4259625714285714
2025-07-31,ABBV,Healthcare,0.11310956662589677,0.3649443695652174
2025-07-31,ABT,Healthcare,0.05127187935594835,0.3008115434782609
2025-07-31,AMGN,Healthcare,-0.01713316855832292,0.5335214130434782
2025-07-31,BAX,Healthcare,0.14261155540946868,0.6451428478260869
2025-07-31,BIIB,Healthcare,0.032968759536743164,0.6150991304347826
2025-07-31,BMY,Healthcare,0.08935585190507611,0.4407567173913043
2025-07-31,BSX,Healthcare,0.005528038897987253,0.585934652173913
2025-07-31,CI,Healthcare,0.12525236942499318,0.5022970434782609
2025-07-31,CVS,Healthcare,0.17793883266609023,0.9781760869565217
2025-07-31,DHR,Healthcare,0.04392377473943565,0.13463167391304348
2025-07-31,EW,Healthcare,0.02559574885621596,0.6117992173913044
2025-07-31,GILD,Healthcare,0.006055753350067139,0.3015175434782609
2025-07-31,HUM,Healthcare,0.21527200784938239,0.8931462173913044
2025-07-31,ISRG,Healthcare,-0.01619241431794527,0.5111118913043479
2025-07-31,JNJ,Healthcare,0.08334605304331455,0.6873460217391304
2025-07-31,LLY,Healthcare,-0.007946365350397944,0.6147114347826087
2025-07-31,MDT,Healthcare,0.028479540825260496,0.43265663043478264
2025-07-31,MRK,Healthcare,0.0768048019159564,0.0991640652173913
2025-07-31,PFE,Healthcare,0.06311725659562639,0.29173365217391306
2025-07-31,REGN,Healthcare,0.0662224961371185,0.23225998695652178
2025-07-31,SYK,Healthcare,-0.0033610782256274785,0.5247521739130434
2025-07-31,TMO,Healthcare,0.05354089592790845,0.6895703695652173
2025-07-31,UNH,Healthcare,0.2416652584908321,0.6972599565217391
2025-07-31,VRTX,Healthcare,-0.1441329192271098,0.3627145434782609
2025-07-31,ZBH,Healthcare,0.15766500286342855,0.38008704347826083
2025-07-31,A,Healthcare,0.094504053039002,0.6378665869565218
2025-07-31,ACAD,Healthcare,0.09064204172587287,0.30112315217391306
2025-07-31,ALGN,Healthcare,0.10037991441310434,0.3466789652173913
2025-07-31,ALKS,Healthcare,0.09362021757887118,0.5550649347826087
2025-07-31,BDX,Healthcare,0.08263668686668169,0.12278341304347826
2025-07-31,DGX,Healthcare,0.08500080962565004,0.6794527391304348
2025-07-31,DXCM,Healthcare,-0.06722793773499447,1.1435936304347825
2025-07-31,FOLD,Healthcare,0.26711192697943154,0.7274317391304347
2025-07-31,HOLX,Healthcare,0.0044897194422024445,0.6753065
2025-07-31,IDXX,Healthcare,0.2110760229308779,0.6648475434782608
2025-07-31,INSP,Healthcare,-0.24771156453616816,0.2592880086956522
2025-07-31,IQV,Healthcare,0.026632933024786087,0.23271850000000002
2025-07-31,MASI,Healthcare,-0.09155333368192042,0.6518177391304348
2025-07-31,MTD,Healthcare,0.05460085469400444,0.5223441304347827
2025-07-31,NBIX,Healthcare,0.08866888212439283,0.7205448913043477
2025-07-31,NTRA,Healthcare,0.2587909276535234,0.8619397826086956
2025-07-31,NVCR,Healthcare,0.06568714338184622,0.15289554347826093
2025-07-31,PODD,Healthcare,0.17850212231559848,0.3269910652173913
2025-07-31,RARE,Healthcare,0.09663248239891398,0.8246005086956522
2025-07-31,RMD,Healthcare,0.011556156632522852,0.6979322391304348
2025-07-31,WAT,Healthcare,0.04515853160528627,0.3765617608695652
2025-07-31,AMZN,Consumer,-0.021827348669553603,0.569339375
2025-07-31,AZO,Consumer,0.11414717085866388,0.46314997916666667
2025-07-31,BKNG,Consumer,0.0172582942925239,0.6928496666666666
2025-07-31,CMG,Consumer,-0.017257501400041897,0.27369052083333334
2025-07-31,COST,Consumer,0.005307179111530447,0.39270564583333334
2025-07-31,DG,Consumer,0.0367970301192726,0.8546330875
2025-07-31,DLTR,Consumer,-0.03857335768468473,0.2524092291666667
2025-07-31,DRI,Consumer,0.026131806009609182,0.44070287499999994
2025-07-31,EBAY,Consumer,-0.009329242286831407,0.5566756041666667
2025-07-31,HD,Consumer,0.10682703107101932,0.41016895833333333
2025-07-31,HLT,Consumer,0.03032647998364535,0.5072918958333333
2025-07-31,KR,Consumer,-0.02732216460121495,0.3177927083333334
2025-07-31,LOW,Consumer,0.1542692830633181,0.5916651041666666
2025-07-31,LULU,Consumer,0.008327921902514523,0.19491552083333336
2025-07-31,MAR,Consumer,0.017862793481183914,0.3163627916666667
2025-07-31,MCD,Consumer,0.04488966489478652,0.32117524999999997
2025-07-31,MGM,Consumer,0.08888882842119994,0.8137300833333333
2025-07-31,NKE,Consumer,0.03588160142931418,0.14015062500000003
2025-07-31,ORLY,Consumer,0.05451587293519622,0.35034858333333335
2025-07-31,ROST,Consumer,0.07777949598928924,0.8122838541666666
2025-07-31,SBUX,Consumer,-0.0043530544202528,0.55075465
2025-07-31,TGT,Consumer,-0.03461811685268723,0.2912139166666667
2025-07-31,TJX,Consumer,0.10049260462578835,0.6066270625
2025-07-31,WMT,Consumer,-0.007894345079189957,0.5816574583333334
2025-07-31,YUM,Consumer,0.019562948283566417,0.48799614583333334
2025-07-31,BBY,Consumer,0.1318781541746552,0.5201129791666667
2025-07-31,CCL,Consumer,0.0712125419293912,0.7921052291666667
2025-07-31,CHDN,Consumer,-0.03092297019933532,0.4287111666666667
2025-07-31,CMCSA,Consumer,0.022269057415343463,0.45526687499999996
2025-07-31,CZR,Consumer,0.0033733190239293442,0.7148150833333333
2025-07-31,DIS,Consumer,-0.006128818557371241,0.6765225833333333
2025-07-31,DKNG,Consumer,0.06527527901748842,0.9855991666666666
2025-07-31,F,Consumer,0.07751204219591523,0.74937875
2025-07-31,FOX,Consumer,0.06667973643980885,0.8004723333333335
2025-07-31,GM,Consumer,0.0984252731180777,0.363973875
2025-07-31,GRMN,Consumer,0.10541244302602393,0.6807542708333334
2025-07-31,H,Consumer,0.02455952448543286,0.21512466666666666
2025-07-31,IHG,Consumer,0.060965226091168834,0.37247564583333337
2025-07-31,LVS,Consumer,0.10508151311461944,0.4243233125
2025-07-31,NCLH,Consumer,-0.028168987809012336,0.20678093750000004
2025-07-31,NFLX,Consumer,0.04213381407598904,0.86739875
2025-07-31,PENN,Consumer,0.12015504653730136,0.2055337916666667
2025-07-31,POOL,Consumer,0.01216569000248846,0.7188437916666666
2025-07-31,RCL,Consumer,0.1426685164232604,0.6976968125
2025-07-31,SIRI,Consumer,0.13368201142949765,0.5623074833333334
2025-07-31,TSLA,Consumer,0.08304410748975077,0.261177875
2025-07-31,WBD,Consumer,-0.11617309978040147,0.6285765875
2025-07-31,WYNN,Consumer,0.16518547052198151,0.6263240416666667
2025-07-31,APA,Energy,0.20373245584799649,0.46309765217391297
2025-07-31,BA,Energy,0.05787953727845219,0.2977278260869565
2025-07-31,CAT,Energy,-0.04333131247640576,0.5523598478260869
2025-07-31,COP,Energy,0.04663800117928152,0.1651661739130435
2025-07-31,CVX,Energy,0.07087708187695307,0.39650934782608693
2025-07-31,DE,Energy,-0.08720928592318966,0.42423565217391307
2025-07-31,DVN,Energy,0.08669478282699372,0.27175763043478257
2025-07-31,EOG,Energy,0.039993337512514104,0.25112221739130436
2025-07-31,FDX,Energy,0.03391645578345415,0.2130723695652174
2025-07-31,GD,Energy,0.04159047332992594,0.44744399999999995
2025-07-31,GE,Energy,0.015198526729472306,0.3192301956521739
2025-07-31,HAL,Energy,0.014732207691751098,0.6505207391304347
2025-07-31,HON,Energy,-0.0076786717038942465,0.7137916304347826
2025-07-31,LMT,Energy,0.0823079813883063,0.37188041304347824
2025-07-31,MMM,Energy,0.04710251677909727,0.8765887391304348
2025-07-31,MPC,Energy,0.06181577539702765,0.7063454782608696
2025-07-31,NOC,Energy,0.023291413534420435,0.31428641304347826
2025-07-31,OXY,Energy,0.08352300130647738,0.05377217391304348
2025-07-31,PSX,Energy,0.09158261973367754,0.5425398260869565
2025-07-31,RTX,Energy,0.010969590724976719,0.8871720869565218
2025-07-31,SLB,Energy,0.08994096721859424,0.38068278260869565
2025-07-31,UNP,Energy,0.013498443307762065,0.6100846739130434
2025-07-31,UPS,Energy,0.03402197603375989,0.13672450000000003
2025-07-31,VLO,Energy,0.10705703115919984,0.7265360217391305
2025-07-31,XOM,Energy,0.03326327241012139,0.3752968043478261
2025-07-31,AME,Energy,-0.0002705572949446289,0.47693147826086957
2025-07-31,BE,Energy,0.4158865870793682,1.1768323782608694
2025-07-31,BKR,Energy,0.013095315004750585,0.7178067608695652
2025-07-31,CTRA,Energy,0.011235525386356526,0.5934712391304348
2025-07-31,EMR,Energy,-0.08926714718830309,0.35870226086956525
2025-07-31,ENPH,Energy,0.16501854301200747,1.0047565304347825
2025-07-31,ETN,Energy,-0.08983985970019781,0.32358458695652176
2025-07-31,FSLR,Energy,0.1170949877762888,0.7213218260869565
2025-07-31,FTV,Energy,-0.001460447329578396,0.7381685
2025-07-31,GNRC,Energy,-0.04848735077830879,0.2123689130434783
2025-07-31,HUBB,Energy,-0.011909320374408616,0.3795502608695652
2025-07-31,MTDR,Energy,0.01628332620165618,0.722732652173913
2025-07-31,PH,Energy,0.03750496398383163,0.5418275869565218
2025-07-31,PLUG,Energy,0.04666670163472486,0.9979219434782609
2025-07-31,PR,Energy,0.009180774679984793,0.591123847826087
2025-07-31,ROK,Energy,-0.01979054368267197,0.6678734130434782
2025-07-31,ROP,Energy,-0.04376808350070571,0.6719006956521738
2025-07-31,SM,Energy,0.03479520191842478,0.3164194869565218
2025-07-31,VRSK,Energy,-0.03799639656475884,0.5619575
2025-07-31,WMB,Energy,-0.034528767608212996,0.5214938260869565
2025-07-31,XYL,Energy,-0.018443966150042734,0.5797247173913043
2025-08-31,AAPL,Technology,0.09688121209766343,0.411499646
2025-08-31,ADBE,Technology,-0.011073765270124603,0.908184464
2025-08-31,AMAT,Technology,0.27357559014795285,0.57063537
2025-08-31,AMD,Technology,-0.00516516984233617,0.728790026
2025-08-31,AVGO,Technology,0.11125194221876589,0.7737955839999999
2025-08-31,CDNS,Technology,0.0023685674947682145,0.19284119
2025-08-31,CRM,Technology,-0.07351142978389258,0.5651858919999999
2025-08-31,CRWD,Technology,0.15737547971369792,0.6037679360000001
2025-08-31,FTNT,Technology,0.06741151979540794,0.671742392
2025-08-31,GOOGL,Technology,0.14281827292390226,0.49694962000000004
2025-08-31,INTC,Technology,0.37782335570688486,0.9535494099999999
2025-08-31,INTU,Technology,0.02385312615101043,0.404234778
2025-08-31,KLAC,Technology,0.23692665921953382,0.7328643940000001
2025-08-31,LRCX,Technology,0.33963445724512,0.584419656
2025-08-31,META,Technology,-0.005177189887054623,0.17305619600000005
2025-08-31,MSFT,Technology,0.022222676492286153,0.287455006
2025-08-31,MU,Technology,0.40593236753557993,0.734398752
2025-08-31,NET,Technology,0.028173012480827708,0.828748866
2025-08-31,NOW,Technology,0.0030736781321296647,0.562656128
2025-08-31,NVDA,Technology,0.07125115097366086,0.37622195199999997
2025-08-31,ORCL,Technology,0.24370927280114452,0.60840547
2025-08-31,PANW,Technology,0.06875913579128623,0.28236867200000004
2025-08-31,QCOM,Technology,0.04091790545522822,0.214646772
2025-08-31,SNPS,Technology,-0.18247945605574067,0.24629025
2025-08-31,TXN,Technology,-0.09260176711253298,0.398389784
2025-08-31,ACN,Technology,-0.0514289996416506,0.6538210919999999
2025-08-31,ADI,Technology,-0.01845637841291803,0.425011854
2025-08-31,ANET,Technology,0.06708168039100948,0.372245776
2025-08-31,CGNX,Technology,0.03095133736204847,0.256253808
2025-08-31,COHU,Technology,0.02160805595068349,0.57844412
2025-08-31,CSCO,Technology,-0.009697430031691434,0.38257546600000003
2025-08-31,DELL,Technology,0.16062219945987133,0.327976628
2025-08-31,ENTG,Technology,0.10413182178004021,0.7311571079999999
2025-08-31,FORM,Technology,0.24768747867791396,0.12057736800000003
2025-08-31,HPQ,Technology,-0.03631012143680601,0.21469463200000005
2025-08-31,IBM,Technology,0.1588155458805205,0.6027621080000001
2025-08-31,IPGP,Technology,-0.03214369669063122,0.31114262400000003
2025-08-31,KEYS,Technology,0.07030536626137152,0.497805336
2025-08-31,MCHP,Technology,-0.012000040028129266,0.824359984
2025-08-31,MKSI,Technology,0.197696866743452,0.507354462
2025-08-31,MPWR,Technology,0.10350187106822517,0.749095936
2025-08-31,MRVL,Technology,0.33720364459308594,0.18664523600000002
2025-08-31,NXPI,Technology,-0.025847454806661063,0.19337093200000002
2025-08-31,ONTO,Technology,0.21905661528965203,0.688923938
2025-08-31,QRVO,Technology,0.004189690138902025,0.948850548
2025-08-31,STX,Technology,0.41460023990133577,0.825978176
2025-08-31,SWKS,Technology,0.027221768828838977,0.8405238279999999
2025-08-31,TER,Technology,0.16524423250860587,0.16777319200000002
2025-08-31,VRSN,Technology,0.0226798058967832,0.475674278
2025-08-31,WDC,Technology,0.49613859679201533,0.545933344
2025-08-31,AXP,Financials,0.0026563851713001796,0.4097380306122449
2025-08-31,BAC,Financials,0.02240743664586109,0.31254970000000004
2025-08-31,BK,Financials,0.03181827333752363,0.7652300693877551
2025-08-31,BLK,Financials,0.03924466580186858,0.21189022448979594
2025-08-31,C,Financials,0.05105092353984131,0.2769445836734694
2025-08-31,CFG,Financials,0.016832466757961573,0.5777258551020408
2025-08-31,CME,Financials,0.018657320530129917,0.736912724489796
2025-08-31,COF,Financials,-0.06443090716853461,0.9514121816326531
2025-08-31,FITB,Financials,-0.018003225988347138,0.6364066061224489
2025-08-31,GS,Financials,0.06856751860675714,0.420038093877551
2025-08-31,HBAN,Financials,-0.021619530011366184,0.43436007346938776
2025-08-31,ICE,Financials,-0.04331333192386244,0.5254235387755102
2025-08-31,JPM,Financials,0.04647985631500573,0.33069583469387764
2025-08-31,KEY,Financials,-0.024275645806547064,0.7903911142857143
2025-08-31,MCO,Financials,-0.06528559181420746,0.18142063265306121
2025-08-31,MS,Financials,0.0563529416011308,0.8101702591836735
2025-08-31,MTB,Financials,-0.01268999418690886,0.6623199183673468
2025-08-31,PNC,Financials,-0.03138259309717273,0.36131521428571434
2025-08-31,RF,Financials,-0.027834043858248947,0.269458506122449
2025-08-31,SCHW,Financials,-0.003860501044368303,0.6914686367346938
2025-08-31,SPGI,Financials,-0.11255563325822981,0.29244026530612244
2025-08-31,STT,Financials,0.009045880573515186,0.36142328367346943
2025-08-31,TFC,Financials,-0.02349418608221887,0.47935663061224487
2025-08-31,USB,Financials,0.00037881079186274924,0.3854405434693878
2025-08-31,WFC,Financials,0.01995606359130675,0.6074014755102042
2025-08-31,AFL,Financials,0.04529291974581584,0.8344349346938775
2025-08-31,AJG,Financials,0.025308248126534094,0.48567654897959184
2025-08-31,ALL,Financials,0.05505039274807322,0.3986071612244898
2025-08-31,AMTD,Financials,0.08173080890841877,0.4418071163265306
2025-08-31,AON,Financials,-0.028392356514566064,0.5362296714285715
2025-08-31,CB,Financials,0.02610247465106119,0.637250493877551
2025-08-31,FDS,Financials,-0.23258869160028817,0.5714267367346939
2025-08-31,FNF,Financials,0.018843285954427413,0.6027549979591836
2025-08-31,GL,Financials,0.02157903513891868,0.6825795271428571
2025-08-31,HIG,Financials,0.012140681718752822,0.5225468387755101
2025-08-31,IBKR,Financials,0.10555903804111044,0.5741330087755102
2025-08-31,LPLA,Financials,-0.08722017405669802,0.5526712346938775
2025-08-31,MET,Financials,0.012413937041063638,0.30875941836734694
2025-08-31,MSCI,Financials,-0.0005461284161853985,0.6434375795918367
2025-08-31,NDAQ,Financials,-0.06375569908968948,0.2404552673469388
2025-08-31,PGR,Financials,-0.0004451591652756548,0.6850716836734695
2025-08-31,PRU,Financials,-0.05398510407868051,0.8830846551020408
2025-08-31,RJF,Financials,0.01864958150299456,0.32124751836734694
2025-08-31,SEIC,Financials,-0.03885367139116691,0.457144087755102
2025-08-31,SF,Financials,-0.011843599404196992,0.4099623210204082
2025-08-31,SYF,Financials,-0.06929514615399712,0.5878397469387755
2025-08-31,TRV,Financials,0.03254877175969506,0.15084922857142857
2025-08-31,UNM,Financials,0.11336959047810735,0.8984904775510204
2025-08-31,WTW,Financials,0.059950498948441844,0.2849316285714286
2025-08-31,ABBV,Healthcare,0.10047530375331748,0.3833963543478261
2025-08-31,ABT,Healthcare,0.009648755661527897,0.3945912891304348
2025-08-31,AMGN,Healthcare,-0.019151187990231633,0.3122303369565217
2025-08-31,BAX,Healthcare,-0.07776431020381902,0.3304993760869565
2025-08-31,BIIB,Healthcare,0.05944638131738911,0.7780079999999999
2025-08-31,BMY,Healthcare,-0.044086504599438414,0.4517922326086956
2025-08-31,BSX,Healthcare,-0.07459718243205715,0.2670847434782609
2025-08-31,CI,Healthcare,-0.03710620425853617,0.19634128695652175
2025-08-31,CVS,Healthcare,0.030622025022854382,0.7947571739130435
2025-08-31,DHR,Healthcare,-0.03502946909276061,0.16212863260869564
2025-08-31,EW,Healthcare,-0.043889843318829946,0.2596267217391305
2025-08-31,GILD,Healthcare,-0.01061489100001567,0.4708900456521739
2025-08-31,HUM,Healthcare,-0.14022872603841952,0.9827264739130435
2025-08-31,ISRG,Healthcare,-0.05508129617371593,0.7620292195652174
2025-08-31,JNJ,Healthcare,0.04656546376472903,0.49533424130434783
2025-08-31,LLY,Healthcare,0.041524376891973525,0.6409351695652175
2025-08-31,MDT,Healthcare,0.03396740616220684,0.6624056847826088
2025-08-31,MRK,Healthcare,0.007597099223399795,0.24279269782608695
2025-08-31,PFE,Healthcare,0.029079135459630256,0.4375200956521739
2025-08-31,REGN,Healthcare,-0.031737488855064555,0.13054756130434786
2025-08-31,SYK,Healthcare,-0.05339303318447641,0.4009039130434783
2025-08-31,TMO,Healthcare,-0.014743902475375936,0.7242624152173912
2025-08-31,UNH,Healthcare,0.1213685045078381,0.6352649434782609
2025-08-31,VRTX,Healthcare,0.0015856622479315519,0.29142305869565216
2025-08-31,ZBH,Healthcare,-0.06935789034354456,0.22054785217391304
2025-08-31,A,Healthcare,0.02345801859650276,0.8152730195652174
2025-08-31,ACAD,Healthcare,-0.1789149541931765,0.7903369456521738
2025-08-31,ALGN,Healthcare,-0.11792057411567336,0.5909602113043478
2025-08-31,ALKS,Healthcare,0.035554045946100565,0.8056499152173913
2025-08-31,BDX,Healthcare,-0.024835306827304837,0.06726980652173914
2025-08-31,DGX,Healthcare,0.04921826267521712,0.37122712608695657
2025-08-31,DXCM,Healthcare,-0.10684889585420265,1.0561215673913043
2025-08-31,FOLD,Healthcare,0.038208162848870186,0.8877947391304348
2025-08-31,HOLX,Healthcare,0.005512441925612732,0.5678093413043478
2025-08-31,IDXX,Healthcare,-0.012672135045689314,0.5951064369565217
2025-08-31,INSP,Healthcare,-0.20802652348475614,0.3364820547826087
2025-08-31,IQV,Healthcare,-0.004559483928091024,0.6480764195652174
2025-08-31,MASI,Healthcare,0.05611621187555538,0.667284452173913
2025-08-31,MTD,Healthcare,-0.05643950340210091,0.35452932608695653
2025-08-31,NBIX,Healthcare,0.005587383561562964,0.6270330326086957
2025-08-31,NTRA,Healthcare,-0.04326893776699481,0.5168428043478261
2025-08-31,NVCR,Healthcare,0.04785078314992819,0.061086054347826116
2025-08-31,PODD,Healthcare,-0.09164997484104609,0.6002712326086956
2025-08-31,RARE,Healthcare,0.004005368588131608,0.7952062395652174
2025-08-31,RMD,Healthcare,-0.00284137458685918,0.5441622804347827
2025-08-31,WAT,Healthcare,-0.006593738617842848,0.7673163543478261
2025-08-31,AMZN,Consumer,-0.04117900731782209,0.6228851458333333
2025-08-31,AZO,Consumer,0.021843467573575248,0.44519499375
2025-08-31,BKNG,Consumer,-0.03402098391188646,0.3974382333333333
2025-08-31,CMG,Consumer,-0.07000476520329779,0.14044048958333333
2025-08-31,COST,Consumer,-0.0187529243574438,0.6136450270833333
2025-08-31,DG,Consumer,-0.04974259261698866,0.85513992625
2025-08-31,DLTR,Consumer,-0.13556833993401418,0.7611394354166666
2025-08-31,DRI,Consumer,-0.08011971883385449,0.6572108624999999
2025-08-31,EBAY,Consumer,0.0037523582588210314,0.3128360145833334
2025-08-31,HD,Consumer,0.001766960709089771,0.6043006875
2025-08-31,HLT,Consumer,-0.06020417343687012,0.2688542354166667
2025-08-31,KR,Consumer,-0.006338422107641795,0.41617114583333337
2025-08-31,LOW,Consumer,-0.02615670972242612,0.5566661979166666
2025-08-31,LULU,Consumer,-0.12002969653196094,0.75847465625
2025-08-31,MAR,Consumer,-0.027700969534505848,0.3719921708333333
2025-08-31,MCD,Consumer,-0.02527516336710922,0.30051924166666666
2025-08-31,MGM,Consumer,-0.126732147980272,0.6387023583333333
2025-08-31,NKE,Consumer,-0.0940626471103313,0.1295451875
2025-08-31,ORLY,Consumer,0.039834078330069245,0.5717712416666666
2025-08-31,ROST,Consumer,0.03831398259974228,0.63743515625
2025-08-31,SBUX,Consumer,-0.040707566934910844,0.6756430616666667
2025-08-31,TGT,Consumer,-0.0654304129377894,0.49569750833333337
2025-08-31,TJX,Consumer,0.05804841016534379,0.35698811875
2025-08-31,WMT,Consumer,0.06269333563374668,0.46616390416666675
2025-08-31,YUM,Consumer,0.0392452889794499,0.40889884374999996
2025-08-31,BBY,Consumer,0.04014768812003133,0.81228389375
2025-08-31,CCL,Consumer,-0.09344620342971388,0.8792982354166666
2025-08-31,CHDN,Consumer,-0.06478357739214868,0.47861335
2025-08-31,CMCSA,Consumer,-0.07506624678866824,0.7344967291666666
2025-08-31,CZR,Consumer,0.009525556832504556,0.8415278583333333
2025-08-31,DIS,Consumer,-0.03277576661395676,0.45087344166666665
2025-08-31,DKNG,Consumer,-0.2205085059878742,0.9981797499999999
2025-08-31,F,Consumer,0.01614269726483597,0.3268969583333333
2025-08-31,FOX,Consumer,0.055542958120638364,0.6630583666666667
2025-08-31,GM,Consumer,0.0433124804994347,0.1821088291666667
2025-08-31,GRMN,Consumer,0.022009097304688252,0.5396429479166667
2025-08-31,H,Consumer,-0.01628788709585305,0.1957874
2025-08-31,IHG,Consumer,-0.011252419777366685,0.33049269375
2025-08-31,LVS,Consumer,-0.06663195241015452,0.14188032708333334
2025-08-31,NCLH,Consumer,-0.008454146156654185,0.10578428125000003
2025-08-31,NFLX,Consumer,-0.007721900937653126,0.8598029583333333
2025-08-31,PENN,Consumer,-0.047948558344221515,0.2949934708333333
2025-08-31,POOL,Consumer,-0.0020597250767456776,0.6531531375
2025-08-31,RCL,Consumer,-0.1064025684134925,0.3697257104166667
2025-08-31,SIRI,Consumer,-0.015228365915665343,0.8395255783333333
2025-08-31,TSLA,Consumer,0.33201547825406585,0.6325200291666666
2025-08-31,WBD,Consumer,0.677835061048673,0.7719063095833334
2025-08-31,WYNN,Consumer,0.011992219981850738,0.2170638791666667
2025-08-31,APA,Energy,0.045650353522734166,0.8084945130434783
2025-08-31,BA,Energy,-0.08032210428252606,0.515405304347826
2025-08-31,CAT,Energy,0.13867411909872263,0.5613601282608696
2025-08-31,COP,Energy,-0.04425582970634301,0.30824550434782605
2025-08-31,CVX,Energy,-0.03306356212469663,0.2406919347826087
2025-08-31,DE,Energy,-0.041331942322412996,0.20335765217391305
2025-08-31,DVN,Energy,-0.022058696091897034,0.6141359847826087
2025-08-31,EOG,Energy,-0.10174651463954665,0.27316275217391306
2025-08-31,FDX,Energy,0.027053015741729025,0.6726173630434782
2025-08-31,GD,Energy,0.050620888816361065,0.4233636347826087
2025-08-31,GE,Energy,0.09443155767532341,0.1566386239130435
2025-08-31,HAL,Energy,0.09044009632370464,0.2408083956521739
2025-08-31,HON,Energy,-0.041002317310902314,0.5337027065217391
2025-08-31,LMT,Energy,0.10364106914254334,0.583303254347826
2025-08-31,MMM,Energy,-0.002250425728132166,0.6434114043478261
2025-08-31,MPC,Energy,0.07250567515254458,0.6532079913043478
2025-08-31,NOC,Energy,0.03673466996810326,0.4595033152173913
2025-08-31,OXY,Energy,-0.002256622810637876,0.2291751304347826
2025-08-31,PSX,Energy,0.018266249339117913,0.6497184695652174
2025-08-31,RTX,Energy,0.055044095166713936,0.6004994521739131
2025-08-31,SLB,Energy,-0.059580979471200446,0.7533352695652173
2025-08-31,UNP,Energy,0.05725271885304917,0.7612862717391304
2025-08-31,UPS,Energy,-0.04471642955501931,0.2084086543478261
2025-08-31,VLO,Energy,0.12005794182726715,0.7810042847826086
2025-08-31,XOM,Energy,-0.013474443229769317,0.44737165
2025-08-31,AME,Energy,0.018979230144954062,0.2800359652173913
2025-08-31,BE,Energy,0.5974688683153355,1.2030497134782607
2025-08-31,BKR,Energy,0.07312772760911801,0.7631681152173913
2025-08-31,CTRA,Energy,-0.03232412888839098,0.6345631108695652
2025-08-31,EMR,Energy,-0.006212061809677039,0.6097845913043478
2025-08-31,ENPH,Energy,-0.061273244735894905,0.37664435043478267
2025-08-31,ETN,Energy,0.07191938221408312,0.2492492891304348
2025-08-31,FSLR,Energy,0.12982220411364254,0.733787852173913
2025-08-31,FTV,Energy,0.024851040360086563,0.8149288108695651
2025-08-31,GNRC,Energy,-0.09635630825109653,0.09414545652173914
2025-08-31,HUBB,Energy,-0.0015777462833239664,0.29647377391304347
2025-08-31,MTDR,Energy,-0.10782357865434855,0.8407328391304347
2025-08-31,PH,Energy,0.0007922006142857541,0.2690700152173913
2025-08-31,PLUG,Energy,0.4840763349446835,1.1341591917391303
2025-08-31,PR,Energy,-0.09400439323022836,0.4208154152173913
2025-08-31,ROK,Energy,0.017761968995311683,0.6112315891304348
2025-08-31,ROP,Energy,-0.05247864971363547,0.4298310782608695
2025-08-31,SM,Energy,-0.12539405639112933,0.749273672173913
2025-08-31,VRSK,Energy,-0.0603371344942496,0.44250029347826086
2025-08-31,WMB,Energy,0.10380816996839015,0.5064481478260869
2025-08-31,XYL,Energy,0.041960972696636345,0.2652217630434783
2025-09-30,AAPL,Technology,0.061815166304167946,0.24944989380000002
2025-09-30,ADBE,Technology,-0.03526577587925228,0.49845533920000007
2025-09-30,AMAT,Technology,0.138517118993698,0.689190611
2025-09-30,AMD,Technology,0.5830397783886911,0.8486370078000001
2025-09-30,AVGO,Technology,0.12039647230553285,0.7781386751999999
2025-09-30,CDNS,Technology,-0.03578547792162845,0.44985235700000004
2025-09-30,CRM,Technology,0.0987764342787174,0.4075557676
2025-09-30,CRWD,Technology,0.10732494057417696,0.6011303808
2025-09-30,FTNT,Technology,0.027949553079732903,0.2715227176
2025-09-30,GOOGL,Technology,0.15668450932195155,0.359084886
2025-09-30,INTC,Technology,0.19195238711935314,0.33006482300000006
2025-09-30,INTU,Technology,-0.020705519678301476,0.44327043340000005
2025-09-30,KLAC,Technology,0.12065640790933219,0.8078593182
2025-09-30,LRCX,Technology,0.17595224335264725,0.7073258967999999
2025-09-30,META,Technology,-0.11714643166595518,0.4999168588
2025-09-30,MSFT,Technology,-0.00027038377100996325,0.5762365018
2025-09-30,MU,Technology,0.3382149441860687,0.5563196256
2025-09-30,NET,Technology,0.1803905465048563,0.9346246598
2025-09-30,NOW,Technology,-0.0010866092303835062,0.6447968384
2025-09-30,NVDA,Technology,0.08527179462348733,0.7568665856000001
2025-09-30,ORCL,Technology,-0.0646219540443842,0.882521641
2025-09-30,PANW,Technology,0.08162268330480704,0.19671060160000003
2025-09-30,QCOM,Technology,0.08740080668446604,0.2183940316
2025-09-30,SNPS,Technology,-0.0802002597324839,0.647887075
2025-09-30,TXN,Technology,-0.11336646416156415,0.16151693520000002
2025-09-30,ACN,Technology,0.01419301431151454,0.4761463276
2025-09-30,ADI,Technology,-0.04708992062737882,0.21150355620000003
2025-09-30,ANET,Technology,0.08221807134402481,0.6716737328
2025-09-30,CGNX,Technology,-0.08631353209570736,0.4408761424
2025-09-30,COHU,Technology,0.17019188415179043,0.22953323600000003
2025-09-30,CSCO,Technology,0.07499936499930593,0.4927726398
2025-09-30,DELL,Technology,0.14683806469115734,0.7003929884
2025-09-30,ENTG,Technology,-0.008544759946624958,0.38734713239999996
2025-09-30,FORM,Technology,0.5087864779135092,0.06417321040000001
2025-09-30,HPQ,Technology,0.01615865521541826,0.16240838960000004
2025-09-30,IBM,Technology,0.08948820050173034,0.5868286324
2025-09-30,IPGP,Technology,0.07488319386735043,0.38734278720000004
2025-09-30,KEYS,Technology,0.04596391852895221,0.6113416008
2025-09-30,MCHP,Technology,-0.028028662663266757,0.7513079952
2025-09-30,MKSI,Technology,0.16110544204970623,0.7682063386
2025-09-30,MPWR,Technology,0.09163195371171273,0.4487287808
2025-09-30,MRVL,Technology,0.11576151965339299,0.4059935708
2025-09-30,NXPI,Technology,-0.08171956983084394,0.1980112796
2025-09-30,ONTO,Technology,0.04442041045457312,0.5146771814
2025-09-30,QRVO,Technology,0.042160696757708394,0.8086551644000001
2025-09-30,STX,Technology,0.08396179542568016,0.9057934528
2025-09-30,SWKS,Technology,0.009612894449579024,0.5481571484000001
2025-09-30,TER,Technology,0.32054632535520233,0.2323319576
2025-09-30,VRSN,Technology,-0.14225411909364494,0.3947022834
2025-09-30,WDC,Technology,0.25112445080244195,0.8357800032
2025-09-30,AXP,Financials,0.08876457747681443,0.2086356948979592
2025-09-30,BAC,Financials,0.03605354905919289,0.6794791957142857
2025-09-30,BK,Financials,-0.004567548522131593,0.800997592244898
2025-09-30,BLK,Financials,-0.07124284960395366,0.44928135306122446
2025-09-30,C,Financials,-0.0026600609098351713,0.6973690893877551
2025-09-30,CFG,Financials,-0.034424441648802206,0.47331775653061225
2025-09-30,CME,Financials,-0.01739509187542798,0.4925023887755102
2025-09-30,COF,Financials,0.034857478581771906,0.8168522259183673
2025-09-30,FITB,Financials,-0.065768760982169,0.205207696122449
2025-09-30,GS,Financials,-0.00876488039355594,0.7260114281632652
2025-09-30,HBAN,Financials,-0.10596413592719045,0.5588794506122449
2025-09-30,ICE,Financials,-0.131707010339718,0.6719127759183673
2025-09-30,JPM,Financials,-0.008868559313091606,0.5992087504081633
2025-09-30,KEY,Financials,-0.058855055867263695,0.5942601914285714
2025-09-30,MCO,Financials,0.00801703698339451,0.7115690469387755
2025-09-30,MS,Financials,0.037986958973525775,0.8716225063265306
2025-09-30,MTB,Financials,-0.06957792736014634,0.4129816897959183
2025-09-30,PNC,Financials,-0.08313592519883417,0.5226802785714286
2025-09-30,RF,Financials,-0.08229047673866008,0.45226612326530613
2025-09-30,SCHW,Financials,-0.009950890743808283,0.8788691624489795
2025-09-30,SPGI,Financials,0.0010273103084172952,0.5448749367346938
2025-09-30,STT,Financials,0.004254539650123901,0.5084269851020409
2025-09-30,TFC,Financials,-0.023840778082216296,0.3152355606122449
2025-09-30,USB,Financials,-0.034140367952262274,0.18706073446938776
2025-09-30,WFC,Financials,0.037580691488348306,0.7393632997959183
2025-09-30,AFL,Financials,-0.04037594149996415,0.4089019089795919
2025-09-30,AJG,Financials,-0.19451794730426275,0.28856010755102046
2025-09-30,ALL,Financials,-0.10775684002376607,0.4338678626530612
2025-09-30,AMTD,Financials,0.14666663275824643,0.2896849920408163
2025-09-30,AON,Financials,-0.04459024496145847,0.26086890142857144
2025-09-30,CB,Financials,-0.018813114417040255,0.2197465767346939
2025-09-30,FDS,Financials,-0.06872836127409931,0.42857087816326533
2025-09-30,FNF,Financials,-0.0867911928115197,0.23796935653061224
2025-09-30,GL,Financials,-0.07837217439417588,0.49048814385714284
2025-09-30,HIG,Financials,-0.06904572312963186,0.5996211944897959
2025-09-30,IBKR,Financials,0.022525805424178813,0.872239902632653
2025-09-30,LPLA,Financials,0.1341188178586541,0.8515156561224488
2025-09-30,MET,Financials,-0.03095788997450366,0.29262782551020405
2025-09-30,MSCI,Financials,0.037257123617371546,0.37874555959183676
2025-09-30,NDAQ,Financials,-0.0334652472339827,0.5578508659183673
2025-09-30,PGR,Financials,-0.1654844513299849,0.31980721938775514
2025-09-30,PRU,Financials,0.0025062558211688124,0.5377825393877551
2025-09-30,RJF,Financials,-0.07803607801732615,0.7392313983673469
2025-09-30,SEIC,Financials,-0.04997050202468922,0.6800003691836735
2025-09-30,SF,Financials,0.04371191553820619,0.651560124877551
2025-09-30,SYF,Financials,0.046868235115338,0.5192090669387754
2025-09-30,TRV,Financials,-0.037962905451807916,0.37382619714285714
2025-09-30,UNM,Financials,-0.05033855928487774,0.5281185718367347
2025-09-30,WTW,Financials,-0.09364601555654828,0.12833663142857146
2025-09-30,ABBV,Healthcare,-0.05151649060407304,0.26719281934782607
2025-09-30,ABT,Healthcare,-0.07294528339924944,0.5140295606521739
2025-09-30,AMGN,Healthcare,0.05751223342538103,0.5197560576086956
2025-09-30,BAX,Healthcare,-0.18884508587008153,0.14480198673913044
2025-09-30,BIIB,Healthcare,0.10129927367162872,0.44644587826086957
2025-09-30,BMY,Healthcare,0.035547524936981434,0.33336375673913043
2025-09-30,BSX,Healthcare,0.03165014907523189,0.7344732491304348
2025-09-30,CI,Healthcare,-0.15209013232303714,0.2415110817391304
2025-09-30,CVS,Healthcare,0.04508394519646153,0.6797315
2025-09-30,DHR,Healthcare,0.08635133679163065,0.3834211984782609
2025-09-30,EW,Healthcare,0.06017745283769438,0.6409314947826087
2025-09-30,GILD,Healthcare,0.07918926572738072,0.597788752826087
2025-09-30,HUM,Healthcare,0.06926238850842226,0.44612229000000003
2025-09-30,ISRG,Healthcare,0.19464261380528858,0.8373044180434782
2025-09-30,JNJ,Healthcare,0.018606353454776903,0.696426359347826
2025-09-30,LLY,Healthcare,0.13087813536663062,0.35967185521739137
2025-09-30,MDT,Healthcare,-0.04766902278661933,0.5487217054347826
2025-09-30,MRK,Healthcare,0.02442514390970585,0.33153346152173907
2025-09-30,PFE,Healthcare,-0.03257455367388207,0.49647341999999994
2025-09-30,REGN,Healthcare,0.15922948902688483,0.1761207901304348
2025-09-30,SYK,Healthcare,-0.036329860709449546,0.7898363913043479
2025-09-30,TMO,Healthcare,0.16982815803944007,0.7194526376086956
2025-09-30,UNH,Healthcare,-0.010831184342193545,0.4644925265217391
2025-09-30,VRTX,Healthcare,0.08663566389210531,0.33090517847826084
2025-09-30,ZBH,Healthcare,0.020913688080218762,0.2944252252173913
2025-09-30,A,Healthcare,0.14031933565254273,0.563712340652174
2025-09-30,ACAD,Healthcare,0.06373011249424176,0.9371010836956521
2025-09-30,ALGN,Healthcare,0.10110208863355497,0.28380980252173915
2025-09-30,ALKS,Healthcare,0.023333358764648482,0.5460428006521739
2025-09-30,BDX,Healthcare,-0.04519959799821749,0.4006157245652174
2025-09-30,DGX,Healthcare,-0.07266605903425072,0.4309333552173913
2025-09-30,DXCM,Healthcare,-0.1347897097848202,0.9994451658695652
2025-09-30,FOLD,Healthcare,0.14593903576508582,0.31155581304347835
2025-09-30,HOLX,Healthcare,0.09512529265890346,0.8551254110869565
2025-09-30,IDXX,Healthcare,-0.014681720903047868,0.6654884528260869
2025-09-30,INSP,Healthcare,-0.028571363940436467,0.17703157295652172
2025-09-30,IQV,Healthcare,0.13962305955346066,0.7118142302173912
2025-09-30,MASI,Healthcare,-0.046763869959752125,0.6719244660869564
2025-09-30,MTD,Healthcare,0.15369706662731608,0.6846196673913043
2025-09-30,NBIX,Healthcare,0.020159579232221336,0.8272403445652174
2025-09-30,NTRA,Healthcare,0.23582028432137392,0.2767919717391305
2025-09-30,NVCR,Healthcare,-0.008513905265300825,0.07919538152173913
2025-09-30,PODD,Healthcare,0.013863241754901612,0.8039944132608695
2025-09-30,RARE,Healthcare,0.15026590963694875,0.26899665447826093
2025-09-30,RMD,Healthcare,-0.09808944643937656,0.7567269449999999
2025-09-30,WAT,Healthcare,0.16607187535562784,0.6410644715217392
2025-09-30,AMZN,Consumer,0.11226484981660545,0.7701988770833335
2025-09-30,AZO,Consumer,-0.14353748720182935,0.352308498125
2025-09-30,BKNG,Consumer,-0.059550624774737715,0.68798147
2025-09-30,CMG,Consumer,-0.19137530889169074,0.435882146875
2025-09-30,COST,Consumer,-0.013926211283457945,0.5195101747916666
2025-09-30,DG,Consumer,-0.039605425023740315,0.797791977875
2025-09-30,DLTR,Consumer,0.050333791053874366,0.8700084972916666
2025-09-30,DRI,Consumer,-0.045969932775129174,0.6200799254166667
2025-09-30,EBAY,Consumer,-0.1059923177557448,0.7209341377083334
2025-09-30,HD,Consumer,-0.0631802473273535,0.35629020625
2025-09-30,HLT,Consumer,-0.009559144920409768,0.6202396039583333
2025-09-30,KR,Consumer,-0.05607478292033319,0.5040180104166666
2025-09-30,LOW,Consumer,-0.047786341340247174,0.26908319270833336
2025-09-30,LULU,Consumer,-0.04153318548781304,0.5192090635416667
2025-09-30,MAR,Consumer,0.0005374483337041713,0.22826431791666668
2025-09-30,MCD,Consumer,-0.017967017968541832,0.2797391058333333
2025-09-30,MGM,Consumer,-0.07588000806963657,0.6582773741666667
2025-09-30,NKE,Consumer,-0.07371288263479481,0.34511355624999995
2025-09-30,ORLY,Consumer,-0.1240144274182089,0.6090313725000001
2025-09-30,ROST,Consumer,0.04285058704938183,0.42456388020833336
2025-09-30,SBUX,Consumer,-0.044089772250853754,0.5235262518333333
2025-09-30,TGT,Consumer,0.03366793095993059,0.6007925858333334
2025-09-30,TJX,Consumer,-0.03044143682630518,0.3550131022916667
2025-09-30,WMT,Consumer,-0.018241876450281413,0.40234917125
2025-09-30,YUM,Consumer,-0.09072364405969902,0.26850298645833337
2025-09-30,BBY,Consumer,0.08622052751788956,0.25826850145833335
2025-09-30,CCL,Consumer,-0.0027672053227907334,0.950039470625
2025-09-30,CHDN,Consumer,0.022574935495278003,0.6685840049999999
2025-09-30,CMCSA,Consumer,-0.10453521647073472,0.35159901875
2025-09-30,CZR,Consumer,-0.25624419370249585,0.3253750241666667
2025-09-30,DIS,Consumer,-0.016419190433199837,0.8206786991666666
2025-09-30,DKNG,Consumer,-0.18208559078744524,1.119453925
2025-09-30,F,Consumer,0.09782615342480905,0.5939024208333333
2025-09-30,FOX,Consumer,0.0195496035265883,0.40308417666666674
2025-09-30,GM,Consumer,0.13318022964045761,0.4192159820833333
2025-09-30,GRMN,Consumer,-0.1311022455656411,0.3223095510416667
2025-09-30,H,Consumer,-0.03184652796844145,0.40873622
2025-09-30,IHG,Consumer,0.0016493593117581362,0.1283144747916667
2025-09-30,LVS,Consumer,0.10336488117166476,0.5967307647916666
2025-09-30,NCLH,Consumer,-0.0897279399015567,0.7025686177083333
2025-09-30,NFLX,Consumer,-0.06677673921714511,0.9604408875
2025-09-30,PENN,Consumer,-0.14537908157500257,0.14683137458333334
2025-09-30,POOL,Consumer,-0.13871057000828713,0.28344594125
2025-09-30,RCL,Consumer,-0.11357306644396714,0.5192510464583333
2025-09-30,SIRI,Consumer,-0.06829898769512355,0.29560767350000006
2025-09-30,TSLA,Consumer,0.026623485126352042,0.7001726754166666
2025-09-30,WBD,Consumer,0.14951356751823486,0.8294885595416667
2025-09-30,WYNN,Consumer,-0.07234752328944061,0.3422024970833333
2025-09-30,APA,Energy,-0.05668938029636217,0.2577657452173914
2025-09-30,BA,Energy,-0.06861880847402568,0.6567955043478261
2025-09-30,CAT,Energy,0.21328407703147612,0.761886299347826
2025-09-30,COP,Energy,-0.06057725233898492,0.30551712956521737
2025-09-30,CVX,Energy,0.015648265431278174,0.3309032326086956
2025-09-30,DE,Energy,0.009556901026772868,0.6240507739130434
2025-09-30,DVN,Energy,-0.07330285661448643,0.26032775195652175
2025-09-30,EOG,Energy,-0.04694743145758884,0.3710792604347826
2025-09-30,FDX,Energy,0.07637506136064864,0.3235243393478261
2025-09-30,GD,Energy,0.015882481965140638,0.5987482208695651
2025-09-30,GE,Energy,0.02702608138093887,0.6709046306521739
2025-09-30,HAL,Energy,0.09105686378081845,0.13311208391304347
2025-09-30,HON,Energy,0.014779803231943722,0.6470673336956522
2025-09-30,LMT,Energy,-0.014683206703859364,0.2206431502173913
2025-09-30,MMM,Energy,0.07294759078547552,0.5582408126086956
2025-09-30,MPC,Energy,0.011258604043130616,0.7742232669565218
2025-09-30,NOC,Energy,-0.042457223033100955,0.518285777173913
2025-09-30,OXY,Energy,-0.12804240013413215,0.2057090608695652
2025-09-30,PSX,Energy,0.0008821746986502621,0.37752423652173916
2025-09-30,RTX,Energy,0.06675427728678596,0.69754114
2025-09-30,SLB,Energy,0.049170905227391204,0.3173049286956522
2025-09-30,UNP,Energy,-0.06769046964310976,0.47186414239130436
2025-09-30,UPS,Energy,0.1543157868950078,0.16904433543478262
2025-09-30,VLO,Energy,-0.004111393717192269,0.5843012854347827
2025-09-30,XOM,Energy,0.014279376957383905,0.5298636689130434
2025-09-30,AME,Energy,0.07505314442639555,0.3883586156521739
2025-09-30,BE,Energy,0.5627291490956186,0.8304801314347826
2025-09-30,BKR,Energy,-0.006362901025862122,0.7615591302173914
2025-09-30,CTRA,Energy,0.000422822519325905,0.3577602376086957
2025-09-30,EMR,Energy,0.06395795429678208,0.8677179860869565
2025-09-30,ENPH,Energy,-0.13789203856821763,0.2651672181739131
2025-09-30,ETN,Energy,0.0195325020646826,0.7291226128260869
2025-09-30,FSLR,Energy,0.21044757592619323,0.8897015730434783
2025-09-30,FTV,Energy,0.02755663618449189,0.5483916867391304
2025-09-30,GNRC,Energy,0.003703765821879035,0.7282436369565217
2025-09-30,HUBB,Energy,0.09223581414334325,0.6976377843478261
2025-09-30,MTDR,Energy,-0.12174492799396708,0.5104807213043479
2025-09-30,PH,Energy,0.019362888220193275,0.5068079610869565
2025-09-30,PLUG,Energy,0.15450650012974876,0.9011173227391305
2025-09-30,PR,Energy,-0.018749965350270625,0.5827663636956522
2025-09-30,ROK,Energy,0.05387231797397107,0.8224999115217392
2025-09-30,ROP,Energy,-0.10387029978571027,0.46373193217391306
2025-09-30,SM,Energy,-0.15564618394085372,0.2552168842608696
2025-09-30,VRSK,Energy,-0.13021348888550688,0.330576175
2025-09-30,WMB,Energy,-0.08650358006683456,0.5932387921739131
2025-09-30,XYL,Energy,0.02271200170463894,0.6273926158695652
2025-10-31,AAPL,Technology,0.03236424005075422,0.18683496814
2025-10-31,ADBE,Technology,-0.05929885345876951,0.75153660176
2025-10-31,AMAT,Technology,0.08427480587177305,0.6127571833000001
2025-10-31,AMD,Technology,-0.15067154878022626,0.9145911023400001
2025-10-31,AVGO,Technology,0.09017126646865492,0.58344160256
2025-10-31,CDNS,Technology,-0.07927605158100504,0.5829557071
2025-10-31,CRM,Technology,-0.11470374000807237,0.80826673028
2025-10-31,CRWD,Technology,-0.06233772029013984,0.22233911424000002
2025-10-31,FTNT,Technology,-0.0613213355668637,0.69745681528
2025-10-31,GOOGL,Technology,0.13866057550838806,0.30372546580000004
2025-10-31,INTC,Technology,0.014253555161292786,0.30901944690000005
2025-10-31,INTU,Technology,-0.05013856424817287,0.51098113002
2025-10-31,KLAC,Technology,-0.025892917193715448,0.5363577954600001
2025-10-31,LRCX,Technology,-0.00927219791547318,0.26819776904000003
2025-10-31,META,Technology,-0.0006168887195739936,0.28997505764
2025-10-31,MSFT,Technology,-0.048046756730589224,0.43887095053999997
2025-10-31,MU,Technology,0.05679935450377682,0.40489588768
2025-10-31,NET,Technology,-0.20959335056558426,0.78638739794
2025-10-31,NOW,Technology,-0.11625406759808776,0.62743905152
2025-10-31,NVDA,Technology,-0.1258828143464189,0.61905997568
2025-10-31,ORCL,Technology,-0.23098886590185075,0.8407564922999999
2025-10-31,PANW,Technology,-0.13671449264146573,0.57701318048
2025-10-31,QCOM,Technology,-0.07081253367656593,0.34551820948
2025-10-31,SNPS,Technology,-0.07890793041438193,0.29236612250000005
2025-10-31,TXN,Technology,0.042177593055693796,0.20245508056
2025-10-31,ACN,Technology,-0.00039980987803578394,0.63284389828
2025-10-31,ADI,Technology,0.1333020080544718,0.39945106686
2025-10-31,ANET,Technology,-0.17128549272273152,0.42550211983999997
2025-10-31,CGNX,Technology,-0.07743388087169256,0.77626284272
2025-10-31,COHU,Technology,0.02227821601095248,0.7688599708
2025-10-31,CSCO,Technology,0.052386849824040294,0.32983179194
2025-10-31,DELL,Technology,-0.1769025787125481,0.67211789652
2025-10-31,ENTG,Technology,-0.1575843407314147,0.18620413972
2025-10-31,FORM,Technology,0.0012738797789322298,0.14525196312
2025-10-31,HPQ,Technology,-0.11745572435721408,0.37072251688
2025-10-31,IBM,Technology,0.009340638725990447,0.26004858972
2025-10-31,IPGP,Technology,-0.06437973660842766,0.53620283616
2025-10-31,KEYS,Technology,0.0819304202246669,0.43540248024000006
2025-10-31,MCHP,Technology,-0.13387889998350688,0.88339239856
2025-10-31,MKSI,Technology,0.08989823329543611,0.90246190158
2025-10-31,MPWR,Technology,-0.07644782768320446,0.70861863424
2025-10-31,MRVL,Technology,-0.046298185615829324,0.13579807124
2025-10-31,NXPI,Technology,-0.06780789461353687,0.42340338388
2025-10-31,ONTO,Technology,0.060758717696474784,0.18240315442000002
2025-10-31,QRVO,Technology,-0.09513273233765396,0.55059654932
2025-10-31,STX,Technology,0.08132707112519877,0.86173803584
2025-10-31,SWKS,Technology,-0.1417937493400081,0.69644714452
2025-10-31,TER,Technology,0.0014715259971693762,0.65769958728
2025-10-31,VRSN,Technology,0.054078133909065906,0.62241068502
2025-10-31,WDC,Technology,0.08734433275410947,0.41873400096
2025-10-31,AXP,Financials,0.012585488192471628,0.14830499418367346
2025-10-31,BAC,Financials,0.0037418469724912473,0.40384375871428574
2025-10-31,BK,Financials,0.038636124999278154,0.3831564205306123
2025-10-31,BLK,Financials,-0.0327942840622053,0.4633558344897959
2025-10-31,C,Financials,0.029513986066194153,0.33778215538775513
2025-10-31,CFG,Financials,0.06349517466639765,0.4419953269591837
2025-10-31,CME,Financials,0.06015282338995975,0.5048935737755103
2025-10-31,COF,Financials,-0.00039474709592146606,0.43076995348979596
2025-10-31,FITB,Financials,0.044209536886624656,0.44727659455102037
2025-10-31,GS,Financials,0.04645471214899444,0.26066057130612247
2025-10-31,HBAN,Financials,0.05569942927561611,0.5819495494693877
2025-10-31,ICE,Financials,0.07526146702812886,0.4872881184897959
2025-10-31,JPM,Financials,0.006299787319908878,0.20833405369387759
2025-10-31,KEY,Financials,0.044911830259145136,0.6639923431428572
2025-10-31,MCO,Financials,0.02384795861680966,0.45632785693877553
2025-10-31,MS,Financials,0.03451226659385398,0.3486296090408164
2025-10-31,MTB,Financials,0.03453529120184706,0.652465935510204
2025-10-31,PNC,Financials,0.04475485872003815,0.428232655
2025-10-31,RF,Financials,0.0516529214700876,0.24996555126530612
2025-10-31,SCHW,Financials,-0.016152022371248353,0.6079464630204082
2025-10-31,SPGI,Financials,0.025863111260520988,0.3206053381632653
2025-10-31,STT,Financials,0.02905063839818922,0.6953852383877551
2025-10-31,TFC,Financials,0.05399088567696664,0.5945706681836734
2025-10-31,USB,Financials,0.05077121235146853,0.28468964891224485
2025-10-31,WFC,Financials,-0.007688163346064925,0.7789518470816326
2025-10-31,AFL,Financials,0.03447571961618179,0.7083848584081633
2025-10-31,AJG,Financials,-0.007495280811767424,0.4865680322653061
2025-10-31,ALL,Financials,0.11205098012587333,0.34444607308163266
2025-10-31,AMTD,Financials,-0.17054257047025012,0.7869054976122448
2025-10-31,AON,Financials,0.03886346632800519,0.6496892418571428
2025-10-31,CB,Financials,0.06947345618839851,0.508781115877551
2025-10-31,FDS,Financials,0.0433800335282859,0.7714284063061224
2025-10-31,FNF,Financials,0.07585080546232681,0.49996223553061225
2025-10-31,GL,Financials,0.02448490458787833,0.6042893002999999
2025-10-31,HIG,Financials,0.10347882185469826,0.6513149297755102
2025-10-31,IBKR,Financials,-0.07589547914160599,0.9631005422183674
2025-10-31,LPLA,Financials,-0.055620496423714916,0.9711689825510204
2025-10-31,MET,Financials,-0.03391427271296632,0.3449312047959183
2025-10-31,MSCI,Financials,-0.03917190916359048,0.4850522393061225
2025-10-31,NDAQ,Financials,0.06351623525017125,0.1816409740612245
2025-10-31,PGR,Financials,0.11063092996588075,0.7102278801020407
2025-10-31,PRU,Financials,0.054619934287865934,0.8184776189591837
2025-10-31,RJF,Financials,-0.01342404667360586,0.2931979909387755
2025-10-31,SEIC,Financials,0.003101334906268516,0.5468572536122449
2025-10-31,SF,Financials,0.030144463924750786,0.36689660889183673
2025-10-31,SYF,Financials,0.044338933323337715,0.25576272008163264
2025-10-31,TRV,Financials,0.09023899431833726,0.7407192877142857
2025-10-31,UNM,Financials,0.034731786566738476,0.7584355715510205
2025-10-31,WTW,Financials,0.025231471788620397,0.5527867037142857
2025-10-31,ABBV,Healthcare,0.04430383483406786,0.6432013240652174
2025-10-31,ABT,Healthcare,0.042711392609226406,0.6716001725434781
2025-10-31,AMGN,Healthcare,0.16584780713402836,0.2776659477173913
2025-10-31,BAX,Healthcare,0.01515517705487568,0.19561450906521738
2025-10-31,BIIB,Healthcare,0.18033312565607984,0.37741202434782606
2025-10-31,BMY,Healthcare,0.06794015017981891,0.20653086615217392
2025-10-31,BSX,Healthcare,0.008538528593412975,0.6464289312608695
2025-10-31,CI,Healthcare,0.13448699143957277,0.4072359332173913
2025-10-31,CVS,Healthcare,0.028279001823897643,0.736528145652174
2025-10-31,DHR,Healthcare,0.05292959129931307,0.6019828812826087
2025-10-31,EW,Healthcare,0.05118255156943463,0.5574968397391304
2025-10-31,GILD,Healthcare,0.0505049931943955,0.7271627128043479
2025-10-31,HUM,Healthcare,-0.11653906913898193,0.2707932087391305
2025-10-31,ISRG,Healthcare,0.07336967324693577,0.9507565428043478
2025-10-31,JNJ,Healthcare,0.10252438770214112,0.6806670382391304
2025-10-31,LLY,Healthcare,0.24823199290136233,0.19920590439130437
2025-10-31,MDT,Healthcare,0.16130107262333127,0.6059208594565217
2025-10-31,MRK,Healthcare,0.2192370638386838,0.49511221236956515
2025-10-31,PFE,Healthcare,0.06260611469676802,0.42285506947826085
2025-10-31,REGN,Healthcare,0.19847836796426588,0.7376188457347825
2025-10-31,SYK,Healthcare,0.04193814777436011,0.46521178695652177
2025-10-31,TMO,Healthcare,0.04131203596912436,0.535401008673913
2025-10-31,UNH,Healthcare,-0.03451799242638842,0.18499993186956523
2025-10-31,VRTX,Healthcare,0.018892257182068217,0.38840198832608697
2025-10-31,ZBH,Healthcare,-0.030230761010421214,0.2557188719130435
2025-10-31,A,Healthcare,0.048783840112853305,0.4734615282826087
2025-10-31,ACAD,Healthcare,0.10308370369785314,0.3872172816304348
2025-10-31,ALGN,Healthcare,0.06752246322087485,0.7851429407565217
2025-10-31,ALKS,Healthcare,-0.03648211112051325,0.3768563184565218
2025-10-31,BDX,Healthcare,0.08566960527675027,0.31801080432608697
2025-10-31,DGX,Healthcare,0.0751917790671548,0.6314539196086957
2025-10-31,DXCM,Healthcare,0.09017519563591314,1.0889639845434782
2025-10-31,FOLD,Healthcare,0.09966784040075027,0.35216239608695654
2025-10-31,HOLX,Healthcare,0.014341733271177937,0.6974071885434783
2025-10-31,IDXX,Healthcare,0.1959778132251142,0.8083421880217391
2025-10-31,INSP,Healthcare,0.725998897082561,0.11397903710434783
2025-10-31,IQV,Healthcare,0.0625981122271706,0.8070225299347825
2025-10-31,MASI,Healthcare,0.012655519776324509,0.5515773398260869
2025-10-31,MTD,Healthcare,0.04266776576401399,0.8292989436956522
2025-10-31,NBIX,Healthcare,0.062495611540080764,0.7046938425
2025-10-31,NTRA,Healthcare,0.2004725599513264,0.6612984610869566
2025-10-31,NVCR,Healthcare,0.0,0.03897600576086957
2025-10-31,PODD,Healthcare,0.04530204221391809,0.6216331065869565
2025-10-31,RARE,Healthcare,0.004335304407342644,0.11113377895217394
2025-10-31,RMD,Healthcare,0.038717179940949364,0.40962677915217394
2025-10-31,WAT,Healthcare,0.15394738668363406,0.8466671675434783
2025-10-31,AMZN,Consumer,-0.04504135592915348,0.3331429964583334
2025-10-31,AZO,Consumer,0.07617512149956829,0.3536092161041667
2025-10-31,BKNG,Consumer,-0.03211077382967298,0.3230611076666667
2025-10-31,CMG,Consumer,0.08930261521026539,0.8015979773958333
2025-10-31,COST,Consumer,0.002347961375350316,0.6079363857708333
2025-10-31,DG,Consumer,0.10977082015631545,0.7789209266958333
2025-10-31,DLTR,Consumer,0.1179377974988487,0.7139192158541667
2025-10-31,DRI,Consumer,-0.003164069869569408,0.44852397762499996
2025-10-31,EBAY,Consumer,0.021794185748140738,0.7850302413125
2025-10-31,HD,Consumer,-0.05972224100261325,0.3985537285416667
2025-10-31,HLT,Consumer,0.10986867095097486,0.2152385478541667
2025-10-31,KR,Consumer,0.0630025574638895,0.544955403125
2025-10-31,LOW,Consumer,0.018267255280381534,0.3869749578125
2025-10-31,LULU,Consumer,0.07998123564343751,0.8411793857291666
2025-10-31,MAR,Consumer,0.17242400961265236,0.14139596204166668
2025-10-31,MCD,Consumer,0.044868099231758496,0.49225506508333333
2025-10-31,MGM,Consumer,0.1017796522158354,0.6641498789166667
2025-10-31,NKE,Consumer,0.0006192586940929612,0.278534066875
2025-10-31,ORLY,Consumer,0.07687414569202589,0.32854274508333337
2025-10-31,ROST,Consumer,0.10974067323716907,0.47736916406249996
2025-10-31,SBUX,Consumer,0.08494268497378576,0.7549745422166667
2025-10-31,TGT,Consumer,-0.010329284503396652,0.8219044424166666
2025-10-31,TJX,Consumer,0.08718864970564355,0.3252539306875
2025-10-31,WMT,Consumer,0.09221200456176315,0.4998714180416666
2025-10-31,YUM,Consumer,0.10853047834768392,0.24096756260416669
2025-10-31,BBY,Consumer,-0.03481857330706939,0.6024805504374999
2025-10-31,CCL,Consumer,-0.10579253544905998,0.9720951745208335
2025-10-31,CHDN,Consumer,0.09969754627525007,0.8130752014999999
2025-10-31,CMCSA,Consumer,-0.041307542078357296,0.2950630389583333
2025-10-31,CZR,Consumer,0.15771144358864686,0.79761250725
2025-10-31,DIS,Consumer,-0.0723672629489569,0.30453694308333334
2025-10-31,DKNG,Consumer,0.08401437339014861,1.1420861775
2025-10-31,F,Consumer,0.023121494179056956,0.4552540595833333
2025-10-31,FOX,Consumer,-0.002568092501231578,0.252175253
2025-10-31,GM,Consumer,0.06411923462802238,0.6361814612916666
2025-10-31,GRMN,Consumer,-0.08703373628547317,0.5779428653124999
2025-10-31,H,Consumer,0.1974799138847827,0.21012086600000002
2025-10-31,IHG,Consumer,0.10472573476012004,0.0822443424375
2025-10-31,LVS,Consumer,0.15311151769192022,0.7331858961041666
2025-10-31,NCLH,Consumer,-0.17662805434191076,0.4441039186458333
2025-10-31,NFLX,Consumer,-0.03848559868782542,0.9039655995833334
2025-10-31,PENN,Consumer,-0.09842035370542468,0.24821607904166668
2025-10-31,POOL,Consumer,-0.08333986030207508,0.522533782375
2025-10-31,RCL,Consumer,-0.07174990310985441,0.7391086472708334
2025-10-31,SIRI,Consumer,-0.007549875521426164,0.40951563538333335
2025-10-31,TSLA,Consumer,-0.05780178787448975,0.5454684692916667
2025-10-31,WBD,Consumer,0.0690422799280832,0.26342990119583337
2025-10-31,WYNN,Consumer,0.083679500077527,0.4672440824583333
2025-10-31,APA,Energy,0.1024282397104197,0.2751558105217391
2025-10-31,BA,Energy,-0.059795065252158275,0.24269082521739133
2025-10-31,CAT,Energy,-0.0025984779281746917,0.5176963245869566
2025-10-31,COP,Energy,0.007347825973048394,0.21339426930434782
2025-10-31,CVX,Energy,-0.031081055450757233,0.418836187173913
2025-10-31,DE,Energy,0.0061954341763810206,0.6589543626086956
2025-10-31,DVN,Energy,0.1406586457048482,0.35201136906521735
2025-10-31,EOG,Energy,0.018990976101718182,0.20262812595652174
2025-10-31,FDX,Energy,0.08612389623639238,0.5231442583260869
2025-10-31,GD,Energy,-0.009480917089348395,0.483972292347826
2025-10-31,GE,Energy,-0.033985976588032596,0.41431486745652174
2025-10-31,HAL,Energy,-0.02309987024611848,0.6334118860434782
2025-10-31,HON,Energy,-0.03968052743193606,0.5897723740217391
2025-10-31,LMT,Energy,-0.06916318955052758,0.21836685810869566
2025-10-31,MMM,Energy,0.037773602272523465,0.228341809
2025-10-31,MPC,Energy,-0.0010495599803008737,0.8409626322608695
2025-10-31,NOC,Energy,-0.01919609806346756,0.7033118201086956
2025-10-31,OXY,Energy,0.01941751842507,0.19866924
2025-10-31,PSX,Energy,0.01457781201761188,0.46325727095652175
2025-10-31,RTX,Energy,-0.016239135857609055,0.45274060286956525
2025-10-31,SLB,Energy,0.004991615039132036,0.7191045220869565
2025-10-31,UNP,Energy,0.05200345040684251,0.4763418514130435
2025-10-31,UPS,Energy,0.01073644482416336,0.7050611267173913
2025-10-31,VLO,Energy,0.04903637420202012,0.5557251682391304
2025-10-31,XOM,Energy,0.0225070230499389,0.3263504050217391
2025-10-31,AME,Energy,-0.020879653272323107,0.29911628034782606
2025-10-31,BE,Energy,-0.17342618918912056,1.0991440394304348
2025-10-31,BKR,Energy,0.041902550032178576,0.6849894781956523
2025-10-31,CTRA,Energy,0.1440362918455047,0.6855889408478261
2025-10-31,EMR,Energy,-0.040203789967856673,0.30553278713043486
2025-10-31,ENPH,Energy,-0.0544083852821704,0.10998494806086959
2025-10-31,ETN,Energy,-0.09098174179058238,0.4469976534130435
2025-10-31,FSLR,Energy,0.02240207886279899,0.9816930806086956
2025-10-31,FTV,Energy,0.06357462410323467,0.5297348973260869
2025-10-31,GNRC,Energy,-0.09754790484989184,0.7815165693478261
2025-10-31,HUBB,Energy,-0.07901152163033776,0.6505956831304348
2025-10-31,MTDR,Energy,0.08484426324870098,0.792274651173913
2025-10-31,PH,Energy,0.11740419187208162,0.25856412745652174
2025-10-31,PLUG,Energy,-0.25278812352882885,1.0899004142130435
2025-10-31,PR,Energy,0.1536622793320528,0.2509168656304348
2025-10-31,ROK,Energy,0.07860197005566127,0.5054456256304348
2025-10-31,ROP,Energy,0.00015688070311692393,0.6565108839999999
2025-10-31,SM,Energy,-0.08808046683046689,0.5787389783217392
2025-10-31,VRSK,Energy,0.028844447163278497,0.631781548152174
2025-10-31,WMB,Energy,0.052877157153260024,0.6649281593913043
2025-10-31,XYL,Energy,-0.06484697323081168,0.599087349978261
2025-11-30,AAPL,Technology,-0.025067328015739188,0.126050490442
2025-11-30,ADBE,Technology,0.09327456001037171,0.813460980528
2025-11-30,AMAT,Technology,0.018790900342950057,0.56182715499
2025-11-30,AMD,Technology,-0.015492093670292584,0.614377330702
2025-11-30,AVGO,Technology,-0.13946237922093252,0.595032480768
2025-11-30,CDNS,Technology,0.0023729805126511128,0.46888671213
2025-11-30,CRM,Technology,0.15093950895512576,0.298480019084
2025-11-30,CRWD,Technology,-0.07934636186249766,0.150701734272
2025-11-30,FTNT,Technology,-0.0212004640643092,0.6432370445840001
2025-11-30,GOOGL,Technology,-0.021785412139472493,0.30111763974
2025-11-30,INTC,Technology,-0.09023667957324677,0.6527058340699999
2025-11-30,INTU,Technology,0.04469466722887949,0.5172943390060001
2025-11-30,KLAC,Technology,0.03369715608497237,0.28690733863800005
2025-11-30,LRCX,Technology,0.09911415830226944,0.682459330712
2025-11-30,META,Technology,0.019566839474451037,0.7449925172919999
2025-11-30,MSFT,Technology,-0.017052532502935924,0.439661285162
2025-11-30,MU,Technology,0.2073973394835542,0.275468766304
2025-11-30,NET,Technology,-0.015284015357714176,0.24991621938200004
2025-11-30,NOW,Technology,-0.05718782692643598,0.636231715456
2025-11-30,NVDA,Technology,0.0537310630129606,0.661717992704
2025-11-30,ORCL,Technology,-0.03486015070517612,0.88222694769
2025-11-30,PANW,Technology,-0.031189227277542586,0.509103954144
2025-11-30,QCOM,Technology,0.02280922010654529,0.453655462844
2025-11-30,SNPS,Technology,0.12370515118542613,0.47970983675000006
2025-11-30,TXN,Technology,0.031021551456442698,0.704736524168
2025-11-30,ACN,Technology,0.07319994974833244,0.427853169484
2025-11-30,ADI,Technology,0.02569475086132167,0.231835320058
2025-11-30,ANET,Technology,0.00267834498876951,0.15565063595200002
2025-11-30,CGNX,Technology,-0.05564298693028236,0.806878852816
2025-11-30,COHU,Technology,-0.04317431127616367,0.55265799124
2025-11-30,CSCO,Technology,0.0011696970875445523,0.266949537582
2025-11-30,DELL,Technology,-0.05601805098267065,0.341635368956
2025-11-30,ENTG,Technology,0.09217012780723643,0.307861241916
2025-11-30,FORM,Technology,0.013813128229917426,0.5755755889359999
2025-11-30,HPQ,Technology,-0.07676720329376818,0.517216755064
2025-11-30,IBM,Technology,-0.040086899133102705,0.302014576916
2025-11-30,IPGP,Technology,-0.10095430659398497,0.6788608508480001
2025-11-30,KEYS,Technology,0.0264713593025927,0.172620744072
2025-11-30,MCHP,Technology,0.18924975460949578,0.911017719568
2025-11-30,MKSI,Technology,0.021804534922922336,0.790738570474
2025-11-30,MPWR,Technology,-0.02184623654097162,0.758585590272
2025-11-30,MRVL,Technology,-0.049440793796482696,0.726739421372
2025-11-30,NXPI,Technology,0.11844377950508167,0.22502101516400003
2025-11-30,ONTO,Technology,0.10268228955160952,0.754720946326
2025-11-30,QRVO,Technology,-0.016067030658103443,0.36117896479600003
2025-11-30,STX,Technology,-0.0020870476097212265,0.990521410752
2025-11-30,SWKS,Technology,-0.03851399257182431,0.474934143356
2025-11-30,TER,Technology,0.06415961715301788,0.379309876184
2025-11-30,VRSN,Technology,-0.035874456359916596,0.6487232055059999
2025-11-30,WDC,Technology,0.05558396142738298,0.629620200288
2025-11-30,AXP,Financials,0.012812514673455233,0.05877721254081633
2025-11-30,BAC,Financials,0.03049048755353656,0.17829598475714287
2025-11-30,BK,Financials,0.035593197422991274,0.7149469261591836
2025-11-30,BLK,Financials,0.0269738875300094,0.2961496074897959
2025-11-30,C,Financials,0.12635137135269003,0.42990607518775514
2025-11-30,CFG,Financials,0.07966740156110785,0.6325985980877551
2025-11-30,CME,Financials,-0.02530075117530073,0.551468072132653
2025-11-30,COF,Financials,0.10631301501085799,0.21494527176122452
2025-11-30,FITB,Financials,0.08622386879750854,0.6627544069367346
2025-11-30,GS,Financials,0.06938849211660325,0.12105531424897961
2025-11-30,HBAN,Financials,0.07379402452912309,0.6317277219836734
2025-11-30,ICE,Financials,0.03269615138380355,0.7176150069755102
2025-11-30,JPM,Financials,0.029193865604507208,0.1625002161081633
2025-11-30,KEY,Financials,0.13546081524367581,0.8563405600857144
2025-11-30,MCO,Financials,0.0408940602457899,0.4940412142244898
2025-11-30,MS,Financials,0.046386905738204254,0.33316031128367346
2025-11-30,MTB,Financials,0.06761344822569249,0.7100254949387754
2025-11-30,PNC,Financials,0.0944315016149222,0.31418408221428573
2025-11-30,RF,Financials,0.07603722241673205,0.6321325225224489
2025-11-30,SCHW,Financials,0.07742908296458428,0.6538125103346939
2025-11-30,SPGI,Financials,0.047631574525835996,0.6390387443061224
2025-11-30,STT,Financials,0.08393551803624733,0.23718700008775512
2025-11-30,TFC,Financials,0.05827957259374639,0.5212283433122449
2025-11-30,USB,Financials,0.09838620656717789,0.2854068946736735
2025-11-30,WFC,Financials,0.08561437412041828,0.36225698269591833
2025-11-30,AFL,Financials,-0.0003626025560317103,0.6553726003795919
2025-11-30,AJG,Financials,0.04788497659972535,0.3173989811081632
2025-11-30,ALL,Financials,-0.018067727844264136,0.21761953621020408
2025-11-30,AMTD,Financials,-0.07943928409366019,0.9517859349979592
2025-11-30,AON,Financials,-0.0029385123911782607,0.7806210582714286
2025-11-30,CB,Financials,0.053818672971872594,0.4669200490489796
2025-11-30,FDS,Financials,0.04659727799941149,0.9028570933204081
2025-11-30,FNF,Financials,-0.03842808227436856,0.6357029563734693
2025-11-30,GL,Financials,0.03807610648820803,0.4241439329471428
2025-11-30,HIG,Financials,0.010041802842934766,0.48110876464693875
2025-11-30,IBKR,Financials,-0.009701174288301084,1.0489301626655103
2025-11-30,LPLA,Financials,0.0031738585181333434,0.7656364090510204
2025-11-30,MET,Financials,0.031086750573821043,0.532050790010204
2025-11-30,MSCI,Financials,0.01775703900939729,0.4026585289346939
2025-11-30,NDAQ,Financials,0.0715059528840234,0.12592086364693877
2025-11-30,PGR,Financials,-0.00467667399203664,0.8416397926020408
2025-11-30,PRU,Financials,0.042771385657110805,0.918400428544898
2025-11-30,RJF,Financials,0.025872007866193147,0.35938796871020406
2025-11-30,SEIC,Financials,0.020600503402041337,0.535485747512245
2025-11-30,SF,Financials,0.030278109248725205,0.3243546969532653
2025-11-30,SYF,Financials,0.07846429789387543,0.46244310173877545
2025-11-30,TRV,Financials,-0.0056427259171962785,0.5222157863142858
2025-11-30,UNM,Financials,0.02013954741105506,0.8418163857510204
2025-11-30,WTW,Financials,0.026507160374795724,0.3086931539714286
2025-11-30,ABBV,Healthcare,0.003469503170660637,0.558177788523913
2025-11-30,ABT,Healthcare,-0.028006087915607214,0.5362626604586956
2025-11-30,AMGN,Healthcare,-0.05253860165694524,0.23547369735869564
2025-11-30,BAX,Healthcare,0.01974393734793667,0.7434669614152173
2025-11-30,BIIB,Healthcare,-0.03349986801805005,0.23496273773913043
2025-11-30,BMY,Healthcare,0.09634140503311617,0.5489157815847826
2025-11-30,BSX,Healthcare,-0.061331002605170104,0.3308852011173913
2025-11-30,CI,Healthcare,-0.0018173408819567305,0.21347512779130434
2025-11-30,CVS,Healthcare,-0.01244407278998505,0.6622627915217392
2025-11-30,DHR,Healthcare,0.010833930840747685,0.6066818209065218
2025-11-30,EW,Healthcare,-0.016383964450735533,0.33464035626956523
2025-11-30,GILD,Healthcare,-0.01819239807371653,0.5681488138413043
2025-11-30,HUM,Healthcare,0.04572294908503949,0.4921075278391305
2025-11-30,ISRG,Healthcare,-0.012415420519767406,0.36044435414565223
2025-11-30,JNJ,Healthcare,0.00014500704277553567,0.4324609810369565
2025-11-30,LLY,Healthcare,-0.0007344606432556633,0.6684574234913043
2025-11-30,MDT,Healthcare,-0.08130335835874092,0.48612408392391304
2025-11-30,MRK,Healthcare,0.01268390996555735,0.544185837623913
2025-11-30,PFE,Healthcare,-0.032633993002384454,0.41598695562608695
2025-11-30,REGN,Healthcare,-0.01066406104669948,0.8756334798073913
2025-11-30,SYK,Healthcare,-0.05074198786250517,0.6113026665217391
2025-11-30,TMO,Healthcare,-0.01852362947649633,0.2062724765152174
2025-11-30,UNH,Healthcare,0.007761386515283464,0.6794130230391304
2025-11-30,VRTX,Healthcare,0.045547844070027876,0.14695537910652176
2025-11-30,ZBH,Healthcare,-0.07548178229363056,0.25932435722608693
2025-11-30,A,Healthcare,-0.11355042890150246,0.24856019761521742
2025-11-30,ACAD,Healthcare,0.06669321517116011,0.32920866275
2025-11-30,ALGN,Healthcare,0.06087364159563036,0.29641244744434786
2025-11-30,ALKS,Healthcare,-0.05409061479366173,0.5695786346673913
2025-11-30,BDX,Healthcare,0.005702041098100796,0.3540988934717391
2025-11-30,DGX,Healthcare,-0.08272538872078627,0.5698709584913043
2025-11-30,DXCM,Healthcare,0.04569090074214399,1.1766891953630434
2025-11-30,FOLD,Healthcare,0.43403820075371957,0.30347480578260866
2025-11-30,HOLX,Healthcare,-0.006402605697184427,0.4527004174326087
2025-11-30,IDXX,Healthcare,-0.10141055027463708,0.9120678737978261
2025-11-30,INSP,Healthcare,-0.258660874189626,0.6124545806965217
2025-11-30,IQV,Healthcare,-0.01999909114640608,0.7594980633282608
2025-11-30,MASI,Healthcare,-0.0868496507287323,0.7132992889043478
2025-11-30,MTD,Healthcare,-0.055887392961564086,0.5527027265869565
2025-11-30,NBIX,Healthcare,-0.067889074542833,0.7744516310108696
2025-11-30,NTRA,Healthcare,-0.04070181868461453,0.7918677991956521
2025-11-30,NVCR,Healthcare,0.009367672258255189,0.6508232365108696
2025-11-30,PODD,Healthcare,-0.13126932940049962,0.7190986276282609
2025-11-30,RARE,Healthcare,-0.3381294964028777,0.5355140467291304
2025-11-30,RMD,Healthcare,-0.058476344817295356,0.19897499026739132
2025-11-30,WAT,Healthcare,-0.05847510304466952,0.6035653676543479
2025-11-30,AMZN,Consumer,-0.010290686407351424,0.14369289893750004
2025-11-30,AZO,Consumer,-0.14233259920271335,0.26649943149791666
2025-11-30,BKNG,Consumer,0.09174256221543553,0.4031683323
2025-11-30,CMG,Consumer,0.07184239598347308,0.8529793932187499
2025-11-30,COST,Consumer,-0.05609740737415736,0.5907142490645834
2025-11-30,DG,Consumer,0.21262225980850458,0.71492627800875
2025-11-30,DLTR,Consumer,0.11009841030982459,0.5350090980895834
2025-11-30,DRI,Consumer,0.0247244561799711,0.5283071932875
2025-11-30,EBAY,Consumer,0.052059421402745,0.6584257390604167
2025-11-30,HD,Consumer,-0.029683041756791706,0.49873278522916664
2025-11-30,HLT,Consumer,0.0077886937487245955,0.09373823102291669
2025-11-30,KR,Consumer,-0.07134362578735087,0.42598662093749995
2025-11-30,LOW,Consumer,-0.005443663877700344,0.4515091540104167
2025-11-30,LULU,Consumer,0.12829843534856278,0.9094371490520834
2025-11-30,MAR,Consumer,0.0178811426331138,0.14450212194583334
2025-11-30,MCD,Consumer,-0.013969521440156618,0.3955931861916667
2025-11-30,MGM,Consumer,0.034003987866474183,0.7388282970083333
2025-11-30,NKE,Consumer,-0.00794145761133691,0.6377268867291666
2025-11-30,ORLY,Consumer,-0.10314649143114696,0.3756461568583333
2025-11-30,ROST,Consumer,0.02376033309220893,0.21612741588541667
2025-11-30,SBUX,Consumer,-0.03329131011425601,0.8973256959983333
2025-11-30,TGT,Consumer,0.07868016764527774,0.815321332725
2025-11-30,TJX,Consumer,0.01112431709400341,0.18507617920625002
2025-11-30,WMT,Consumer,0.010199039908966423,0.26662809207916666
2025-11-30,YUM,Consumer,-0.007921307652096976,0.21812360211458337
2025-11-30,BBY,Consumer,-0.14462859248210624,0.3703274984645833
2025-11-30,CCL,Consumer,0.18463925177683826,0.9649618856895834
2025-11-30,CHDN,Consumer,0.04704081967216567,0.8855892271166667
2025-11-30,CMCSA,Consumer,0.11989513653212902,0.21976891168749998
2025-11-30,CZR,Consumer,0.005156808316466144,0.6038670855083333
2025-11-30,DIS,Consumer,0.09638889413765939,0.266361082925
2025-11-30,DKNG,Consumer,0.03920383724495102,1.14887585325
2025-11-30,F,Consumer,-0.012048221632399603,0.36990955120833335
2025-11-30,FOX,Consumer,0.11448686707784783,0.13398590923333334
2025-11-30,GM,Consumer,0.10830166500651361,0.7158544383875
2025-11-30,GRMN,Consumer,0.04300538954488786,0.6254661929270834
2025-11-30,H,Consumer,-0.02475812601454408,0.41303625979999997
2025-11-30,IHG,Consumer,0.049560391336895604,0.22883996939791668
2025-11-30,LVS,Consumer,-0.045041209422361894,0.5116224354979166
2025-11-30,NCLH,Consumer,0.20910080183039348,0.83323117559375
2025-11-30,NFLX,Consumer,-0.12846253448226708,0.8878563465416668
2025-11-30,PENN,Consumer,-0.0060647002467986155,0.5119648237125001
2025-11-30,POOL,Consumer,-0.060960599785544245,0.37551013471250005
2025-11-30,RCL,Consumer,0.051160856822975775,0.9071492608479166
2025-11-30,SIRI,Consumer,-0.05926625048067591,0.6332713572816666
2025-11-30,TSLA,Consumer,0.045447119005781245,0.17822387412083338
2025-11-30,WBD,Consumer,0.20083332061767578,0.5748623036920834
2025-11-30,WYNN,Consumer,-0.06488963101880152,0.7380898914041667
2025-11-30,APA,Energy,-0.020424504779098296,0.6912423953304347
2025-11-30,BA,Energy,0.1487830429480821,0.43802463886956516
2025-11-30,CAT,Energy,-0.00501940255812916,0.24661324520217393
2025-11-30,COP,Energy,0.05547416564651142,0.49010523731304345
2025-11-30,CVX,Energy,0.00846948556691518,0.4299986822391304
2025-11-30,DE,Energy,0.0057923633268195385,0.5324689174782609
2025-11-30,DVN,Energy,-0.005239744665022306,0.5925599324586956
2025-11-30,EOG,Energy,-0.02633282544362625,0.6999188725695652
2025-11-30,FDX,Energy,0.05317979583571897,0.4156389296717391
2025-11-30,GD,Energy,-0.014547947175574283,0.28214820944347824
2025-11-30,GE,Energy,0.03327940801067841,0.2916857645847826
2025-11-30,HAL,Energy,0.08465544829355731,0.7682844353782609
2025-11-30,HON,Energy,0.015089195524824683,0.2986708426413044
2025-11-30,LMT,Energy,0.06439124374790928,0.4459448400413043
2025-11-30,MMM,Energy,-0.06945656880949225,0.17502428183043478
2025-11-30,MPC,Energy,-0.1605326819588634,0.5562018331565217
2025-11-30,NOC,Energy,0.0004736741796327326,0.6066457199456521
2025-11-30,OXY,Energy,-0.015264452775490267,0.6074268589565217
2025-11-30,PSX,Energy,-0.05782718370241757,0.6715858769391305
2025-11-30,RTX,Energy,0.04853918461823259,0.5923439199913043
2025-11-30,SLB,Energy,0.06741745823033596,0.39834005227826086
2025-11-30,UNP,Energy,0.003637016793060388,0.660293859771739
2025-11-30,UPS,Energy,0.03549435046613003,0.6528226858413044
2025-11-30,VLO,Energy,-0.0790336681626782,0.7297610287326086
2025-11-30,XOM,Energy,0.03812972462417674,0.32616599107173916
2025-11-30,AME,Energy,0.039112440434541096,0.333213144973913
2025-11-30,BE,Energy,-0.20459537633819092,1.1645258205247826
2025-11-30,BKR,Energy,-0.09282868727135196,0.7076707565021739
2025-11-30,CTRA,Energy,-0.019374108452287486,0.6774158126891304
2025-11-30,EMR,Energy,-0.004948361972638149,0.12209461874782612
2025-11-30,ENPH,Energy,0.11091850305992268,0.04821287572260871
2025-11-30,ETN,Energy,-0.07915818893454718,0.2862732090673913
2025-11-30,FSLR,Energy,-0.04283307147242832,0.9784209676608695
2025-11-30,FTV,Energy,0.0323485861605457,0.5697900344152174
2025-11-30,GNRC,Energy,-0.10063977625944631,0.5540201881956521
2025-11-30,HUBB,Energy,0.029390582263656206,0.2712656614608696
2025-11-30,MTDR,Energy,0.0009433698785721312,0.9072476127434783
2025-11-30,PH,Energy,0.020030227488522456,0.12322141215000001
2025-11-30,PLUG,Energy,-0.019900478628265272,1.176970124263913
2025-11-30,PR,Energy,-0.02125947855931931,0.6687533205586955
2025-11-30,ROK,Energy,-0.01715246917763391,0.34945977464565214
2025-11-30,ROP,Energy,-0.002442709049737868,0.5469532652
2025-11-30,SM,Energy,-0.0078850685005184,0.8279695195834783
2025-11-30,VRSK,Energy,-0.004067507229886691,0.25040402966304354
2025-11-30,WMB,Energy,-0.005293988168271868,0.4125219260782609
2025-11-30,XYL,Energy,-0.031918743542386996,0.46885663977608705
2025-12-31,AAPL,Technology,-0.045538079860853675,0.30381514713259994
2025-12-31,ADBE,Technology,-0.16211889430431536,0.37203829415840006
2025-12-31,AMAT,Technology,0.25421223488236633,0.672548146497
2025-12-31,AMD,Technology,0.10538845573162892,0.8843131992105999
2025-12-31,AVGO,Technology,-0.04276227516100406,0.5145097442304
2025-12-31,CDNS,Technology,-0.05189072211106904,0.350666013639
2025-12-31,CRM,Technology,-0.1986335470437116,0.2015440057252
2025-12-31,CRWD,Technology,-0.058356110624721014,0.4652105202816
2025-12-31,FTNT,Technology,0.02329679371370963,0.3329711133752
2025-12-31,GOOGL,Technology,0.07987223159262968,0.174335291922
2025-12-31,INTC,Technology,0.2593495745010346,0.755811750221
2025-12-31,INTU,Technology,-0.2454350382906586,0.3091883017018
2025-12-31,KLAC,Technology,0.17518185763268912,0.6180722015914
2025-12-31,LRCX,Technology,0.3638276819859514,0.7227377992136
2025-12-31,META,Technology,0.08545806027820779,0.5174977551876
2025-12-31,MSFT,Technology,-0.11027253387667912,0.4958983855486
2025-12-31,MU,Technology,0.45362804795864275,0.6986406298912
2025-12-31,NET,Technology,-0.10043108499087727,0.6489748658146
2025-12-31,NOW,Technology,-0.2361772943963122,0.3588695146368
2025-12-31,NVDA,Technology,0.02482571515839349,0.6745153978112
2025-12-31,ORCL,Technology,-0.15337820870909336,0.840668084307
2025-12-31,PANW,Technology,-0.0392507917878554,0.4327311862432
2025-12-31,QCOM,Technology,-0.11376794139275959,0.44409663885320005
2025-12-31,SNPS,Technology,-0.00979308117934341,0.32591295102500006
2025-12-31,TXN,Technology,0.250544398871003,0.26742095725040005
2025-12-31,ACN,Technology,-0.01736852217751761,0.15635595084520001
2025-12-31,ADI,Technology,0.14631271473357477,0.1395505960174
2025-12-31,ANET,Technology,0.08173705879297777,0.6906951907856
2025-12-31,CGNX,Technology,0.0767092387867927,0.6480636558448001
2025-12-31,COHU,Technology,0.2264718673868964,0.613797397372
2025-12-31,CSCO,Technology,0.022187366973509537,0.3040848612746
2025-12-31,DELL,Technology,-0.0869029199410899,0.5924906106868
2025-12-31,ENTG,Technology,0.4025891117022178,0.13435837257480002
2025-12-31,FORM,Technology,0.2637145824021132,0.6066726766807999
2025-12-31,HPQ,Technology,-0.12746857512768783,0.28116502651920006
2025-12-31,IBM,Technology,0.03541412400324018,0.48260437307480003
2025-12-31,IPGP,Technology,0.2906425367524246,0.3996582552544
2025-12-31,KEYS,Technology,0.06466853305657905,0.28978622322159997
2025-12-31,MCHP,Technology,0.19146257575331482,0.9913053158703999
2025-12-31,MKSI,Technology,0.47315392846202475,0.8672215711422
2025-12-31,MPWR,Technology,0.240290868419071,0.6055756770816001
2025-12-31,MRVL,Technology,-0.07064265894562305,0.9040218264116
2025-12-31,NXPI,Technology,0.04183171045379397,0.4175063045492
2025-12-31,ONTO,Technology,0.2799315993320002,0.5484162838978001
2025-12-31,QRVO,Technology,-0.07573069890072981,0.5703536894387999
2025-12-31,STX,Technology,0.48040954829708626,1.0591564232256
2025-12-31,SWKS,Technology,-0.12064345073252702,0.3944802430068
2025-12-31,TER,Technology,0.2453502984184508,0.7017929628552
2025-12-31,VRSN,Technology,0.0052685624077370985,0.2086169616518
2025-12-31,WDC,Technology,0.45254537955915763,0.7908860600864001
2025-12-31,AXP,Financials,-0.04594587914908632,0.41763316376224485
2025-12-31,BAC,Financials,-0.032727224789844356,0.5677745097128571
2025-12-31,BK,Financials,0.03756732735557189,0.757341220704898
2025-12-31,BLK,Financials,0.045406128342753815,0.6459877393897958
2025-12-31,C,Financials,-0.008398328931765398,0.7718289654134693
2025-12-31,CFG,Financials,0.07824001353430154,0.7897795794263265
2025-12-31,CME,Financials,0.058517644991100015,0.3082975644969388
2025-12-31,COF,Financials,-0.09667439856581295,0.5216264386712244
2025-12-31,FITB,Financials,0.07284765652463321,0.684540607795306
2025-12-31,GS,Financials,0.06417520251964581,0.7077451657032653
2025-12-31,HBAN,Financials,0.00749279577309081,0.5038040308808164
2025-12-31,ICE,Financials,0.07298096329189141,0.4009987878069388
2025-12-31,JPM,Financials,-0.04639747673767136,0.5773214934038775
2025-12-31,KEY,Financials,0.04263574066476705,0.7283307394542857
2025-12-31,MCO,Financials,0.009219962054502373,0.43392664998163266
2025-12-31,MS,Financials,0.03536145846574823,0.7285195219565306
2025-12-31,MTB,Financials,0.09971217682235656,0.5987219341959183
2025-12-31,PNC,Financials,0.07801461187770498,0.6656837960928571
2025-12-31,RF,Financials,0.05166051975166752,0.6324968996138776
2025-12-31,SCHW,Financials,0.040136055781824664,0.6961437531004082
2025-12-31,SPGI,Financials,0.009950295349274718,0.3488544804346939
2025-12-31,STT,Financials,0.020987719496833535,0.3997275285977551
2025-12-31,TFC,Financials,0.044909451142579604,0.5706542172793878
2025-12-31,USB,Financials,0.05153670500890395,0.5141934969735306
2025-12-31,WFC,Financials,-0.029077128764149474,0.4086770948087755
2025-12-31,AFL,Financials,0.006166688101480355,0.468040351542449
2025-12-31,AJG,Financials,-0.03640026481565395,0.20950540861816325
2025-12-31,ALL,Financials,-0.04400668963394816,0.12242871800591837
2025-12-31,AMTD,Financials,-0.005076137217272736,0.5455357804993877
2025-12-31,AON,Financials,-0.009181593146750489,0.36275774605285716
2025-12-31,CB,Financials,-0.00820195647046884,0.24007601471469392
2025-12-31,FDS,Financials,-0.12347081911136526,0.38657141371040815
2025-12-31,FNF,Financials,-0.0036637088305202514,0.447853744054898
2025-12-31,GL,Financials,0.0045335068063963035,0.3558146084555714
2025-12-31,HIG,Financials,-0.019883935129556884,0.17290405796551023
2025-12-31,IBKR,Financials,0.1643600695280727,1.1046790487996532
2025-12-31,LPLA,Financials,0.020522433055931044,0.472548065572449
2025-12-31,MET,Financials,-0.0007601327920546685,0.8167580941459184
2025-12-31,MSCI,Financials,0.061858304927474794,0.49222613010897964
2025-12-31,NDAQ,Financials,-0.0024709171989799605,0.39491911623693876
2025-12-31,PGR,Financials,-0.02858211129863719,0.2667776520663266
2025-12-31,PRU,Financials,-0.015680395138860326,0.6783772714206122
2025-12-31,RJF,Financials,0.0363011460951177,0.7221021048987755
2025-12-31,SEIC,Financials,0.07108024956920711,0.3749314385393878
2025-12-31,SF,Financials,-0.015333119346817137,0.6830206948002654
2025-12-31,SYF,Financials,-0.1294499330643739,0.8244472162359182
2025-12-31,TRV,Financials,-0.019133910765578133,0.22809330732285718
2025-12-31,UNM,Financials,-0.013795515876993125,0.295402058582449
2025-12-31,WTW,Financials,-0.0338709337762253,0.26403651762
2025-12-31,ABBV,Healthcare,-0.016130780632501618,0.7000620322093478
2025-12-31,ABT,Healthcare,-0.12320487477749642,0.3282701024854348
2025-12-31,AMGN,Healthcare,0.04451443779498221,0.3141203700771739
2025-12-31,BAX,Healthcare,0.05023545011929542,0.2839096536419565
2025-12-31,BIIB,Healthcare,0.022160314647162505,0.39005403871304345
2025-12-31,BMY,Healthcare,0.03263932346038301,0.3625008214319565
2025-12-31,BSX,Healthcare,-0.0190875692076512,0.25143947337869565
2025-12-31,CI,Healthcare,-0.00406942506047836,0.09447732094608696
2025-12-31,CVS,Healthcare,-0.0532620634164328,0.8378092722391305
2025-12-31,DHR,Healthcare,-0.04381444176979277,0.6841784593154348
2025-12-31,EW,Healthcare,-0.045630491374175186,0.496044280793913
2025-12-31,GILD,Healthcare,0.15650972758583848,0.5508794267610869
2025-12-31,HUM,Healthcare,-0.2378870117064238,0.8019800844386957
2025-12-31,ISRG,Healthcare,-0.10971817525612548,0.3820463497219565
2025-12-31,JNJ,Healthcare,0.09809126944006041,0.47973829431108694
2025-12-31,LLY,Healthcare,-0.034922079710004716,0.2918415748734783
2025-12-31,MDT,Healthcare,0.07183014809498656,0.4349676599597826
2025-12-31,MRK,Healthcare,0.04759637718377574,0.2697774904176087
2025-12-31,PFE,Healthcare,0.07963444149733134,0.5661004345139131
2025-12-31,REGN,Healthcare,-0.03941074444364567,0.5209509135074348
2025-12-31,SYK,Healthcare,0.05146949866314232,0.44208645213043474
2025-12-31,TMO,Healthcare,-0.001449759303052689,0.7314469603458696
2025-12-31,UNH,Healthcare,-0.13080488015295522,0.8886065156073912
2025-12-31,VRTX,Healthcare,0.036483168076899775,0.18104313547108697
2025-12-31,ZBH,Healthcare,-0.03169479520932106,0.595188611515652
2025-12-31,A,Healthcare,-0.014556975779133507,0.6680463201541303
2025-12-31,ACAD,Healthcare,-0.059153874124411976,0.5248495553467392
2025-12-31,ALGN,Healthcare,0.04406023151927507,0.49979329945069567
2025-12-31,ALKS,Healthcare,0.2112222996462474,0.733917068661087
2025-12-31,BDX,Healthcare,0.04848760873339586,0.5627514071719565
2025-12-31,DGX,Healthcare,0.0827194149962569,0.6579178092865217
2025-12-31,DXCM,Healthcare,0.10049718084859971,0.5486589325219565
2025-12-31,FOLD,Healthcare,0.0035112494057951693,0.45625983303913037
2025-12-31,HOLX,Healthcare,0.005906866076314632,0.7597231687080435
2025-12-31,IDXX,Healthcare,-0.008972265917785438,0.6079681882263044
2025-12-31,INSP,Healthcare,-0.17835849483789545,0.19895376551330435
2025-12-31,IQV,Healthcare,0.021028304677552123,0.8365450711723912
2025-12-31,MASI,Healthcare,0.055897312078494465,0.3965984823234783
2025-12-31,MTD,Healthcare,-0.015026611905364806,0.7440716875413044
2025-12-31,NBIX,Healthcare,-0.04068253682555867,0.7040746197380434
2025-12-31,NTRA,Healthcare,0.00894846167239094,0.6023429484543479
2025-12-31,NVCR,Healthcare,-0.04098999799971792,0.4082904492141305
2025-12-31,PODD,Healthcare,-0.10002108659073206,0.3374687187232609
2025-12-31,RARE,Healthcare,0.0465217258619226,0.8606542140187391
2025-12-31,RMD,Healthcare,0.07240423704733745,0.6075185840367391
2025-12-31,WAT,Healthcare,-0.02398437636210493,0.2571565668180435
2025-12-31,AMZN,Consumer,0.036738564502459825,0.5972745363479166
2025-12-31,AZO,Consumer,0.09222763941102752,0.18203316278270834
2025-12-31,BKNG,Consumer,-0.06600715956187608,0.51470049969
2025-12-31,CMG,Consumer,0.05054051167256124,0.28506048463229167
2025-12-31,COST,Consumer,0.09183674193653713,0.41054760805270835
2025-12-31,DG,Consumer,0.08489638216887574,0.433227883402625
2025-12-31,DLTR,Consumer,-0.04406150478997084,0.33550272942687503
2025-12-31,DRI,Consumer,0.09139055331320445,0.2751588246529167
2025-12-31,EBAY,Consumer,0.04730200812368568,0.5766943883847916
2025-12-31,HD,Consumer,0.08860795319102044,0.6892031689020833
2025-12-31,HLT,Consumer,0.039199350861793825,0.334371469306875
2025-12-31,KR,Consumer,0.005921878016271087,0.25904598628125
2025-12-31,LOW,Consumer,0.11237087561111658,0.6167027462031249
2025-12-31,LULU,Consumer,-0.1602906402479588,0.40574781138229177
2025-12-31,MAR,Consumer,0.016309920621623064,0.13085063658375
2025-12-31,MCD,Consumer,0.03065803455662164,0.27909462252416667
2025-12-31,MGM,Consumer,-0.08084408405714827,0.4258151557691667
2025-12-31,NKE,Consumer,-0.0298226093916788,0.8184013993520833
2025-12-31,ORLY,Consumer,0.07893876384066778,0.5501938470575
2025-12-31,ROST,Consumer,0.04724098114029496,0.32733822476562496
2025-12-31,SBUX,Consumer,0.09191310028186761,0.5900310421328334
2025-12-31,TGT,Consumer,0.07897695977086072,0.6675130664841666
2025-12-31,TJX,Consumer,-0.02473800141932081,0.5076061870952083
2025-12-31,WMT,Consumer,0.06938332215199305,0.3279050942904167
2025-12-31,YUM,Consumer,0.027895280501118558,0.10918708063437502
2025-12-31,BBY,Consumer,-0.02734206835256703,0.7090149162060416
2025-12-31,CCL,Consumer,-0.017026829200652904,1.0803218990402084
2025-12-31,CHDN,Consumer,-0.1355246821443199,0.5573434348016667
2025-12-31,CMCSA,Consumer,0.07445213570766751,0.21176400683958335
2025-12-31,CZR,Consumer,-0.1150063572853054,0.19574345898583337
2025-12-31,DIS,Consumer,-0.008525917376545067,0.6632416582108334
2025-12-31,DKNG,Consumer,-0.20168308300165982,0.8446627559750001
2025-12-31,F,Consumer,0.05792687787882911,0.5193061986958334
2025-12-31,FOX,Consumer,0.009856690102742816,0.5360291061033333
2025-12-31,GM,Consumer,0.032956204753668894,0.7251729981829167
2025-12-31,GRMN,Consumer,-0.005965088709900868,0.756389857878125
2025-12-31,H,Consumer,-0.024638245711406492,0.18224421127333335
2025-12-31,IHG,Consumer,-0.025491741213654162,0.40406865748604165
2025-12-31,LVS,Consumer,-0.1898908972140404,0.6201533973160416
2025-12-31,NCLH,Consumer,-0.016129059824093184,0.9353860193447916
2025-12-31,NFLX,Consumer,-0.1095350260075606,0.45594023729583333
2025-12-31,PENN,Consumer,-0.1294915150787871,0.6785894471137499
2025-12-31,POOL,Consumer,0.11077592494895816,0.3897363737470833
2025-12-31,RCL,Consumer,0.16395371885263343,0.958394778254375
2025-12-31,SIRI,Consumer,0.017500087654981566,0.8024814071844999
2025-12-31,TSLA,Consumer,-0.04293782243658151,0.6951338289029166
2025-12-31,WBD,Consumer,-0.0444135597796953,0.872458691107625
2025-12-31,WYNN,Consumer,-0.10703902235472329,0.5860103007545834
2025-12-31,APA,Energy,0.08998946890521697,0.4508509794686957
2025-12-31,BA,Energy,0.07645544619027844,0.25314652209565214
2025-12-31,CAT,Energy,0.15017022961203486,0.7283317996476087
2025-12-31,COP,Energy,0.11344943664442853,0.43616200597652177
2025-12-31,CVX,Energy,0.16068496243117503,0.5398691698891305
2025-12-31,DE,Energy,0.13409366242534837,0.37278415350434785
2025-12-31,DVN,Energy,0.09773406632565784,0.3603766753897826
2025-12-31,EOG,Energy,0.07798202672050514,0.2860626182926087
2025-12-31,FDX,Energy,0.11559237877346518,0.5507786354232609
2025-12-31,GD,Energy,0.04712236113451751,0.44986185413739127
2025-12-31,GE,Energy,-0.004025560468486233,0.7114187728536956
2025-12-31,HAL,Energy,0.18612880549910504,0.869615765396087
2025-12-31,HON,Energy,0.16623106516887143,0.24177516583586955
2025-12-31,LMT,Energy,0.311265877790873,0.4685660607080435
2025-12-31,MMM,Energy,-0.043347894067499615,0.43294206715782607
2025-12-31,MPC,Energy,0.08337946734989332,0.6385996803817391
2025-12-31,NOC,Energy,0.21404392700345065,0.501558933375
2025-12-31,OXY,Energy,0.10384248494326576,0.4561411011652174
2025-12-31,PSX,Energy,0.11252326665818213,0.7493018500382609
2025-12-31,RTX,Energy,0.09558343481909493,0.6190075238234782
2025-12-31,SLB,Energy,0.26055237977929435,0.6825454939443478
2025-12-31,UNP,Energy,0.01634098374395765,0.45678381010543473
2025-12-31,UPS,Energy,0.07087408193542788,0.5458468057523913
2025-12-31,VLO,Energy,0.11450331646697953,0.705884830358913
2025-12-31,XOM,Energy,0.17500408136799028,0.3261106668867391
2025-12-31,AME,Energy,0.09093561139650919,0.5564856826226087
2025-12-31,BE,Energy,0.7420876531300888,1.1841403548530869
2025-12-31,BKR,Energy,0.23056659726964135,0.7144751399941305
2025-12-31,CTRA,Energy,0.09612465628131983,0.21844213511108698
2025-12-31,EMR,Energy,0.10729365475153552,0.5692370812765218
2025-12-31,ENPH,Energy,0.15382216606966548,0.41011603662982604
2025-12-31,ETN,Energy,0.1033249519869226,0.6945776148941304
2025-12-31,FSLR,Energy,-0.1366994801976873,0.9009175946460869
2025-12-31,FTV,Energy,-0.04347039354229565,0.33832831467239133
2025-12-31,GNRC,Energy,0.232235823882887,0.8662060564586956
2025-12-31,HUBB,Energy,0.09869185059036711,0.6596405680034783
2025-12-31,MTDR,Energy,0.06597556881212951,0.4086960229534783
2025-12-31,PH,Energy,0.06471279925721363,0.23479251060152173
2025-12-31,PLUG,Energy,0.0761420582590917,1.1726562546704782
2025-12-31,PR,Energy,0.14967925404116333,0.2919303439936956
2025-12-31,ROK,Energy,0.08373813688672627,0.40918575848065214
2025-12-31,ROP,Energy,-0.1643104859369211,0.22495554477739133
2025-12-31,SM,Energy,0.04117637740131497,0.294043029788087
2025-12-31,VRSK,Energy,-0.027851012286620014,0.10555599150760872
2025-12-31,WMB,Energy,0.11894858361031835,0.2607130995626087
2025-12-31,XYL,Energy,0.012410090869270807,0.7341352528023912
2026-01-31,AAPL,Technology,0.019065788377024218,0.48314454413978003
2026-01-31,ADBE,Technology,-0.10516622792119568,0.36361148824752004
2026-01-31,AMAT,Technology,0.15650379490181954,0.28576444394910006
2026-01-31,AMD,Technology,-0.15426853239039473,0.42129395976318007
2026-01-31,AVGO,Technology,-0.035466343490675456,0.64435292326912
2026-01-31,CDNS,Technology,0.01700637330961885,0.34319980409170003
2026-01-31,CRM,Technology,-0.08243435187154735,0.07446320171756002
2026-01-31,CRWD,Technology,-0.15728183410918128,0.58756315608448
2026-01-31,FTNT,Technology,-0.027442816863271102,0.6318913340125599
2026-01-31,GOOGL,Technology,-0.07763309270420937,0.1643005875766
2026-01-31,INTC,Technology,-0.018506576022391363,0.6047435250663
2026-01-31,INTU,Technology,-0.18016916423634355,0.38675649051054
2026-01-31,KLAC,Technology,0.06904427338522634,0.46542166047741995
2026-01-31,LRCX,Technology,0.0018418076596844468,0.24482133976408005
2026-01-31,META,Technology,-0.09535246285859755,0.25324932655628
2026-01-31,MSFT,Technology,-0.08518347861481179,0.19076951566458
2026-01-31,MU,Technology,-0.006049931713547285,0.8255921889673601
2026-01-31,NET,Technology,-0.02909502951523768,0.7546924597443799
2026-01-31,NOW,Technology,-0.0769165014587525,0.7656608543910399
2026-01-31,NVDA,Technology,-0.07293461878268304,0.42635461934336
2026-01-31,ORCL,Technology,-0.11653910474839224,0.9382004252920999
2026-01-31,PANW,Technology,-0.1585014570733717,0.53581935587296
2026-01-31,QCOM,Technology,-0.06088788989085847,0.5672289916559601
2026-01-31,SNPS,Technology,-0.10990711139887199,0.15377388530750002
2026-01-31,TXN,Technology,-0.01595916461986735,0.26222628717512003
2026-01-31,ACN,Technology,-0.2083144074503015,0.25690678525356003
2026-01-31,ADI,Technology,0.14446083792814246,0.39186517880522
2026-01-31,ANET,Technology,-0.05813464917328137,0.7112085572356801
2026-01-31,CGNX,Technology,0.4063152185436014,0.26441909675344005
2026-01-31,COHU,Technology,0.058163973166131866,0.6041392192116
2026-01-31,CSCO,Technology,0.014555691334370069,0.25922545838238
2026-01-31,DELL,Technology,0.29395314616650126,0.54174718320604
2026-01-31,ENTG,Technology,0.1217921630274652,0.6423075117724399
2026-01-31,FORM,Technology,0.40275216697432104,0.7280018030042399
2026-01-31,HPQ,Technology,-0.02314827001170161,0.72834950795576
2026-01-31,IBM,Technology,-0.21232615857322001,0.48078131192244
2026-01-31,IPGP,Technology,0.42376368477697657,0.31589747657632006
2026-01-31,KEYS,Technology,0.42065355693140694,0.22693586696648
2026-01-31,MCHP,Technology,-0.0110710514188338,0.69539159476112
2026-01-31,MKSI,Technology,0.03944584535839146,0.72216647134266
2026-01-31,MPWR,Technology,0.0165368936426995,0.44767270312448004
2026-01-31,MRVL,Technology,0.03509885407978919,0.81920654792348
2026-01-31,NXPI,Technology,0.0038471780058781935,0.27925189136476003
2026-01-31,ONTO,Technology,0.0684978774008993,0.83652488516934
2026-01-31,QRVO,Technology,0.06132378540645589,0.6471061068316399
2026-01-31,STX,Technology,0.00036787854878883586,1.06774692696768
2026-01-31,SWKS,Technology,0.08135102308346376,0.69234407290204
2026-01-31,TER,Technology,0.3282050047970819,0.91053788885656
2026-01-31,VRSN,Technology,-0.06322752477403248,0.38458508849554
2026-01-31,WDC,Technology,0.11777165200801298,0.82526581802592
2026-01-31,AXP,Financials,-0.1228668740231268,0.22528994912867345
2026-01-31,BAC,Financials,-0.06334584805733334,0.4274752100567143
2026-01-31,BK,Financials,-0.0068378861329145835,0.35577379478289795
2026-01-31,BLK,Financials,-0.04978822588814413,0.40808203610265303
2026-01-31,C,Financials,-0.042741653055675566,0.388691546766898
2026-01-31,CFG,Financials,-0.037589070234169575,0.8097910166850408
2026-01-31,CME,Financials,0.10530689820340378,0.29248926934908165
2026-01-31,COF,Financials,-0.1029617355387975,0.8422022173156529
2026-01-31,FITB,Financials,-0.01493429952127745,0.47679075376716323
2026-01-31,GS,Financials,-0.08107671471311839,0.28375212113955106
2026-01-31,HBAN,Financials,-0.0389016885991067,0.6511412092642449
2026-01-31,ICE,Financials,-0.055529980424894876,0.5774424934849387
2026-01-31,JPM,Financials,-0.018274596364674878,0.18748216230687756
2026-01-31,KEY,Financials,-0.03624540964367995,0.8470706504077143
2026-01-31,MCO,Financials,-0.07364809215351609,0.487320852137347
2026-01-31,MS,Financials,-0.08911387221072264,0.24712728515838778
2026-01-31,MTB,Financials,-0.02071588854950157,0.5796165802587755
2026-01-31,PNC,Financials,-0.04903713019434219,0.6854194245421428
2026-01-31,RF,Financials,-0.02350876460404161,0.5183204984555918
2026-01-31,SCHW,Financials,-0.08081714710442855,0.5088431259301225
2026-01-31,SPGI,Financials,-0.1608269001375524,0.7189420584161224
2026-01-31,STT,Financials,-0.017117495703781627,0.49134683000789803
2026-01-31,TFC,Financials,-0.03136107740835925,0.34262483661238774
2026-01-31,USB,Financials,-0.025842093177676162,0.39711519194920203
2026-01-31,WFC,Financials,-0.09547681529445062,0.6797459855854897
2026-01-31,AFL,Financials,0.023253818840736518,0.5832692483198776
2026-01-31,AJG,Financials,-0.08489392647605887,0.10570876544259183
2026-01-31,ALL,Financials,0.07804411347852236,0.22244290111606124
2026-01-31,AMTD,Financials,0.04081628681073313,0.8636607341498163
2026-01-31,AON,Financials,-0.04052741002579974,0.7659701809587143
2026-01-31,CB,Financials,0.10111119394617618,0.7434513758429796
2026-01-31,FDS,Financials,-0.14322703109473134,0.5016857098274081
2026-01-31,FNF,Financials,-0.027762432555176297,0.47721326607361225
2026-01-31,GL,Financials,0.03594337786860713,0.33531581110809994
2026-01-31,HIG,Financials,0.04272179492081585,0.10901407453251022
2026-01-31,IBKR,Financials,-0.04825757282127752,0.9799751432113245
2026-01-31,LPLA,Financials,-0.17591220132678187,0.7846215625288775
2026-01-31,MET,Financials,-0.0797862060070551,0.6893131425294898
2026-01-31,MSCI,Financials,-0.05767431343946661,0.5762392676041225
2026-01-31,NDAQ,Financials,-0.0960883373055883,0.43276144915679593
2026-01-31,PGR,Financials,0.027211544432144574,0.36574758133418367
2026-01-31,PRU,Financials,-0.10256069054356165,0.7177988957118979
2026-01-31,RJF,Financials,-0.07705298846772757,0.30234491718391837
2026-01-31,SEIC,Financials,-0.07433123383855822,0.6839080029903878
2026-01-31,SF,Financials,-0.09914832643940141,0.3191919227257939
2026-01-31,SYF,Financials,-0.044591000997898145,0.8630484505850613
2026-01-31,TRV,Financials,0.08481246635805784,0.6684279921968571
2026-01-31,UNM,Financials,-0.05581153361044222,0.5600491890033061
2026-01-31,WTW,Financials,-0.03874382775257135,0.22206809814314288
2026-01-31,ABBV,Healthcare,0.040670838653871444,0.5448012183584565
2026-01-31,ABT,Healthcare,0.0645013332651534,0.46369842204997824
2026-01-31,AMGN,Healthcare,0.14323625451243993,0.32249698058836956
2026-01-31,BAX,Healthcare,0.015446466637990097,0.11560767870128263
2026-01-31,BIIB,Healthcare,0.06631834996413266,0.634407515961739
2026-01-31,BMY,Healthcare,0.132970001991074,0.1239676377339348
2026-01-31,BSX,Healthcare,-0.17833850660616013,0.4254318420136087
2026-01-31,CI,Healthcare,0.05731288172410398,0.1500823267186087
2026-01-31,CVS,Healthcare,0.07219550735863667,0.7682993034108696
2026-01-31,DHR,Healthcare,-0.0376901695401658,0.4182970160555
2026-01-31,EW,Healthcare,0.06280728333354268,0.3922915451077391
2026-01-31,GILD,Healthcare,0.04931309269686546,0.606568175854413
2026-01-31,HUM,Healthcare,-0.02387298539399596,0.3471157644620435
2026-01-31,ISRG,Healthcare,-0.0014080985549149716,0.5407008614383261
2026-01-31,JNJ,Healthcare,0.09901290651513017,0.6156606187281086
2026-01-31,LLY,Healthcare,0.016001318529584863,0.7114655159403043
2026-01-31,MDT,Healthcare,-0.05147624937975692,0.4348381240748913
2026-01-31,MRK,Healthcare,0.12288022536210241,0.6591941166905
2026-01-31,PFE,Healthcare,0.04576400606845854,0.33722143470200006
2026-01-31,REGN,Healthcare,0.055513156248552464,0.7497635349217956
2026-01-31,SYK,Healthcare,0.04843603117744766,0.5434955008565218
2026-01-31,TMO,Healthcare,-0.09937603630103875,0.6759558272341957
2026-01-31,UNH,Healthcare,0.022095931107805278,0.9965819546822174
2026-01-31,VRTX,Healthcare,0.05731005112912113,0.19126946238045653
2026-01-31,ZBH,Healthcare,0.1305846172553924,0.5589913660633913
2026-01-31,A,Healthcare,-0.0931641069540029,0.2460660699592826
2026-01-31,ACAD,Healthcare,-0.02268204193632095,0.8270200839953261
2026-01-31,ALGN,Healthcare,0.16604310572844305,0.30211190287868694
2026-01-31,ALKS,Healthcare,-0.11183237168591842,0.7832185988591956
2026-01-31,BDX,Healthcare,0.1032168045640034,0.2449123786733261
2026-01-31,DGX,Healthcare,0.13302684824153466,0.593027516699
2026-01-31,DXCM,Healthcare,0.005339531554763743,0.4841628971478913
2026-01-31,FOLD,Healthcare,0.005598315179818902,0.7760083846943477
2026-01-31,HOLX,Healthcare,0.0057386934929197775,0.7757430375689347
2026-01-31,IDXX,Healthcare,-0.0204785386957288,0.7910861086418043
2026-01-31,INSP,Healthcare,-0.14871993698349562,0.12055569487138261
2026-01-31,IQV,Healthcare,-0.22307189962812712,0.8135722170038914
2026-01-31,MASI,Healthcare,0.27685140730744107,0.3776751968709565
2026-01-31,MTD,Healthcare,-0.004769777223722627,0.4058302019145652
2026-01-31,NBIX,Healthcare,-0.028002334462434386,0.3025267337475
2026-01-31,NTRA,Healthcare,-0.09993945731813547,0.45461592801456524
2026-01-31,NVCR,Healthcare,0.1024193949059331,0.41161756954684786
2026-01-31,PODD,Healthcare,-0.03596418058733186,0.7555884417039348
2026-01-31,RARE,Healthcare,-0.028250947810439797,0.9729788729012738
2026-01-31,RMD,Healthcare,-0.005638183574842581,0.6844294882545
2026-01-31,WAT,Healthcare,-0.13848725768461045,0.27497305700193475
2026-01-31,AMZN,Consumer,-0.12244046250772744,0.3250156942377084
2026-01-31,AZO,Consumer,0.013846118560273624,0.39002661550147916
2026-01-31,BKNG,Consumer,-0.15244180652168116,0.2273268165736667
2026-01-31,CMG,Consumer,-0.04244913188891708,0.43551814538968747
2026-01-31,COST,Consumer,0.07502261463907423,0.5314976157491459
2026-01-31,DG,Consumer,0.08931197854002759,0.18830169835412083
2026-01-31,DLTR,Consumer,0.07560172885368455,0.3048174854947292
2026-01-31,DRI,Consumer,0.07273638271530958,0.257547647395875
2026-01-31,EBAY,Consumer,-0.003946527816647616,0.7709249831821041
2026-01-31,HD,Consumer,0.016364572366529773,0.8484276173372917
2026-01-31,HLT,Consumer,0.0449472024023827,0.20239477412539586
2026-01-31,KR,Consumer,0.09120491706029243,0.23813046255104164
2026-01-31,LOW,Consumer,-0.009323686540786191,0.5058441571942708
2026-01-31,LULU,Consumer,0.06114612131200747,0.7925576767480208
2026-01-31,MAR,Consumer,0.08591911849559919,0.126755190975125
2026-01-31,MCD,Consumer,0.08273012631788146,0.21497838675725
2026-01-31,MGM,Consumer,0.0989862732319493,0.4048278800640833
2026-01-31,NKE,Consumer,0.0059861032495642785,0.4351037531389583
2026-01-31,ORLY,Consumer,-0.046031970735873284,0.42755815411724996
2026-01-31,ROST,Consumer,0.09006101653810239,0.5357014674296875
2026-01-31,SBUX,Consumer,0.07288879313260432,0.7603426459731835
2026-01-31,TGT,Consumer,0.08985769948400368,0.24400391994525
2026-01-31,TJX,Consumer,0.08215106244782455,0.2689485227952292
2026-01-31,WMT,Consumer,0.07394660147891408,0.3462881949537917
2026-01-31,YUM,Consumer,0.08639893455256487,0.33900612419031245
2026-01-31,BBY,Consumer,-0.04807982091217955,0.6939544748618125
2026-01-31,CCL,Consumer,0.055824047772132346,0.926179903045396
2026-01-31,CHDN,Consumer,-0.065372105177672,0.5901196971071666
2026-01-31,CMCSA,Consumer,0.04067222781262636,0.09269586871854167
2026-01-31,CZR,Consumer,0.21014484607697104,0.6128897043624166
2026-01-31,DIS,Consumer,-0.05992909533104063,0.21355583079658338
2026-01-31,DKNG,Consumer,-0.1334060358327781,0.9096488267925
2026-01-31,F,Consumer,0.026123853397384433,0.38912519294208336
2026-01-31,FOX,Consumer,-0.21107209038739072,0.729558731831
2026-01-31,GM,Consumer,-0.06297619090971995,0.8446352327882084
2026-01-31,GRMN,Consumer,0.25386832465501574,0.5915002906967708
2026-01-31,H,Consumer,0.032806763905029124,0.273423263382
2026-01-31,IHG,Consumer,0.013115683453108318,0.4128872639124792
2026-01-31,LVS,Consumer,0.08128077556621194,0.7985460191948124
2026-01-31,NCLH,Consumer,0.12887076270671205,0.8356158058034375
2026-01-31,NFLX,Consumer,0.15271290365588652,0.6471987378554167
2026-01-31,PENN,Consumer,0.21806854808880405,0.5827435008007916
2026-01-31,POOL,Consumer,-0.10590735305560162,0.5835875787907916
2026-01-31,RCL,Consumer,-0.042168517005257256,0.7412684334763127
2026-01-31,SIRI,Consumer,0.09294359334404811,0.7365777554886833
2026-01-31,TSLA,Consumer,-0.06482189925675397,0.8939568153375416
2026-01-31,WBD,Consumer,0.022875785759738365,0.9917376073322874
2026-01-31,WYNN,Consumer,0.009083091303764723,0.7153864235597084
2026-01-31,APA,Energy,0.1499431962846458,0.6982987721014783
2026-01-31,BA,Energy,-0.026484692833631307,0.2737700435852174
2026-01-31,CAT,Energy,0.13002011866168428,0.26415171380732616
2026-01-31,COP,Energy,0.09702533317006168,0.23737034092339132
2026-01-31,CVX,Energy,0.0660652850398924,0.435873794445
2026-01-31,DE,Energy,0.1926325867274845,0.5227048112686957
2026-01-31,DVN,Energy,0.0825665282064032,0.16898256783432608
2026-01-31,EOG,Energy,0.10657281685676145,0.5879926985312609
2026-01-31,FDX,Energy,0.20093098218573058,0.6978422862791522
2026-01-31,GD,Energy,0.016975674522262896,0.3023498605890435
2026-01-31,GE,Energy,0.11561651248342342,0.2895125883778478
2026-01-31,HAL,Energy,0.07398559722218101,0.9300151644014348
2026-01-31,HON,Energy,0.075946501365598,0.49861950627249996
2026-01-31,LMT,Energy,0.037621032478328154,0.4297002529950218
2026-01-31,MMM,Energy,0.0842374639935568,0.6168391418864783
2026-01-31,MPC,Energy,0.13061655240003445,0.8002755562884347
2026-01-31,NOC,Energy,0.04975013661156269,0.5004676800125
2026-01-31,OXY,Energy,0.16942056432736097,0.7303205912191304
2026-01-31,PSX,Energy,0.08385886668686315,0.7421818593593043
2026-01-31,RTX,Energy,0.011760245451350793,0.657441387581826
2026-01-31,SLB,Energy,0.0674401277393335,0.6460679960093914
2026-01-31,UNP,Energy,0.1329849162432153,0.4566003604229348
2026-01-31,UPS,Energy,0.10692075774332821,0.37679751998658695
2026-01-31,VLO,Energy,0.13482644448654613,0.7595915360641956
2026-01-31,XOM,Energy,0.08568940599419994,0.40218102615297824
2026-01-31,AME,Energy,0.06804182870781816,0.5017283134824349
2026-01-31,BE,Energy,0.02840723518837951,1.205242106455926
2026-01-31,BKR,Energy,0.16891840798959978,0.7926034115634566
2026-01-31,CTRA,Energy,0.06031192939024921,0.44596742314202176
2026-01-31,EMR,Energy,0.029731188365761163,0.41424938525252175
2026-01-31,ENPH,Energy,0.14305032398622464,0.13825220229329566
2026-01-31,ETN,Energy,0.06971706601210692,0.46706893664215215
2026-01-31,FSLR,Energy,-0.12557647564605434,1.014188321872087
2026-01-31,FTV,Energy,0.12099980243973896,0.4667158857060652
2026-01-31,GNRC,Energy,0.34116879386822574,0.929427034328913
2026-01-31,HUBB,Energy,0.051399184196475156,0.42615303996626086
2026-01-31,MTDR,Energy,0.1448145704535786,0.776956632973
2026-01-31,PH,Energy,0.0803778525486245,0.2530464488326304
2026-01-31,PLUG,Energy,-0.1556603497735698,1.1865794850967954
2026-01-31,PR,Energy,0.13391201614232173,0.4832312771111521
2026-01-31,ROK,Energy,-0.030321636248290096,0.24449485797897824
2026-01-31,ROP,Energy,-0.057915608099008864,0.20444318517234783
2026-01-31,SM,Energy,0.1879814606913086,0.11864769154512175
2026-01-31,VRSK,Energy,-0.045479652530854064,0.18384071049576087
2026-01-31,WMB,Energy,0.11091290489639549,0.16951827769486955
2026-01-31,XYL,Energy,-0.057088137837568276,0.6767623149711521
2026-02-28,AAPL,Technology,-0.039329243991613416,0.746943363241934
2026-02-28,ADBE,Technology,-0.07366335719405293,0.37508344647425595
2026-02-28,AMAT,Technology,-0.08194998723720903,0.40772933318473004
2026-02-28,AMD,Technology,0.016083042075494047,0.518388187928954
2026-02-28,AVGO,Technology,-0.02938732971611413,0.8653058769807359
2026-02-28,CDNS,Technology,-0.07806900881152057,0.18695994122751003
2026-02-28,CRM,Technology,-0.0416859393540554,0.274338960515268
2026-02-28,CRWD,Technology,0.04954565334549299,0.750268946825344
2026-02-28,FTNT,Technology,0.034037738617692215,0.245567400203768
2026-02-28,GOOGL,Technology,-0.07697457213873138,0.70729017627298
2026-02-28,INTC,Technology,-0.03244901386606058,0.53142305751989
2026-02-28,INTU,Technology,0.05708630788823932,0.158026947153162
2026-02-28,KLAC,Technology,-0.03420026432619638,0.6296264981432259
2026-02-28,LRCX,Technology,-0.085399146380845,0.353446401929224
2026-02-28,META,Technology,-0.11657274885643698,0.383974797966884
2026-02-28,MSFT,Technology,-0.05746798739077108,0.253230854699374
2026-02-28,MU,Technology,-0.18039158750816064,0.709677656690208
2026-02-28,NET,Technology,0.19832739074444872,0.926407737923314
2026-02-28,NOW,Technology,-0.032034061809466885,0.355698256317312
2026-02-28,NVDA,Technology,-0.015692625780075575,0.7159063858030079
2026-02-28,ORCL,Technology,0.011760711533736812,0.60546012758763
2026-02-28,PANW,Technology,0.0765512308316072,0.776745806761888
2026-02-28,QCOM,Technology,-0.08958396304022376,0.6461686974967881
2026-02-28,SNPS,Technology,-0.04231881404268567,0.42413216559225003
2026-02-28,TXN,Technology,-0.08472017090839445,0.148667886152536
2026-02-28,ACN,Technology,-0.04997128354093483,0.483072035576068
2026-02-28,ADI,Technology,-0.10302099373127283,0.215559553641566
2026-02-28,ANET,Technology,-0.0802996346120084,0.7733625671707041
2026-02-28,CGNX,Technology,-0.09944852381738423,0.247325729026032
2026-02-28,COHU,Technology,0.013907286943163122,0.60124176576348
2026-02-28,CSCO,Technology,-0.02353388648353827,0.41376763751471396
2026-02-28,DELL,Technology,0.10838743700538189,0.610524154961812
2026-02-28,ENTG,Technology,-0.11483575804003687,0.20669225353173198
2026-02-28,FORM,Technology,-0.019114072028183715,0.904400540901272
2026-02-28,HPQ,Technology,0.027998009240943533,0.37250485238672804
2026-02-28,IBM,Technology,0.009075350157729423,0.578234393576732
2026-02-28,IPGP,Technology,-0.12905685217821317,0.12276924297289603
2026-02-28,KEYS,Technology,-0.08121560715068399,0.6140807600899439
2026-02-28,MCHP,Technology,-0.13437833415480838,0.446617478428336
2026-02-28,MKSI,Technology,-0.05992804038666666,0.398649941402798
2026-02-28,MPWR,Technology,-0.04130777926212992,0.274301810937344
2026-02-28,MRVL,Technology,0.21251065813922088,0.875761964377044
2026-02-28,NXPI,Technology,-0.1283130263836747,0.587775567409428
2026-02-28,ONTO,Technology,-0.05011807909592536,0.504957465550802
2026-02-28,QRVO,Technology,-0.06634499274747374,0.838131832049492
2026-02-28,STX,Technology,-0.037751552021242474,0.680324078090304
2026-02-28,SWKS,Technology,-0.101208499642092,0.7257032218706121
2026-02-28,TER,Technology,-0.07364936854083293,0.8351613666569679
2026-02-28,VRSN,Technology,0.08958496951053796,0.227375526548662
2026-02-28,WDC,Technology,-0.03246530743683018,0.611579745407776
2026-02-28,AXP,Financials,-0.020783367042822798,0.767586984738602
2026-02-28,BAC,Financials,-0.016143096044515692,0.7139568487313
2026-02-28,BK,Financials,-0.003946246159066358,0.5210178527205837
2026-02-28,BLK,Financials,-0.09044704430127881,0.2367103251165102
2026-02-28,C,Financials,0.029222266759959314,0.6594646068872122
2026-02-28,CFG,Financials,-0.0036550450460571815,0.5000801621483694
2026-02-28,CME,Financials,-0.05348803479648445,0.17346106651901022
2026-02-28,COF,Financials,-0.06752201367347865,0.852660665194696
2026-02-28,FITB,Financials,-0.052361216962278356,0.4573229404158633
2026-02-28,GS,Financials,-0.010619033543531664,0.6136970649132938
2026-02-28,HBAN,Financials,-0.058974843015424994,0.6810566484935592
2026-02-28,ICE,Financials,-0.03863963734406983,0.24466131947405306
2026-02-28,JPM,Financials,-0.02044621075906372,0.6848160772634918
2026-02-28,KEY,Financials,-0.02369740786005403,0.8984069094080286
2026-02-28,MCO,Financials,-0.084585357069626,0.18905339849834696
2026-02-28,MS,Financials,-0.011650838040554223,0.27413818554751634
2026-02-28,MTB,Financials,-0.04065340022519959,0.5024564026490612
2026-02-28,PNC,Financials,-0.0200612867909008,0.6627686845055
2026-02-28,RF,Financials,-0.05242153697907115,0.6554961495366776
2026-02-28,SCHW,Financials,-0.012815038542433821,0.5812243663504653
2026-02-28,SPGI,Financials,-0.037430995659802124,0.2728254746676939
2026-02-28,STT,Financials,-0.01601615803768508,0.6188326204309408
2026-02-28,TFC,Financials,-0.06773477203245826,0.6742160224122877
2026-02-28,USB,Financials,-0.038656501824909206,0.7619917004419035
2026-02-28,WFC,Financials,-0.022590501760459736,0.8753523671042183
2026-02-28,AFL,Financials,-0.028513249021531628,0.460695060210249
2026-02-28,AJG,Financials,-0.04801844486911866,0.21742691534706327
2026-02-28,ALL,Financials,-0.028579488538893805,0.43816144176338984
2026-02-28,AMTD,Financials,-0.02941173720662238,0.4176696488163735
2026-02-28,AON,Financials,-0.037827540520321556,0.40121962571618575
2026-02-28,CB,Financials,-0.040978231344439564,0.6230354127528939
2026-02-28,FDS,Financials,0.0008302566145348411,0.17907714151965104
2026-02-28,FNF,Financials,-0.11329171326935272,0.4145925512506551
2026-02-28,GL,Financials,-0.0419247902686507,0.20059474333243
2026-02-28,HIG,Financials,-0.035655709565268645,0.37556136521689587
2026-02-28,IBKR,Financials,-0.05787333340763745,0.45827825724911164
2026-02-28,LPLA,Financials,0.0024594718496488976,0.44967218304437756
2026-02-28,MET,Financials,-0.01873176744606042,0.8925082284731326
2026-02-28,MSCI,Financials,-0.05739469133020736,0.4157289231383796
2026-02-28,NDAQ,Financials,-0.027645256753270675,0.644114149032753
2026-02-28,PGR,Financials,-0.07217070448540142,0.25258141725739797
2026-02-28,PRU,Financials,-0.007013568116233548,0.6581968115707122
2026-02-28,RJF,Financials,-0.054154670887513356,0.31927490372660405
2026-02-28,SEIC,Financials,-0.03504671033960283,0.3623152580399735
2026-02-28,SF,Financials,0.0028488866632896404,0.6529004339605953
2026-02-28,SYF,Financials,-0.015771941260822042,0.9760573923183755
2026-02-28,TRV,Financials,-0.05150958789293014,0.5005283976590571
2026-02-28,UNM,Financials,0.018123453043955795,0.525157613843849
2026-02-28,WTW,Financials,-0.044249256221432276,0.45233471515722856
2026-02-28,ABBV,Healthcare,-0.06286625460440987,0.5286577568118848
2026-02-28,ABT,Healthcare,-0.1175762772111314,0.3217182222671674
2026-02-28,AMGN,Healthcare,-0.09354389225068471,0.3554447463504239
2026-02-28,BAX,Healthcare,-0.17525780339178443,0.12598665143647175
2026-02-28,BIIB,Healthcare,-0.04426027092582707,0.7381483417450434
2026-02-28,BMY,Healthcare,-0.02757729719562274,0.31110333479844127
2026-02-28,BSX,Healthcare,-0.1834742843732028,0.3254556395606043
2026-02-28,CI,Healthcare,-0.07453081020736085,0.42545948062427824
2026-02-28,CVS,Healthcare,-0.10112649066375845,0.5652723997189131
2026-02-28,DHR,Healthcare,-0.09796728729924253,0.47548910481664997
2026-02-28,EW,Healthcare,-0.07389845379253346,0.5133396374453651
2026-02-28,GILD,Healthcare,-0.059003058065538405,0.34936175710415
2026-02-28,HUM,Healthcare,-0.08538569702667309,0.16500429455600435
2026-02-28,ISRG,Healthcare,-0.08444721794317911,0.6035146062575848
2026-02-28,JNJ,Healthcare,-0.016060823378851175,0.41295905518365
2026-02-28,LLY,Healthcare,-0.12568557869421115,0.6851787852168738
2026-02-28,MDT,Healthcare,-0.1054939159208832,0.5565383937442065
2026-02-28,MRK,Healthcare,-0.021313516091732265,0.6542799741375848
2026-02-28,PFE,Healthcare,0.015551542167894006,0.4055142564975565
2026-02-28,REGN,Healthcare,-0.011552149192297523,0.544494277867843
2026-02-28,SYK,Healthcare,-0.14964356420630254,0.2695703893873913
2026-02-28,TMO,Healthcare,-0.055830961351011066,0.8419171829528674
2026-02-28,UNH,Healthcare,-0.07016175047612994,0.9220180646655349
2026-02-28,VRTX,Healthcare,-0.1012217043788054,0.1334677952358761
2026-02-28,ZBH,Healthcare,-0.07897668479851039,0.2894365402538
2026-02-28,A,Healthcare,-0.05882280677759555,0.7586024296834369
2026-02-28,ACAD,Healthcare,-0.09364817944112669,0.9781060251985978
2026-02-28,ALGN,Healthcare,-0.098211535130451,0.6841118317331712
2026-02-28,ALKS,Healthcare,0.17475083595414231,0.2806177535708022
2026-02-28,BDX,Healthcare,-0.10338765707449893,0.48434327881938916
2026-02-28,DGX,Healthcare,-0.0751734596909619,0.42138651587926523
2026-02-28,DXCM,Healthcare,-0.1447637344945778,0.17568365175306305
2026-02-28,FOLD,Healthcare,0.006263058685082923,0.9023677327996087
2026-02-28,HOLX,Healthcare,0.003051960266405196,0.7653316069228544
2026-02-28,IDXX,Healthcare,-0.144412420082633,0.8155867021577587
2026-02-28,INSP,Healthcare,-0.20043403932727455,0.05138409976576261
2026-02-28,IQV,Healthcare,-0.046250234245157174,0.8214629694489934
2026-02-28,MASI,Healthcare,0.014371194331092463,0.2654764721047652
2026-02-28,MTD,Healthcare,-0.07718648322371602,0.7304447127482825
2026-02-28,NBIX,Healthcare,-0.003856291167001369,0.7146710636025109
2026-02-28,NTRA,Healthcare,-0.03869442440279747,0.7907326044913261
2026-02-28,NVCR,Healthcare,-0.20263353637922166,0.6104417926031848
2026-02-28,PODD,Healthcare,-0.1491018376442821,0.43972001077205003
2026-02-28,RARE,Healthcare,-0.10431802866095152,0.641024096652991
2026-02-28,RMD,Healthcare,-0.12401472265279267,0.34228536821548045
2026-02-28,WAT,Healthcare,-0.06756846627816271,0.5846658301440587
2026-02-28,AMZN,Consumer,-0.008238074893043179,0.3308380416046458
2026-02-28,AZO,Consumer,-0.10059698927169314,0.14617465131711044
2026-02-28,BKNG,Consumer,-0.004582198914348856,0.22861471163876668
2026-02-28,CMG,Consumer,-0.13997857948139802,0.17440544361690624
2026-02-28,COST,Consumer,-0.014206749218772075,0.29069928472474377
2026-02-28,DG,Consumer,-0.24007932867164705,0.27524050950623624
2026-02-28,DLTR,Consumer,-0.13417141658996357,0.5143619123150853
2026-02-28,DRI,Consumer,-0.0832827442263886,0.15018096088542918
2026-02-28,EBAY,Consumer,0.005109809813739652,0.4062774949546313
2026-02-28,HD,Consumer,-0.13036130245991528,0.3711949518678542
2026-02-28,HLT,Consumer,-0.024696940910830967,0.5857184322376187
2026-02-28,KR,Consumer,0.0603751886805004,0.15893913876531252
2026-02-28,LOW,Consumer,-0.1069282571864163,0.44341991382494794
2026-02-28,LULU,Consumer,-0.17319216062296272,0.7919339696910729
2026-02-28,MAR,Consumer,-0.04289937433296098,0.5776098906258708
2026-02-28,MCD,Consumer,-0.08366224962366509,0.370743516027175
2026-02-28,MGM,Consumer,0.004069389818173619,0.558948364019225
2026-02-28,NKE,Consumer,-0.1448923538386433,0.49511445927502085
2026-02-28,ORLY,Consumer,-0.016723474017433015,0.18660077956850832
2026-02-28,ROST,Consumer,0.05568169760168673,0.6711271068955729
2026-02-28,SBUX,Consumer,-0.08600286261866641,0.43226946045862175
2026-02-28,TGT,Consumer,0.06511992242812004,0.3211178426502417
2026-02-28,TJX,Consumer,-0.012124252563818216,0.5619345568385687
2026-02-28,WMT,Consumer,-0.026689618655165503,0.48305312515280413
2026-02-28,YUM,Consumer,-0.07540442232654065,0.4371185039237604
2026-02-28,BBY,Consumer,0.051759011978057545,0.8352696757918772
2026-02-28,CCL,Consumer,-0.17971474527433962,1.098687304246952
2026-02-28,CHDN,Consumer,-0.022843451181875585,0.7749525757988167
2026-02-28,CMCSA,Consumer,-0.07267437276808819,0.17364209394889585
2026-02-28,CZR,Consumer,0.055089864676465705,0.752616911308725
2026-02-28,DIS,Consumer,-0.09109773273016697,0.45781674923897503
2026-02-28,DKNG,Consumer,-0.09312077597086366,0.5653946480377501
2026-02-28,F,Consumer,-0.18097942960394564,0.5250708912159583
2026-02-28,FOX,Consumer,0.03200021945075027,0.6855342862159666
2026-02-28,GM,Consumer,-0.05124633379085952,0.7054739031697959
2026-02-28,GRMN,Consumer,-0.07883089548258393,0.6732834205423646
2026-02-28,H,Consumer,-0.10883172330324098,0.6945269790145999
2026-02-28,IHG,Consumer,-0.04013228994442963,0.7655328458404104
2026-02-28,LVS,Consumer,-0.050070504258497794,0.5166471390917771
2026-02-28,NCLH,Consumer,-0.24566357110432324,0.9069347417410313
2026-02-28,NFLX,Consumer,-0.0009351240636769065,0.38374295468995834
2026-02-28,PENN,Consumer,-0.0390025957136243,0.27690638357357084
2026-02-28,POOL,Consumer,-0.10407395405580566,0.18965960697057085
2026-02-28,RCL,Consumer,-0.11034853594381755,0.5723805300428938
2026-02-28,SIRI,Consumer,0.05100186183638433,0.5418066599799383
2026-02-28,TSLA,Consumer,-0.07642048401115797,0.9836037112679291
2026-02-28,WBD,Consumer,-0.025204152996037066,1.0575212821996862
2026-02-28,WYNN,Consumer,-0.061373502540075675,0.7979492604012459
2026-02-28,APA,Energy,0.3974316354843388,0.7268809359782695
2026-02-28,BA,Energy,-0.12525820838088642,0.3103918826407826
2026-02-28,CAT,Energy,-0.046268992025537026,0.6879411663161108
2026-02-28,COP,Energy,0.16340561488744632,0.20816762401614783
2026-02-28,CVX,Energy,0.10783893757777574,0.4807621383335
2026-02-28,DE,Energy,-0.1028449178148787,0.27855057381539133
2026-02-28,DVN,Energy,0.1620221467239178,0.35504259643725433
2026-02-28,EOG,Energy,0.16513535380499555,0.5111804182550305
2026-02-28,FDX,Energy,-0.075906901427085,0.7571787728402674
2026-02-28,GD,Energy,-0.03873405519503692,0.5624440886114956
2026-02-28,GE,Energy,-0.16968572342439792,0.6498972547742239
2026-02-28,HAL,Energy,0.08830269417071523,0.7803088971465175
2026-02-28,HON,Energy,-0.07208833623132771,0.3169771562295761
2026-02-28,LMT,Energy,-0.07674562708650767,0.3115187715506804
2026-02-28,MMM,Energy,-0.12152196169021445,0.8393995686529
2026-02-28,MPC,Energy,0.23192565665100662,0.30095223210392175
2026-02-28,NOC,Energy,-0.05817390646399023,0.18057508661244565
2026-02-28,OXY,Energy,0.23038095079237264,0.3104005251918261
2026-02-28,PSX,Energy,0.18045739982050923,0.49656760128605215
2026-02-28,RTX,Energy,-0.047971579582170354,0.699406329318026
2026-02-28,SLB,Energy,0.0009738846301508008,0.39164648575933914
2026-02-28,UNP,Energy,-0.08438378346317721,0.7152409776920978
2026-02-28,UPS,Energy,-0.15160401836712933,0.7826044733872805
2026-02-28,VLO,Energy,0.2073885973806988,0.6539644173409979
2026-02-28,XOM,Energy,0.11252461417776649,0.501089090454589
2026-02-28,AME,Energy,-0.10249841704332763,0.6831271896969044
2026-02-28,BE,Energy,-0.12963315290773203,0.8767900232411256
2026-02-28,BKR,Energy,-0.06451129708673675,0.5269114582516456
2026-02-28,CTRA,Energy,0.1571124732005087,0.620746748681737
2026-02-28,EMR,Energy,-0.13087891029876664,0.20036177209749567
2026-02-28,ENPH,Energy,-0.10551216078005732,0.14799739981842347
2026-02-28,ETN,Energy,-0.045580708955583416,0.2922945940361239
2026-02-28,FSLR,Energy,0.00030424725924049767,1.1390391052572781
2026-02-28,FTV,Energy,-0.0651943970185449,0.7639278091900804
2026-02-28,GNRC,Energy,-0.13329189305130285,0.2940455016030218
2026-02-28,HUBB,Energy,-0.0408303157537101,0.5843676511203131
2026-02-28,MTDR,Energy,0.22918284201736872,0.4765652507614652
2026-02-28,PH,Energy,-0.11290354551040649,0.7150443694323978
2026-02-28,PLUG,Energy,0.26256985398127064,1.2059738455290385
2026-02-28,PR,Energy,0.17544436361250226,0.555838948350737
2026-02-28,ROK,Energy,-0.11920482481060679,0.6668267182632586
2026-02-28,ROP,Energy,0.011809046303180804,0.2743764338125739
2026-02-28,SM,Energy,0.35955012166864564,0.08124648137658
2026-02-28,VRSK,Energy,-0.08353674484925633,0.31384786532264125
2026-02-28,WMB,Energy,-0.018958090714665587,0.44650765722150426
2026-02-28,XYL,Energy,-0.07764740466318776,0.52259391188265
2026-03-31,AAPL,Technology,0.06919111581198156,0.5880830089725803
2026-03-31,ADBE,Technology,0.012423910851209863,0.3505250339422768
2026-03-31,AMAT,Technology,0.1541881868162529,0.696318799955419
2026-03-31,AMD,Technology,0.7425650248110034,0.8555164563786861
2026-03-31,AVGO,Technology,0.34868010566727126,0.6955917630942208
2026-03-31,CDNS,Technology,0.18613021243582262,0.11208798236825301
2026-03-31,CRM,Technology,-0.051955304744660924,0.40430168815458045
2026-03-31,CRWD,Technology,0.14174840761966245,0.5610806840476033
2026-03-31,FTNT,Technology,0.03169354257467227,0.5356702200611304
2026-03-31,GOOGL,Technology,0.338155484281367,0.7581870528818939
2026-03-31,INTC,Technology,1.140947225700323,0.6914269172559669
2026-03-31,INTU,Technology,-0.09870814556667495,0.08940808414594861
2026-03-31,KLAC,Technology,0.18876531329881652,0.5808879494429678
2026-03-31,LRCX,Technology,0.2068706399507172,0.7500339205787673
2026-03-31,META,Technology,0.06952959628444377,0.3671924393900652
2026-03-31,MSFT,Technology,0.10160192340621577,0.2859692564098122
2026-03-31,MU,Technology,0.5307837400853326,0.8989032970070624
2026-03-31,NET,Technology,-0.006639503448202411,0.5739223213769942
2026-03-31,NOW,Technology,-0.1553324248601351,0.3307094768951936
2026-03-31,NVDA,Technology,0.14432347654022348,0.7327719157409024
2026-03-31,ORCL,Technology,0.10090184217532938,0.7416380382762889
2026-03-31,PANW,Technology,0.11851296863763161,0.4290237420285664
2026-03-31,QCOM,Technology,0.39447121861539114,0.5718506092490364
2026-03-31,SNPS,Technology,0.21721144252126545,0.30923964967767503
2026-03-31,TXN,Technology,0.4478210837502554,0.5206003658457607
2026-03-31,ACN,Technology,-0.09110127483177877,0.2709216106728204
2026-03-31,ADI,Technology,0.26441186661207894,0.3446678660924698
2026-03-31,ANET,Technology,0.406662391521293,0.6800087701512112
2026-03-31,CGNX,Technology,0.13308831230214513,0.10219771870780961
2026-03-31,COHU,Technology,0.5463748261382002,0.684372529729044
2026-03-31,CSCO,Technology,0.18566581770202983,0.5441302912544141
2026-03-31,DELL,Technology,0.27701521321204536,0.3231572464885436
2026-03-31,ENTG,Technology,0.20673630036161783,0.5520076760595195
2026-03-31,FORM,Technology,0.4014846444960867,0.6513201622703817
2026-03-31,HPQ,Technology,0.08589284771036731,0.4057514557160184
2026-03-31,IBM,Technology,-0.04707293516923172,0.34147031807301964
2026-03-31,IPGP,Technology,0.03778690958577968,0.1208307728918688
2026-03-31,KEYS,Technology,0.2391897500189133,0.2822242280269832
2026-03-31,MCHP,Technology,0.4380127346295628,0.7359852435285008
2026-03-31,MKSI,Technology,0.2347156477718224,0.7495949824208394
2026-03-31,MPWR,Technology,0.47657206770824545,0.3902905432812032
2026-03-31,MRVL,Technology,0.668174300214254,0.9507285893131132
2026-03-31,NXPI,Technology,0.4913643981897493,0.24633267022282845
2026-03-31,ONTO,Technology,0.438825703517431,0.8234872396652406
2026-03-31,QRVO,Technology,0.21731265327172378,0.4054395496148476
2026-03-31,STX,Technology,0.7195221509501455,0.8200972234270912
2026-03-31,SWKS,Technology,0.3103641301339646,0.23171096656118367
2026-03-31,TER,Technology,0.15857117695676748,0.6845484099970904
2026-03-31,VRSN,Technology,0.08173620148924954,0.1802126579645986
2026-03-31,WDC,Technology,0.606417999561343,0.7714739236223328
2026-03-31,AXP,Financials,0.07138080745279374,0.8445618097072949
2026-03-31,BAC,Financials,0.09661536583533659,0.7284727689051043
2026-03-31,BK,Financials,0.1371775370661188,0.7420196415304608
2026-03-31,BLK,Financials,0.10802627740135495,0.6138702403920959
2026-03-31,C,Financials,0.12847184882943719,0.512125096351878
2026-03-31,CFG,Financials,0.09251269421727981,0.8500240486445108
2026-03-31,CME,Financials,-0.025495170555905555,0.22346689138427447
2026-03-31,COF,Financials,0.048621447854468425,0.3415124852726945
2026-03-31,FITB,Financials,0.09255271893661421,0.737196882124759
2026-03-31,GS,Financials,0.09193965672729365,0.7412519766168453
2026-03-31,HBAN,Financials,0.07092655830082406,0.4900312802623535
2026-03-31,ICE,Financials,0.005150035381996432,0.20196982441364447
2026-03-31,JPM,Financials,0.07027821608357754,0.6197305374647618
2026-03-31,KEY,Financials,0.10274321454752466,1.0009506442509801
2026-03-31,MCO,Financials,0.05868196241493551,0.3281445909780755
2026-03-31,MS,Financials,0.1643325959836348,0.7108128842356835
2026-03-31,MTB,Financials,0.05761418146178188,0.6507369207947185
2026-03-31,PNC,Financials,0.07988399683627745,0.8416877482087928
2026-03-31,RF,Financials,0.09303209493688769,0.8537917020038605
2026-03-31,SCHW,Financials,-0.02489892541239669,0.6315101670479967
2026-03-31,SPGI,Financials,0.013847779891732692,0.22470478525745102
2026-03-31,STT,Financials,0.21571742645450653,0.5427926432721394
2026-03-31,TFC,Financials,0.12029583446298409,0.6879790924379721
2026-03-31,USB,Financials,0.0894059157074365,0.9143117958468567
2026-03-31,WFC,Financials,0.032910490313362795,0.7640342815598369
2026-03-31,AFL,Financials,0.03609515192342316,0.35249423234878896
2026-03-31,AJG,Financials,-0.047003452989677785,0.1366566460326904
2026-03-31,ALL,Financials,0.04784411278169043,0.17430557538615982
2026-03-31,AMTD,Financials,0.050505001853162534,0.22530089464491204
2026-03-31,AON,Financials,-0.034481666838246494,0.32036588771485575
2026-03-31,CB,Financials,0.0032829360545629793,0.3011963381115824
2026-03-31,FDS,Financials,0.048804074242139395,0.06800885674160961
2026-03-31,FNF,Financials,0.1276411822468697,0.28152062251805365
2026-03-31,GL,Financials,0.11132755231991509,0.30303556585687186
2026-03-31,HIG,Financials,0.011683811883260509,0.4126684095650688
2026-03-31,IBKR,Financials,0.18532876638934903,0.7089120486033049
2026-03-31,LPLA,Financials,0.1106938131067845,0.320615940627599
2026-03-31,MET,Financials,0.13263570547948467,0.8263238971133684
2026-03-31,MSCI,Financials,0.09721519532019651,0.5104329626557996
2026-03-31,NDAQ,Financials,0.0826953036038891,0.5218056732812545
2026-03-31,PGR,Financials,0.015860285812903996,0.10434585374864797
2026-03-31,PRU,Financials,0.00429929530605988,0.5974590434712137
2026-03-31,RJF,Financials,0.09753904557517323,0.32435389968940975
2026-03-31,SEIC,Financials,0.1556008524854111,0.45155172026913487
2026-03-31,SF,Financials,0.066152590784327,0.6387272730453215
2026-03-31,SYF,Financials,0.12025870855195508,0.7542457891240841
2026-03-31,TRV,Financials,0.046146538366167,0.4073013764405743
2026-03-31,UNM,Financials,0.1071933533720868,0.5861187127245833
2026-03-31,WTW,Financials,-0.11867904558404263,0.1928432716900257
2026-03-31,ABBV,Healthcare,-0.02030828905382931,0.4933799357392176
2026-03-31,ABT,Healthcare,-0.11016279273054008,0.21825459711493284
2026-03-31,AMGN,Healthcare,-0.015915890312271586,0.33489429347034455
2026-03-31,BAX,Healthcare,0.04642861440879331,0.06823077803963717
2026-03-31,BIIB,Healthcare,0.032455118577511044,0.8605749373061218
2026-03-31,BMY,Healthcare,0.009311438882673162,0.3520266526134454
2026-03-31,BSX,Healthcare,-0.08191234087089139,0.31068017012905086
2026-03-31,CI,Healthcare,0.08933453260455715,0.23415958331771827
2026-03-31,CVS,Healthcare,0.1698837884047737,0.5652338938287174
2026-03-31,DHR,Healthcare,-0.05617093255502781,0.6448206444884732
2026-03-31,EW,Healthcare,0.04270726886545906,0.3518279781901313
2026-03-31,GILD,Healthcare,-0.06120398276633743,0.3939389619138537
2026-03-31,HUM,Healthcare,0.3636311394757521,0.06471867967114914
2026-03-31,ISRG,Healthcare,-0.007332056995628111,0.8506195992685799
2026-03-31,JNJ,Healthcare,-0.05968743328493431,0.39780076003335585
2026-03-31,LLY,Healthcare,0.01612354799544935,0.7229449399128882
2026-03-31,MDT,Healthcare,-0.06555106988058612,0.6995702137754359
2026-03-31,MRK,Healthcare,-0.09236013405763854,0.5615013835456233
2026-03-31,PFE,Healthcare,-0.04914526683496123,0.5781760160797017
2026-03-31,REGN,Healthcare,-0.08487784200470594,0.5742178485777443
2026-03-31,SYK,Healthcare,-0.04096287654855191,0.23304502985969566
2026-03-31,TMO,Healthcare,-0.025573225144825518,0.8760534157554254
2026-03-31,UNH,Healthcare,0.3691563472424273,0.6861706367909649
2026-03-31,VRTX,Healthcare,-0.042907697620518714,0.3443881646577193
2026-03-31,ZBH,Healthcare,-0.08836538404746053,0.1477005272935313
2026-03-31,A,Healthcare,0.01377434329342564,0.8819285549919876
2026-03-31,ACAD,Healthcare,0.008535513571607867,0.916475285820449
2026-03-31,ALGN,Healthcare,0.02671645585213711,0.4487118103895166
2026-03-31,ALKS,Healthcare,-0.046662938274833365,0.6320114130277623
2026-03-31,BDX,Healthcare,-0.052089312878940475,0.32791167929799064
2026-03-31,DGX,Healthcare,-0.004760257007272117,0.20250291128551873
2026-03-31,DXCM,Healthcare,-0.05175159298540333,0.47879205204765807
2026-03-31,FOLD,Healthcare,0.0020746703244847176,1.0007103198398826
2026-03-31,HOLX,Healthcare,0.00555636749157129,0.8078603516420737
2026-03-31,IDXX,Healthcare,-0.0019399292157750159,0.8685890541255885
2026-03-31,INSP,Healthcare,0.08840630858311282,0.1828065342775549
2026-03-31,IQV,Healthcare,-0.07136154947846418,0.33774323866078504
2026-03-31,MASI,Healthcare,0.003148353145367766,0.12529511554447303
2026-03-31,MTD,Healthcare,0.012218549616473506,0.8278290659983978
2026-03-31,NBIX,Healthcare,-0.0005314052019101956,0.5948361016894489
2026-03-31,NTRA,Healthcare,0.030851532573992646,0.92200239004305
2026-03-31,NVCR,Healthcare,0.3954128963719954,0.6244368856070424
2026-03-31,PODD,Healthcare,-0.179660682454152,0.481916003231615
2026-03-31,RARE,Healthcare,0.1785202689698333,0.6640463594306799
2026-03-31,RMD,Healthcare,-0.04753206687466238,0.23964213220377456
2026-03-31,WAT,Healthcare,0.03838154352546708,0.662356270782348
2026-03-31,AMZN,Consumer,0.27267485533749536,0.7555014124813938
2026-03-31,AZO,Consumer,0.09658710667074222,0.10218572872846646
2026-03-31,BKNG,Consumer,-0.00031348811612763594,0.19983441349163
2026-03-31,CMG,Consumer,0.0618557782179463,0.24190496641840517
2026-03-31,COST,Consumer,0.018164927743801407,0.3205431187507565
2026-03-31,DG,Consumer,-0.01937595666320524,0.5638221528518709
2026-03-31,DLTR,Consumer,-0.11323168006565554,0.5334752403611922
2026-03-31,DRI,Consumer,0.030932686658159625,0.1471376215989621
2026-03-31,EBAY,Consumer,0.13689306936286672,0.6177165818197228
2026-03-31,HD,Consumer,-0.00027372936683711657,0.38844181889368956
2026-03-31,HLT,Consumer,0.0657393502850685,0.7882155296712856
2026-03-31,KR,Consumer,-0.059286910991452224,0.12059840829626042
2026-03-31,LOW,Consumer,0.015474141597836999,0.6726093074808177
2026-03-31,LULU,Consumer,-0.10058790686697305,0.5000801909073218
2026-03-31,MAR,Consumer,0.10584888354764166,0.7274496338544278
2026-03-31,MCD,Consumer,-0.05534287375440239,0.5341397214748191
2026-03-31,MGM,Consumer,0.05214807870047555,0.3864345092057675
2026-03-31,NKE,Consumer,-0.16016658715167775,0.35270100444917296
2026-03-31,ORLY,Consumer,0.07680645818222209,0.3038969005372192
2026-03-31,ROST,Consumer,0.05151635577609559,0.5367547987353385
2026-03-31,SBUX,Consumer,0.17568931952849165,0.7567641714709199
2026-03-31,TGT,Consumer,0.0705445814112442,0.6213353527950725
2026-03-31,TJX,Consumer,-0.01847211649727376,0.576913700384904
2026-03-31,WMT,Consumer,0.06155450038748733,0.6553326042125078
2026-03-31,YUM,Consumer,0.026820158756968082,0.5248855511771281
2026-03-31,BBY,Consumer,-0.057788091061225066,0.6005809027375631
2026-03-31,CCL,Consumer,0.024343164163247,0.9316895246074189
2026-03-31,CHDN,Consumer,0.12423461878252762,0.8741524394063116
2026-03-31,CMCSA,Consumer,-0.047216289107284815,0.1979259615180021
2026-03-31,CZR,Consumer,0.0518349949325001,0.4007850733926175
2026-03-31,DIS,Consumer,0.07646817759502134,0.7060950247716925
2026-03-31,DKNG,Consumer,0.07863084133215503,0.7529517277446585
2026-03-31,F,Consumer,0.04679375768094163,0.6241879340314541
2026-03-31,FOX,Consumer,0.0738230149959993,0.23482695253145666
2026-03-31,GM,Consumer,0.032080528720113355,0.882475504284272
2026-03-31,GRMN,Consumer,0.08245336552623761,0.21656835949604272
2026-03-31,H,Consumer,0.165380173505991,0.5729414270377133
2026-03-31,IHG,Consumer,0.08764225869873776,0.6671598537521232
2026-03-31,LVS,Consumer,0.013548546840961961,0.4758274750608664
2026-03-31,NCLH,Consumer,-0.027807509975840916,0.8999970891889761
2026-03-31,NFLX,Consumer,-0.026417065784899663,0.2026228864069875
2026-03-31,PENN,Consumer,0.16167660643205428,0.12682191507207125
2026-03-31,POOL,Consumer,0.05431723122476262,0.3631478820911712
2026-03-31,RCL,Consumer,-0.04150004801988405,0.2883808256795348
2026-03-31,SIRI,Consumer,0.1672443944155675,0.4542086646606482
2026-03-31,TSLA,Consumer,0.026577013807162153,1.0404977800470454
2026-03-31,WBD,Consumer,-0.014930803389718417,1.107256384659906
2026-03-31,WYNN,Consumer,0.05475132832600638,0.3998014447870405
2026-03-31,APA,Energy,-0.033868410925329995,0.44632515035869824
2026-03-31,BA,Energy,0.15073104649549252,0.2757262604444087
2026-03-31,CAT,Energy,0.2587930639661995,0.5259475672861376
2026-03-31,COP,Energy,-0.04712122136896302,0.36679811329180084
2026-03-31,CVX,Energy,-0.06568388950600901,0.6007503806304848
2026-03-31,DE,Energy,0.04716848553169872,0.2813912591011391
2026-03-31,DVN,Energy,0.02086643965477908,0.2130345180616111
2026-03-31,EOG,Energy,-0.020118718810305913,0.19900629938955264
2026-03-31,FDX,Energy,0.13232075313593872,0.5619362405477324
2026-03-31,GD,Energy,0.007806149999530998,0.5643854004964921
2026-03-31,GE,Energy,0.021707734787319577,0.4384474373018324
2026-03-31,HAL,Energy,0.08489349618114472,0.8427883213178683
2026-03-31,HON,Energy,-0.05176302708237612,0.5668322773036554
2026-03-31,LMT,Energy,-0.14298721330725728,0.6108469358130302
2026-03-31,MMM,Energy,0.008882521399656396,0.4492111749436961
2026-03-31,MPC,Energy,0.016831848364451174,0.10550306093552436
2026-03-31,NOC,Energy,-0.1506214986464266,0.5411290477228641
2026-03-31,OXY,Energy,-0.0679999718299279,0.21485928799233045
2026-03-31,PSX,Energy,-0.01663189648211949,0.559839845603207
2026-03-31,RTX,Energy,-0.08724721153333515,0.8033001596649729
2026-03-31,SLB,Energy,0.1068301565221006,0.6805374239886712
2026-03-31,UNP,Energy,0.11070817084209006,0.5037027280902381
2026-03-31,UPS,Energy,0.10591589844731186,0.5999987333205319
2026-03-31,VLO,Energy,0.022259996597218334,0.34836323824577764
2026-03-31,XOM,Energy,-0.0903571938002874,0.5764136836581158
2026-03-31,AME,Energy,0.09861914223482038,0.8288512003873322
2026-03-31,BE,Energy,1.0913718640734649,1.0978196156679898
2026-03-31,BKR,Energy,0.14119574043581684,0.5385082200841893
2026-03-31,CTRA,Energy,0.021912364005063134,0.6275283724306081
2026-03-31,EMR,Energy,0.07189740392128274,0.5622824446727269
2026-03-31,ENPH,Energy,-0.12827299954144944,0.3183122634237879
2026-03-31,ETN,Energy,0.21064103248575106,0.6202970738630111
2026-03-31,FSLR,Energy,0.02347158578396913,1.130842166359792
2026-03-31,FTV,Energy,0.08158470035855947,0.5791783427570241
2026-03-31,GNRC,Energy,0.3271387321776713,0.11864843308960221
2026-03-31,HUBB,Energy,0.03551783742962322,0.7535711649013114
2026-03-31,MTDR,Energy,0.004115196068299909,0.2190565317501787
2026-03-31,PH,Energy,0.015839315416534605,0.8688611369166759
2026-03-31,PLUG,Energy,0.3849558086941973,1.2117921536587115
2026-03-31,PR,Energy,0.014071348438246423,0.3797951627660907
2026-03-31,ROK,Energy,0.13940592426048792,0.8696132328702819
2026-03-31,ROP,Energy,0.005240796140344894,0.17361727796985915
2026-03-31,SM,Energy,-0.004810763857028388,0.16133046615210442
2026-03-31,VRSK,Energy,-0.027720656162508184,0.1550239248141837
2026-03-31,WMB,Energy,0.048502319847537834,0.3926479493403643
2026-03-31,XYL,Energy,-0.011213358476072188,0.7046042605213167
2026-04-30,AAPL,Technology,0.08096554533454459,0.44242490269177404
2026-04-30,ADBE,Technology,0.028199865950828462,0.651157510182683
2026-04-30,AMAT,Technology,0.103804946185585,0.6988956399866257
2026-04-30,AMD,Technology,0.2840701147596645,0.4126549369136059
2026-04-30,AVGO,Technology,0.03011285136375408,0.41867752892826626
2026-04-30,CDNS,Technology,0.1004581942323175,0.1736263947104759
2026-04-30,CRM,Technology,0.029966626530913976,0.34529050644637416
2026-04-30,CRWD,Technology,0.18400453063656763,0.33632420521428097
2026-04-30,FTNT,Technology,0.3529830743447462,0.34270106601833916
2026-04-30,GOOGL,Technology,0.041580042899087566,0.3394561158645682
2026-04-30,INTC,Technology,0.3221845229726892,0.5574280751767902
2026-04-30,INTU,Technology,0.020102953818774028,0.4188224252437846
2026-04-30,KLAC,Technology,0.06789497384974696,0.49626638483289043
2026-04-30,LRCX,Technology,0.14034749281500702,0.6450101761736302
2026-04-30,META,Technology,-0.0037259864388257125,0.26415773181701957
2026-04-30,MSFT,Technology,0.017999892981173993,0.5897907769229437
2026-04-30,MU,Technology,0.44405993568624846,0.9156709891021189
2026-04-30,NET,Technology,-0.0431282445491723,0.7601766964130983
2026-04-30,NOW,Technology,0.03249918271912278,0.7432128430685581
2026-04-30,NVDA,Technology,0.078318329660785,0.26183157472227075
2026-04-30,ORCL,Technology,0.21413964737154845,0.9224914114828866
2026-04-30,PANW,Technology,0.15926832696898097,0.19870712260856993
2026-04-30,QCOM,Technology,0.22001333168492865,0.7455551827747109
2026-04-30,SNPS,Technology,0.07020301271601581,0.10677189490330252
2026-04-30,TXN,Technology,0.029110308999464873,0.46418010975372825
2026-04-30,ACN,Technology,0.009568526612032446,0.641276483201846
2026-04-30,ADI,Technology,0.035449656694324094,0.29940035982774094
2026-04-30,ANET,Technology,-0.17914423738437635,0.4560026310453634
2026-04-30,CGNX,Technology,0.1828500386864329,0.6326593156123429
2026-04-30,COHU,Technology,0.04625137300908655,0.6813117589187132
2026-04-30,CSCO,Technology,0.05540983273031941,0.4432390873763242
2026-04-30,DELL,Technology,0.24651828312586765,0.4609471739465631
2026-04-30,ENTG,Technology,0.05467531093909872,0.5996023028178559
2026-04-30,FORM,Technology,0.08783935176017721,0.8813960486811145
2026-04-30,HPQ,Technology,0.0872483049651045,0.20572543671480553
2026-04-30,IBM,Technology,0.00203927528133363,0.39644109542190586
2026-04-30,IPGP,Technology,-0.12134208314295136,0.4982492318675606
2026-04-30,KEYS,Technology,0.02969330405566928,0.32266726840809495
2026-04-30,MCHP,Technology,0.0665159017564605,0.6267955730585503
2026-04-30,MKSI,Technology,0.10382375843199343,0.7568784947262518
2026-04-30,MPWR,Technology,-0.008405589702785932,0.17308716298436097
2026-04-30,MRVL,Technology,0.030154472724047254,0.7232185767939341
2026-04-30,NXPI,Technology,0.003951100775158256,0.10189980106684854
2026-04-30,ONTO,Technology,-0.03521312348955774,0.9350461718995722
2026-04-30,QRVO,Technology,-0.03916368492463407,0.4576318648844543
2026-04-30,STX,Technology,0.16180749009823203,0.6940291670281273
2026-04-30,SWKS,Technology,-0.048311236683895586,0.5875132899683552
2026-04-30,TER,Technology,0.04745680186053547,0.8353645229991271
2026-04-30,VRSN,Technology,0.07276850862235729,0.15206379738937958
2026-04-30,WDC,Technology,0.10466724693049079,0.9034421770866998
2026-04-30,AXP,Financials,-0.02173034910674798,0.781939971483617
2026-04-30,BAC,Financials,-0.0402169425365011,0.6756846878143884
2026-04-30,BK,Financials,-0.028801036375809774,0.6368916067448526
2026-04-30,BLK,Financials,0.01804615325575254,0.22701821497477165
2026-04-30,C,Financials,-0.014346758532688075,0.38220895747699196
2026-04-30,CFG,Financials,-0.020292136012218243,0.47072150030763893
2026-04-30,CME,Financials,-0.022826791595547014,0.22418292455813948
2026-04-30,COF,Financials,-0.00951389072234532,0.7595966027246654
2026-04-30,FITB,Financials,-0.02817172060212403,0.29258763606599913
2026-04-30,GS,Financials,0.013758793497054,0.2509470215564822
2026-04-30,HBAN,Financials,-0.038186120579255856,0.3184379555072775
2026-04-30,ICE,Financials,-0.014358840320422006,0.5320195187526647
2026-04-30,JPM,Financials,-0.03553300926614689,0.30020487552514286
2026-04-30,KEY,Financials,-0.02306649546825712,0.8331423361324369
2026-04-30,MCO,Financials,-0.02279960731869468,0.7984433772934226
2026-04-30,MS,Financials,0.013117162747450006,0.4846724366992765
2026-04-30,MTB,Financials,-0.02968488015468307,0.566649647666987
2026-04-30,PNC,Financials,-0.027578447966297603,0.5953634673197807
2026-04-30,RF,Financials,-0.03222417165951097,0.5718517963154439
2026-04-30,SCHW,Financials,-0.02959453872718465,0.7751673358286848
2026-04-30,SPGI,Financials,-0.02576354981354223,0.6959828641486638
2026-04-30,STT,Financials,-0.02191828660686812,0.5628377929816418
2026-04-30,TFC,Financials,-0.03633325094365125,0.5635365848742488
2026-04-30,USB,Financials,-0.01994354167240342,0.6185792530397713
2026-04-30,WFC,Financials,-0.07488209379290289,0.3149245701822368
2026-04-30,AFL,Financials,-0.00501451309937595,0.4057482697046367
2026-04-30,AJG,Financials,-0.036482553304111986,0.58385413666695
2026-04-30,ALL,Financials,-0.018917429412998787,0.4380059583301336
2026-04-30,AMTD,Financials,0.0192307515962582,0.7533045541077592
2026-04-30,AON,Financials,0.006305669810878101,0.6961097663144568
2026-04-30,CB,Financials,-0.02250760046349387,0.2903589014334747
2026-04-30,FDS,Financials,-0.01744442037420435,0.07754551416534003
2026-04-30,FNF,Financials,-0.032887140173934126,0.32731332961255893
2026-04-30,GL,Financials,-0.020868445606077035,0.41948209832849015
2026-04-30,HIG,Financials,-0.03501201207229998,0.2666576657266635
2026-04-30,IBKR,Financials,0.06188676942069571,0.2269593288667058
2026-04-30,LPLA,Financials,-0.09161109574662807,0.7676133536168511
2026-04-30,MET,Financials,-0.02521843547498981,0.819325740562582
2026-04-30,MSCI,Financials,-0.010128321310724941,0.6531298887967399
2026-04-30,NDAQ,Financials,-0.03264062539948276,0.6708274162700906
2026-04-30,PGR,Financials,-0.03616851561728884,0.2884466132674515
2026-04-30,PRU,Financials,0.027520099189127123,0.6078091416127926
2026-04-30,RJF,Financials,-0.025202155814666227,0.65444902704968
2026-04-30,SEIC,Financials,0.005513894996882263,0.7497512303664546
2026-04-30,SF,Financials,-0.029310971071611958,0.29161818191359645
2026-04-30,SYF,Financials,-0.03626301178829361,0.7119880224515109
2026-04-30,TRV,Financials,-0.02326802701276587,0.25076184150360087
2026-04-30,UNM,Financials,0.0062204530615201925,0.3901213281030893
2026-04-30,WTW,Financials,0.000624407247888703,0.7007101243641505
2026-04-30,ABBV,Healthcare,-0.04623321944841341,0.33062267637393916
2026-04-30,ABT,Healthcare,-0.07126336772177067,0.3850415965257842
2026-04-30,AMGN,Healthcare,-0.042021625394855544,0.40481611412805985
2026-04-30,BAX,Healthcare,0.02332194819063904,0.4313387986292825
2026-04-30,BIIB,Healthcare,0.022030844229915747,0.745129002930967
2026-04-30,BMY,Healthcare,-0.07311438016206329,0.5773471262188162
2026-04-30,BSX,Healthcare,-0.06387780361374529,0.6562475292995849
2026-04-30,CI,Healthcare,-0.008672273143784381,0.6637261358648806
2026-04-30,CVS,Healthcare,0.08716535065948139,0.3978310377138326
2026-04-30,DHR,Healthcare,-0.043531675993187746,0.5738809759552376
2026-04-30,EW,Healthcare,-0.0423952205452377,0.24250491519616982
2026-04-30,GILD,Healthcare,0.0037450741889248906,0.4833990798785039
2026-04-30,HUM,Healthcare,0.16291654802878708,0.034632995205692574
2026-04-30,ISRG,Healthcare,-0.01649873917669964,0.9095337058675306
2026-04-30,JNJ,Healthcare,-0.03711115315548563,0.27151414105348504
2026-04-30,LLY,Healthcare,0.014819213548995291,0.2929704384956056
2026-04-30,MDT,Healthcare,-0.05952821566207167,0.3772623684804569
2026-04-30,MRK,Healthcare,0.02015018265335078,0.6097547628897739
2026-04-30,PFE,Healthcare,-0.022326130097995334,0.3712788917804323
2026-04-30,REGN,Healthcare,0.011074049043758638,0.7505262241385406
2026-04-30,SYK,Healthcare,-0.09411989719334735,0.1307830741753
2026-04-30,TMO,Healthcare,-0.02914646672818688,0.6584681986396711
2026-04-30,UNH,Healthcare,0.025642409086277462,0.2971555388633764
2026-04-30,VRTX,Healthcare,0.005709210570286949,0.2250555798320984
2026-04-30,ZBH,Healthcare,-0.001213132036283815,0.3790927668837116
2026-04-30,A,Healthcare,0.0006057956986194046,0.8271872621497702
2026-04-30,ACAD,Healthcare,-0.002227222392425121,0.8671164987896129
2026-04-30,ALGN,Healthcare,-0.04107718853009945,0.5607004996385941
2026-04-30,ALKS,Healthcare,0.03797100648939877,0.5396034239083287
2026-04-30,BDX,Healthcare,0.0026167432046222405,0.14402567770244068
2026-04-30,DGX,Healthcare,-0.03506692927708299,0.1672726125160904
2026-04-30,DXCM,Healthcare,0.017800191215306294,0.7523332677882104
2026-04-30,FOLD,Healthcare,0.0,0.8776044002997909
2026-04-30,HOLX,Healthcare,0.0,0.5314885402752308
2026-04-30,IDXX,Healthcare,-0.00123038954426824,0.8844897597159374
2026-04-30,INSP,Healthcare,-0.2116138439129689,0.08527674289196213
2026-04-30,IQV,Healthcare,0.12843349260463688,0.6491490585547572
2026-04-30,MASI,Healthcare,-0.0006725053080371968,0.28106679553290714
2026-04-30,MTD,Healthcare,-0.11918285628336389,0.5222617632777802
2026-04-30,NBIX,Healthcare,0.1562998565903264,0.39149430876770425
2026-04-30,NTRA,Healthcare,-0.05781915966824425,0.7631224561433498
2026-04-30,NVCR,Healthcare,0.1761998254293211,0.8264615004647214
2026-04-30,PODD,Healthcare,-0.10444984193848139,0.8141400183607889
2026-04-30,RARE,Healthcare,0.05791819660770048,0.899213907829204
2026-04-30,RMD,Healthcare,-0.03297321515485163,0.33058829183504534
2026-04-30,WAT,Healthcare,0.1484331800464016,0.8834894899303566
2026-04-30,AMZN,Consumer,0.028748189796172552,0.28498375707775153
2026-04-30,AZO,Consumer,-0.05611187983000199,0.6577390519518733
2026-04-30,BKNG,Consumer,-0.014433404168216146,0.6432836573808224
2026-04-30,CMG,Consumer,-0.044130624475675506,0.7142381565921881
2026-04-30,COST,Consumer,-0.004215032001492203,0.41699626895856023
2026-04-30,DG,Consumer,-0.022350676555735194,0.7233133125222279
2026-04-30,DLTR,Consumer,-0.029554141988915816,0.6850425721083576
2026-04-30,DRI,Consumer,-0.021589558654585006,0.2628912864796886
2026-04-30,EBAY,Consumer,0.04068418001448171,0.4769816412125836
2026-04-30,HD,Consumer,-0.03451939174974694,0.4956992123347735
2026-04-30,HLT,Consumer,-0.022495165798013916,0.3239646589013857
2026-04-30,KR,Consumer,-0.0356985502581183,0.2111795224888781
2026-04-30,LOW,Consumer,-0.040160796547279554,0.21636612557757867
2026-04-30,LULU,Consumer,-0.0473493421710941,0.8500240572721965
2026-04-30,MAR,Consumer,-0.02352846279460996,0.6265682234896617
2026-04-30,MCD,Consumer,-0.060765000716709316,0.2769085831091124
2026-04-30,MGM,Consumer,-0.003852021481037138,0.5388470194283969
2026-04-30,NKE,Consumer,-0.004959450353384076,0.5724769680014186
2026-04-30,ORLY,Consumer,-0.0647887559612319,0.36825240349449906
2026-04-30,ROST,Consumer,-0.00869219801526544,0.7006097729539349
2026-04-30,SBUX,Consumer,-0.0037976029519157795,0.4749459181079427
2026-04-30,TGT,Consumer,-0.034682080924855474,0.5801506058385217
2026-04-30,TJX,Consumer,-0.02162679036458337,0.40640744344880453
2026-04-30,WMT,Consumer,-0.009482953916679526,0.5028497812637523
2026-04-30,YUM,Consumer,-0.04823048695657828,0.2887156653531384
2026-04-30,BBY,Consumer,-0.018019509379116228,0.7780909374879357
2026-04-30,CCL,Consumer,-0.004903850131755316,0.5024235240488925
2026-04-30,CHDN,Consumer,-0.12733934926604373,0.9184957318218936
2026-04-30,CMCSA,Consumer,-0.060650933486297465,0.3947944551220673
2026-04-30,CZR,Consumer,0.008633154138610433,0.6014855220177853
2026-04-30,DIS,Consumer,0.041156594150037584,0.41599517409817444
2026-04-30,DKNG,Consumer,0.09433965659217969,0.9113021849900641
2026-04-30,F,Consumer,0.01986753084718007,0.23100638020943626
2026-04-30,FOX,Consumer,-0.007365871277985825,0.5662814190927703
2026-04-30,GM,Consumer,0.024840729318129195,0.45432598461861495
2026-04-30,GRMN,Consumer,-0.04399937516370511,0.5753871745154795
2026-04-30,H,Consumer,0.00017902236668665417,0.2010490947779807
2026-04-30,IHG,Consumer,0.039894287180835875,0.5647312894589703
2026-04-30,LVS,Consumer,-0.021808812980094627,0.7114982425182599
2026-04-30,NCLH,Consumer,-0.06050607057231794,0.49041579342335956
2026-04-30,NFLX,Consumer,-0.06537765950943997,0.3232868659220962
2026-04-30,PENN,Consumer,-0.04123707623758088,0.38804657452162133
2026-04-30,POOL,Consumer,-0.11977312101309434,0.7797776979606846
2026-04-30,RCL,Consumer,0.043524340475082024,0.2323475810371938
2026-04-30,SIRI,Consumer,0.0059391181974861595,0.5883459327315278
2026-04-30,TSLA,Consumer,0.12242224307035166,0.8396493340141137
2026-04-30,WBD,Consumer,0.0022181654337649626,1.0646769153979716
2026-04-30,WYNN,Consumer,-0.04378678381739254,0.2220237667694455
2026-04-30,APA,Energy,-0.12693342074762637,0.7425931972815225
2026-04-30,BA,Energy,0.03637078930905391,0.31097874769854
2026-04-30,CAT,Energy,0.008246202128121993,0.27952340062062386
2026-04-30,COP,Energy,-0.09468910914535011,0.6883003035527576
2026-04-30,CVX,Energy,-0.0604728290778801,0.6215294620152324
2026-04-30,DE,Energy,-0.025480136955826627,0.5561565081651243
2026-04-30,DVN,Energy,-0.11212767065015528,0.7182581815054399
2026-04-30,EOG,Energy,-0.07498049367395843,0.5923105854690397
2026-04-30,FDX,Energy,-0.06131762449735778,0.5794504373817111
2026-04-30,GD,Energy,0.0064769418106080945,0.5193156201489476
2026-04-30,GE,Energy,0.02490256752697184,0.3141429268427236
2026-04-30,HAL,Energy,-0.058392374717628925,0.6789234529170997
2026-04-30,HON,Energy,-0.005645531206690202,0.42874533536500964
2026-04-30,LMT,Energy,-0.02212475932136282,0.4723845155265178
2026-04-30,MMM,Energy,-0.022044846383718175,0.19563291770050018
2026-04-30,MPC,Energy,-0.013774208632742035,0.3664335269763095
2026-04-30,NOC,Energy,-0.051701459838638275,0.4819039317081636
2026-04-30,OXY,Energy,-0.12462863690254145,0.6579360472672643
2026-04-30,PSX,Energy,-0.042366712790826266,0.6244736928113969
2026-04-30,RTX,Energy,0.0001135287830997811,0.4844683087690571
2026-04-30,SLB,Energy,-0.06346695749932385,0.6911177489357319
2026-04-30,UNP,Energy,-0.017923470732264413,0.36415429668794097
2026-04-30,UPS,Energy,-0.07371327249545845,0.45391266347442044
2026-04-30,VLO,Energy,-0.045609328485817446,0.6066828845172115
2026-04-30,XOM,Energy,-0.06324107037541682,0.7207501920539565
2026-04-30,AME,Energy,-0.013163507870554647,0.33995970794228664
2026-04-30,BE,Energy,-0.07880430451237141,1.1793458847003968
2026-04-30,BKR,Energy,-0.07989594072352557,0.32894377037308287
2026-04-30,CTRA,Energy,-0.09328873540394944,0.7513019899900519
2026-04-30,EMR,Energy,0.006194781416003492,0.18390212470616593
2026-04-30,ENPH,Energy,0.10588597619564033,0.6128849833749623
2026-04-30,ETN,Energy,-0.07018411395974022,0.4904369482458598
2026-04-30,FSLR,Energy,0.08945464170187978,0.8849048238209811
2026-04-30,FTV,Energy,0.010704120753445734,0.2041882854358029
2026-04-30,GNRC,Energy,0.03927011628417576,0.11168148644861979
2026-04-30,HUBB,Energy,-0.030678761917316,0.33259308860082826
2026-04-30,MTDR,Energy,-0.12302268729338306,0.7504995682207057
2026-04-30,PH,Energy,-0.03145254025285993,0.412832254118481
2026-04-30,PLUG,Energy,-0.003194961187284906,1.152668080880222
2026-04-30,PR,Energy,-0.08788165828518424,0.7835037662211316
2026-04-30,ROK,Energy,0.10999978132962474,0.6561013611654324
2026-04-30,ROP,Energy,-0.03238350191211148,0.09773735730400122
2026-04-30,SM,Energy,-0.05124073855635414,0.6723121833238922
2026-04-30,VRSK,Energy,-0.06840484579227879,0.18346369918338554
2026-04-30,WMB,Energy,-0.0570043062939557,0.315620471758631
2026-04-30,XYL,Energy,-0.0374915383198855,0.5918160607650906
