date,ticker,sector,actual,predicted
2022-06-30,AAPL,Technology,0.18863372069216844,-0.010795988371568461
2022-06-30,ADBE,Technology,0.12036277619092006,-0.008339430546637694
2022-06-30,AMAT,Technology,0.16487137681096597,-0.08176101357853585
2022-06-30,AMD,Technology,0.23538642229191908,-0.04523840134835994
2022-06-30,AVGO,Technology,0.10224161105051643,-0.04091897451309408
2022-06-30,CDNS,Technology,0.2402852985741173,-0.05016992771607899
2022-06-30,CRM,Technology,0.11500228621025887,0.0015199999193640026
2022-06-30,CRWD,Technology,0.0892264402157088,-0.08844906224342546
2022-06-30,FTNT,Technology,0.05425944848837405,0.011278142672026498
2022-06-30,GOOGL,Technology,0.06751854086898024,-0.0369976476242468
2022-06-30,INTC,Technology,-0.02940388417937656,0.006036572590518112
2022-06-30,INTU,Technology,0.1854668057895017,-0.027531772243321633
2022-06-30,KLAC,Technology,0.2020187745496842,-0.06850890463628515
2022-06-30,LRCX,Technology,0.17449231542779264,-0.0450031293679607
2022-06-30,META,Technology,-0.01333340200026778,0.002010746428009817
2022-06-30,MSFT,Technology,0.09309691446514945,-0.03712111764522364
2022-06-30,MU,Technology,0.12122161319999059,-0.02840617527804417
2022-06-30,NET,Technology,0.15017142159598218,0.0286019912570047
2022-06-30,NOW,Technology,-0.06069140909316628,-0.029789887758983953
2022-06-30,NVDA,Technology,0.1981657779155095,-0.01881534657575682
2022-06-30,ORCL,Technology,0.11905144540917356,-0.009527688460340657
2022-06-30,PANW,Technology,0.01044662031138377,-0.019338302240047893
2022-06-30,QCOM,Technology,0.13558768978354552,-0.024577530597437246
2022-06-30,SNPS,Technology,0.21007568399265164,-0.0740301407921694
2022-06-30,TXN,Technology,0.17193792159843246,-0.010106019225107867
2022-06-30,ACN,Technology,0.10696695038580506,-0.03369767279080078
2022-06-30,ADI,Technology,0.1770828784623295,0.0003387753828415666
2022-06-30,ANET,Technology,0.24418604556524537,-0.02754577933987398
2022-06-30,CGNX,Technology,0.19896500891447122,-0.05704549722857511
2022-06-30,COHU,Technology,0.02990990716057862,-0.018495930472661258
2022-06-30,CSCO,Technology,0.07360111773257438,-0.02429871143936651
2022-06-30,DELL,Technology,-0.017327208785545833,-0.0290809087850238
2022-06-30,ENTG,Technology,0.19287939411933808,-0.018563292375640077
2022-06-30,FORM,Technology,-0.08184864979118645,-0.018901302995815855
2022-06-30,HPQ,Technology,0.018608692769885415,-0.01059879872055813
2022-06-30,IBM,Technology,-0.07365971481812172,-0.00995295124228879
2022-06-30,IPGP,Technology,0.13226394285467435,-0.0014172182603434478
2022-06-30,KEYS,Technology,0.1795429735520977,-0.07775226079380407
2022-06-30,MCHP,Technology,0.18560621539231814,-0.021429130995187617
2022-06-30,MKSI,Technology,0.1517100144736354,-0.0594696134659685
2022-06-30,MPWR,Technology,0.21008238231247223,-0.05526648059172697
2022-06-30,MRVL,Technology,0.280871677384537,-0.04015881899356468
2022-06-30,NXPI,Technology,0.24218044874641542,-0.015982492959611315
2022-06-30,ONTO,Technology,0.19371956624691866,-0.024501033047385188
2022-06-30,QRVO,Technology,0.10337150160672692,-0.0031720973284922473
2022-06-30,STX,Technology,0.11954113407249634,-0.019181168443566567
2022-06-30,SWKS,Technology,0.17530203753773144,-0.024211923358273553
2022-06-30,TER,Technology,0.12663305032594163,-0.015399446425443778
2022-06-30,VRSN,Technology,0.1304605981976552,-0.0036615690530140887
2022-06-30,WDC,Technology,0.09524885240711845,-0.04178812233720013
2022-06-30,AXP,Financials,0.11109528746063457,-0.007684559619599378
2022-06-30,BAC,Financials,0.0860906824077452,-0.002845239096988089
2022-06-30,BK,Financials,0.05089921364275729,0.00021668460770708745
2022-06-30,BLK,Financials,0.09874574373215284,-0.05206500528231611
2022-06-30,C,Financials,0.1396342571454312,-0.0827247785139603
2022-06-30,CFG,Financials,0.06388341134622078,-0.00459370636977343
2022-06-30,CME,Financials,-0.025500802488600427,-0.012509814086371621
2022-06-30,COF,Financials,0.05413176553078691,-0.05301900303828016
2022-06-30,FITB,Financials,0.01547637670049884,-0.00935236670963862
2022-06-30,GS,Financials,0.12244980248082626,-0.003182531996183304
2022-06-30,HBAN,Financials,0.10473807451341766,0.0030989097630657824
2022-06-30,ICE,Financials,0.08453873251233124,-0.04550535093242877
2022-06-30,JPM,Financials,0.03348233630339692,-0.013537982713476976
2022-06-30,KEY,Financials,0.06210079649760192,-0.006200173828627721
2022-06-30,MCO,Financials,0.1407507517630333,-0.028683905036929545
2022-06-30,MS,Financials,0.1188444861221225,0.004634464707771864
2022-06-30,MTB,Financials,0.11330696305763044,0.010648792117796856
2022-06-30,PNC,Financials,0.0617242334390411,-0.003995734920811952
2022-06-30,RF,Financials,0.1296001022231621,-0.03696262082844101
2022-06-30,SCHW,Financials,0.09290906289827872,0.013017571464206505
2022-06-30,SPGI,Financials,0.1182875771473837,-0.04838480843443559
2022-06-30,STT,Financials,0.15231137885849444,-0.0480122814509604
2022-06-30,TFC,Financials,0.06409434788121926,-0.002820859132643227
2022-06-30,USB,Financials,0.025640663268402086,-0.012453736344549089
2022-06-30,WFC,Financials,0.11998975847352766,-0.024863896824876643
2022-06-30,AFL,Financials,0.03560436947211154,-0.005583728875370321
2022-06-30,AJG,Financials,0.09782909549689434,-0.018561166729662043
2022-06-30,ALL,Financials,-0.07701433396243584,0.032686186008471306
2022-06-30,AMTD,Financials,0.5172414312842719,0.07717253928257237
2022-06-30,AON,Financials,0.08127332308116086,-0.008786469325696317
2022-06-30,CB,Financials,-0.040390736213242184,0.014122410700034891
2022-06-30,FDS,Financials,0.11729988653945322,-0.024056498308337348
2022-06-30,FNF,Financials,0.08116876304570475,-0.016003406884604512
2022-06-30,GL,Financials,0.03565642478004527,0.016282856348015348
2022-06-30,HIG,Financials,-0.014672264388183254,-0.009102603659016783
2022-06-30,IBKR,Financials,0.06689671838407607,-0.016003537722111813
2022-06-30,LPLA,Financials,0.13790100400177696,0.0017188605629422286
2022-06-30,MET,Financials,0.007325917468780085,-0.010381676960262848
2022-06-30,MSCI,Financials,0.16787599352852567,-0.03486194925544277
2022-06-30,NDAQ,Financials,0.1859184716184641,-0.0544357780890136
2022-06-30,PGR,Financials,-0.009561311319062571,0.013044587962489848
2022-06-30,PRU,Financials,0.04504598160582174,0.0015843904166809352
2022-06-30,RJF,Financials,0.10133101568515124,0.005218139071247107
2022-06-30,SEIC,Financials,0.02480561028992101,0.0021457281903662635
2022-06-30,SF,Financials,0.06765438923794265,0.005313810870108339
2022-06-30,SYF,Financials,0.22076195402175358,-0.060203380037491414
2022-06-30,TRV,Financials,-0.061668644967645014,0.0019192067218167773
2022-06-30,UNM,Financials,-0.044243052028601015,0.05980482799379738
2022-06-30,WTW,Financials,0.04838152623288372,0.028738853240492565
2022-06-30,ABBV,Healthcare,-0.05424158910572474,0.05672954887486525
2022-06-30,ABT,Healthcare,0.006201248014363836,-0.04092268738378137
2022-06-30,AMGN,Healthcare,0.017139338607670362,0.018797364543061763
2022-06-30,BAX,Healthcare,-0.08671956711108608,0.0029409726359647566
2022-06-30,BIIB,Healthcare,0.0545258163384712,0.08193065259930912
2022-06-30,BMY,Healthcare,-0.04181804470070127,0.0325248421372007
2022-06-30,BSX,Healthcare,0.10142202127366673,-0.01690585556557163
2022-06-30,CI,Healthcare,0.044930343201748935,0.04096935980335524
2022-06-30,CVS,Healthcare,0.03859558459054191,-0.021139795272937304
2022-06-30,DHR,Healthcare,0.14969234393260544,-0.0700443388277204
2022-06-30,EW,Healthcare,0.05731417380931214,0.013033194800583087
2022-06-30,GILD,Healthcare,-0.03332801597570556,0.0016251493234928779
2022-06-30,HUM,Healthcare,0.02976059123986996,0.03391235326611954
2022-06-30,ISRG,Healthcare,0.1467788872982121,0.010748915438525275
2022-06-30,JNJ,Healthcare,-0.016844004710512284,0.008831550072648303
2022-06-30,LLY,Healthcare,0.01684023971759485,0.0020066141155560143
2022-06-30,MDT,Healthcare,0.03086343157161231,0.050616909598202364
2022-06-30,MRK,Healthcare,-0.02007221407762072,0.014320707106809489
2022-06-30,PFE,Healthcare,-0.029145081253812988,0.005799613559553616
2022-06-30,REGN,Healthcare,-0.015969507126964766,0.016757408344016133
2022-06-30,SYK,Healthcare,0.07952533294483866,-0.01884072324470055
2022-06-30,TMO,Healthcare,0.1014760912517556,-0.05674272144602543
2022-06-30,UNH,Healthcare,0.05589631659849892,0.017092911336090363
2022-06-30,VRTX,Healthcare,-0.004897281099278228,0.03639781496827318
2022-06-30,ZBH,Healthcare,0.05073286636112928,0.029405716549546483
2022-06-30,A,Healthcare,0.1310732684166689,-0.056143174911333145
2022-06-30,ACAD,Healthcare,0.042583351405089065,0.14187869699365366
2022-06-30,ALGN,Healthcare,0.18718047658974735,-0.023854313964225084
2022-06-30,ALKS,Healthcare,-0.14065123884818942,0.0016007037931390503
2022-06-30,BDX,Healthcare,-0.009004869478076438,-0.00397657748064056
2022-06-30,DGX,Healthcare,0.03197981068635891,-0.0474367149064551
2022-06-30,DXCM,Healthcare,0.10130153193904357,0.018078257369568595
2022-06-30,FOLD,Healthcare,-0.07262567500874206,-0.002623331941785529
2022-06-30,HOLX,Healthcare,0.030014345022563393,-0.004629239767913195
2022-06-30,IDXX,Healthcare,0.13814039338464745,-0.021947488682789604
2022-06-30,INSP,Healthcare,0.14408500349289022,-0.0541458378588669
2022-06-30,IQV,Healthcare,0.10728604170679312,-0.007179551578183603
2022-06-30,MASI,Healthcare,0.10645139555389682,0.035523819860029816
2022-06-30,MTD,Healthcare,0.17493489342584057,-0.028150544530773154
2022-06-30,NBIX,Healthcare,-0.034366085229287635,0.011674604144878573
2022-06-30,NTRA,Healthcare,0.3261851529694739,0.03280265675417382
2022-06-30,NVCR,Healthcare,-0.02172664944216507,-0.022893986880331785
2022-06-30,PODD,Healthcare,0.1370101875555383,-0.03420252142250211
2022-06-30,RARE,Healthcare,-0.10693934100625013,-0.012468060847767812
2022-06-30,RMD,Healthcare,0.14735495818108402,-0.03299991993791726
2022-06-30,WAT,Healthcare,0.09985493593549366,-0.045989169027251975
2022-06-30,AMZN,Consumer,0.27059597129750057,0.002776188610055078
2022-06-30,AZO,Consumer,-0.005458152159836471,-0.02078283837346705
2022-06-30,BKNG,Consumer,0.10674732358216055,0.046399475277584146
2022-06-30,CMG,Consumer,0.19656380778129523,0.029674521809197753
2022-06-30,COST,Consumer,0.13135179816935305,-0.019188855714551253
2022-06-30,DG,Consumer,0.014455641283829035,-0.009242401808076643
2022-06-30,DLTR,Consumer,0.06102017410586047,-0.004191248632067588
2022-06-30,DRI,Consumer,0.11204189409649579,0.01125574878965955
2022-06-30,EBAY,Consumer,0.16702680795578773,0.0002192533683915342
2022-06-30,HD,Consumer,0.09724004461035984,-0.023933005742273642
2022-06-30,HLT,Consumer,0.14922832225988425,0.001504442086871254
2022-06-30,KR,Consumer,-0.01880430799058952,0.07419336538644204
2022-06-30,LOW,Consumer,0.10275709709760283,-0.029023279446149526
2022-06-30,LULU,Consumer,0.13902654506652046,-0.08734067048532625
2022-06-30,MAR,Consumer,0.16770861400527992,-0.02758533882884087
2022-06-30,MCD,Consumer,0.06679339667543549,-0.021705917923512365
2022-06-30,MGM,Consumer,0.13056992005288515,0.016937120732045167
2022-06-30,NKE,Consumer,0.1244618473613861,-0.006583911320584768
2022-06-30,ORLY,Consumer,0.11369822094510118,-0.004559815025858316
2022-06-30,ROST,Consumer,0.15705555742283406,-0.05404397179674941
2022-06-30,SBUX,Consumer,0.10983132789903216,-0.05353153415569376
2022-06-30,TGT,Consumer,0.15683634627934495,-0.022236038639863447
2022-06-30,TJX,Consumer,0.09507603927838826,-0.031141394351424212
2022-06-30,WMT,Consumer,0.08611603283887237,-0.010581309293658449
2022-06-30,YUM,Consumer,0.07955228657725422,0.007166928387844788
2022-06-30,BBY,Consumer,0.1810090783056777,-0.03351382606016902
2022-06-30,CCL,Consumer,0.04739895494773849,0.08618390857616604
2022-06-30,CHDN,Consumer,0.0953897519291449,-0.035294735787889664
2022-06-30,CMCSA,Consumer,-0.03738210358213845,-0.021337483818449708
2022-06-30,CZR,Consumer,0.19295037955242544,-0.025010333247711847
2022-06-30,DIS,Consumer,0.12394065807399568,0.014558673072740261
2022-06-30,DKNG,Consumer,0.17652094708439625,0.04125265373276998
2022-06-30,F,Consumer,0.31985654150530385,-0.069074833268131
2022-06-30,FOX,Consumer,0.04040401019825768,-0.0024348923206337185
2022-06-30,GM,Consumer,0.14168737490128902,-0.053884169442524665
2022-06-30,GRMN,Consumer,-0.006412067438058777,0.01332380362783599
2022-06-30,H,Consumer,0.11960506364807699,-0.013796834716262474
2022-06-30,IHG,Consumer,0.11581861383958603,0.027235040432141224
2022-06-30,LVS,Consumer,0.12206032071218287,0.022951834109606505
2022-06-30,NCLH,Consumer,0.09262587622044793,0.10291714184570586
2022-06-30,NFLX,Consumer,0.28609826723256315,-0.015758968895198955
2022-06-30,PENN,Consumer,0.13576591552953587,-0.02549812202555104
2022-06-30,POOL,Consumer,0.01842080544631375,-0.04413131374583558
2022-06-30,RCL,Consumer,0.10885118137038186,0.05667428528340944
2022-06-30,SIRI,Consumer,0.08972262198865177,0.005297533804887493
2022-06-30,TSLA,Consumer,0.32376526434081954,-0.024366683688794386
2022-06-30,WBD,Consumer,0.11773471793767576,-0.03330719875269238
2022-06-30,WYNN,Consumer,0.11407511705524476,0.06553246078939065
2022-06-30,APA,Energy,0.06886005100809411,0.03422776696245059
2022-06-30,BA,Energy,0.16522817536714518,-0.07359596501929219
2022-06-30,CAT,Energy,0.11675342224579799,0.025304364092125706
2022-06-30,COP,Energy,0.0848458720850187,0.047955046477142924
2022-06-30,CVX,Energy,0.1312336797333553,0.019947206524025502
2022-06-30,DE,Energy,0.14595821931322006,0.019758265205249818
2022-06-30,DVN,Energy,0.14044628928966163,0.04220207988696975
2022-06-30,EOG,Energy,0.014719792120200692,0.07103312375217025
2022-06-30,FDX,Energy,0.028141620169411352,0.020445774887286147
2022-06-30,GD,Energy,0.024497283066560627,-0.02551376527089462
2022-06-30,GE,Energy,0.16082914925731373,-0.015583724852471649
2022-06-30,HAL,Energy,-0.06568880758077611,0.09007182604445337
2022-06-30,HON,Energy,0.10730118502524366,0.00230597262282305
2022-06-30,LMT,Energy,-0.03756155278969253,0.013118789793689077
2022-06-30,MMM,Energy,0.10686934188283748,-0.016637839474317222
2022-06-30,MPC,Energy,0.1149496611772205,0.03751082647598474
2022-06-30,NOC,Energy,0.000689635462338245,-0.006633678779341953
2022-06-30,OXY,Energy,0.11667781844438774,0.04669104752299643
2022-06-30,PSX,Energy,0.0854982317518056,0.0388613329859263
2022-06-30,RTX,Energy,-0.030173646431955636,-0.005166139822636166
2022-06-30,SLB,Energy,0.03551435283669124,0.10150797312552738
2022-06-30,UNP,Energy,0.0657351344801611,0.030002002509067937
2022-06-30,UPS,Energy,0.06765633558920725,0.001251867621535688
2022-06-30,VLO,Energy,0.04224688767420104,0.027533573299965662
2022-06-30,XOM,Energy,0.13183083459985356,0.03919820679309742
2022-06-30,AME,Energy,0.12385124678475745,-0.04199854288110551
2022-06-30,BE,Energy,0.22606057831735327,0.04169155781928889
2022-06-30,BKR,Energy,-0.11014926452279239,0.036671974783381585
2022-06-30,CTRA,Energy,0.18611834389537818,0.040107361912201725
2022-06-30,EMR,Energy,0.13238611292368652,0.0026931481742054706
2022-06-30,ENPH,Energy,0.45554181868598254,-0.03723328238011957
2022-06-30,ETN,Energy,0.17779218427786536,0.013609331761066499
2022-06-30,FSLR,Energy,0.45559962082590744,-0.018329527144987635
2022-06-30,FTV,Energy,0.18517834616936368,-0.0033887830366740356
2022-06-30,GNRC,Energy,0.2741000354260703,0.026899181567875595
2022-06-30,HUBB,Energy,0.2264533580385666,-0.009927020403183164
2022-06-30,MTDR,Energy,0.24018036124771758,0.07598629795478327
2022-06-30,PH,Energy,0.17492355861516162,-0.002834111344416985
2022-06-30,PLUG,Energy,0.28786967686267495,0.032654511054063605
2022-06-30,PR,Energy,0.11371209668982685,0.070117658564469
2022-06-30,ROK,Energy,0.28081858210882116,-0.05617732204045941
2022-06-30,ROP,Energy,0.10817165738545453,0.0022542086197381074
2022-06-30,SM,Energy,0.20737064620795875,0.031966200583724805
2022-06-30,VRSK,Energy,0.09913910001280546,-0.026629679532168805
2022-06-30,WMB,Energy,0.09227801447165929,0.02668551089437791
2022-06-30,XYL,Energy,0.17715537470420317,-0.04956499053239906
2022-07-31,AAPL,Technology,-0.0312081381114222,-0.024989441769632716
2022-07-31,ADBE,Technology,-0.08943722108769736,0.03389145593841099
2022-07-31,AMAT,Technology,-0.11010974635866255,-0.045120025789729984
2022-07-31,AMD,Technology,-0.10161954430055886,0.021514792049935755
2022-07-31,AVGO,Technology,-0.06792032408482929,-0.01829634629687587
2022-07-31,CDNS,Technology,-0.06615432844723534,0.011971638250324629
2022-07-31,CRM,Technology,-0.15161387432484597,0.09574219437145658
2022-07-31,CRWD,Technology,-0.005392186602683924,-0.0425802723468618
2022-07-31,FTNT,Technology,-0.1837385183370862,0.0215571312655585
2022-07-31,GOOGL,Technology,-0.06963559197448321,0.04826018001875006
2022-07-31,INTC,Technology,-0.11202846879825734,-0.0018444083915034647
2022-07-31,INTU,Technology,-0.05346712728215108,0.030413974468679966
2022-07-31,KLAC,Technology,-0.09961318053114698,-0.035797850816079176
2022-07-31,LRCX,Technology,-0.12507223683972513,-0.05332227709471382
2022-07-31,META,Technology,0.024073059148874032,0.007395339379925777
2022-07-31,MSFT,Technology,-0.06666333329446894,0.005934026202153461
2022-07-31,MU,Technology,-0.08616242532323681,-0.021420512785997135
2022-07-31,NET,Technology,0.24344197285955071,0.0631029327472361
2022-07-31,NOW,Technology,-0.026955593870111372,0.03925050552900978
2022-07-31,NVDA,Technology,-0.1689698681419609,0.03075296907193614
2022-07-31,ORCL,Technology,-0.04740494029324249,0.024858256512862578
2022-07-31,PANW,Technology,0.1156281121004612,0.020963291542039318
2022-07-31,QCOM,Technology,-0.08305383703640834,-0.03736668970460885
2022-07-31,SNPS,Technology,-0.05844900948660714,0.005597907296727775
2022-07-31,TXN,Technology,-0.07647144052095867,-0.024881017670149736
2022-07-31,ACN,Technology,-0.05812040725573275,0.0002563060628181761
2022-07-31,ADI,Technology,-0.11456576217804093,-0.003403176718538173
2022-07-31,ANET,Technology,0.02786590136788125,-0.013878555049634193
2022-07-31,CGNX,Technology,-0.1728538910854588,-0.02681192342232858
2022-07-31,COHU,Technology,-0.061231630674303816,0.0032221877505642003
2022-07-31,CSCO,Technology,-0.014326725104340965,0.018436134985145892
2022-07-31,DELL,Technology,-0.15024401156293,-0.009907854917769266
2022-07-31,ENTG,Technology,-0.13588624414400208,-0.007626752774660933
2022-07-31,FORM,Technology,-0.17660293712368624,-0.022861452220028246
2022-07-31,HPQ,Technology,-0.14016165357936627,-0.040182312848380086
2022-07-31,IBM,Technology,-0.0055173620109532084,-0.0016897611783574262
2022-07-31,IPGP,Technology,-0.1500281968329351,0.07429225055177113
2022-07-31,KEYS,Technology,0.007933537747295993,0.043135710627290706
2022-07-31,MCHP,Technology,-0.04843006175894227,-0.022514402682704337
2022-07-31,MKSI,Technology,-0.1557751059373942,-0.04038536189568249
2022-07-31,MPWR,Technology,-0.02483229316991431,0.007477739370824037
2022-07-31,MRVL,Technology,-0.15912343242324467,0.037894548581435004
2022-07-31,NXPI,Technology,-0.10495944314573868,-0.03570551773008604
2022-07-31,ONTO,Technology,-0.14726729292769336,-0.03766581536169038
2022-07-31,QRVO,Technology,-0.13731143420228176,0.01908229895937815
2022-07-31,STX,Technology,-0.16279063786421655,-0.01698733690994904
2022-07-31,SWKS,Technology,-0.08947192722371111,0.03780907471294072
2022-07-31,TER,Technology,-0.16001229013160045,-0.0053094296480743
2022-07-31,VRSN,Technology,-0.0366885192372669,0.024659049750683924
2022-07-31,WDC,Technology,-0.13930759846301832,-0.0014783704805222887
2022-07-31,AXP,Financials,-0.01311551121205845,-0.044856225170840314
2022-07-31,BAC,Financials,-0.005915426753878572,-0.04288427127229651
2022-07-31,BK,Financials,-0.04440883429098097,0.023924815986867225
2022-07-31,BLK,Financials,-0.004169274171633597,0.0764726679058588
2022-07-31,C,Financials,-0.059537571867068206,-0.01094093207405334
2022-07-31,CFG,Financials,-0.023169076522413734,0.013546720371475654
2022-07-31,CME,Financials,-0.01940005520824939,0.03506649242576234
2022-07-31,COF,Financials,-0.031072043802041982,-0.027750638456897736
2022-07-31,FITB,Financials,0.000879008778773338,-0.025745831156457347
2022-07-31,GS,Financials,0.005374033517700161,0.026838076022867884
2022-07-31,HBAN,Financials,0.008276902291593169,-0.016748197309620634
2022-07-31,ICE,Financials,-0.011177761280081522,0.027522808085280147
2022-07-31,JPM,Financials,-0.014129773012964808,-0.01685178466705404
2022-07-31,KEY,Financials,-0.022995833769539065,0.01623267589719341
2022-07-31,MCO,Financials,-0.08093235755882522,0.02141666030933133
2022-07-31,MS,Financials,0.010913500486853023,-0.02445645231893895
2022-07-31,MTB,Financials,0.031171031575804697,-0.0023670641509370293
2022-07-31,PNC,Financials,-0.04784862193299455,-0.02327608287785483
2022-07-31,RF,Financials,0.023134906844161973,-0.026303638898669376
2022-07-31,SCHW,Financials,0.030758421534075486,-0.02868859698805269
2022-07-31,SPGI,Financials,-0.06354357072847205,0.061142202789588526
2022-07-31,STT,Financials,-0.03786594673937371,0.04572018460191741
2022-07-31,TFC,Financials,-0.062344616227635985,0.0218493860142894
2022-07-31,USB,Financials,-0.033686251697470304,-0.020772886133816615
2022-07-31,WFC,Financials,0.003210275025372411,-0.02194379101768445
2022-07-31,AFL,Financials,0.04370931785202248,-0.012523056189325062
2022-07-31,AJG,Financials,0.014413945647779869,0.0038696516657442765
2022-07-31,ALL,Financials,0.03728405801273582,0.009571425382678347
2022-07-31,AMTD,Financials,0.011363625074878314,0.05965631125031963
2022-07-31,AON,Financials,-0.04047553008951399,0.0034892573337264895
2022-07-31,CB,Financials,0.0021735841731034267,-0.012948932740190364
2022-07-31,FDS,Financials,0.010555839400047784,0.019876250651081007
2022-07-31,FNF,Financials,-0.02152143653219918,-0.022330007693676955
2022-07-31,GL,Financials,-0.03514374099209716,-0.024180581269008045
2022-07-31,HIG,Financials,0.003457377531353334,-0.023613735988389558
2022-07-31,IBKR,Financials,0.051142859473754854,-0.045525534896981065
2022-07-31,LPLA,Financials,0.05552158550279529,-0.040822868050955544
2022-07-31,MET,Financials,0.025172827484364335,0.0037760522911975567
2022-07-31,MSCI,Financials,-0.06440518844157694,0.05632213398136638
2022-07-31,NDAQ,Financials,-0.012769458485048846,0.0024066709266811173
2022-07-31,PGR,Financials,0.0659655157993495,-0.01686032862752637
2022-07-31,PRU,Financials,-0.031160520466905317,-0.022122924507156517
2022-07-31,RJF,Financials,0.05991672104250978,-0.012965381249164134
2022-07-31,SEIC,Financials,-0.011921941063813946,0.016085628190639294
2022-07-31,SF,Financials,-0.003365880961465506,-0.04113448917142234
2022-07-31,SYF,Financials,-0.021804141730175197,-0.04509983276850164
2022-07-31,TRV,Financials,0.01852546231580554,-0.001142061041624933
2022-07-31,UNM,Financials,0.17583107465530134,-0.000352556610376293
2022-07-31,WTW,Financials,-0.0005316340455809865,0.04191989249047837
2022-07-31,ABBV,Healthcare,-0.0630618215235742,-0.004577789271076631
2022-07-31,ABT,Healthcare,-0.05687231668552983,0.0002481057730421711
2022-07-31,AMGN,Healthcare,-0.021474306594961745,0.0009224363006595077
2022-07-31,BAX,Healthcare,-0.020457057992666505,-0.02456865296211033
2022-07-31,BIIB,Healthcare,-0.09150931321116273,0.022733314313856806
2022-07-31,BMY,Healthcare,-0.0863378039606485,-0.011226316113718021
2022-07-31,BSX,Healthcare,-0.018026744884844015,-0.009035672463463209
2022-07-31,CI,Healthcare,0.029379832735905165,0.020390102851638493
2022-07-31,CVS,Healthcare,0.025815275200644416,-0.005908272431749518
2022-07-31,DHR,Healthcare,-0.07396984498746784,0.021921637162159124
2022-07-31,EW,Healthcare,-0.10383929129041714,0.03255829370647123
2022-07-31,GILD,Healthcare,0.06225952695277215,0.019224064704127204
2022-07-31,HUM,Healthcare,-0.00045648815699816936,0.008164317525623304
2022-07-31,ISRG,Healthcare,-0.10613890980634921,-0.03569049316168992
2022-07-31,JNJ,Healthcare,-0.06930988758478263,-0.003386363330137798
2022-07-31,LLY,Healthcare,-0.08334087966974935,0.004746991568821259
2022-07-31,MDT,Healthcare,-0.04971892449505988,0.0007710713438167892
2022-07-31,MRK,Healthcare,-0.044548936766128366,-0.006053441437917415
2022-07-31,PFE,Healthcare,-0.10453356529378366,0.006978565110695892
2022-07-31,REGN,Healthcare,-0.0010829818466382424,0.00363918646813718
2022-07-31,SYK,Healthcare,-0.04447029491287979,0.009364473533229261
2022-07-31,TMO,Healthcare,-0.08871820149545395,-0.019148949510215164
2022-07-31,UNH,Healthcare,-0.04242736689030713,-0.03098628238081151
2022-07-31,VRTX,Healthcare,0.004814400648638584,0.004666962366128939
2022-07-31,ZBH,Healthcare,-0.03686944211008658,-0.008417833902869858
2022-07-31,A,Healthcare,-0.04362450259009354,-0.006536422268955637
2022-07-31,ACAD,Healthcare,0.11844797648027439,0.023130826931191357
2022-07-31,ALGN,Healthcare,-0.13264762825403975,0.03770817909448254
2022-07-31,ALKS,Healthcare,-0.07539063579752092,-0.031014361879445028
2022-07-31,BDX,Healthcare,0.033195564798625066,0.005062401391592389
2022-07-31,DGX,Healthcare,-0.08244877448348298,0.012388326464361898
2022-07-31,DXCM,Healthcare,0.0015837871651798174,0.14855156531168473
2022-07-31,FOLD,Healthcare,0.12750998988205176,-0.031340806207875854
2022-07-31,HOLX,Healthcare,-0.05351638892983146,-0.0008261723894081689
2022-07-31,IDXX,Healthcare,-0.12916478406890342,0.06387631556071427
2022-07-31,INSP,Healthcare,-0.08373606172555659,-0.038527289005335565
2022-07-31,IQV,Healthcare,-0.11491239072457182,0.045624933893572604
2022-07-31,MASI,Healthcare,0.01597729650946489,0.047115480417923135
2022-07-31,MTD,Healthcare,-0.10170183778801245,-0.034707540552670973
2022-07-31,NBIX,Healthcare,0.11154786259827221,0.006248231493268941
2022-07-31,NTRA,Healthcare,0.04808507067091927,-0.0019509528647381224
2022-07-31,NVCR,Healthcare,0.20797175811036972,0.09349802742988891
2022-07-31,PODD,Healthcare,0.03095237318194588,-0.04004925538121239
2022-07-31,RARE,Healthcare,-0.10491742268507731,-0.020183162877425404
2022-07-31,RMD,Healthcare,-0.08394082365835376,0.0189588043101526
2022-07-31,WAT,Healthcare,-0.179737914169678,-0.0041749588710988375
2022-07-31,AMZN,Consumer,-0.06061504624052039,-0.038354972291476185
2022-07-31,AZO,Consumer,-0.008505669323015441,0.017906409752955096
2022-07-31,BKNG,Consumer,-0.03093466997521399,-0.023304331763084742
2022-07-31,CMG,Consumer,0.020828267905277142,0.018055595290787083
2022-07-31,COST,Consumer,-0.03547022407539335,0.009172265212667213
2022-07-31,DG,Consumer,-0.04431839500532664,0.024265030527830554
2022-07-31,DLTR,Consumer,-0.1794872268082971,0.02119567660081479
2022-07-31,DRI,Consumer,-0.006265572544713605,-0.05810438394432464
2022-07-31,EBAY,Consumer,-0.08802163156281473,-0.008603673766701967
2022-07-31,HD,Consumer,-0.03534968801682947,-0.02818984975175869
2022-07-31,HLT,Consumer,-0.004423553182851592,-0.04179868944543545
2022-07-31,KR,Consumer,0.038018962714491567,0.03255833201244222
2022-07-31,LOW,Consumer,0.013627087083913025,-0.04518975173784938
2022-07-31,LULU,Consumer,-0.033976419370538524,0.014443512577407483
2022-07-31,MAR,Consumer,-0.03023570649879137,-0.045707535601834444
2022-07-31,MCD,Consumer,-0.03686479748386895,0.006665975512776596
2022-07-31,MGM,Consumer,-0.0027497814303200085,0.013154281909547254
2022-07-31,NKE,Consumer,-0.07370357801614091,0.02468495416079798
2022-07-31,ORLY,Consumer,-0.009195660486888357,0.019798965983020098
2022-07-31,ROST,Consumer,0.06165366792273974,-0.060308349363360665
2022-07-31,SBUX,Consumer,-0.002724768258740351,0.04931498774165298
2022-07-31,TGT,Consumer,-0.012455802401906468,-0.037337216480845675
2022-07-31,TJX,Consumer,0.024276331520729277,-0.057130841527867265
2022-07-31,WMT,Consumer,0.008158050502450997,-0.0025862070554848265
2022-07-31,YUM,Consumer,-0.08776376212595838,-0.01250776789892099
2022-07-31,BBY,Consumer,-0.08182871575691786,-0.0501974802262722
2022-07-31,CCL,Consumer,0.044150054349509915,0.05501501768652646
2022-07-31,CHDN,Consumer,-0.060581411795384565,-0.0059280956323771615
2022-07-31,CMCSA,Consumer,-0.03544765874389122,0.010805940188859914
2022-07-31,CZR,Consumer,-0.056248627097175596,0.026750027205326307
2022-07-31,DIS,Consumer,0.05636200135160818,-0.017998164779603164
2022-07-31,DKNG,Consumer,0.16970138393220568,0.04544539201862711
2022-07-31,F,Consumer,0.04778710423984056,0.032378453821554305
2022-07-31,FOX,Consumer,0.03142767630761334,-0.02681010188726462
2022-07-31,GM,Consumer,0.05618427364525713,0.034415933567854384
2022-07-31,GRMN,Consumer,-0.0935262556736407,0.04105748241892283
2022-07-31,H,Consumer,0.08302111949691282,-0.044718497097485384
2022-07-31,IHG,Consumer,-0.08821085398194983,-0.01343880025718111
2022-07-31,LVS,Consumer,-0.0015918547792885818,-0.004655745244255719
2022-07-31,NCLH,Consumer,0.07654323739709534,0.028222497657171483
2022-07-31,NFLX,Consumer,-0.005958153499925456,0.033218340715427966
2022-07-31,PENN,Consumer,-0.09609261268124647,0.05652593682329778
2022-07-31,POOL,Consumer,-0.049176715317767794,0.04291615388951887
2022-07-31,RCL,Consumer,0.0552828662622582,0.048713850822870226
2022-07-31,SIRI,Consumer,-0.08532886619646962,0.008741415501953726
2022-07-31,TSLA,Consumer,-0.07248867234513756,0.028194779139840392
2022-07-31,WBD,Consumer,-0.11733334859212241,-0.053802829745866976
2022-07-31,WYNN,Consumer,-0.04552607210913062,0.040733262643936244
2022-07-31,APA,Energy,0.05219276640642079,-0.03547261149777315
2022-07-31,BA,Energy,0.005900461087261721,0.05297851250432067
2022-07-31,CAT,Energy,-0.06829772015258273,-0.008343471409428458
2022-07-31,COP,Energy,0.1284224322723333,-0.04205178861178064
2022-07-31,CVX,Energy,-0.026156009977898353,0.011656173485097465
2022-07-31,DE,Energy,0.06431005154569247,-0.01715617455041547
2022-07-31,DVN,Energy,0.12362801193495287,-0.019909085518919907
2022-07-31,EOG,Energy,0.09063110506410132,-0.04351082709830005
2022-07-31,FDX,Energy,-0.0955853162000665,0.010375502124285887
2022-07-31,GD,Energy,0.00997053013733007,-0.004331506537968197
2022-07-31,GE,Energy,-0.006358848143263263,-0.060056612338149934
2022-07-31,HAL,Energy,0.028327673893227878,-0.014553644853974035
2022-07-31,HON,Energy,-0.011246153799918668,-0.03539168727110252
2022-07-31,LMT,Energy,0.021955425561352326,-0.04555721599789878
2022-07-31,MMM,Energy,-0.12296737238033373,0.0006060466251524347
2022-07-31,MPC,Energy,0.10586661249459928,-0.02758638065798904
2022-07-31,NOC,Energy,0.00160402491750955,-0.01575646378777433
2022-07-31,OXY,Energy,0.07984763088615399,0.12503479999520997
2022-07-31,PSX,Energy,0.01619954253734579,0.024364933781585586
2022-07-31,RTX,Energy,-0.03151298901488875,-0.042023111467379595
2022-07-31,SLB,Energy,0.030245631523772687,-0.02490365601351839
2022-07-31,UNP,Energy,-0.0067184864087459495,0.013290934413950649
2022-07-31,UPS,Energy,0.005526764934057349,0.01110737509690064
2022-07-31,VLO,Energy,0.06657676322923689,-0.010926158734438602
2022-07-31,XOM,Energy,-0.004242458923755965,0.02008248303637259
2022-07-31,AME,Energy,-0.027044388226130978,-0.0032204029531224757
2022-07-31,BE,Energy,0.25605538420111884,-0.005844924098675829
2022-07-31,BKR,Energy,-0.009326629041870316,-0.026440252324178796
2022-07-31,CTRA,Energy,0.03336186437094213,-0.02704558372493103
2022-07-31,EMR,Energy,-0.08711305238068812,0.013589742793600725
2022-07-31,ENPH,Energy,0.007952740600579267,0.0034458249567622177
2022-07-31,ETN,Energy,-0.07416187123881701,0.021666224913614265
2022-07-31,FSLR,Energy,0.2861753091339634,0.06007823785211748
2022-07-31,FTV,Energy,-0.016305517314480378,0.010506297308778244
2022-07-31,GNRC,Energy,-0.1784941718589016,0.041551440754036766
2022-07-31,HUBB,Energy,-0.0533741979072796,0.03718100376169889
2022-07-31,MTDR,Energy,0.03325964824558292,0.026841615572222
2022-07-31,PH,Energy,-0.0791414407494394,-0.021619373511740838
2022-07-31,PLUG,Energy,0.3139644196360021,-0.04696052427136492
2022-07-31,PR,Energy,0.23573577606828833,0.076390097402892
2022-07-31,ROK,Energy,-0.06771428944850932,0.007118152468503171
2022-07-31,ROP,Energy,-0.07806827923498527,-0.016351925254982892
2022-07-31,SM,Energy,0.06758706183784602,0.07137465585162597
2022-07-31,VRSK,Energy,-0.016241675873900685,0.050111907982312055
2022-07-31,WMB,Energy,-0.0017598814640301663,-0.008949378531662998
2022-07-31,XYL,Energy,-0.006843898186856601,0.010846188142248876
2022-08-31,AAPL,Technology,-0.12097683628447731,0.057938031232523335
2022-08-31,ADBE,Technology,-0.2630676670740144,0.04419005129943326
2022-08-31,AMAT,Technology,-0.12905284112205495,0.05520713412562605
2022-08-31,AMD,Technology,-0.2534464644764812,0.03595217476029487
2022-08-31,AVGO,Technology,-0.10293695895236243,0.057702510586159286
2022-08-31,CDNS,Technology,-0.05950400726506955,0.08631565551999434
2022-08-31,CRM,Technology,-0.07865758894361341,0.05302481744795331
2022-08-31,CRWD,Technology,-0.09747551060874804,0.08176020829467753
2022-08-31,FTNT,Technology,0.009036813592450788,0.10335865582393407
2022-08-31,GOOGL,Technology,-0.11615225026241549,0.11296999643000907
2022-08-31,INTC,Technology,-0.1926692100012033,0.09334344069681422
2022-08-31,INTU,Technology,-0.10296902699414368,0.06178533802655787
2022-08-31,KLAC,Technology,-0.12059393444775568,0.05924507074305714
2022-08-31,LRCX,Technology,-0.1609763042243253,0.08089433058115582
2022-08-31,META,Technology,-0.16724994903083068,0.07088575862601065
2022-08-31,MSFT,Technology,-0.10926683904153933,0.0771396288033146
2022-08-31,MU,Technology,-0.11374494990891626,0.06315599084356567
2022-08-31,NET,Technology,-0.11603002008858487,0.022711328600483038
2022-08-31,NOW,Technology,-0.1311720578308152,0.06265111090750095
2022-08-31,NVDA,Technology,-0.1955341492497492,0.02567891858910228
2022-08-31,ORCL,Technology,-0.17639911977897926,0.06445004405076606
2022-08-31,PANW,Technology,-0.11752665718490263,0.09231351995377955
2022-08-31,QCOM,Technology,-0.1458379779528446,0.07802202096872762
2022-08-31,SNPS,Technology,-0.11707410130703821,0.10502593010948212
2022-08-31,TXN,Technology,-0.06313185621334494,0.10656008304214519
2022-08-31,ACN,Technology,-0.10802210490494935,0.061564096287769564
2022-08-31,ADI,Technology,-0.08044607553189964,0.06600812888195771
2022-08-31,ANET,Technology,-0.058308291824474834,0.047002462532278896
2022-08-31,CGNX,Technology,-0.015673455641315837,0.00563532960776427
2022-08-31,COHU,Technology,-0.03913526798532729,0.08359736822812057
2022-08-31,CSCO,Technology,-0.10554537534208008,0.05591081960218217
2022-08-31,DELL,Technology,-0.10760015786774113,0.045471047463394455
2022-08-31,ENTG,Technology,-0.125,0.05804038996203309
2022-08-31,FORM,Technology,-0.1444672592345344,0.06673152029516453
2022-08-31,HPQ,Technology,-0.12433102603097668,0.06394160852864414
2022-08-31,IBM,Technology,-0.07504862501146503,0.09080396118044634
2022-08-31,IPGP,Technology,-0.06888175423360243,-0.005190957868733027
2022-08-31,KEYS,Technology,-0.039843790369245236,0.060533816886192075
2022-08-31,MCHP,Technology,-0.06467454016888563,0.057093182185882156
2022-08-31,MKSI,Technology,-0.1703645462847445,0.0567430515526355
2022-08-31,MPWR,Technology,-0.19652243228551425,0.12087219523322568
2022-08-31,MRVL,Technology,-0.08351136985725038,0.02331926857209977
2022-08-31,NXPI,Technology,-0.09882043010045793,0.05130147753087451
2022-08-31,ONTO,Technology,-0.09776017778349044,0.07907596601342136
2022-08-31,QRVO,Technology,-0.11550451390269789,0.02596272166963875
2022-08-31,STX,Technology,-0.1959730864125474,0.07663300482132415
2022-08-31,SWKS,Technology,-0.13475384498252785,0.007729476934891993
2022-08-31,TER,Technology,-0.11212184088015453,0.08251066177206737
2022-08-31,VRSN,Technology,-0.04675659777702146,0.05407672285810224
2022-08-31,WDC,Technology,-0.22976812160872007,0.07068905992991535
2022-08-31,AXP,Financials,-0.11243386799806332,0.05801046701428042
2022-08-31,BAC,Financials,-0.0955377265742069,0.07896474652652921
2022-08-31,BK,Financials,-0.07247753525719758,0.09224453233316263
2022-08-31,BLK,Financials,-0.16806793457709923,0.057225908460416856
2022-08-31,C,Financials,-0.14628139061271417,0.09007837491926297
2022-08-31,CFG,Financials,-0.0632496194238672,0.0488910063593612
2022-08-31,CME,Financials,-0.08993107501107656,0.0495074504683703
2022-08-31,COF,Financials,-0.12899260892614361,0.04135109087530773
2022-08-31,FITB,Financials,-0.054540402401111576,0.04903403613826339
2022-08-31,GS,Financials,-0.11909706166715706,0.08451681712644556
2022-08-31,HBAN,Financials,-0.0056093152052011375,0.0829635348934051
2022-08-31,ICE,Financials,-0.10069269675586245,0.04812427621312635
2022-08-31,JPM,Financials,-0.08115709879870192,0.05667804874610375
2022-08-31,KEY,Financials,-0.09440349465910247,0.05924986455734244
2022-08-31,MCO,Financials,-0.14554323811779868,0.06030117346911974
2022-08-31,MS,Financials,-0.07287022012179489,0.05191200353726463
2022-08-31,MTB,Financials,-0.030036223705769416,0.09157377730355558
2022-08-31,PNC,Financials,-0.054303521038278624,0.06781097011989581
2022-08-31,RF,Financials,-0.065206992678294,0.05998217969054369
2022-08-31,SCHW,Financials,0.012966874562676312,0.08633330578089694
2022-08-31,SPGI,Financials,-0.13297171304885147,0.049966908587941505
2022-08-31,STT,Financials,-0.10113961393817306,0.09781031219871116
2022-08-31,TFC,Financials,-0.07045281196670306,0.07256232374952795
2022-08-31,USB,Financials,-0.10561878131684488,0.07622897762195321
2022-08-31,WFC,Financials,-0.07984454023024168,0.056221408971117805
2022-08-31,AFL,Financials,-0.054190448644453326,0.05713796439226724
2022-08-31,AJG,Financials,-0.054346626891206506,0.08765545179542318
2022-08-31,ALL,Financials,0.033444091188962854,0.12209431232595633
2022-08-31,AMTD,Financials,-0.33146070576183573,0.03987111312231964
2022-08-31,AON,Financials,-0.040786294494394526,0.09801828513406705
2022-08-31,CB,Financials,-0.03377681804986099,0.08484853110845299
2022-08-31,FDS,Financials,-0.07668355817462968,0.056939320911468326
2022-08-31,FNF,Financials,-0.06375556250001913,0.05343656353819667
2022-08-31,GL,Financials,0.02582591990187888,0.07358704141450224
2022-08-31,HIG,Financials,-0.03685276243002711,0.05014267977253446
2022-08-31,IBKR,Financials,0.037668438788842185,0.0581747960829238
2022-08-31,LPLA,Financials,-0.012876676377408636,0.07746435330278065
2022-08-31,MET,Financials,-0.05518415459523729,0.0875929919319905
2022-08-31,MSCI,Financials,-0.06110340046059981,0.05445254602423902
2022-08-31,NDAQ,Financials,-0.044795131935662535,0.09189781345788695
2022-08-31,PGR,Financials,-0.05250700938118358,0.10320629778807731
2022-08-31,PRU,Financials,-0.10412531671671721,0.060108710148920046
2022-08-31,RJF,Financials,-0.04988925334547589,0.06266487561384977
2022-08-31,SEIC,Financials,-0.10329067628325495,0.06522663356736626
2022-08-31,SF,Financials,-0.12476806216683078,0.06366182996880342
2022-08-31,SYF,Financials,-0.1392366557315765,0.05060572763863501
2022-08-31,TRV,Financials,-0.04681006211635941,0.09078895813712508
2022-08-31,UNM,Financials,0.02509902276833942,0.11551300143960985
2022-08-31,WTW,Financials,-0.02461198158738709,0.056587078594570406
2022-08-31,ABBV,Healthcare,-0.001859258192850155,0.12087188889871327
2022-08-31,ABT,Healthcare,-0.05737942870282031,0.06466447918102912
2022-08-31,AMGN,Healthcare,-0.062005758555195745,0.08166441737809511
2022-08-31,BAX,Healthcare,-0.05789738519043386,0.08114476401615778
2022-08-31,BIIB,Healthcare,0.36656768004558415,0.06414842355285083
2022-08-31,BMY,Healthcare,0.054591531627166345,0.10286243814714785
2022-08-31,BSX,Healthcare,-0.03919627331249809,0.07365207844409512
2022-08-31,CI,Healthcare,-0.017271692741772093,0.10262531091017607
2022-08-31,CVS,Healthcare,-0.028323841210234568,0.05600102143450227
2022-08-31,DHR,Healthcare,-0.04215212219195641,0.07152512456588343
2022-08-31,EW,Healthcare,-0.0829078950855775,0.07497749843056581
2022-08-31,GILD,Healthcare,-0.017022179575179153,0.051904613157073176
2022-08-31,HUM,Healthcare,0.008687661998300067,0.11533618322938477
2022-08-31,ISRG,Healthcare,-0.08894722738969618,0.07044712307221097
2022-08-31,JNJ,Healthcare,0.012520031830784761,0.07906179421410012
2022-08-31,LLY,Healthcare,0.07343238029180132,0.11404294063538047
2022-08-31,MDT,Healthcare,-0.07420831172730336,0.04301029128309033
2022-08-31,MRK,Healthcare,0.01703682353060132,0.09967798463654357
2022-08-31,PFE,Healthcare,-0.03250058307367221,0.10830736349684157
2022-08-31,REGN,Healthcare,0.18554020196687815,0.09022701301283458
2022-08-31,SYK,Healthcare,-0.009618749205655086,0.0925825872341045
2022-08-31,TMO,Healthcare,-0.06942363717324385,0.09219021319261773
2022-08-31,UNH,Healthcare,-0.02446479830996995,0.12667375166879746
2022-08-31,VRTX,Healthcare,0.02761214689681646,0.09142857125688399
2022-08-31,ZBH,Healthcare,-0.014448027387263362,0.05117158491464529
2022-08-31,A,Healthcare,-0.05224162241154562,0.06469270805003557
2022-08-31,ACAD,Healthcare,-0.004260480433598501,0.037888219711516014
2022-08-31,ALGN,Healthcare,-0.15014360605700672,0.07095793425829713
2022-08-31,ALKS,Healthcare,-0.05661175108866734,0.08298815011448266
2022-08-31,BDX,Healthcare,-0.1142498529181386,0.07744752309220292
2022-08-31,DGX,Healthcare,-0.02090816945761098,0.10596005044361717
2022-08-31,DXCM,Healthcare,-0.020313808387582566,0.04784745693483071
2022-08-31,FOLD,Healthcare,-0.07034728353120734,0.10052058668677234
2022-08-31,HOLX,Healthcare,-0.04499705484581762,0.09010503540046762
2022-08-31,IDXX,Healthcare,-0.06276971299324408,0.0426911534097916
2022-08-31,INSP,Healthcare,-0.07373758405621134,0.07291870035242655
2022-08-31,IQV,Healthcare,-0.1482178300087983,0.06554939130275184
2022-08-31,MASI,Healthcare,-0.039008753157792286,0.010780851567860255
2022-08-31,MTD,Healthcare,-0.10585088988924407,0.05984946663379698
2022-08-31,NBIX,Healthcare,0.015100849398168803,0.10210347249771738
2022-08-31,NTRA,Healthcare,-0.11043440544192995,-0.0021785812579894373
2022-08-31,NVCR,Healthcare,-0.07488121395533631,0.06817172020001244
2022-08-31,PODD,Healthcare,-0.10204723529044257,0.06253762348916049
2022-08-31,RARE,Healthcare,-0.1316837693465509,-0.008457252061324605
2022-08-31,RMD,Healthcare,-0.007366212772769276,0.05967126161942381
2022-08-31,WAT,Healthcare,-0.09735434269931342,0.13052755077095632
2022-08-31,AMZN,Consumer,-0.10862189009783763,0.08492061712809142
2022-08-31,AZO,Consumer,0.010720962586016736,0.07618390462514535
2022-08-31,BKNG,Consumer,-0.12399975844942768,0.046931007569354276
2022-08-31,CMG,Consumer,-0.0588927917919031,0.06642459499791001
2022-08-31,COST,Consumer,-0.09544158236822697,0.10453171664211389
2022-08-31,DG,Consumer,0.01027727282380475,0.0925648783571577
2022-08-31,DLTR,Consumer,0.003095618001233369,0.10550573911252815
2022-08-31,DRI,Consumer,0.021097794077139298,0.03904933790383298
2022-08-31,EBAY,Consumer,-0.16587343519764886,0.06341047769030138
2022-08-31,HD,Consumer,-0.04327022383973822,0.055225257952978606
2022-08-31,HLT,Consumer,-0.05292082570951462,0.056769284260430375
2022-08-31,KR,Consumer,-0.08740098661295503,0.1141967822174898
2022-08-31,LOW,Consumer,-0.032605340431541285,0.054108784879732655
2022-08-31,LULU,Consumer,-0.06800904946531672,0.06265868473019226
2022-08-31,MAR,Consumer,-0.0884613025593366,0.06101570927689595
2022-08-31,MCD,Consumer,-0.08538124157938665,0.07345176435797393
2022-08-31,MGM,Consumer,-0.08937948039436061,0.051991958571978344
2022-08-31,NKE,Consumer,-0.21692087256806403,0.0626105410715434
2022-08-31,ORLY,Consumer,0.00893675683151729,0.0822406424149487
2022-08-31,ROST,Consumer,-0.01974968658310361,0.04236223954403632
2022-08-31,SBUX,Consumer,0.0022600993187100737,0.062260501832161
2022-08-31,TGT,Consumer,-0.07452917002316184,0.043019683277070904
2022-08-31,TJX,Consumer,-0.0036889252158397445,0.055496331171737884
2022-08-31,WMT,Consumer,-0.021501204730068668,0.0712020414641711
2022-08-31,YUM,Consumer,-0.04404876651503409,0.06287148783775577
2022-08-31,BBY,Consumer,-0.09298554822830085,0.05260389998417602
2022-08-31,CCL,Consumer,-0.25687102759024893,0.06997750543341859
2022-08-31,CHDN,Consumer,-0.06565542246320089,0.05739925252299029
2022-08-31,CMCSA,Consumer,-0.1895551597125854,0.08454490092926577
2022-08-31,CZR,Consumer,-0.25185530796294187,0.02999719887176495
2022-08-31,DIS,Consumer,-0.15836900409933952,0.07480180183977615
2022-08-31,DKNG,Consumer,-0.057285127846400274,0.01845999613740483
2022-08-31,F,Consumer,-0.2650917789383287,0.027052041399003024
2022-08-31,FOX,Consumer,-0.09867175595821853,0.0605119743375571
2022-08-31,GM,Consumer,-0.1601675178986376,0.013534802370072081
2022-08-31,GRMN,Consumer,-0.08491721363112914,0.11974124349633752
2022-08-31,H,Consumer,-0.09663029063846751,0.06891377566162118
2022-08-31,IHG,Consumer,-0.10890720601795612,0.05926485995768072
2022-08-31,LVS,Consumer,-0.0029233218674737937,0.06168175573628221
2022-08-31,NCLH,Consumer,-0.13149849213007248,0.00547465383409083
2022-08-31,NFLX,Consumer,0.05314008219276478,0.03270918775796669
2022-08-31,PENN,Consumer,-0.11911621414926565,0.034766691494628195
2022-08-31,POOL,Consumer,-0.06185298127697891,0.11429894406510632
2022-08-31,RCL,Consumer,-0.07221541303930401,0.03299227010466292
2022-08-31,SIRI,Consumer,-0.06239743441397383,0.08698429870732052
2022-08-31,TSLA,Consumer,-0.03758929611475259,0.03794076887244357
2022-08-31,WBD,Consumer,-0.1314199245617672,0.005816307768377907
2022-08-31,WYNN,Consumer,0.0402705807036432,0.04093376940159596
2022-08-31,APA,Energy,-0.1257991361484292,0.0990411042332693
2022-08-31,BA,Energy,-0.24443056579685063,0.04526717186412187
2022-08-31,CAT,Energy,-0.11168863178026545,0.07369380443701326
2022-08-31,COP,Energy,-0.05151563230325451,0.0869448340097312
2022-08-31,CVX,Energy,-0.09104142070517107,0.11350082581520142
2022-08-31,DE,Energy,-0.08286298961888316,0.05645201245737636
2022-08-31,DVN,Energy,-0.12894913128357888,0.10792370985482727
2022-08-31,EOG,Energy,-0.06751504864942426,0.08394729225442367
2022-08-31,FDX,Energy,-0.29185358258262906,0.06748051546688545
2022-08-31,GD,Energy,-0.07321025764588784,0.08096120995428674
2022-08-31,GE,Energy,-0.15595278555697545,0.05878891687493623
2022-08-31,HAL,Energy,-0.1795936807341746,0.0817173239286294
2022-08-31,HON,Energy,-0.118194060634496,0.06810307763086705
2022-08-31,LMT,Energy,-0.08050271500803374,0.09588800273202394
2022-08-31,MMM,Energy,-0.11137918868782093,0.059622194019356874
2022-08-31,MPC,Energy,-0.014094288552030543,0.11435417284083003
2022-08-31,NOC,Energy,-0.016046251345301576,0.10275645269201447
2022-08-31,OXY,Energy,-0.1327619603588922,0.08656489092011016
2022-08-31,PSX,Energy,-0.09769735477687425,0.10100111706687093
2022-08-31,RTX,Energy,-0.08791090373326926,0.09303386969664935
2022-08-31,SLB,Energy,-0.05463187103992717,0.045023592716263085
2022-08-31,UNP,Energy,-0.1322435669651174,0.07078505343951758
2022-08-31,UPS,Energy,-0.1695029553382612,0.08051983013154825
2022-08-31,VLO,Energy,-0.0876877508030256,0.09812601966198714
2022-08-31,XOM,Energy,-0.08661990447381218,0.0992927200877586
2022-08-31,AME,Energy,-0.05453507616732178,0.055586399582492084
2022-08-31,BE,Energy,-0.21330185394888723,0.09375580659691918
2022-08-31,BKR,Energy,-0.1702296097574285,0.10870743173492325
2022-08-31,CTRA,Energy,-0.15496607815570107,0.08592715909958287
2022-08-31,EMR,Energy,-0.10423290506805138,0.06378476213065161
2022-08-31,ENPH,Energy,-0.03131546272953978,0.07314706140347847
2022-08-31,ETN,Energy,-0.024004604761317605,0.06088556382708955
2022-08-31,FSLR,Energy,0.03700510472577423,0.060927110949898486
2022-08-31,FTV,Energy,-0.07942509572663758,0.06504293459406202
2022-08-31,GNRC,Energy,-0.19177897359532403,0.04284230413721718
2022-08-31,HUBB,Energy,0.08095018074090188,0.1034756208314025
2022-08-31,MTDR,Energy,-0.17919475658500916,0.10030254000115603
2022-08-31,PH,Energy,-0.08562266799944307,0.055929594340152274
2022-08-31,PLUG,Energy,-0.2507132830638603,0.07934946170927207
2022-08-31,PR,Energy,-0.17375447460670013,0.04025025463530727
2022-08-31,ROK,Energy,-0.0921328783949924,0.058116390179352294
2022-08-31,ROP,Energy,-0.1066618365990506,0.0622851130534286
2022-08-31,SM,Energy,-0.14658495596791898,0.07468292041733368
2022-08-31,VRSK,Energy,-0.08733532592316351,0.06830018507821418
2022-08-31,WMB,Energy,-0.14780385678983698,0.08717307332221128
2022-08-31,XYL,Energy,-0.04105364675242662,0.05268329877832756
2022-09-30,AAPL,Technology,0.10955129944664588,-0.01556758478222604
2022-09-30,ADBE,Technology,0.15734006494300012,0.0013235634134474564
2022-09-30,AMAT,Technology,0.07762736575355556,-0.03735298763906028
2022-09-30,AMD,Technology,-0.05208332079026845,-0.04229568943902993
2022-09-30,AVGO,Technology,0.05880486238499616,0.012258502462566063
2022-09-30,CDNS,Technology,-0.07367064691741265,0.017776915156259353
2022-09-30,CRM,Technology,0.13035337933113023,-0.06099937319141333
2022-09-30,CRWD,Technology,-0.0219040147068027,0.06437566008615007
2022-09-30,FTNT,Technology,0.16344389588275932,-0.002481351443205825
2022-09-30,GOOGL,Technology,-0.011918433799239292,-0.02596317893395337
2022-09-30,INTC,Technology,0.10322080411854162,-0.049003819577557804
2022-09-30,INTU,Technology,0.10582414828544473,0.08265099318071954
2022-09-30,KLAC,Technology,0.04566637332081758,0.0379032609074624
2022-09-30,LRCX,Technology,0.10595652157936475,-0.005541348117358749
2022-09-30,META,Technology,-0.31338428984276556,0.019875903098360567
2022-09-30,MSFT,Technology,-0.003306075220847249,-0.014845716837879505
2022-09-30,MU,Technology,0.08211880136165428,0.005556395127808822
2022-09-30,NET,Technology,0.01826068154865257,0.05356428552106357
2022-09-30,NOW,Technology,0.11421836138044728,0.0032017875304228157
2022-09-30,NVDA,Technology,0.11187088351363284,-0.00922596022295408
2022-09-30,ORCL,Technology,0.2849407142896012,0.04397470172126683
2022-09-30,PANW,Technology,0.04762197552649994,-0.015945816929118967
2022-09-30,QCOM,Technology,0.04142314002754288,0.024571246473077835
2022-09-30,SNPS,Technology,-0.042420940585870315,0.026524439356132436
2022-09-30,TXN,Technology,0.04606993349141075,0.025218602268228772
2022-09-30,ACN,Technology,0.10828803509536145,0.013452981533013489
2022-09-30,ADI,Technology,0.023539459844727828,0.01665401981009388
2022-09-30,ANET,Technology,0.07059971001677545,0.003134596226343992
2022-09-30,CGNX,Technology,0.11531971050900358,0.04178095276990104
2022-09-30,COHU,Technology,0.2769587778171956,0.02024438965330775
2022-09-30,CSCO,Technology,0.14629930102788014,0.044168967372128866
2022-09-30,DELL,Technology,0.13465576557955639,0.009920846469820669
2022-09-30,ENTG,Technology,-0.04432659054247634,-0.030157668813688778
2022-09-30,FORM,Technology,-0.19321358483026574,-0.04008026666195365
2022-09-30,HPQ,Technology,0.10834659173561145,0.030880290644687714
2022-09-30,IBM,Technology,0.16395931828295196,0.01029591941109428
2022-09-30,IPGP,Technology,0.01553058935016094,-0.04116170934647617
2022-09-30,KEYS,Technology,0.1066979742057037,0.015571185098660335
2022-09-30,MCHP,Technology,0.011633899016253668,0.09570687364037117
2022-09-30,MKSI,Technology,-0.005929301607224047,-0.0313204529873205
2022-09-30,MPWR,Technology,-0.0659052185052732,0.027552535536501183
2022-09-30,MRVL,Technology,-0.07412518112187427,0.05767146010343665
2022-09-30,NXPI,Technology,-0.009694249856476822,0.018135816610335538
2022-09-30,ONTO,Technology,0.04355961207181003,0.025010762718387092
2022-09-30,QRVO,Technology,0.08399443220436353,-0.010638953762802352
2022-09-30,STX,Technology,-0.06706741206797129,-0.012156742982842186
2022-09-30,SWKS,Technology,0.008678344627284673,0.0011501115052049273
2022-09-30,TER,Technology,0.08250168574777628,0.029605601093978334
2022-09-30,VRSN,Technology,0.15405875185810314,0.029937550370585677
2022-09-30,WDC,Technology,0.055914066567531284,0.11066385435122118
2022-09-30,AXP,Financials,0.10456372764674171,0.011401069862815933
2022-09-30,BAC,Financials,0.19337750422417588,0.0032168582775577354
2022-09-30,BK,Financials,0.10300858272116709,0.0016978104439904524
2022-09-30,BLK,Financials,0.17378415390347968,0.007031092751336126
2022-09-30,C,Financials,0.10055179073570253,-0.024170201829689153
2022-09-30,CFG,Financials,0.19033738618309815,-0.0034335474365976494
2022-09-30,CME,Financials,-0.021622651137185978,0.005736848636906043
2022-09-30,COF,Financials,0.1502657882686551,-0.0019388471641583107
2022-09-30,FITB,Financials,0.11670804613876995,-0.0031510019501905773
2022-09-30,GS,Financials,0.175601345053239,0.014669633266748609
2022-09-30,HBAN,Financials,0.15174519733895586,-0.0025350820486991525
2022-09-30,ICE,Financials,0.05777520304934436,0.025834357743587756
2022-09-30,JPM,Financials,0.2153707334526398,0.011295659386218041
2022-09-30,KEY,Financials,0.1154805489756392,-0.005975450835351375
2022-09-30,MCO,Financials,0.08950678326004713,0.016016917161717735
2022-09-30,MS,Financials,0.05008039903139383,0.028549490647423844
2022-09-30,MTB,Financials,-0.04508851112594281,0.010814275283865414
2022-09-30,PNC,Financials,0.09377972411880675,-0.003664751705406155
2022-09-30,RF,Financials,0.09367213012534181,-0.004565091397768801
2022-09-30,SCHW,Financials,0.10852943939592397,-0.0016258037377859132
2022-09-30,SPGI,Financials,0.05207147598550299,0.06494805518650176
2022-09-30,STT,Financials,0.21690525041932007,0.020615957998053772
2022-09-30,TFC,Financials,0.028709352539523447,-0.029751020126279545
2022-09-30,USB,Financials,0.0528273138408506,0.007390536340326586
2022-09-30,WFC,Financials,0.14346085986150303,0.014942903187714459
2022-09-30,AFL,Financials,0.15854079852345349,0.0036388646995943667
2022-09-30,AJG,Financials,0.09262955641872739,-0.006827510534361088
2022-09-30,ALL,Financials,0.013811712525789721,0.033658262772562744
2022-09-30,AMTD,Financials,-0.10924366212280023,0.13303532571856702
2022-09-30,AON,Financials,0.052884254305809675,-0.0026721630522877366
2022-09-30,CB,Financials,0.18149310593793588,0.0045308194749578284
2022-09-30,FDS,Financials,0.06343251862247135,0.01933591316485637
2022-09-30,FNF,Financials,0.08784515059616083,0.04008251254653464
2022-09-30,GL,Financials,0.16094296297296862,0.00013460467758883506
2022-09-30,HIG,Financials,0.16903467658939597,0.005030301662186903
2022-09-30,IBKR,Financials,0.2541076130496218,0.018146173084051375
2022-09-30,LPLA,Financials,0.17012989601693218,0.003729243809194726
2022-09-30,MET,Financials,0.20450800489265086,0.002758259710465879
2022-09-30,MSCI,Financials,0.11159601575796807,0.006297544275328177
2022-09-30,NDAQ,Financials,0.09809451277145476,0.016746779266164358
2022-09-30,PGR,Financials,0.10580000204504847,-0.012590937784835833
2022-09-30,PRU,Financials,0.2262766028936245,0.012656816540994955
2022-09-30,RJF,Financials,0.1955070665537808,0.0056482559095664036
2022-09-30,SEIC,Financials,0.10703356688743448,0.011295408638304574
2022-09-30,SF,Financials,0.19187040073159745,0.031883871658710636
2022-09-30,SYF,Financials,0.26952181664228814,0.0101737634001162
2022-09-30,TRV,Financials,0.204046846695481,-0.0026423487747023367
2022-09-30,UNM,Financials,0.18379256795247123,-0.0065187321239727454
2022-09-30,WTW,Financials,0.08594593465293388,0.0036918185074272312
2022-09-30,ABBV,Healthcare,0.10192747014828085,-0.0007783636953572735
2022-09-30,ABT,Healthcare,0.027354649836921263,-0.01668011353912725
2022-09-30,AMGN,Healthcare,0.1994230475637515,-0.0008851805795370969
2022-09-30,BAX,Healthcare,0.0090975335237784,0.0012357416528101985
2022-09-30,BIIB,Healthcare,0.061573042851708726,0.03031755204902
2022-09-30,BMY,Healthcare,0.09804391171197402,0.025666554287816157
2022-09-30,BSX,Healthcare,0.11309065633576121,0.011371087998719994
2022-09-30,CI,Healthcare,0.1643060187408505,0.009878631567400601
2022-09-30,CVS,Healthcare,-0.001031164427259923,-0.009055623237822047
2022-09-30,DHR,Healthcare,-0.02562994884189196,0.008941239526239384
2022-09-30,EW,Healthcare,-0.1234418163776505,-0.005381508616299414
2022-09-30,GILD,Healthcare,0.2718433375892775,0.02535950725842375
2022-09-30,HUM,Healthcare,0.1502295184192055,0.03191727349894656
2022-09-30,ISRG,Healthcare,0.3149274328341394,-0.056465551701234566
2022-09-30,JNJ,Healthcare,0.06494858895014444,-0.008781285477923288
2022-09-30,LLY,Healthcare,0.1198081519407117,0.04329974002451575
2022-09-30,MDT,Healthcare,0.08161002071398338,-0.0070596775058705315
2022-09-30,MRK,Healthcare,0.17510435007049208,0.009513426797486454
2022-09-30,PFE,Healthcare,0.06375685416647614,0.009981049827122512
2022-09-30,REGN,Healthcare,0.08692491376549749,0.04142960583763715
2022-09-30,SYK,Healthcare,0.13182565996692763,-0.008579998882195525
2022-09-30,TMO,Healthcare,0.013367698846040277,0.011677759346251754
2022-09-30,UNH,Healthcare,0.0992198371923354,0.01432493208713956
2022-09-30,VRTX,Healthcare,0.07757128822351844,-0.03424503778378144
2022-09-30,ZBH,Healthcare,0.08417032713494366,0.01376755889320736
2022-09-30,A,Healthcare,0.1401847363886728,0.032617809655510165
2022-09-30,ACAD,Healthcare,-0.02017114372827422,-0.03392135711338678
2022-09-30,ALGN,Healthcare,-0.06185117821854469,-0.03243095549469013
2022-09-30,ALKS,Healthcare,0.016569674899129527,-0.003138982582612852
2022-09-30,BDX,Healthcare,0.05896906190986417,-0.0030856729210897876
2022-09-30,DGX,Healthcare,0.17716944433053428,0.03464733167566931
2022-09-30,DXCM,Healthcare,0.4996274820753279,0.0403346167960933
2022-09-30,FOLD,Healthcare,-0.04214555537052489,0.02642485358816908
2022-09-30,HOLX,Healthcare,0.050837051756788876,-0.003734275966912142
2022-09-30,IDXX,Healthcare,0.10399019690676514,-0.06015884321474472
2022-09-30,INSP,Healthcare,0.09911485772686457,-0.034188039612710316
2022-09-30,IQV,Healthcare,0.15750247805801454,0.023885152602944545
2022-09-30,MASI,Healthcare,-0.06772454881396317,0.09760324115381708
2022-09-30,MTD,Healthcare,0.166780485009139,-0.006506269959869249
2022-09-30,NBIX,Healthcare,0.08389044100285625,-0.026758400816779562
2022-09-30,NTRA,Healthcare,0.07165676429749768,-0.03905815720613683
2022-09-30,NVCR,Healthcare,-0.07001841879148507,-0.04599437692027992
2022-09-30,PODD,Healthcare,0.12820402983698642,0.05010299851705523
2022-09-30,RARE,Healthcare,-0.022941337030669473,-0.06216206719368209
2022-09-30,RMD,Healthcare,0.024690801022261732,0.03558016423892498
2022-09-30,WAT,Healthcare,0.10996926050041678,0.060298687931339044
2022-09-30,AMZN,Consumer,-0.09345130582826322,-0.0053375610125975075
2022-09-30,AZO,Consumer,0.18252228767932865,0.016625480334163802
2022-09-30,BKNG,Consumer,0.13769984095139232,0.024711449211470025
2022-09-30,CMG,Consumer,-0.0029479144038669913,0.03670820706465219
2022-09-30,COST,Consumer,0.06380968839758983,0.02042942584926376
2022-09-30,DG,Consumer,0.06577228277624192,0.011391844794895651
2022-09-30,DLTR,Consumer,0.1645848118437796,0.03232810192959148
2022-09-30,DRI,Consumer,0.14354983922566067,0.01086483466004034
2022-09-30,EBAY,Consumer,0.08231429052491945,0.010127194818656211
2022-09-30,HD,Consumer,0.07316810761672654,0.07290630440475439
2022-09-30,HLT,Consumer,0.12137243379562213,-0.0013323291237714123
2022-09-30,KR,Consumer,0.08091431480798761,0.017228350932108418
2022-09-30,LOW,Consumer,0.043663169981557504,0.03530059698464563
2022-09-30,LULU,Consumer,0.17699245749906511,0.0892971929120595
2022-09-30,MAR,Consumer,0.14250037278270367,0.005615638939046726
2022-09-30,MCD,Consumer,0.1816762643367429,-0.0010117647562194944
2022-09-30,MGM,Consumer,0.1968370831462678,0.013306336870764246
2022-09-30,NKE,Consumer,0.11501420339876889,-0.019433459602821154
2022-09-30,ORLY,Consumer,0.19026089633427845,0.015683414701625754
2022-09-30,ROST,Consumer,0.1355168118428094,0.05879694349294584
2022-09-30,SBUX,Consumer,0.027652614839254852,0.0220544219312374
2022-09-30,TGT,Consumer,0.10688057259372075,0.06274942112063574
2022-09-30,TJX,Consumer,0.16065687600553602,0.008549580445250003
2022-09-30,WMT,Consumer,0.09737854090939124,0.02809871522193994
2022-09-30,YUM,Consumer,0.11199932141796043,0.0016926024868161797
2022-09-30,BBY,Consumer,0.08004421237499693,0.018855077497843986
2022-09-30,CCL,Consumer,0.2887625013262223,0.0066786860676234724
2022-09-30,CHDN,Consumer,0.12902534260378884,-0.02109160845445264
2022-09-30,CMCSA,Consumer,0.09179247208665342,0.022649652416159034
2022-09-30,CZR,Consumer,0.3555487234184702,0.004164371976641085
2022-09-30,DIS,Consumer,0.1294391118349052,0.05607307227487856
2022-09-30,DKNG,Consumer,0.04359311971239088,0.001217972857585831
2022-09-30,F,Consumer,0.19375007800473987,0.03991567631208829
2022-09-30,FOX,Consumer,-0.045614044210047666,0.01052760295622925
2022-09-30,GM,Consumer,0.22312278399516994,0.012745587263642251
2022-09-30,GRMN,Consumer,0.09625235285128464,-0.006130349756523672
2022-09-30,H,Consumer,0.16366102465263976,0.009898578946853878
2022-09-30,IHG,Consumer,0.12816284703520542,-0.027555423827526074
2022-09-30,LVS,Consumer,0.013059642641323865,0.0005256724940905374
2022-09-30,NCLH,Consumer,0.48679576585380757,-0.07191987635062554
2022-09-30,NFLX,Consumer,0.23972132814132263,0.03022318936766872
2022-09-30,PENN,Consumer,0.20319877130973274,-0.06320045110891717
2022-09-30,POOL,Consumer,-0.04393336145060933,0.018505690948168296
2022-09-30,RCL,Consumer,0.40844343569832087,-0.02963014138852662
2022-09-30,SIRI,Consumer,0.05779348122770522,-0.004970174491355036
2022-09-30,TSLA,Consumer,-0.14216779156971604,0.04842394144725142
2022-09-30,WBD,Consumer,0.13043478260869557,0.010855442186011314
2022-09-30,WYNN,Consumer,0.013803049880207086,-0.009818618301850398
2022-09-30,APA,Energy,0.33760749937482504,-0.008903251872902635
2022-09-30,BA,Energy,0.1769903563900086,-0.016969232048294446
2022-09-30,CAT,Energy,0.32806202357340686,0.0581466092163861
2022-09-30,COP,Energy,0.23206951111462204,0.021157280692583606
2022-09-30,CVX,Energy,0.2591354273820028,0.034328579752696944
2022-09-30,DE,Energy,0.18548031561580425,0.011012398159939651
2022-09-30,DVN,Energy,0.2863797217972577,0.038468361033625637
2022-09-30,EOG,Energy,0.22911318790902957,0.010299798087836425
2022-09-30,FDX,Energy,0.07954480228514127,0.003879034575686535
2022-09-30,GD,Energy,0.18393865184544445,0.0009545025204052754
2022-09-30,GE,Energy,0.2568243581427019,-0.010664357178373296
2022-09-30,HAL,Energy,0.4792851852514566,0.0011689340773920404
2022-09-30,HON,Energy,0.22189646394959972,0.019115362982332348
2022-09-30,LMT,Energy,0.2598823668150594,-0.0011691293170718504
2022-09-30,MMM,Energy,0.13837096931409576,0.053945251128297206
2022-09-30,MPC,Energy,0.1438638533721348,0.025945388607281253
2022-09-30,NOC,Energy,0.16731131615829153,0.011046569459262811
2022-09-30,OXY,Energy,0.18144840177705568,0.044362800295921045
2022-09-30,PSX,Energy,0.291996814932058,0.030199300454005873
2022-09-30,RTX,Energy,0.15831902876609316,-0.012405580887978654
2022-09-30,SLB,Energy,0.44930328305760425,0.035753650656552255
2022-09-30,UNP,Energy,0.01190823752254122,0.0016603581125584793
2022-09-30,UPS,Energy,0.038566080109687206,-0.0010084819358380029
2022-09-30,VLO,Energy,0.17501173691601601,0.04294077472329096
2022-09-30,XOM,Energy,0.2691560087919971,-0.019105167023269327
2022-09-30,AME,Energy,0.14328526574137923,0.0074051379300864965
2022-09-30,BE,Energy,-0.06403205109060939,-0.05883593463463867
2022-09-30,BKR,Energy,0.31965685192332693,0.019856786663670488
2022-09-30,CTRA,Energy,0.19180704899706824,0.019680829775575684
2022-09-30,EMR,Energy,0.18273704730475804,0.031880083817250306
2022-09-30,ENPH,Energy,0.106425915051654,0.0791810351665971
2022-09-30,ETN,Energy,0.12529979156638493,0.03087660268712089
2022-09-30,FSLR,Energy,0.1005519212380257,0.10355508489714497
2022-09-30,FTV,Energy,0.09605476121076206,0.024255379038087166
2022-09-30,GNRC,Energy,-0.3493319632915368,-0.0005590528751173789
2022-09-30,HUBB,Energy,0.0649325897504236,0.00232439693601659
2022-09-30,MTDR,Energy,0.3583403138855772,0.03045824719853382
2022-09-30,PH,Energy,0.1993730740469033,0.006710564230306236
2022-09-30,PLUG,Energy,-0.23940983492855528,-0.08241031625341523
2022-09-30,PR,Energy,0.43676504287675155,-0.0003058220480576294
2022-09-30,ROK,Energy,0.1868345586188762,0.043943667276820204
2022-09-30,ROP,Energy,0.1545364881319613,-4.322394342852963e-05
2022-09-30,SM,Energy,0.20000361033739278,0.06691006066160449
2022-09-30,VRSK,Energy,0.07212800036922973,0.0604665155122716
2022-09-30,WMB,Energy,0.14320639082194497,0.020390667988123588
2022-09-30,XYL,Energy,0.1725044889630427,0.0799095043961089
2022-10-31,AAPL,Technology,-0.03302754969414545,0.011370075992620035
2022-10-31,ADBE,Technology,0.0829827085581829,0.05346733546250096
2022-10-31,AMAT,Technology,0.24438609462578742,0.0033624702217286925
2022-10-31,AMD,Technology,0.292540717255801,0.003025121779407681
2022-10-31,AVGO,Technology,0.17210488181762118,-0.012678857480230914
2022-10-31,CDNS,Technology,0.13640262883769028,0.0391595133064182
2022-10-31,CRM,Technology,-0.01439209272889641,0.018003940549496295
2022-10-31,CRWD,Technology,-0.27016126703988863,-0.036076209493387176
2022-10-31,FTNT,Technology,-0.06997900648491862,0.03182472533391288
2022-10-31,GOOGL,Technology,0.06856390460383954,-0.004115661553476179
2022-10-31,INTC,Technology,0.07197059495904323,-0.024489588387239213
2022-10-31,INTU,Technology,-0.04657304319173616,0.046630073162857257
2022-10-31,KLAC,Technology,0.2466386211656053,0.023254327126095754
2022-10-31,LRCX,Technology,0.16700423255439434,-0.005593775055533555
2022-10-31,META,Technology,0.2677114141604813,-0.05791009156767227
2022-10-31,MSFT,Technology,0.10222303280957545,-0.02410914516443128
2022-10-31,MU,Technology,0.06561935101108585,-0.0008286628088075129
2022-10-31,NET,Technology,-0.12748580156394462,0.06902173260262796
2022-10-31,NOW,Technology,-0.010552840953857445,-0.05070537517407268
2022-10-31,NVDA,Technology,0.25415491730068895,0.022019722476050104
2022-10-31,ORCL,Technology,0.0635325866838865,0.0036041045971183018
2022-10-31,PANW,Technology,-0.0098490732412998,-0.0011003156711591512
2022-10-31,QCOM,Technology,0.08190134525364945,-0.001349708410192434
2022-10-31,SNPS,Technology,0.16062219351452156,0.02883049668683063
2022-10-31,TXN,Technology,0.12345170441837916,0.0528717945147049
2022-10-31,ACN,Technology,0.05998568134918547,0.025935578451566497
2022-10-31,ADI,Technology,0.20537099219962518,0.05507968499827149
2022-10-31,ANET,Technology,0.15257324464903954,-0.002003300322425101
2022-10-31,CGNX,Technology,0.07829451924397968,0.08327549551620847
2022-10-31,COHU,Technology,0.08809239632991805,0.06244553754300019
2022-10-31,CSCO,Technology,0.09443110692686463,-0.001794347042759643
2022-10-31,DELL,Technology,0.16640610881714113,-0.028439299078460437
2022-10-31,ENTG,Technology,-0.024608857149942653,-0.004486875633320357
2022-10-31,FORM,Technology,0.14151413854090178,-0.0497887301862055
2022-10-31,HPQ,Technology,0.08761763822647639,-0.023800968825900347
2022-10-31,IBM,Technology,0.08956045897267106,0.022892905626427158
2022-10-31,IPGP,Technology,0.06268964379653474,0.07648274870566216
2022-10-31,KEYS,Technology,0.038702301058766375,0.06431116401555902
2022-10-31,MCHP,Technology,0.28833417436839426,0.04351859907163727
2022-10-31,MKSI,Technology,0.023581843473198694,0.017675643549684317
2022-10-31,MPWR,Technology,0.12523165790808943,-0.009528208519767694
2022-10-31,MRVL,Technology,0.17237927322848834,0.023215539133426544
2022-10-31,NXPI,Technology,0.20372415555802337,0.055722628181633364
2022-10-31,ONTO,Technology,0.19614005578452876,0.018489710661695663
2022-10-31,QRVO,Technology,0.15299718736987789,0.02474937146527957
2022-10-31,STX,Technology,0.06665318620863814,-0.045484089662713924
2022-10-31,SWKS,Technology,0.11908652940470454,0.014354011134228715
2022-10-31,TER,Technology,0.15008537276204525,0.03451372350400141
2022-10-31,VRSN,Technology,-0.003242661354482146,0.04390584851974301
2022-10-31,WDC,Technology,0.06924643704661881,0.009734111820241344
2022-10-31,AXP,Financials,0.06156934997943653,0.012430244259006483
2022-10-31,BAC,Financials,0.05022174298663318,-0.013420338064915716
2022-10-31,BK,Financials,0.09000244005676872,0.0444460546013269
2022-10-31,BLK,Financials,0.10851379144754691,0.01472852674226919
2022-10-31,C,Financials,0.06782016450522854,0.014876599947324499
2022-10-31,CFG,Financials,0.046936730122136394,0.04134052051712981
2022-10-31,CME,Financials,0.01846488508192312,-0.02730892716221643
2022-10-31,COF,Financials,-0.020429343348002504,0.009005427041945027
2022-10-31,FITB,Financials,0.018772792652816284,0.050693918965041794
2022-10-31,GS,Financials,0.12821808875633267,0.0333733420954897
2022-10-31,HBAN,Financials,0.019762672710807117,0.04216698965759584
2022-10-31,ICE,Financials,0.13330557926888376,0.002967671402874284
2022-10-31,JPM,Financials,0.09771213760830033,0.02548119398570503
2022-10-31,KEY,Financials,0.0640646496020354,0.0018205595606414005
2022-10-31,MCO,Financials,0.128806247942304,-0.02449626342778598
2022-10-31,MS,Financials,0.13265197154606256,0.07168362163863969
2022-10-31,MTB,Financials,0.016939641220845125,0.027631312818018162
2022-10-31,PNC,Financials,0.039733177024504185,0.053894546079465304
2022-10-31,RF,Financials,0.057403023930582275,0.04094291298065366
2022-10-31,SCHW,Financials,0.03889399862268683,0.036652623660671055
2022-10-31,SPGI,Financials,0.10082172267275591,-0.021761610017569096
2022-10-31,STT,Financials,0.07662137836249472,0.028521875808562303
2022-10-31,TFC,Financials,0.05745899006981858,0.030636631633756913
2022-10-31,USB,Financials,0.06925819211384865,-0.0070133137925635185
2022-10-31,WFC,Financials,0.04933299229942656,0.06054883975762959
2022-10-31,AFL,Financials,0.11121476680507203,0.01618888483994962
2022-10-31,AJG,Financials,0.06430393497638232,0.02224875948529315
2022-10-31,ALL,Financials,0.06743059928045625,-0.004795869047151947
2022-10-31,AMTD,Financials,-0.07075476048042695,0.11454442434896449
2022-10-31,AON,Financials,0.09517206468061357,0.03955032034324104
2022-10-31,CB,Financials,0.02187169285192514,0.015115726953484562
2022-10-31,FDS,Financials,0.08627572433639896,0.02774722491620218
2022-10-31,FNF,Financials,0.024885938746206815,0.061918927484189805
2022-10-31,GL,Financials,0.038435075366695326,0.01475590369358067
2022-10-31,HIG,Financials,0.0606326521565872,0.03232009626643726
2022-10-31,IBKR,Financials,0.003128325039362334,0.024318851908688138
2022-10-31,LPLA,Financials,-0.07322482167013,0.005719956450992922
2022-10-31,MET,Financials,0.05478761678192412,0.016507723265416874
2022-10-31,MSCI,Financials,0.08601777188004989,0.05839196869382528
2022-10-31,NDAQ,Financials,0.09993570272430352,0.08360824247127964
2022-10-31,PGR,Financials,0.02920554387897001,-0.010138956983866926
2022-10-31,PRU,Financials,0.03861102222277446,-0.035554744109899186
2022-10-31,RJF,Financials,-0.010496193134088228,0.03296217215237032
2022-10-31,SEIC,Financials,0.14696142770255438,-0.018564930611842452
2022-10-31,SF,Financials,0.04340730747210131,-0.005322615229624009
2022-10-31,SYF,Financials,0.05680580116125733,0.12325474158590509
2022-10-31,TRV,Financials,0.029003698236479858,0.012042724202878125
2022-10-31,UNM,Financials,-0.07479720071169593,0.019294870851721328
2022-10-31,WTW,Financials,0.12808755652159798,0.05035607119377957
2022-10-31,ABBV,Healthcare,0.1009563267970146,0.04500351290947891
2022-10-31,ABT,Healthcare,0.08732559270042284,0.037818733294760126
2022-10-31,AMGN,Healthcare,0.06666418100989291,0.02329542235394599
2022-10-31,BAX,Healthcare,0.04011044159509991,0.013981181477481012
2022-10-31,BIIB,Healthcare,0.07666529353357676,-0.037764279706473405
2022-10-31,BMY,Healthcare,0.036272358706496366,0.026098784362530814
2022-10-31,BSX,Healthcare,0.05010437988473271,0.023581834398524407
2022-10-31,CI,Healthcare,0.0180463349639699,0.019698484092070725
2022-10-31,CVS,Healthcare,0.07581841557607838,0.03467023888762211
2022-10-31,DHR,Healthcare,0.08638287920551502,0.03275332502581497
2022-10-31,EW,Healthcare,0.06654700641330513,0.0454990869071683
2022-10-31,GILD,Healthcare,0.11942357562205963,0.026264247138916324
2022-10-31,HUM,Healthcare,-0.014657132525480066,0.003303010823646485
2022-10-31,ISRG,Healthcare,0.0970504049550236,0.037447844955740266
2022-10-31,JNJ,Healthcare,0.029769185853540936,0.023218568068798778
2022-10-31,LLY,Healthcare,0.027686897263083265,-0.011126970028809498
2022-10-31,MDT,Healthcare,-0.09503092340857788,0.009353834026134114
2022-10-31,MRK,Healthcare,0.08814250128671142,0.011191958039201592
2022-10-31,PFE,Healthcare,0.08613642615860995,0.09027513654121926
2022-10-31,REGN,Healthcare,0.003939943538062485,-0.03243904774898194
2022-10-31,SYK,Healthcare,0.020284630103966084,0.04829077516541912
2022-10-31,TMO,Healthcare,0.08998570765926317,0.03313733638287953
2022-10-31,UNH,Healthcare,-0.013311872417910209,0.030783640120926006
2022-10-31,VRTX,Healthcare,0.014102544540014028,0.0024797534762058815
2022-10-31,ZBH,Healthcare,0.05954993953434751,0.045939024700686844
2022-10-31,A,Healthcare,0.12020231083671895,0.08645548634530827
2022-10-31,ACAD,Healthcare,-0.02807241070889943,0.03745178689349078
2022-10-31,ALGN,Healthcare,0.012146168673620172,0.035780497552465436
2022-10-31,ALKS,Healthcare,0.0916299495065176,-0.016641760621779102
2022-10-31,BDX,Healthcare,0.05665957480367401,-0.012050312811984931
2022-10-31,DGX,Healthcare,0.05694422482337047,0.10025836004697546
2022-10-31,DXCM,Healthcare,-0.03725782451962856,0.08432509317312528
2022-10-31,FOLD,Healthcare,0.21000003814697266,0.09516813456555653
2022-10-31,HOLX,Healthcare,0.12330383826044411,0.05387387106085794
2022-10-31,IDXX,Healthcare,0.18402469914714015,0.025327167204493142
2022-10-31,INSP,Healthcare,0.23913829754177351,0.012779566735831652
2022-10-31,IQV,Healthcare,0.03982451555509359,0.002127085766245117
2022-10-31,MASI,Healthcare,0.10136774862607134,0.1304341121152671
2022-10-31,MTD,Healthcare,0.16177179463993885,0.040729025417370175
2022-10-31,NBIX,Healthcare,0.10371781208427944,0.011001403171008044
2022-10-31,NTRA,Healthcare,-0.1243611641065574,0.17559089661209415
2022-10-31,NVCR,Healthcare,0.08746097304683831,0.03352439819775128
2022-10-31,PODD,Healthcare,0.15671727499402754,0.025823169115774407
2022-10-31,RARE,Healthcare,-0.10281759618251185,-0.044415973441149025
2022-10-31,RMD,Healthcare,0.031227879298179273,0.04076597559161863
2022-10-31,WAT,Healthcare,0.15853859192755682,0.06176806733379439
2022-10-31,AMZN,Consumer,-0.05759470309709913,0.043385115411641105
2022-10-31,AZO,Consumer,0.018208568633854227,-0.003366682790505527
2022-10-31,BKNG,Consumer,0.1123148237741034,0.039312939507921814
2022-10-31,CMG,Consumer,0.08584889093584547,0.07249997223576679
2022-10-31,COST,Consumer,0.07527423464684002,0.02034786462478301
2022-10-31,DG,Consumer,0.0024700109889266297,0.022615292560297286
2022-10-31,DLTR,Consumer,-0.05179814961430407,0.02901027181249167
2022-10-31,DRI,Consumer,0.02689657363558884,0.04481052896349045
2022-10-31,EBAY,Consumer,0.14632392875224376,0.03545923937413134
2022-10-31,HD,Consumer,0.10069906359721492,0.07022625250699954
2022-10-31,HLT,Consumer,0.05562436062970355,0.03992088445572443
2022-10-31,KR,Consumer,0.04595153896118154,0.049436296405344964
2022-10-31,LOW,Consumer,0.09027962033221049,0.07079250781515997
2022-10-31,LULU,Consumer,0.15581688451929487,0.06216821323304747
2022-10-31,MAR,Consumer,0.03530742966955014,0.03234918060651103
2022-10-31,MCD,Consumer,0.006111532418545451,0.00793445787543981
2022-10-31,MGM,Consumer,0.03626653086925957,0.07183692720191771
2022-10-31,NKE,Consumer,0.18353476981546857,0.033604831870371075
2022-10-31,ORLY,Consumer,0.032693519325173614,-0.006647694461408268
2022-10-31,ROST,Consumer,0.22970011589871664,0.12982165828060546
2022-10-31,SBUX,Consumer,0.18705801559372293,0.059470048661177964
2022-10-31,TGT,Consumer,0.023549337816366034,0.06799994513996283
2022-10-31,TJX,Consumer,0.11486417740022126,0.047650978840381435
2022-10-31,WMT,Consumer,0.0708915199067981,0.02570401912444975
2022-10-31,YUM,Consumer,0.09302050828908515,0.06452112523917258
2022-10-31,BBY,Consumer,0.24689385509047335,0.06894381344312028
2022-10-31,CCL,Consumer,0.09602642108450077,0.05490581199575941
2022-10-31,CHDN,Consumer,0.06757733182887127,0.0440660697177082
2022-10-31,CMCSA,Consumer,0.1543791072917302,-0.0017522818534933806
2022-10-31,CZR,Consumer,0.16190262760502705,0.04322532627352963
2022-10-31,DIS,Consumer,-0.08137784875207821,0.012520395221108815
2022-10-31,DKNG,Consumer,-0.030379777855453316,0.09393729767653239
2022-10-31,F,Consumer,0.050508329926949536,0.00840982594095261
2022-10-31,FOX,Consumer,0.12205876755282352,-0.038375003584506226
2022-10-31,GM,Consumer,0.03337572169433489,0.04163511566738369
2022-10-31,GRMN,Consumer,0.0562242817993126,0.008713551896231199
2022-10-31,H,Consumer,0.06485525509597467,0.06214210770303496
2022-10-31,IHG,Consumer,0.07257472674456578,0.03531564838819722
2022-10-31,LVS,Consumer,0.23230746439579653,-0.029665708957609855
2022-10-31,NCLH,Consumer,-0.026642917220388806,0.011719189193472286
2022-10-31,NFLX,Consumer,0.046765786760407435,0.13379168475656675
2022-10-31,PENN,Consumer,0.06314200147839699,-0.0029569199173347235
2022-10-31,POOL,Consumer,0.0862955527590552,0.018438036351559363
2022-10-31,RCL,Consumer,0.12270512287399815,0.0010240926936476568
2022-10-31,SIRI,Consumer,0.07857323202753785,0.0033189653795009833
2022-10-31,TSLA,Consumer,-0.14432626046795272,0.033764185038157604
2022-10-31,WBD,Consumer,-0.12307695242074823,0.02067484310200708
2022-10-31,WYNN,Consumer,0.3092330277262276,-0.016857261760923798
2022-10-31,APA,Energy,0.03057628874210727,0.051937602958757025
2022-10-31,BA,Energy,0.25521024333652575,-0.021313098091953434
2022-10-31,CAT,Energy,0.09216474322584767,-0.019369821045355437
2022-10-31,COP,Energy,-0.0167179883128189,0.051229704826246274
2022-10-31,CVX,Energy,0.021160724239271733,0.0453097552439696
2022-10-31,DE,Energy,0.11414283045827145,0.02711264579983678
2022-10-31,DVN,Energy,-0.11415649710630171,0.0478569349932656
2022-10-31,EOG,Energy,0.039627937144259606,0.0587432460683658
2022-10-31,FDX,Energy,0.13688530538462773,0.025397825958940873
2022-10-31,GD,Energy,0.010368417872968605,0.018310637156800418
2022-10-31,GE,Energy,0.10487071885900257,-0.01136296271032104
2022-10-31,HAL,Energy,0.04036230711003519,-0.06399215209644396
2022-10-31,HON,Energy,0.08138982727173483,-0.0007943462738163686
2022-10-31,LMT,Energy,0.003155088910917536,0.008092365205003603
2022-10-31,MMM,Energy,0.013156872180436263,-0.0032977740497108833
2022-10-31,MPC,Energy,0.07879544389569482,0.007266772964962262
2022-10-31,NOC,Energy,-0.025405454121676163,-0.009620928000761702
2022-10-31,OXY,Energy,-0.042837415589046746,0.048575511500076565
2022-10-31,PSX,Energy,0.048950602365471996,0.10308258840425438
2022-10-31,RTX,Energy,0.04723549668340232,-0.009010694799951974
2022-10-31,SLB,Energy,-0.00922550527747279,0.08339864341385127
2022-10-31,UNP,Energy,0.10292174072265103,-0.018004404466379516
2022-10-31,UPS,Energy,0.14147234563636535,-0.007234792438783855
2022-10-31,VLO,Energy,0.07174134182701297,0.04926236371918124
2022-10-31,XOM,Energy,0.012871512530725715,0.04049136468049808
2022-10-31,AME,Energy,0.09841121845834988,0.02002562801008901
2022-10-31,BE,Energy,0.13789427885091765,0.040582678618512
2022-10-31,BKR,Energy,0.056262404080861916,-0.06179121952351648
2022-10-31,CTRA,Energy,-0.08122713334401321,0.05317432494965227
2022-10-31,EMR,Energy,0.11222651555462093,-0.02319029022651985
2022-10-31,ENPH,Energy,0.04426708904850374,0.04646705786544576
2022-10-31,ETN,Energy,0.09476394158897983,0.07699444639431605
2022-10-31,FSLR,Energy,0.18520292710456387,0.04903110185949018
2022-10-31,FTV,Energy,0.05824897632497961,0.11003838682324873
2022-10-31,GNRC,Energy,-0.08963857036301204,0.001553979858284629
2022-10-31,HUBB,Energy,0.07464052357245099,0.013212031348377408
2022-10-31,MTDR,Energy,2.9225842359759113e-05,0.01004280282097163
2022-10-31,PH,Energy,0.03338014216250218,0.036113398441249014
2022-10-31,PLUG,Energy,-0.0012515334582141602,0.0475306435595754
2022-10-31,PR,Energy,0.04470581378562133,0.07540245837000664
2022-10-31,ROK,Energy,0.03978018076499823,0.06900310259693825
2022-10-31,ROP,Energy,0.05873985106094848,-0.01237706374961755
2022-10-31,SM,Energy,-0.041574128208121675,0.04993060366200784
2022-10-31,VRSK,Energy,0.004813339903384728,0.033298946805261506
2022-10-31,WMB,Energy,0.06018950186422822,0.010339065827536301
2022-10-31,XYL,Energy,0.09977589594053615,0.16965861422747902
2022-11-30,AAPL,Technology,-0.12227233300426532,0.008372103902595286
2022-11-30,ADBE,Technology,-0.02435275005029791,-0.010017787519278608
2022-11-30,AMAT,Technology,-0.11149624796477298,0.08580069073703164
2022-11-30,AMD,Technology,-0.1656576203187402,0.12221143608134648
2022-11-30,AVGO,Technology,0.023166272034926605,0.06827167984447055
2022-11-30,CDNS,Technology,-0.06626362672267827,0.09711602455010937
2022-11-30,CRM,Technology,-0.17260530390468343,0.046362159610991605
2022-11-30,CRWD,Technology,-0.10505737739096244,0.012166257393913502
2022-11-30,FTNT,Technology,-0.0803235603841248,0.009182317351975257
2022-11-30,GOOGL,Technology,-0.12634894045390876,0.09812199987962722
2022-11-30,INTC,Technology,-0.12105084236022678,0.055793375789890895
2022-11-30,INTU,Technology,-0.04506986389168188,0.11433208273613811
2022-11-30,KLAC,Technology,-0.04100206019667685,0.10185738262779494
2022-11-30,LRCX,Technology,-0.10693207996731546,0.0809502675948034
2022-11-30,META,Technology,0.018966899890377587,-0.0019435555258976323
2022-11-30,MSFT,Technology,-0.06004557477390604,0.06842996411350062
2022-11-30,MU,Technology,-0.1310715663473122,0.06611400850242587
2022-11-30,NET,Technology,-0.07997558717926345,0.1023245473259924
2022-11-30,NOW,Technology,-0.06733128349486006,0.03665510494505324
2022-11-30,NVDA,Technology,-0.13644148658725264,0.05116572144577875
2022-11-30,ORCL,Technology,-0.015536458490749805,0.03180091847314395
2022-11-30,PANW,Technology,-0.17869335904066674,0.04756937913663277
2022-11-30,QCOM,Technology,-0.13084035388643012,0.12642699734709212
2022-11-30,SNPS,Technology,-0.05963951078042362,0.10996313091031192
2022-11-30,TXN,Technology,-0.0844508548623979,0.013855659050931191
2022-11-30,ACN,Technology,-0.1132820124776579,0.09517426602649744
2022-11-30,ADI,Technology,-0.041590295833169644,0.06050474484262691
2022-11-30,ANET,Technology,-0.12885860864602627,0.00943580247380219
2022-11-30,CGNX,Technology,-0.053636017790277046,0.014131822000741473
2022-11-30,COHU,Technology,-0.1052484782211881,-0.02646378030171918
2022-11-30,CSCO,Technology,-0.04183424631382626,0.028481166298185773
2022-11-30,DELL,Technology,-0.10203173336431981,0.016630511686951375
2022-11-30,ENTG,Technology,-0.15137789163251125,0.07214424136771898
2022-11-30,FORM,Technology,-0.03641093037276222,0.016418814354899572
2022-11-30,HPQ,Technology,-0.09734548033115753,-0.009709392601943046
2022-11-30,IBM,Technology,-0.05379448161954181,-0.017831165602892815
2022-11-30,IPGP,Technology,0.03998681136395099,0.11463261895441257
2022-11-30,KEYS,Technology,-0.05428709214751448,0.02966462731919572
2022-11-30,MCHP,Technology,-0.1128929281328589,0.11579513655796166
2022-11-30,MKSI,Technology,0.010374275458920446,0.10726089952564613
2022-11-30,MPWR,Technology,-0.07217749409801655,0.13825984191612503
2022-11-30,MRVL,Technology,-0.20378357947975445,0.14778054636833302
2022-11-30,NXPI,Technology,-0.09690729774624807,0.13217469993540748
2022-11-30,ONTO,Technology,-0.14834272749290356,0.10847100758818791
2022-11-30,QRVO,Technology,-0.08675063587255982,0.03138872787792066
2022-11-30,STX,Technology,0.007028537285162395,0.07504588461861329
2022-11-30,SWKS,Technology,-0.046956853870814164,0.08961958536554666
2022-11-30,TER,Technology,-0.06527531156951882,0.102559213542756
2022-11-30,VRSN,Technology,0.028176861451045587,0.0005848897766602324
2022-11-30,WDC,Technology,-0.14149660267390518,0.08705717525019824
2022-11-30,AXP,Financials,-0.06244056523841357,0.04571477161326543
2022-11-30,BAC,Financials,-0.1198511001771635,0.06502237477576832
2022-11-30,BK,Financials,-0.008278996772973946,0.07101052546031099
2022-11-30,BLK,Financials,-0.0034704480732211662,0.08212736017564302
2022-11-30,C,Financials,-0.06568921697368402,0.09881292418326623
2022-11-30,CFG,Financials,-0.07102426012947693,0.060569730434162604
2022-11-30,CME,Financials,-0.016268081281837765,0.04519130196976924
2022-11-30,COF,Financials,-0.09957368883668605,0.0457118083048271
2022-11-30,FITB,Financials,-0.08844092522657976,0.05320143068060315
2022-11-30,GS,Financials,-0.11075995939573313,0.012478843690870487
2022-11-30,HBAN,Financials,-0.07875467012060611,-0.03115003347436698
2022-11-30,ICE,Financials,-0.04941593179792847,0.05428402870185308
2022-11-30,JPM,Financials,-0.02952697571935259,0.05725350606423371
2022-11-30,KEY,Financials,-0.07389662752030446,0.055015948688965505
2022-11-30,MCO,Financials,-0.06588005194424496,0.10150623433982954
2022-11-30,MS,Financials,-0.08649402883354407,0.06325763487917102
2022-11-30,MTB,Financials,-0.14680632106938074,0.020065969828846467
2022-11-30,PNC,Financials,-0.06133375379606543,0.056540709675312904
2022-11-30,RF,Financials,-0.062408628799262233,0.01917025603070469
2022-11-30,SCHW,Financials,0.008723167839744361,0.030855339642204473
2022-11-30,SPGI,Financials,-0.05062341524370029,0.07156027707323613
2022-11-30,STT,Financials,-0.018465351971258648,0.07399850208935198
2022-11-30,TFC,Financials,-0.08075218269636375,0.04913240986018678
2022-11-30,USB,Financials,-0.028458387788516726,0.06451717232300806
2022-11-30,WFC,Financials,-0.13889471820619004,0.03760376772216294
2022-11-30,AFL,Financials,0.0001391056520529954,-0.008956201964577892
2022-11-30,AJG,Financials,-0.05065455840467126,-0.019300590184837037
2022-11-30,ALL,Financials,0.01269598241575931,0.006268410560681496
2022-11-30,AMTD,Financials,-0.08629437651643901,0.045462752974221934
2022-11-30,AON,Financials,-0.026404406493596322,0.03491306482725496
2022-11-30,CB,Financials,0.008459994358068545,-0.014408191450812987
2022-11-30,FDS,Financials,-0.13024353394006982,0.03753585815084559
2022-11-30,FNF,Financials,-0.018984353897322115,0.06461041387320969
2022-11-30,GL,Financials,0.004918330435771834,-0.017948299897613606
2022-11-30,HIG,Financials,-0.007070812877620902,-0.0249034163779965
2022-11-30,IBKR,Financials,-0.09900381538697123,-0.011390850013394505
2022-11-30,LPLA,Financials,-0.08677306613761282,-0.014683462506704789
2022-11-30,MET,Financials,-0.0564537682514864,-0.017534833788054288
2022-11-30,MSCI,Financials,-0.08400440178425184,0.05324017486464595
2022-11-30,NDAQ,Financials,-0.10123067198123437,0.020212223711278
2022-11-30,PGR,Financials,-0.018463631864473973,-0.0072535747344972794
2022-11-30,PRU,Financials,-0.07932991995001237,-0.015113887431127035
2022-11-30,RJF,Financials,-0.08240210688173488,-0.015966223997654676
2022-11-30,SEIC,Financials,-0.057025560589076596,0.018012156141725775
2022-11-30,SF,Financials,-0.09151760052441538,0.03682684111791805
2022-11-30,SYF,Financials,-0.12559895991359238,0.06782131126168506
2022-11-30,TRV,Financials,-0.00731330465619795,-0.013544446456382043
2022-11-30,UNM,Financials,-0.027263776168898413,0.026844837480842747
2022-11-30,WTW,Financials,-0.0030367440781026156,0.025688581237385516
2022-11-30,ABBV,Healthcare,0.002667437352757762,0.017644656046600628
2022-11-30,ABT,Healthcare,0.020542728578913483,0.045625972545273806
2022-11-30,AMGN,Healthcare,-0.08296073981001684,-0.012404476736473597
2022-11-30,BAX,Healthcare,-0.0937054553598482,0.08640972381777579
2022-11-30,BIIB,Healthcare,-0.09257134959850744,0.11589057977370495
2022-11-30,BMY,Healthcare,-0.10376212218783665,0.019900360629577885
2022-11-30,BSX,Healthcare,0.022089683894149337,0.004960563834479151
2022-11-30,CI,Healthcare,0.010909710503685499,0.0058107208528858974
2022-11-30,CVS,Healthcare,-0.08529638721097865,0.01474693752933578
2022-11-30,DHR,Healthcare,-0.02828676238011829,0.08453889408293716
2022-11-30,EW,Healthcare,-0.03417474938056231,0.09633454029181969
2022-11-30,GILD,Healthcare,-0.014436781024127043,-0.015684971171451987
2022-11-30,HUM,Healthcare,-0.06714976447711885,0.027312770849730588
2022-11-30,ISRG,Healthcare,-0.018639773186428177,0.014106049081212154
2022-11-30,JNJ,Healthcare,-0.007584396055113296,0.0195169356360164
2022-11-30,LLY,Healthcare,-0.014120970731853366,0.016731430591732984
2022-11-30,MDT,Healthcare,-0.00795314601527397,0.05765578661518691
2022-11-30,MRK,Healthcare,0.014212522771099634,0.006766429222275552
2022-11-30,PFE,Healthcare,0.022142405118046327,0.04269053183690937
2022-11-30,REGN,Healthcare,-0.040188964318356724,0.007521389298670019
2022-11-30,SYK,Healthcare,0.04857474708449572,-0.014222553669808265
2022-11-30,TMO,Healthcare,-0.01649463266918616,0.04459684557610817
2022-11-30,UNH,Healthcare,-0.029110449237318203,0.012621172958141271
2022-11-30,VRTX,Healthcare,-0.0872945500947887,-0.017411136496259513
2022-11-30,ZBH,Healthcare,0.06362864560234938,0.024757683431371188
2022-11-30,A,Healthcare,-0.032951467745331864,0.018591288780650177
2022-11-30,ACAD,Healthcare,0.02182285970814135,0.0372400605890453
2022-11-30,ALGN,Healthcare,0.072409183205556,0.14193995127858444
2022-11-30,ALKS,Healthcare,0.05447935579955976,0.01947333508844484
2022-11-30,BDX,Healthcare,0.023672028279555057,0.03329060777256113
2022-11-30,DGX,Healthcare,0.03036296549292894,-0.012556821824182876
2022-11-30,DXCM,Healthcare,-0.026143798997601997,-0.0215756720258572
2022-11-30,FOLD,Healthcare,0.00909088043052475,0.15804783907441675
2022-11-30,HOLX,Healthcare,-0.01772591962449277,0.01604262329927501
2022-11-30,IDXX,Healthcare,-0.042055096314500995,0.04734706482813803
2022-11-30,INSP,Healthcare,0.04267912922135397,0.04969538805969355
2022-11-30,IQV,Healthcare,-0.06022385389188345,0.0007851524263259679
2022-11-30,MASI,Healthcare,0.02076717577021414,0.14202547323854348
2022-11-30,MTD,Healthcare,-0.01640634370870586,0.04474184428072571
2022-11-30,NBIX,Healthcare,-0.05997162965215341,0.024125794834873385
2022-11-30,NTRA,Healthcare,-0.023103131994558823,0.14287366767872914
2022-11-30,NVCR,Healthcare,-0.045419026940382246,0.02813060646568302
2022-11-30,PODD,Healthcare,-0.016634868390202562,0.0400130292226047
2022-11-30,RARE,Healthcare,0.2763086172121456,0.014444990995490565
2022-11-30,RMD,Healthcare,-0.09587315258930396,0.07666089155054456
2022-11-30,WAT,Healthcare,-0.01159844045141012,0.028195652157938653
2022-11-30,AMZN,Consumer,-0.1298943525647971,0.10826295082194484
2022-11-30,AZO,Consumer,-0.043745664350281155,0.006808843253501482
2022-11-30,BKNG,Consumer,-0.03085932149259596,0.006589627114681882
2022-11-30,CMG,Consumer,-0.14718862559197254,0.10817841125119165
2022-11-30,COST,Consumer,-0.15345387575016256,0.015288284926546108
2022-11-30,DG,Consumer,-0.034741273175514675,0.01723486047207445
2022-11-30,DLTR,Consumer,-0.058886095149910056,-0.022857937205938712
2022-11-30,DRI,Consumer,-0.058915612215309165,-0.008600614975864552
2022-11-30,EBAY,Consumer,-0.08736796338186836,0.02813848915326501
2022-11-30,HD,Consumer,-0.025093447255835954,0.05166217207982672
2022-11-30,HLT,Consumer,-0.11400928885366723,-0.04089223528592322
2022-11-30,KR,Consumer,-0.0937182734295684,0.052453668960866916
2022-11-30,LOW,Consumer,-0.06262048700431944,0.07625228582200289
2022-11-30,LULU,Consumer,-0.15758195435434996,0.026293730790357135
2022-11-30,MAR,Consumer,-0.09954658992439414,-0.035873225961409204
2022-11-30,MCD,Consumer,-0.03394561748547953,-0.010832325187962287
2022-11-30,MGM,Consumer,-0.09026684486615422,-0.007756417829021922
2022-11-30,NKE,Consumer,0.07000768284072256,-0.0021385968715613496
2022-11-30,ORLY,Consumer,-0.023723649030917615,0.00922215730394401
2022-11-30,ROST,Consumer,-0.011021068950266444,0.0498768676071492
2022-11-30,SBUX,Consumer,-0.02935435638648365,0.14299663661818657
2022-11-30,TGT,Consumer,-0.10791884125167628,0.003094518414170109
2022-11-30,TJX,Consumer,-0.005621780858945047,0.008108416337607666
2022-11-30,WMT,Consumer,-0.06623455577881598,0.004209837167719541
2022-11-30,YUM,Consumer,-0.004508001966930797,0.02266133175362842
2022-11-30,BBY,Consumer,-0.04944704331518768,0.017558960228499437
2022-11-30,CCL,Consumer,-0.18831814519824974,0.05878711359179921
2022-11-30,CHDN,Consumer,-0.04436692177205459,0.01467188248908651
2022-11-30,CMCSA,Consumer,-0.045578239377853325,0.041164333549320385
2022-11-30,CZR,Consumer,-0.1812635829608792,0.0015258858013477243
2022-11-30,DIS,Consumer,-0.11229187237565208,0.07439719267531004
2022-11-30,DKNG,Consumer,-0.25652737792346003,0.13700223218825325
2022-11-30,F,Consumer,-0.1633096380944261,0.01220660028271846
2022-11-30,FOX,Consumer,-0.06782428451585787,0.038432808581901005
2022-11-30,GM,Consumer,-0.16876718819002567,0.024956888989632952
2022-11-30,GRMN,Consumer,9.168826483607617e-06,0.034043778345041596
2022-11-30,H,Consumer,-0.09838518910199334,-0.03044387409735958
2022-11-30,IHG,Consumer,-0.008160396881829901,-0.02040616030961675
2022-11-30,LVS,Consumer,0.02625954643487516,0.03018067875513121
2022-11-30,NCLH,Consumer,-0.25547449066309946,-0.02509770263754351
2022-11-30,NFLX,Consumer,-0.03485741643246454,0.18269492761289968
2022-11-30,PENN,Consumer,-0.15601017556171937,0.0026390976154119766
2022-11-30,POOL,Consumer,-0.0822076101606084,0.045273974679311636
2022-11-30,RCL,Consumer,-0.1752045199970984,-0.09273996743782977
2022-11-30,SIRI,Consumer,-0.10015395070290867,0.0346350008510444
2022-11-30,TSLA,Consumer,-0.3673343490707852,0.009348381801742536
2022-11-30,WBD,Consumer,-0.16842106495977915,-0.018409054896381415
2022-11-30,WYNN,Consumer,-0.01422418101369527,-0.01207064086170447
2022-11-30,APA,Energy,-0.003628498087683396,0.017550894727270165
2022-11-30,BA,Energy,0.06490384779426561,0.049356614183612015
2022-11-30,CAT,Energy,0.013324171757176595,-0.027326472680854405
2022-11-30,COP,Energy,-0.038651312551653993,0.0030534963477410262
2022-11-30,CVX,Energy,-0.020839024222809255,-0.010169880428085037
2022-11-30,DE,Energy,-0.025035456221283114,0.00819272058460956
2022-11-30,DVN,Energy,-0.08280650750282037,0.00830727248091739
2022-11-30,EOG,Energy,-0.07657033702238936,0.02722081079166167
2022-11-30,FDX,Energy,-0.043099263245718444,0.04616740409569178
2022-11-30,GD,Energy,-0.016958058797157505,-0.008969741131375214
2022-11-30,GE,Energy,-0.02441585699004145,0.07165391475531076
2022-11-30,HAL,Energy,0.04198665220764486,-0.05440662120656563
2022-11-30,HON,Energy,-0.023912684150694807,-0.017014461532514076
2022-11-30,LMT,Energy,0.002679517556483102,-0.018515710489080142
2022-11-30,MMM,Energy,-0.04802714595497792,0.020714293004878526
2022-11-30,MPC,Energy,-0.0444955203905939,0.030613818941359762
2022-11-30,NOC,Energy,0.023101773149413862,-0.0005779666397452263
2022-11-30,OXY,Energy,-0.09168526252189657,0.056053011833448685
2022-11-30,PSX,Energy,-0.04020672843903661,0.01985988079453631
2022-11-30,RTX,Energy,0.022285083677433315,0.009740931051791264
2022-11-30,SLB,Energy,0.04059566984675045,-0.006258694245714512
2022-11-30,UNP,Energy,-0.041779956827700304,0.06538249004506182
2022-11-30,UPS,Energy,-0.08375054569743456,0.04831487250419726
2022-11-30,VLO,Energy,-0.05059112091483009,0.0438743537718824
2022-11-30,XOM,Energy,-0.009340626901384819,0.006097099110441689
2022-11-30,AME,Energy,-0.01743643785173843,0.003052813483808096
2022-11-30,BE,Energy,-0.10192578595481927,0.09766374505140966
2022-11-30,BKR,Energy,0.017574164598890718,-0.019214764108020123
2022-11-30,CTRA,Energy,-0.1196705140036094,0.05407503491561812
2022-11-30,EMR,Energy,0.0030281166134615844,-0.014442935967341355
2022-11-30,ENPH,Energy,-0.17352383267811144,0.13041124429815215
2022-11-30,ETN,Energy,-0.03976735616604021,0.0013595317494810863
2022-11-30,FSLR,Energy,-0.13180319743845503,0.06234314447539862
2022-11-30,FTV,Energy,-0.048852750243565835,0.06715161868730866
2022-11-30,GNRC,Energy,-0.04605755435528036,0.06159113749527651
2022-11-30,HUBB,Energy,-0.07628131051553233,-0.002795187619702632
2022-11-30,MTDR,Energy,-0.1374320082486763,0.01190909871936421
2022-11-30,PH,Energy,-0.026560520882616512,-0.005185420874038248
2022-11-30,PLUG,Energy,-0.22493735238140422,0.05815128696894307
2022-11-30,PR,Energy,-0.07480338144688636,0.0624543016534079
2022-11-30,ROK,Energy,-0.025168385286655548,0.06337996255603498
2022-11-30,ROP,Energy,-0.015493802109447063,-0.00560833548200054
2022-11-30,SM,Energy,-0.19206661848869122,0.059286796679634574
2022-11-30,VRSK,Energy,-0.0380678414120883,0.061316147626591835
2022-11-30,WMB,Energy,-0.039796100229245734,-0.008997004730051926
2022-11-30,XYL,Energy,-0.015843195401034182,0.053873137300817595
2022-12-31,AAPL,Technology,0.11052083954800906,0.008216798592242454
2022-12-31,ADBE,Technology,0.10046651912528914,-0.03608937564155165
2022-12-31,AMAT,Technology,0.14489606239729524,-0.012405515885352826
2022-12-31,AMD,Technology,0.16025946303524585,-0.04174357513234296
2022-12-31,AVGO,Technology,0.04628616482038095,-0.04334141832401973
2022-12-31,CDNS,Technology,0.13813497588220347,-0.04862448582648193
2022-12-31,CRM,Technology,0.26683780786527866,0.02594112536586799
2022-12-31,CRWD,Technology,0.005793528398209125,0.04664725412809857
2022-12-31,FTNT,Technology,0.07056659451850855,0.029521941267445374
2022-12-31,GOOGL,Technology,0.12025377155050276,-0.008309621471341197
2022-12-31,INTC,Technology,0.06923946845706652,-0.049205777283797374
2022-12-31,INTU,Technology,0.08813709738280884,0.06028269216104379
2022-12-31,KLAC,Technology,0.04097808950762993,-0.026270491383953796
2022-12-31,LRCX,Technology,0.18986421339323245,-0.002363135061743177
2022-12-31,META,Technology,0.23790945233494876,0.0010368321605827798
2022-12-31,MSFT,Technology,0.03331666545651535,-0.012535067398799947
2022-12-31,MU,Technology,0.2064826721781865,0.008310941884158263
2022-12-31,NET,Technology,0.17031632202762004,0.02467231615097113
2022-12-31,NOW,Technology,0.172199780610939,0.024387636186841578
2022-12-31,NVDA,Technology,0.33686866974524055,-0.07907747239972533
2022-12-31,ORCL,Technology,0.08626974862554793,0.08697873048749032
2022-12-31,PANW,Technology,0.13687836478786575,0.0376033180596168
2022-12-31,QCOM,Technology,0.2116608271820315,0.005957682348221238
2022-12-31,SNPS,Technology,0.10792693329841496,-0.05816307782844958
2022-12-31,TXN,Technology,0.08021334232696797,-0.02051896852583116
2022-12-31,ACN,Technology,0.05003528679935587,0.025069527350334866
2022-12-31,ADI,Technology,0.0453575852802266,-0.04235649206071109
2022-12-31,ANET,Technology,0.038483710157946494,0.038682745903132955
2022-12-31,CGNX,Technology,0.16196144195488538,0.03173085770581874
2022-12-31,COHU,Technology,0.12574111357026507,0.025268136890446498
2022-12-31,CSCO,Technology,0.029782918151667115,0.016700698954766675
2022-12-31,DELL,Technology,0.01813190502350004,-0.016127527959493317
2022-12-31,ENTG,Technology,0.2321168081237721,0.08796510480220048
2022-12-31,FORM,Technology,0.26585694867799203,-0.009357569575672964
2022-12-31,HPQ,Technology,0.08448083015830665,-0.0037907829393854743
2022-12-31,IBM,Technology,-0.043722095503398783,0.016247598424081987
2022-12-31,IPGP,Technology,0.18411324223404657,-0.022346025484268228
2022-12-31,KEYS,Technology,0.04840123005083119,0.04275010270623346
2022-12-31,MCHP,Technology,0.10491093175408683,0.00017388955371609477
2022-12-31,MKSI,Technology,0.20760059810943865,0.02225658877983071
2022-12-31,MPWR,Technology,0.2063009831301117,0.014778221294523589
2022-12-31,MRVL,Technology,0.16686938819977026,-0.06855259574447915
2022-12-31,NXPI,Technology,0.1662974758436262,-0.01068290311474136
2022-12-31,ONTO,Technology,0.15508893752299802,-0.002526115171060282
2022-12-31,QRVO,Technology,0.198808521555649,-0.0016207348844975214
2022-12-31,STX,Technology,0.28834814960729993,0.005033677559062873
2022-12-31,SWKS,Technology,0.2034460101690585,-0.034998007374200606
2022-12-31,TER,Technology,0.1642814123098968,-0.04598819973748449
2022-12-31,VRSN,Technology,0.061380453909669175,0.08144046382889525
2022-12-31,WDC,Technology,0.3930269482371693,-0.014370483281079004
2022-12-31,AXP,Financials,0.18806314134700286,-0.000786607682280474
2022-12-31,BAC,Financials,0.07125633058712877,0.017431621849762154
2022-12-31,BK,Financials,0.1194067570414985,-0.013396742093158104
2022-12-31,BLK,Financials,0.0713770505998117,-0.04058582801253875
2022-12-31,C,Financials,0.1545437325062755,0.01481458415875438
2022-12-31,CFG,Financials,0.11111039697555314,0.03629750690243478
2022-12-31,CME,Financials,0.050546983791125655,0.026031431721686118
2022-12-31,COF,Financials,0.2801203826029246,0.0652797163363685
2022-12-31,FITB,Financials,0.10606503145582558,0.057706458060769565
2022-12-31,GS,Financials,0.06532117317589203,-0.014820570393608706
2022-12-31,HBAN,Financials,0.0758864119432543,0.02793695248998597
2022-12-31,ICE,Financials,0.04834785166380673,-0.024986959157437098
2022-12-31,JPM,Financials,0.05140832086397218,-0.00858727671991136
2022-12-31,KEY,Financials,0.10160743284030915,0.0072491491602263
2022-12-31,MCO,Financials,0.15838790849202367,-0.025359667756947944
2022-12-31,MS,Financials,0.15402310852129864,-0.01545648532850892
2022-12-31,MTB,Financials,0.07541716977538604,0.007542588622799031
2022-12-31,PNC,Financials,0.056812805162636204,0.05101947194875974
2022-12-31,RF,Financials,0.09183672634070117,0.007776202545113235
2022-12-31,SCHW,Financials,-0.07014202323587004,0.038762025698348065
2022-12-31,SPGI,Financials,0.11942432075104126,-0.0346755406685808
2022-12-31,STT,Financials,0.17738821747900024,0.05238322480400554
2022-12-31,TFC,Financials,0.14780402823402805,0.02067371194777826
2022-12-31,USB,Financials,0.14194011525800532,0.027890463211018346
2022-12-31,WFC,Financials,0.13514174888814123,0.025882733533047268
2022-12-31,AFL,Financials,0.021684591447365564,-0.0014638016213415026
2022-12-31,AJG,Financials,0.03808209298462506,0.01897204302320872
2022-12-31,ALL,Financials,-0.05258128010035712,0.027650772555982524
2022-12-31,AMTD,Financials,-0.07222219622184267,0.12742899513688835
2022-12-31,AON,Financials,0.06364687413542391,0.00027949676417105224
2022-12-31,CB,Financials,0.031233045368013412,0.02490451400417897
2022-12-31,FDS,Financials,0.054161222010488785,0.005025812441252396
2022-12-31,FNF,Financials,0.1703878213711838,0.0331967992139036
2022-12-31,GL,Financials,0.004229059034364768,0.010903098119389993
2022-12-31,HIG,Financials,0.02347371278966226,0.014598093955870115
2022-12-31,IBKR,Financials,0.10490689164387978,0.030095305457772586
2022-12-31,LPLA,Financials,0.0969145580953723,0.025311164689145484
2022-12-31,MET,Financials,0.008981398570680366,0.013353459915466534
2022-12-31,MSCI,Financials,0.14272189759104137,-0.0020109384933992467
2022-12-31,NDAQ,Financials,-0.01890786280452872,0.016553722562359093
2022-12-31,PGR,Financials,0.051992745507116744,0.02054184810697611
2022-12-31,PRU,Financials,0.055097603428660324,-0.012135637380282222
2022-12-31,RJF,Financials,0.05540475998063776,0.028480607684230292
2022-12-31,SEIC,Financials,0.07084064566748038,-0.028429738927211682
2022-12-31,SF,Financials,0.15487403786690845,0.02855756437970451
2022-12-31,SYF,Financials,0.11777237218398029,-0.012082361551996207
2022-12-31,TRV,Financials,0.01936081680210222,0.01762707510497098
2022-12-31,UNM,Financials,0.03259124104388267,0.018481852924669476
2022-12-31,WTW,Financials,0.03929183290383764,0.0016007546842957217
2022-12-31,ABBV,Healthcare,-0.07707094917631396,0.01538419144802628
2022-12-31,ABT,Healthcare,0.011481433220096315,0.033231731151866326
2022-12-31,AMGN,Healthcare,-0.03898888153952329,-0.009827536835282232
2022-12-31,BAX,Healthcare,-0.10359044033007347,0.021842145807582865
2022-12-31,BIIB,Healthcare,0.050483821287254926,0.05790623656590496
2022-12-31,BMY,Healthcare,0.01771740165904001,0.020477416302498757
2022-12-31,BSX,Healthcare,-0.0004322554044910998,0.002083394049548892
2022-12-31,CI,Healthcare,-0.04427486217908427,0.016085896698833882
2022-12-31,CVS,Healthcare,-0.04679356403482415,0.007749516777988697
2022-12-31,DHR,Healthcare,-0.003918146043335513,-0.02088616998101402
2022-12-31,EW,Healthcare,0.028012281474243172,0.019572029248779838
2022-12-31,GILD,Healthcare,-0.02224814482091808,0.02172222872080162
2022-12-31,HUM,Healthcare,-0.0009566564877410144,0.02028493606713926
2022-12-31,ISRG,Healthcare,-0.07409083553757223,0.045048688075921266
2022-12-31,JNJ,Healthcare,-0.07489387885451093,0.021354324717297563
2022-12-31,LLY,Healthcare,-0.05928821524160266,0.026902195709797846
2022-12-31,MDT,Healthcare,0.07681436324242119,0.0037361161798897392
2022-12-31,MRK,Healthcare,-0.0319061111492327,0.01520347196227511
2022-12-31,PFE,Healthcare,-0.13026133123572503,0.005603417377907561
2022-12-31,REGN,Healthcare,0.051255075024470687,0.014601766311904091
2022-12-31,SYK,Healthcare,0.03812016294341847,0.016153894288556913
2022-12-31,TMO,Healthcare,0.035664313589935936,-0.02999623669141309
2022-12-31,UNH,Healthcare,-0.0584518023220153,-0.014251721176104381
2022-12-31,VRTX,Healthcare,0.1188448212109321,0.01692165248792399
2022-12-31,ZBH,Healthcare,-0.001254879324953162,0.004412790506982386
2022-12-31,A,Healthcare,0.016237911112049197,-0.01326018582392008
2022-12-31,ACAD,Healthcare,0.19535179619644483,-0.01691326573314892
2022-12-31,ALGN,Healthcare,0.2789474575268085,0.08030379130054731
2022-12-31,ALKS,Healthcare,0.09605818252954723,0.01667210919221968
2022-12-31,BDX,Healthcare,-0.00817938656544992,0.0053237517962265325
2022-12-31,DGX,Healthcare,-0.046628906514196045,-0.008126484725169471
2022-12-31,DXCM,Healthcare,-0.05430944579562347,0.12017356249138769
2022-12-31,FOLD,Healthcare,0.06797706151621097,0.11837155776412236
2022-12-31,HOLX,Healthcare,0.08768888386676199,-0.045742910036856245
2022-12-31,IDXX,Healthcare,0.17781157482181564,-0.019966408565900172
2022-12-31,INSP,Healthcare,0.004684741356624222,-0.04240633917132715
2022-12-31,IQV,Healthcare,0.11967399260824907,0.0032727640877374606
2022-12-31,MASI,Healthcare,0.14957759607493815,-0.018740633563299552
2022-12-31,MTD,Healthcare,0.06051409300095267,-0.024105442317918432
2022-12-31,NBIX,Healthcare,-0.07124917918856566,0.0018091695249139264
2022-12-31,NTRA,Healthcare,0.06870804734973013,0.06761245633814933
2022-12-31,NVCR,Healthcare,0.24308114794774482,-0.0381476365418936
2022-12-31,PODD,Healthcare,-0.024015785089252395,0.02315370683552724
2022-12-31,RARE,Healthcare,-0.02158428578627225,0.058103343394918336
2022-12-31,RMD,Healthcare,0.09724693835608167,0.04494192515822613
2022-12-31,WAT,Healthcare,-0.04086636858176995,-0.03126356540213855
2022-12-31,AMZN,Consumer,0.22773806254069018,0.04217434211673032
2022-12-31,AZO,Consumer,-0.011081849152098866,0.02480188144596941
2022-12-31,BKNG,Consumer,0.2078224036661407,-0.01619423760699661
2022-12-31,CMG,Consumer,0.18658877479768732,0.018608179039497113
2022-12-31,COST,Consumer,0.11969330228386021,0.009303239857726865
2022-12-31,DG,Consumer,-0.05137057217588814,-0.011114332765847614
2022-12-31,DLTR,Consumer,0.061792916314432844,0.06022731681970675
2022-12-31,DRI,Consumer,0.07856754193822879,0.010705206386050593
2022-12-31,EBAY,Consumer,0.1936339159492324,-0.029149705178552258
2022-12-31,HD,Consumer,0.026309228725830414,-0.03134349762951898
2022-12-31,HLT,Consumer,0.14822729127444179,0.018164967413000478
2022-12-31,KR,Consumer,0.0011216161865821306,0.011620618662440902
2022-12-31,LOW,Consumer,0.05060003422157955,-0.025010862563821217
2022-12-31,LULU,Consumer,-0.04213746112195105,-0.024618370118195333
2022-12-31,MAR,Consumer,0.16985691931932578,-0.004451397814117693
2022-12-31,MCD,Consumer,0.014685304953064637,0.027068506777444983
2022-12-31,MGM,Consumer,0.23501346122865785,0.01640535632198017
2022-12-31,NKE,Consumer,0.08819770933503523,-0.0442466400691026
2022-12-31,ORLY,Consumer,-0.06123002126098431,0.04066095575028848
2022-12-31,ROST,Consumer,0.018264869704988307,-0.002555363718408116
2022-12-31,SBUX,Consumer,0.10020179875764157,-0.03130617036255928
2022-12-31,TGT,Consumer,0.15499185082890365,0.06641509865055131
2022-12-31,TJX,Consumer,0.028392060723360757,0.00832188434381795
2022-12-31,WMT,Consumer,0.014669658980574152,0.005495618375581068
2022-12-31,YUM,Consumer,0.018972277800321624,0.01420921659941395
2022-12-31,BBY,Consumer,0.10609635119065142,-0.020684880208173734
2022-12-31,CCL,Consumer,0.34243155177521056,-0.036373877111516136
2022-12-31,CHDN,Consumer,0.1734380824164179,0.013436548769244527
2022-12-31,CMCSA,Consumer,0.13400543437190082,-0.037834846911636105
2022-12-31,CZR,Consumer,0.2514423866067441,-0.08699009745362034
2022-12-31,DIS,Consumer,0.24873392605389322,0.07803610672345433
2022-12-31,DKNG,Consumer,0.31606666543305817,0.13321179014804455
2022-12-31,F,Consumer,0.1616511479434073,0.06537542290178974
2022-12-31,FOX,Consumer,0.11423548393068583,0.02128147621379295
2022-12-31,GM,Consumer,0.16884676708580626,0.06667078110054818
2022-12-31,GRMN,Consumer,0.07140528433416327,0.02302223193371595
2022-12-31,H,Consumer,0.20641228853315585,0.006757201164874593
2022-12-31,IHG,Consumer,0.21271830175500028,-7.589059663187529e-05
2022-12-31,LVS,Consumer,0.22737678862807242,0.022090009174713102
2022-12-31,NCLH,Consumer,0.24264708517698685,0.0922867545891363
2022-12-31,NFLX,Consumer,0.20001358326102392,0.14991581081143207
2022-12-31,PENN,Consumer,0.19360268862938956,0.07312686183571264
2022-12-31,POOL,Consumer,0.27546062762594237,0.0062904478257489755
2022-12-31,RCL,Consumer,0.3137771501921087,-0.019936982077517262
2022-12-31,SIRI,Consumer,-0.008561687665180617,0.011752790428313847
2022-12-31,TSLA,Consumer,0.4062347847991097,0.010082383087060956
2022-12-31,WBD,Consumer,0.5632911825360898,0.05408023649507028
2022-12-31,WYNN,Consumer,0.2566994214817777,-0.0031226354196724052
2022-12-31,APA,Energy,-0.04505624662881669,0.06612627520906628
2022-12-31,BA,Energy,0.11816890050771578,0.04765005676730779
2022-12-31,CAT,Energy,0.058161599802661,0.03778005118149179
2022-12-31,COP,Energy,0.03279656858747537,0.03980099775972011
2022-12-31,CVX,Energy,-0.03047511658092894,0.013959403135729577
2022-12-31,DE,Energy,-0.013807166273340998,-0.005895664203215135
2022-12-31,DVN,Energy,0.02812568624456624,-0.004638036396445112
2022-12-31,EOG,Energy,0.027576507239513548,0.024456736962991978
2022-12-31,FDX,Energy,0.11928392733222037,-0.05449780062869165
2022-12-31,GD,Energy,-0.055637849427844,0.02425463609326202
2022-12-31,GE,Energy,0.2303960871460382,0.02705748973682526
2022-12-31,HAL,Energy,0.047522562356195674,-0.014031838366320775
2022-12-31,HON,Energy,-0.027158063271308097,0.020503170183519066
2022-12-31,LMT,Energy,-0.04775023880490803,0.04093853381062489
2022-12-31,MMM,Energy,-0.04036040463793389,0.04002230170673717
2022-12-31,MPC,Energy,0.10421853103169543,0.024292731962702634
2022-12-31,NOC,Energy,-0.17882719317632456,-0.0038605998998287186
2022-12-31,OXY,Energy,0.028576014549426265,0.08719164301273198
2022-12-31,PSX,Energy,-0.03660665483427583,0.03304614881005507
2022-12-31,RTX,Energy,-0.010602497832179703,0.01541402460022908
2022-12-31,SLB,Energy,0.06584379494852488,-0.008645823785822014
2022-12-31,UNP,Energy,-0.013908537007943145,0.0018077379834841182
2022-12-31,UPS,Energy,0.0655200411523742,-0.02508876131499068
2022-12-31,VLO,Energy,0.10381502356289696,0.025376460524116365
2022-12-31,XOM,Energy,0.051767975224060736,0.03672361754996374
2022-12-31,AME,Energy,0.03721706982537376,0.0032112674061631117
2022-12-31,BE,Energy,0.3038702516173808,0.04610486567039761
2022-12-31,BKR,Energy,0.07483900655215847,0.054671946573431926
2022-12-31,CTRA,Energy,0.018722278227129907,0.020614465039324487
2022-12-31,EMR,Energy,-0.06079529674079143,-0.007094264101767649
2022-12-31,ENPH,Energy,-0.16447761163086494,0.05576091841723971
2022-12-31,ETN,Energy,0.03351383712506695,0.004948085048462748
2022-12-31,FSLR,Energy,0.18566001778409458,0.07202491432186256
2022-12-31,FTV,Energy,0.058832759358181,-0.0013404151005861637
2022-12-31,GNRC,Energy,0.19809253016665207,0.05606247402026766
2022-12-31,HUBB,Energy,-0.02458660564646198,-0.0005141247848140626
2022-12-31,MTDR,Energy,0.1558352106597478,0.009195857595140411
2022-12-31,PH,Energy,0.12027489948773673,-0.012643916449510462
2022-12-31,PLUG,Energy,0.37590950810218415,-0.020004186360359374
2022-12-31,PR,Energy,0.15638309829348862,0.08206720568815244
2022-12-31,ROK,Energy,0.09496454898116435,0.10536279140943894
2022-12-31,ROP,Energy,-0.010808622055051509,0.01629965123434236
2022-12-31,SM,Energy,-0.05198640172014135,0.04875201690320926
2022-12-31,VRSK,Energy,0.03043877035324516,0.04515535557011501
2022-12-31,WMB,Energy,-0.020060689481490313,0.02618961602139232
2022-12-31,XYL,Energy,-0.05932898513962526,0.007017967707313599
2023-01-31,AAPL,Technology,0.023183232473136695,0.14326413537498314
2023-01-31,ADBE,Technology,-0.1252632299767431,0.11898081265229599
2023-01-31,AMAT,Technology,0.04423751265334208,0.19111072622391834
2023-01-31,AMD,Technology,0.04564205236901575,0.10144299007166731
2023-01-31,AVGO,Technology,0.015862889088604115,0.15003115768469905
2023-01-31,CDNS,Technology,0.055297273473167596,0.11935604967030501
2023-01-31,CRM,Technology,-0.025957236764786562,0.09713536440791569
2023-01-31,CRWD,Technology,0.13966006329011327,-0.003246761912233544
2023-01-31,FTNT,Technology,0.13565147981318915,0.07317582131017428
2023-01-31,GOOGL,Technology,-0.08883030913243628,0.05621978450771303
2023-01-31,INTC,Technology,-0.10708510276120342,0.08089663842808101
2023-01-31,INTU,Technology,-0.03664807387403646,0.15018101671905548
2023-01-31,KLAC,Technology,-0.030254996675671553,0.1497954697905371
2023-01-31,LRCX,Technology,-0.028174336027879665,0.15619482015443728
2023-01-31,META,Technology,0.17433021010581218,0.047016913982169756
2023-01-31,MSFT,Technology,0.009017935967536195,0.09333710780467111
2023-01-31,MU,Technology,-0.0411276457066958,0.14720067470390952
2023-01-31,NET,Technology,0.13419010573798684,0.17084482558467842
2023-01-31,NOW,Technology,-0.05044715597068472,0.06755774114011806
2023-01-31,NVDA,Technology,0.18830943479795237,0.17600789969246472
2023-01-31,ORCL,Technology,-0.011982767453758147,0.1475820880084742
2023-01-31,PANW,Technology,0.1874054200827171,0.008711111263135491
2023-01-31,QCOM,Technology,-0.07266721243745311,0.09631047194005302
2023-01-31,SNPS,Technology,0.028296847393992852,0.10318645352976598
2023-01-31,TXN,Technology,-0.03250375352262769,0.12414975059602205
2023-01-31,ACN,Technology,-0.048378358766524854,0.16350713289677138
2023-01-31,ADI,Technology,0.0749627784306448,0.11370578863810425
2023-01-31,ANET,Technology,0.10061895447505886,0.14907693712645048
2023-01-31,CGNX,Technology,-0.13372316991123556,0.16283099992588354
2023-01-31,COHU,Technology,0.031042097423641613,0.1179534938164427
2023-01-31,CSCO,Technology,-0.005136346472412567,0.16294639078362433
2023-01-31,DELL,Technology,0.0004924044515040027,0.11486150301182656
2023-01-31,ENTG,Technology,0.05600303972464027,0.0227273535485296
2023-01-31,FORM,Technology,0.06965177805022593,0.01860241677776338
2023-01-31,HPQ,Technology,0.013040456613621743,0.09016452775006192
2023-01-31,IBM,Technology,-0.028514756389131812,0.08029900551792472
2023-01-31,IPGP,Technology,0.09937555344588311,0.08136185873761405
2023-01-31,KEYS,Technology,-0.10811262185548576,0.18152828481343997
2023-01-31,MCHP,Technology,0.04836610886849746,0.16072683811878224
2023-01-31,MKSI,Technology,-0.05043666119528989,0.032198070841608716
2023-01-31,MPWR,Technology,0.1353385306093171,0.10392456028600126
2023-01-31,MRVL,Technology,0.04634990247745718,0.11646546042329875
2023-01-31,NXPI,Technology,-0.03163167500449848,0.15817956207063177
2023-01-31,ONTO,Technology,0.048569607383507574,0.1425699158381068
2023-01-31,QRVO,Technology,-0.07150749135461698,0.15241312275542004
2023-01-31,STX,Technology,-0.04750673767203617,0.028840234992210032
2023-01-31,SWKS,Technology,0.022981482767352013,0.13961285145655095
2023-01-31,TER,Technology,-0.004496777151339781,0.16387835781359522
2023-01-31,VRSN,Technology,-0.09731717210363455,0.1579153433589823
2023-01-31,WDC,Technology,-0.12445969223331521,0.051912950802570926
2023-01-31,AXP,Financials,-0.005373411893843549,0.11196535036161152
2023-01-31,BAC,Financials,-0.03325824232769792,0.16526200850880646
2023-01-31,BK,Financials,0.006130361731095713,0.13995814459364056
2023-01-31,BLK,Financials,-0.09191143849997696,0.1777137708927737
2023-01-31,C,Financials,-0.01972541639798453,0.16448080897996567
2023-01-31,CFG,Financials,-0.036011060373250525,0.13080581005538602
2023-01-31,CME,Financials,0.04924728332629469,0.0632439862366964
2023-01-31,COF,Financials,-0.078824275493108,0.09999694711031659
2023-01-31,FITB,Financials,0.0002755697749559083,0.14061482635302625
2023-01-31,GS,Financials,-0.03870878774328579,0.11652931431221344
2023-01-31,HBAN,Financials,0.009887895136684088,0.1055512916876078
2023-01-31,ICE,Financials,-0.05346346441296068,0.15322670717510142
2023-01-31,JPM,Financials,0.024221326273353494,0.1308888890029078
2023-01-31,KEY,Financials,-0.03611360204420688,0.1522417000949959
2023-01-31,MCO,Financials,-0.09864973862570725,0.14726707004644699
2023-01-31,MS,Financials,-0.008527537368657079,0.11945749270881467
2023-01-31,MTB,Financials,-0.004551439929815104,0.0640827892464938
2023-01-31,PNC,Financials,-0.045396518318496226,0.1298674983724788
2023-01-31,RF,Financials,-0.009345804027240168,0.0959698056454423
2023-01-31,SCHW,Financials,0.009589476613307557,0.11812787416213794
2023-01-31,SPGI,Financials,-0.08761577660170095,0.15908773070640767
2023-01-31,STT,Financials,-0.029015490853321446,0.18452068986906298
2023-01-31,TFC,Financials,-0.03926082765319472,0.10509448557628778
2023-01-31,USB,Financials,-0.04156632023528606,0.10499101857290165
2023-01-31,WFC,Financials,0.0042317215644331885,0.08579962154569368
2023-01-31,AFL,Financials,-0.06727196809931002,0.10244370219551444
2023-01-31,AJG,Financials,-0.04276519701155845,0.07752620680072086
2023-01-31,ALL,Financials,0.00923889696622826,0.0639916024184554
2023-01-31,AMTD,Financials,-0.05988027485615888,0.12949003538092602
2023-01-31,AON,Financials,-0.0459080555487521,0.08504358473466725
2023-01-31,CB,Financials,-0.07239883990685259,0.07291493105662981
2023-01-31,FDS,Financials,-0.017762833695360247,0.10658528484049518
2023-01-31,FNF,Financials,-0.0947079932387479,0.14647405666327812
2023-01-31,GL,Financials,0.0069505093787303185,0.07448615906579502
2023-01-31,HIG,Financials,0.008632889806415411,0.08652745302027103
2023-01-31,IBKR,Financials,0.0784322427145312,0.11951090803978215
2023-01-31,LPLA,Financials,0.052462928558802524,0.07824227552662094
2023-01-31,MET,Financials,-0.010577647382575939,0.08675301117644046
2023-01-31,MSCI,Financials,-0.015306322802669525,0.16819364264038714
2023-01-31,NDAQ,Financials,-0.06861593944604027,0.1329089835542418
2023-01-31,PGR,Financials,0.052585351362732125,0.0690619106639511
2023-01-31,PRU,Financials,-0.03538056313111371,0.09837068281961112
2023-01-31,RJF,Financials,-0.0382192734372544,0.1159736550979158
2023-01-31,SEIC,Financials,-0.03491920199932286,0.08269785160172617
2023-01-31,SF,Financials,-0.003236060887602199,0.11200542941176525
2023-01-31,SYF,Financials,-0.021816751680679536,0.1844474277615957
2023-01-31,TRV,Financials,-0.03139371784670675,0.08273038119644147
2023-01-31,UNM,Financials,0.05995703134556507,0.09524693426053657
2023-01-31,WTW,Financials,-0.07801245869740359,0.09011344396501302
2023-01-31,ABBV,Healthcare,0.04162439788382377,0.07192989550188922
2023-01-31,ABT,Healthcare,-0.07987331827483402,0.08412932490533677
2023-01-31,AMGN,Healthcare,-0.07407695998292341,0.08880306105567065
2023-01-31,BAX,Healthcare,-0.11940207477641807,0.05592351968490023
2023-01-31,BIIB,Healthcare,-0.07232729111850333,0.07815742938159878
2023-01-31,BMY,Healthcare,-0.05079166858255302,0.05094906535625713
2023-01-31,BSX,Healthcare,0.010162188555743246,0.07937879626800484
2023-01-31,CI,Healthcare,-0.07758847194522367,0.0726983435268841
2023-01-31,CVS,Healthcare,-0.05304899517597472,0.059106193823814636
2023-01-31,DHR,Healthcare,-0.0637343079073397,0.15000258968404112
2023-01-31,EW,Healthcare,0.048761481642402904,0.07287039760153187
2023-01-31,GILD,Healthcare,-0.040624389566039976,0.1306254582996954
2023-01-31,HUM,Healthcare,-0.03259716704441684,0.07239169654342595
2023-01-31,ISRG,Healthcare,-0.06634377829698279,0.2046991519133963
2023-01-31,JNJ,Healthcare,-0.055425877859275,0.059977220696567426
2023-01-31,LLY,Healthcare,-0.09275926338775087,0.08167763044460458
2023-01-31,MDT,Healthcare,-0.010634600526180815,0.06493319413634853
2023-01-31,MRK,Healthcare,-0.010892922137094252,0.07236610353371926
2023-01-31,PFE,Healthcare,-0.08129521160017561,0.09349156171197326
2023-01-31,REGN,Healthcare,0.0025710129410216886,0.08705886777237958
2023-01-31,SYK,Healthcare,0.03573535735512512,0.14786918412147831
2023-01-31,TMO,Healthcare,-0.05009391859912515,0.10907186380736103
2023-01-31,UNH,Healthcare,-0.04657539149888146,0.0731401620038062
2023-01-31,VRTX,Healthcare,-0.10154749903682148,0.058934741903337994
2023-01-31,ZBH,Healthcare,-0.027249833284472835,0.08505402511771457
2023-01-31,A,Healthcare,-0.06647818850393561,0.1390655633294431
2023-01-31,ACAD,Healthcare,0.08723067722099609,0.09715882758099521
2023-01-31,ALGN,Healthcare,0.14744369329999296,0.069660125212555
2023-01-31,ALKS,Healthcare,-0.06634077021722995,0.05322948073984403
2023-01-31,BDX,Healthcare,-0.07005796017620836,0.05285786753671203
2023-01-31,DGX,Healthcare,-0.0681572994357853,0.12526410679603384
2023-01-31,DXCM,Healthcare,0.03660478039397286,0.1762060608573118
2023-01-31,FOLD,Healthcare,0.011503038264500054,0.05537990721158727
2023-01-31,HOLX,Healthcare,-0.02126094750569818,0.08561445753247492
2023-01-31,IDXX,Healthcare,-0.015109281510145678,0.18284006988628534
2023-01-31,INSP,Healthcare,0.02714769297188835,0.10339939792668268
2023-01-31,IQV,Healthcare,-0.0912776343975309,0.1278711293296332
2023-01-31,MASI,Healthcare,-0.01628647837864239,0.12089032211743052
2023-01-31,MTD,Healthcare,-0.0647196723662593,0.18661423628601836
2023-01-31,NBIX,Healthcare,-0.07058506994964242,0.07216088894463399
2023-01-31,NTRA,Healthcare,0.13091075918784,0.18070451950000863
2023-01-31,NVCR,Healthcare,-0.1558455696086024,0.06950694102766236
2023-01-31,PODD,Healthcare,-0.03814569710868998,0.11759047355779058
2023-01-31,RARE,Healthcare,-0.01853077693926819,0.0007602683089625617
2023-01-31,RMD,Healthcare,-0.06547107663839002,0.13501715322532104
2023-01-31,WAT,Healthcare,-0.05383764272550273,0.12245818749445575
2023-01-31,AMZN,Consumer,-0.08629878923214462,0.09451857800958652
2023-01-31,AZO,Consumer,0.01955427332417048,0.08516038486706567
2023-01-31,BKNG,Consumer,0.036933387889935165,0.19457059922291245
2023-01-31,CMG,Consumer,-0.0943281872681313,0.10522179705599008
2023-01-31,COST,Consumer,-0.05109588544598331,0.09966111504899976
2023-01-31,DG,Consumer,-0.0740582197455053,0.06827398249996162
2023-01-31,DLTR,Consumer,-0.03262747460018067,0.08300834977642121
2023-01-31,DRI,Consumer,-0.03365537166188759,0.11783779819789585
2023-01-31,EBAY,Consumer,-0.07272716103784205,0.14455637037191507
2023-01-31,HD,Consumer,-0.08523303300895246,0.1525234071532505
2023-01-31,HLT,Consumer,-0.0029646867511108344,0.13449182093503192
2023-01-31,KR,Consumer,-0.027754479050249525,0.09339963155597011
2023-01-31,LOW,Consumer,-0.012004831351630774,0.1402097369953409
2023-01-31,LULU,Consumer,0.0075599820363163595,0.15346090310382957
2023-01-31,MAR,Consumer,-0.02607785273947072,0.09244889732957533
2023-01-31,MCD,Consumer,-0.0073532749335710745,0.08317297010349646
2023-01-31,MGM,Consumer,0.03863797343677322,0.16840046275251053
2023-01-31,NKE,Consumer,-0.06706987033158407,0.1719305997869438
2023-01-31,ORLY,Consumer,0.047643081838218526,0.11212856766494718
2023-01-31,ROST,Consumer,-0.06472633259978589,0.11876501173659955
2023-01-31,SBUX,Consumer,-0.05990877586637122,0.18689126685908855
2023-01-31,TGT,Consumer,-0.01500794010697648,0.15748974722641157
2023-01-31,TJX,Consumer,-0.06078667167707019,0.11531772499323197
2023-01-31,WMT,Consumer,-0.01209431687072171,0.0891306213196292
2023-01-31,YUM,Consumer,-0.02118348963754224,0.10379917945910674
2023-01-31,BBY,Consumer,-0.06323260022482213,0.19554020204619982
2023-01-31,CCL,Consumer,-0.018484267077337635,0.08960816403095687
2023-01-31,CHDN,Consumer,-0.009351109991175499,0.12059031985416137
2023-01-31,CMCSA,Consumer,-0.055399888590231816,0.11265224011632936
2023-01-31,CZR,Consumer,-0.024971245053112323,0.20388074044315474
2023-01-31,DIS,Consumer,-0.0818509083064628,0.14466820896529406
2023-01-31,DKNG,Consumer,0.2581721746714023,0.09838900385962218
2023-01-31,F,Consumer,-0.050265367015145945,0.1828222849305527
2023-01-31,FOX,Consumer,0.025151867333786493,0.09006695399571807
2023-01-31,GM,Consumer,-0.014750634715068767,0.1491090402565861
2023-01-31,GRMN,Consumer,-0.007584983511656707,0.09305940331731416
2023-01-31,H,Consumer,0.06524919684991182,0.11790302977655825
2023-01-31,IHG,Consumer,-0.026713617803485468,0.10425821407147658
2023-01-31,LVS,Consumer,-0.02593231261920037,0.10548587006082737
2023-01-31,NCLH,Consumer,-0.025641048148890566,0.18344578751043744
2023-01-31,NFLX,Consumer,-0.08966823583896388,0.17489842755345433
2023-01-31,PENN,Consumer,-0.13878702314267555,0.10355382666212315
2023-01-31,POOL,Consumer,-0.07455735784841788,0.07835949756700425
2023-01-31,RCL,Consumer,0.08777327611160834,0.1653983215493068
2023-01-31,SIRI,Consumer,-0.23818292391625095,0.06719233511917955
2023-01-31,TSLA,Consumer,0.18756497670132144,0.053059571709126965
2023-01-31,WBD,Consumer,0.0539811205943721,-0.014634251318845737
2023-01-31,WYNN,Consumer,0.04563883315223349,0.14153855648779698
2023-01-31,APA,Energy,-0.13422075144140666,0.09676637474198685
2023-01-31,BA,Energy,-0.0537558542170995,0.1589136964632
2023-01-31,CAT,Energy,-0.05049726919786379,0.1315307279236963
2023-01-31,COP,Energy,-0.1481894463575142,0.09901642732577108
2023-01-31,CVX,Energy,-0.06797358969620515,0.1116762714055367
2023-01-31,DE,Energy,-0.008514068484231196,0.12258158874466082
2023-01-31,DVN,Energy,-0.14737509898865164,0.07477461653309189
2023-01-31,EOG,Energy,-0.1454063781614724,0.1005240020697664
2023-01-31,FDX,Energy,0.04828240463772193,0.1050604219013159
2023-01-31,GD,Energy,-0.02209721340103521,0.0778014606737548
2023-01-31,GE,Energy,0.052559488605353755,0.16823668860629104
2023-01-31,HAL,Energy,-0.11725911580308801,0.06130807902766662
2023-01-31,HON,Energy,-0.07667780858897277,0.11030294397993994
2023-01-31,LMT,Energy,0.030190067298780043,0.0942236938649896
2023-01-31,MMM,Energy,-0.05138577017797186,0.12169952021060138
2023-01-31,MPC,Energy,-0.03264206590739216,0.08974219776560244
2023-01-31,NOC,Energy,0.03964375589955016,0.06473836575097847
2023-01-31,OXY,Energy,-0.09615691885042299,0.08686396593031588
2023-01-31,PSX,Energy,0.03317805689741116,0.091841388703856
2023-01-31,RTX,Energy,-0.012221081367409403,0.0660852512346687
2023-01-31,SLB,Energy,-0.06174550456319117,0.07996466803813021
2023-01-31,UNP,Energy,0.021980685205799988,0.11170044864431147
2023-01-31,UPS,Energy,-0.006114837205071111,0.1242328475611758
2023-01-31,VLO,Energy,-0.05240474678529938,0.0887320779030763
2023-01-31,XOM,Energy,-0.045291653176828484,0.11223771255367575
2023-01-31,AME,Energy,-0.02318507566291972,0.126360207853578
2023-01-31,BE,Energy,-0.12996388814505944,0.08883437791697442
2023-01-31,BKR,Energy,-0.03004569213244812,0.0755861963851866
2023-01-31,CTRA,Energy,-0.0023974399585411366,0.0963081021237915
2023-01-31,EMR,Energy,-0.07772348493514736,0.10260510624363893
2023-01-31,ENPH,Energy,-0.049010777234642644,0.07609149376455442
2023-01-31,ETN,Energy,0.07841681358528985,0.1371936769895501
2023-01-31,FSLR,Energy,-0.04763517130138051,0.1311858595014981
2023-01-31,FTV,Energy,-0.0190999909455829,0.16502569718191643
2023-01-31,GNRC,Energy,-0.004892175334622606,0.017574665408219965
2023-01-31,HUBB,Energy,0.10373696530791365,0.12511891732356428
2023-01-31,MTDR,Energy,-0.18471063661352305,0.09696070070174377
2023-01-31,PH,Energy,0.08338803023372998,0.12897503983212041
2023-01-31,PLUG,Energy,-0.126322004370092,0.0474206202905732
2023-01-31,PR,Energy,-0.005519697235776055,0.08276335890977081
2023-01-31,ROK,Energy,0.04992704343014598,0.20253299427920934
2023-01-31,ROP,Energy,0.00808460394683208,0.14790478534299073
2023-01-31,SM,Energy,-0.1022210362782564,0.06580596139395058
2023-01-31,VRSK,Energy,-0.05874907080603786,0.1557467605520497
2023-01-31,WMB,Energy,-0.06637721656106699,0.1071910888418434
2023-01-31,XYL,Energy,-0.010030708867018512,0.14865314679149705
2023-02-28,AAPL,Technology,0.11864830032048657,-0.007685359184098754
2023-02-28,ADBE,Technology,0.18959710015662457,0.01650627432666501
2023-02-28,AMAT,Technology,0.05751162893689732,0.02536553929702366
2023-02-28,AMD,Technology,0.24726393296541094,-0.023693538732296515
2023-02-28,AVGO,Technology,0.08727645316167099,0.011241048461532639
2023-02-28,CDNS,Technology,0.08888770436132165,-0.028794720722550262
2023-02-28,CRM,Technology,0.221074646074646,-0.009245535880840964
2023-02-28,CRWD,Technology,0.13729382492534326,0.00224464118502249
2023-02-28,FTNT,Technology,0.1181022984514215,0.051087877613152304
2023-02-28,GOOGL,Technology,0.15178770475406456,0.012155681239178368
2023-02-28,INTC,Technology,0.3104689065786388,0.026052077984594017
2023-02-28,INTU,Technology,0.09492122910776102,0.015440491265532303
2023-02-28,KLAC,Technology,0.05216406224355308,0.020738452446922694
2023-02-28,LRCX,Technology,0.09471845838554671,-0.01464006528247224
2023-02-28,META,Technology,0.21150125131894182,-0.013876563955298854
2023-02-28,MSFT,Technology,0.15588164434774177,0.0005347118931802973
2023-02-28,MU,Technology,0.04358354127020392,-0.005159233899866725
2023-02-28,NET,Technology,0.0274954436265471,-0.10077527504668211
2023-02-28,NOW,Technology,0.07531760972231005,-0.0032398016041218923
2023-02-28,NVDA,Technology,0.19666248322235957,-0.018794172782095976
2023-02-28,ORCL,Technology,0.06315785267696161,0.020487222551880756
2023-02-28,PANW,Technology,0.060359986572718904,0.026653207997768907
2023-02-28,QCOM,Technology,0.039094365303250056,-0.001828124662123982
2023-02-28,SNPS,Technology,0.06182645049098601,0.014490940170866285
2023-02-28,TXN,Technology,0.08492261702417636,-0.007266147486899296
2023-02-28,ACN,Technology,0.07629453706969858,0.007999401755527703
2023-02-28,ADI,Technology,0.07494401199776024,0.020013514889362125
2023-02-28,ANET,Technology,0.21023795460493644,0.03924006721874343
2023-02-28,CGNX,Technology,0.046442095967189845,0.011569082534267198
2023-02-28,COHU,Technology,0.03198920973933217,0.04287297900768845
2023-02-28,CSCO,Technology,0.0797189298629517,0.022492776737987333
2023-02-28,DELL,Technology,-0.010580586501835021,0.04540205563193733
2023-02-28,ENTG,Technology,-0.03778028774853537,-0.03744382600878206
2023-02-28,FORM,Technology,0.058139534146894656,-0.04555858565766819
2023-02-28,HPQ,Technology,0.003478808857375615,0.019062304867676298
2023-02-28,IBM,Technology,0.01384380761971582,0.03634605869193214
2023-02-28,IPGP,Technology,0.0005679949370138715,-0.0030068471480034836
2023-02-28,KEYS,Technology,0.009502306513344827,0.0073730727761309916
2023-02-28,MCHP,Technology,0.0339379693688997,0.026761750532257354
2023-02-28,MKSI,Technology,-0.08573185206209344,0.02093662619272633
2023-02-28,MPWR,Technology,0.03566401066106151,0.010978629093798332
2023-02-28,MRVL,Technology,-0.04097444889522639,-0.062300091610862925
2023-02-28,NXPI,Technology,0.05091476488182112,-0.0009601320893605471
2023-02-28,ONTO,Technology,0.06559956290332547,-0.006496692108575878
2023-02-28,QRVO,Technology,0.006740016942110794,0.012986736947938678
2023-02-28,STX,Technology,0.035847265611978596,0.047334247542921336
2023-02-28,SWKS,Technology,0.057452851904894686,-0.0035258275759311396
2023-02-28,TER,Technology,0.06298207168668002,0.011805646197925668
2023-02-28,VRSN,Technology,0.07366766484925846,0.02912222286091471
2023-02-28,WDC,Technology,-0.02104976213797105,-0.02593081861635815
2023-02-28,AXP,Financials,-0.051956942816279716,-0.011818612127135392
2023-02-28,BAC,Financials,-0.1607728888965254,0.07161657375179464
2023-02-28,BK,Financials,-0.10691860016620947,0.047495803226721395
2023-02-28,BLK,Financials,-0.022428655301788725,0.016361552710916903
2023-02-28,C,Financials,-0.07496547049726265,-0.009741230579027198
2023-02-28,CFG,Financials,-0.27274899734889757,0.07308211065147704
2023-02-28,CME,Financials,0.03951809068744461,0.018922187385742136
2023-02-28,COF,Financials,-0.11844517272383537,0.002399708122666025
2023-02-28,FITB,Financials,-0.25704523136004076,0.032913499435448426
2023-02-28,GS,Financials,-0.0631246305505836,0.021868942426629387
2023-02-28,HBAN,Financials,-0.2586044491463384,0.01291204336334738
2023-02-28,ICE,Financials,0.028890976171161098,0.05831700625727741
2023-02-28,JPM,Financials,-0.0909662796980708,0.03550369953213614
2023-02-28,KEY,Financials,-0.31547290461792166,0.03672956929387655
2023-02-28,MCO,Financials,0.05469603569439241,-0.03586179763105739
2023-02-28,MS,Financials,-0.0901554388687199,0.009316986549180914
2023-02-28,MTB,Financials,-0.2233488980676417,0.014774321069567711
2023-02-28,PNC,Financials,-0.19516222079730394,0.014609629314090369
2023-02-28,RF,Financials,-0.19673380846447375,0.0319042939564366
2023-02-28,SCHW,Financials,-0.32777207460473323,0.05334419095484548
2023-02-28,SPGI,Financials,0.010462835490653744,-0.030747560069966765
2023-02-28,STT,Financials,-0.13925149222651756,0.041481887671594796
2023-02-28,TFC,Financials,-0.27369540676381643,-0.01693548921088965
2023-02-28,USB,Financials,-0.2345660309383062,-0.00767719555784655
2023-02-28,WFC,Financials,-0.2007697540717397,0.03279872652098274
2023-02-28,AFL,Financials,-0.05326501004038264,0.010651997152801712
2023-02-28,AJG,Financials,0.024136488775364118,0.002138030588523244
2023-02-28,ALL,Financials,-0.13954018424094183,0.033256896092915114
2023-02-28,AMTD,Financials,0.0,0.07238257755316446
2023-02-28,AON,Financials,0.03696763054035701,0.016885816926390067
2023-02-28,CB,Financials,-0.07570927296121899,0.0005210357254145581
2023-02-28,FDS,Financials,0.0013026255273060894,0.017274906028319808
2023-02-28,FNF,Financials,-0.11175827405995253,-0.03189739222085698
2023-02-28,GL,Financials,-0.09403923770560618,0.00958655169911987
2023-02-28,HIG,Financials,-0.10481557276063758,0.012134304065315207
2023-02-28,IBKR,Financials,-0.04122634319369767,0.02206130531288017
2023-02-28,LPLA,Financials,-0.18792042622797034,0.021988265973606452
2023-02-28,MET,Financials,-0.1922487917095107,0.02143300511526954
2023-02-28,MSCI,Financials,0.07189504138522573,-0.011771349507838445
2023-02-28,NDAQ,Financials,-0.021023050852190917,0.03042723101985932
2023-02-28,PGR,Financials,-0.003205398752606059,-0.020742834461657294
2023-02-28,PRU,Financials,-0.1725999803495858,0.043641141808807155
2023-02-28,RJF,Financials,-0.13611615941343003,0.026506408334752783
2023-02-28,SEIC,Financials,-0.04481326522166529,0.01246865058926366
2023-02-28,SF,Financials,-0.11581631133927328,0.006979782189787966
2023-02-28,SYF,Financials,-0.18566233985052982,0.02648476034864098
2023-02-28,TRV,Financials,-0.06919061252565195,-0.0017877976579292437
2023-02-28,UNM,Financials,-0.11200888470672665,0.003929017245731045
2023-02-28,WTW,Financials,-0.004820264865113666,0.015841415607165163
2023-02-28,ABBV,Healthcare,0.03554250568319772,0.029161260118012462
2023-02-28,ABT,Healthcare,-0.004522095950246552,0.04329014222872186
2023-02-28,AMGN,Healthcare,0.043555118572307316,0.037129598501705545
2023-02-28,BAX,Healthcare,0.015269060775571885,0.05918027385267238
2023-02-28,BIIB,Healthcare,0.03027500878683753,0.024827169867390024
2023-02-28,BMY,Healthcare,0.005075486406654228,0.02937425408390526
2023-02-28,BSX,Healthcare,0.07084754863248977,0.016556629682745367
2023-02-28,CI,Healthcare,-0.1214510013623139,0.008158056117382663
2023-02-28,CVS,Healthcare,-0.11048605484374752,0.051467925021187994
2023-02-28,DHR,Healthcare,0.019332187795566114,0.019821472235032205
2023-02-28,EW,Healthcare,0.028468434187274072,0.012755569184967269
2023-02-28,GILD,Healthcare,0.04011072256074355,0.07636966209949847
2023-02-28,HUM,Healthcare,-0.017522337148169087,-0.030962693860187962
2023-02-28,ISRG,Healthcare,0.11369284581039851,0.09930519663489416
2023-02-28,JNJ,Healthcare,0.011353162893093183,0.022353747620373392
2023-02-28,LLY,Healthcare,0.1034639161200932,0.02494217264030334
2023-02-28,MDT,Healthcare,-0.017974816386559622,0.02780211190851925
2023-02-28,MRK,Healthcare,0.008374190276284166,0.00021094072670027706
2023-02-28,PFE,Healthcare,0.0056692284816612926,0.013292912289748625
2023-02-28,REGN,Healthcare,0.08054750827042545,0.03071577399654727
2023-02-28,SYK,Healthcare,0.08885948200679294,0.020843124976159193
2023-02-28,TMO,Healthcare,0.06457269370476859,0.0037113605139252608
2023-02-28,UNH,Healthcare,-0.003502124407805729,0.022825653234700503
2023-02-28,VRTX,Healthcare,0.08536290623127729,0.00485131642391284
2023-02-28,ZBH,Healthcare,0.04501933391131785,0.011215258661889545
2023-02-28,A,Healthcare,-0.025568740337337026,0.0028093387930018306
2023-02-28,ACAD,Healthcare,-0.09038186519885327,0.09429782351336648
2023-02-28,ALGN,Healthcare,0.0796123251968901,-0.004098549407514577
2023-02-28,ALKS,Healthcare,0.054225907829124065,0.007323086557990314
2023-02-28,BDX,Healthcare,0.05948145614710931,0.027883845412138716
2023-02-28,DGX,Healthcare,0.022549607831116703,0.016080380959253997
2023-02-28,DXCM,Healthcare,0.04657236347586724,0.11193723996289398
2023-02-28,FOLD,Healthcare,-0.15921148556506504,0.04179311789438032
2023-02-28,HOLX,Healthcare,0.013309863971841418,0.005824098644457912
2023-02-28,IDXX,Healthcare,0.0567154021041163,0.02139194993182462
2023-02-28,INSP,Healthcare,-0.09948827022750872,0.005691182259647676
2023-02-28,IQV,Healthcare,-0.04595386278581404,-0.02544748557111299
2023-02-28,MASI,Healthcare,0.10298246356440788,0.07140425667559731
2023-02-28,MTD,Healthcare,0.06730789534090897,0.02011376204573447
2023-02-28,NBIX,Healthcare,-0.018234697199242533,0.02935572426148283
2023-02-28,NTRA,Healthcare,0.1435633641654641,0.010390434832121955
2023-02-28,NVCR,Healthcare,-0.21865663978355,0.07666892725094478
2023-02-28,PODD,Healthcare,0.1541467953449316,0.012465236087288716
2023-02-28,RARE,Healthcare,-0.0986739275955224,0.010252849353816706
2023-02-28,RMD,Healthcare,0.028122022833835247,0.006620286443261182
2023-02-28,WAT,Healthcare,-0.004052911660896719,0.005903419254905894
2023-02-28,AMZN,Consumer,0.0961476943206232,-0.050532992880251634
2023-02-28,AZO,Consumer,-0.011417526471624417,0.003649447412055619
2023-02-28,BKNG,Consumer,0.05087583853584854,0.011204813811816433
2023-02-28,CMG,Consumer,0.1456728757916399,-0.026694450885528097
2023-02-28,COST,Consumer,0.02620921338305604,0.0025825303505742133
2023-02-28,DG,Consumer,-0.026999596086476507,0.014593992726189008
2023-02-28,DLTR,Consumer,-0.011908010339174102,0.013542078965413947
2023-02-28,DRI,Consumer,0.0851110127661836,0.020576923296599027
2023-02-28,EBAY,Consumer,-0.02784226570214343,-0.007789261272259859
2023-02-28,HD,Consumer,0.002418360622304272,0.015665970003145572
2023-02-28,HLT,Consumer,-0.025188353046287748,0.008920860363200007
2023-02-28,KR,Consumer,0.14441357277388844,0.07583780727119475
2023-02-28,LOW,Consumer,-0.02809229656561285,0.007583493887629716
2023-02-28,LULU,Consumer,0.17784601572898806,0.11225917151855906
2023-02-28,MAR,Consumer,-0.01890815814565361,-0.014641336490303048
2023-02-28,MCD,Consumer,0.05949029526704175,-0.0035268568349167972
2023-02-28,MGM,Consumer,0.03278307143541981,0.022435555507238504
2023-02-28,NKE,Consumer,0.03535384386732665,0.04957828335055724
2023-02-28,ORLY,Consumer,0.022744253500488032,0.039804242779658425
2023-02-28,ROST,Consumer,-0.036797500907381764,0.062467456935121554
2023-02-28,SBUX,Consumer,0.01998232096028585,0.004000685894524397
2023-02-28,TGT,Consumer,-0.017032559346532805,0.0432742768875185
2023-02-28,TJX,Consumer,0.022976610943661768,0.0317613708939178
2023-02-28,WMT,Consumer,0.04168249099373322,0.02564415498455374
2023-02-28,YUM,Consumer,0.03869110943166776,0.008054488259634285
2023-02-28,BBY,Consumer,-0.04696198745790481,0.07208929985520542
2023-02-28,CCL,Consumer,-0.04425611373145433,0.018094447007907098
2023-02-28,CHDN,Consumer,0.04585389354223124,-0.00730376286259841
2023-02-28,CMCSA,Consumer,0.019908316344284138,0.014690751844256243
2023-02-28,CZR,Consumer,-0.038416016799097674,0.027395572158466615
2023-02-28,DIS,Consumer,0.00522041454121025,0.015485169571766683
2023-02-28,DKNG,Consumer,0.026511133818604815,-0.06177419242362552
2023-02-28,F,Consumer,0.04391042298518366,0.006196909749457412
2023-02-28,FOX,Consumer,-0.029147227796921804,0.006287873079345331
2023-02-28,GM,Consumer,-0.05096924680989656,0.05998156896846422
2023-02-28,GRMN,Consumer,0.036317863159768704,0.0367083094105566
2023-02-28,H,Consumer,-0.03828279122871603,-0.0005214101179863963
2023-02-28,IHG,Consumer,-0.01860027281328791,-0.0034693068321164787
2023-02-28,LVS,Consumer,-0.00034799032599541757,0.04199570790359745
2023-02-28,NCLH,Consumer,-0.09244263925575824,0.06623512331667258
2023-02-28,NFLX,Consumer,0.0724862320732742,0.15808705874371265
2023-02-28,PENN,Consumer,-0.028496587607806934,0.02756924788034481
2023-02-28,POOL,Consumer,-0.03762858133957969,-0.023949735510417423
2023-02-28,RCL,Consumer,-0.07559444633561807,0.1444755730969083
2023-02-28,SIRI,Consumer,-0.09567185060862993,0.02744154266303822
2023-02-28,TSLA,Consumer,0.008507121398494633,-0.024386553634662182
2023-02-28,WBD,Consumer,-0.033290621504427964,-0.006145642777908873
2023-02-28,WYNN,Consumer,0.03266577363837997,0.09211352437101551
2023-02-28,APA,Energy,-0.060448027466481036,-0.005515852531879622
2023-02-28,BA,Energy,0.053981589974124056,0.08041936808109236
2023-02-28,CAT,Energy,-0.044708905543810795,0.05383070092396155
2023-02-28,COP,Energy,-0.034112962358893384,0.028956654620213886
2023-02-28,CVX,Energy,0.014865851300969402,0.0010359737355187997
2023-02-28,DE,Energy,-0.012089033573923769,0.04844387999271827
2023-02-28,DVN,Energy,-0.04437034902380699,0.04300130418347674
2023-02-28,EOG,Energy,0.023619083746410308,0.03362181564267223
2023-02-28,FDX,Energy,0.1306042251711248,-0.0030786339359612632
2023-02-28,GD,Energy,0.0013162077181245735,0.03423884149643057
2023-02-28,GE,Energy,0.12960238598246776,0.016060872254116093
2023-02-28,HAL,Energy,-0.12669057410557993,0.08801453281628756
2023-02-28,HON,Energy,-0.001879999891808981,0.018531074017572903
2023-02-28,LMT,Energy,-0.003225837952003041,0.033649459776300156
2023-02-28,MMM,Energy,-0.02441061426059543,0.035949023440990054
2023-02-28,MPC,Energy,0.09085739006968363,0.009200210533163736
2023-02-28,NOC,Energy,-0.005149682316355708,0.027214296774185753
2023-02-28,OXY,Energy,0.06918266118556349,0.019230778434364305
2023-02-28,PSX,Energy,-0.01150544020541222,0.06875015177079478
2023-02-28,RTX,Energy,-0.0016311203445954492,0.0065699542649478564
2023-02-28,SLB,Energy,-0.07724107150525872,0.08321178650643399
2023-02-28,UNP,Energy,-0.029042817827371725,0.055208985866639484
2023-02-28,UPS,Energy,0.06301705702034588,0.026417452604001104
2023-02-28,VLO,Energy,0.05974325885273446,-0.002539688802999125
2023-02-28,XOM,Energy,-0.0022743244430718512,0.017207641302065535
2023-02-28,AME,Energy,0.028458103030228887,0.003096292528461659
2023-02-28,BE,Energy,-0.08114339260242454,0.009137214171276808
2023-02-28,BKR,Energy,-0.05686282494497186,0.03574780054890938
2023-02-28,CTRA,Energy,0.005813499851958337,0.04387720305168048
2023-02-28,EMR,Energy,0.05356061737350126,0.050215367574334764
2023-02-28,ENPH,Energy,-0.001187479225998933,0.05060501197450174
2023-02-28,ETN,Energy,-0.01568942989657285,0.014363591756157175
2023-02-28,FSLR,Energy,0.285916996481385,0.06920339971970249
2023-02-28,FTV,Energy,0.02265227309650175,0.021389682735977317
2023-02-28,GNRC,Energy,-0.0999916655811579,-0.013318310697168179
2023-02-28,HUBB,Energy,-0.03271835115881516,0.02998892459258514
2023-02-28,MTDR,Energy,-0.11414763778904369,0.001202324044750584
2023-02-28,PH,Energy,-0.04473505667129929,0.0006040759215131791
2023-02-28,PLUG,Energy,-0.21183588720732793,-0.055782413351987546
2023-02-28,PR,Energy,-0.024564865955671644,0.1119665006890596
2023-02-28,ROK,Energy,-0.005018247081893912,0.024792499350087253
2023-02-28,ROP,Energy,0.02438396275387711,0.03214579649962401
2023-02-28,SM,Energy,-0.045747083380740294,0.02634437171821086
2023-02-28,VRSK,Energy,0.12337758181973246,0.018027956739373786
2023-02-28,WMB,Energy,0.007121631609745105,0.024257892874863435
2023-02-28,XYL,Energy,0.01997072219309537,0.043864649372680434
2023-03-31,AAPL,Technology,0.028987492208445653,0.02521683774956065
2023-03-31,ADBE,Technology,-0.02026623156330265,0.07400534533138417
2023-03-31,AMAT,Technology,-0.07978513023677958,0.03567754008238326
2023-03-31,AMD,Technology,-0.08815426182359576,0.1635199950786742
2023-03-31,AVGO,Technology,-0.02344360494431863,0.017325175403350903
2023-03-31,CDNS,Technology,-0.0030463106326067413,-0.0029552839676473108
2023-03-31,CRM,Technology,-0.007057785038602438,0.08023656881615712
2023-03-31,CRWD,Technology,-0.1253824285576597,-0.007565843288737635
2023-03-31,FTNT,Technology,-0.05130905649092621,0.03305885316334143
2023-03-31,GOOGL,Technology,0.034801721572433886,0.0451225963082377
2023-03-31,INTC,Technology,-0.049280554367206575,0.1188473567981982
2023-03-31,INTU,Technology,-0.002445031604328518,0.07067910723873784
2023-03-31,KLAC,Technology,-0.03164063077100554,0.01788743049567241
2023-03-31,LRCX,Technology,-0.011393774911059085,0.06448168135541747
2023-03-31,META,Technology,0.13390583787745203,0.003468966264193046
2023-03-31,MSFT,Technology,0.06576499279511894,0.029195439952601113
2023-03-31,MU,Technology,0.06877804513067143,0.16445753444418137
2023-03-31,NET,Technology,-0.23694454502929663,0.061694596253267224
2023-03-31,NOW,Technology,-0.01140469052127524,0.12488153436262078
2023-03-31,NVDA,Technology,-0.0010080914666377172,0.12341137172722232
2023-03-31,ORCL,Technology,0.023640267165384587,0.016794498605117805
2023-03-31,PANW,Technology,-0.08651245771537874,-0.006055369345240596
2023-03-31,QCOM,Technology,-0.08449608625636007,0.06695346526528435
2023-03-31,SNPS,Technology,-0.03865370272046931,0.021056862218112562
2023-03-31,TXN,Technology,-0.10112333896731007,0.02955623553179962
2023-03-31,ACN,Technology,-0.01546228428264207,0.07348254901013407
2023-03-31,ADI,Technology,-0.08792208321699535,0.012883321536478832
2023-03-31,ANET,Technology,-0.045871541285859796,0.02083472777484215
2023-03-31,CGNX,Technology,-0.03753805274678712,0.19401667536567976
2023-03-31,COHU,Technology,-0.11852043004427393,0.06522753720705488
2023-03-31,CSCO,Technology,-0.08942380356090351,0.00921193749736844
2023-03-31,DELL,Technology,0.09093493117707063,0.09930160144000821
2023-03-31,ENTG,Technology,-0.08645279491641689,0.08512766227255147
2023-03-31,FORM,Technology,-0.1425431981523212,0.11144814921504896
2023-03-31,HPQ,Technology,0.012265650109112958,0.07109681634898736
2023-03-31,IBM,Technology,-0.035700604592238006,0.03379437324294447
2023-03-31,IPGP,Technology,-0.06755327521356858,0.04650659741979963
2023-03-31,KEYS,Technology,-0.10428534049693872,0.009079990290254109
2023-03-31,MCHP,Technology,-0.12878952240127306,0.008205719538137883
2023-03-31,MKSI,Technology,-0.053599715029487016,0.1424530846085526
2023-03-31,MPWR,Technology,-0.07705682587846607,0.005507759635940802
2023-03-31,MRVL,Technology,-0.08686832841067504,0.10506690552692395
2023-03-31,NXPI,Technology,-0.12194336456774735,0.031141234054781933
2023-03-31,ONTO,Technology,-0.07851609139889915,0.03362544488466326
2023-03-31,QRVO,Technology,-0.09343307957352609,0.10797372738266746
2023-03-31,STX,Technology,-0.11116132311832816,0.1215825229826728
2023-03-31,SWKS,Technology,-0.10239049455411198,0.047713870043187806
2023-03-31,TER,Technology,-0.15003257037902895,0.08145319952473232
2023-03-31,VRSN,Technology,0.04954335279131228,0.024800388837887315
2023-03-31,WDC,Technology,-0.08574472747240458,0.11256647530221109
2023-03-31,AXP,Financials,-0.018262140727916987,0.011897025308472656
2023-03-31,BAC,Financials,0.0237763827786186,0.08502088772351232
2023-03-31,BK,Financials,-0.05434736411693408,0.027348783789798475
2023-03-31,BLK,Financials,0.003108737887268287,0.029007872513509555
2023-03-31,C,Financials,0.014843737736043083,0.04135047314193849
2023-03-31,CFG,Financials,0.018768476215098362,0.05030513724795916
2023-03-31,CME,Financials,-0.030022847571262168,0.006083125470583955
2023-03-31,COF,Financials,0.011855309428601357,0.07234785738821152
2023-03-31,FITB,Financials,-0.016516450309379094,0.030832023761279016
2023-03-31,GS,Financials,0.04992205530609284,0.017878223062648902
2023-03-31,HBAN,Financials,0.0,0.01486729364407235
2023-03-31,ICE,Financials,0.04449137943151005,0.10542046067397905
2023-03-31,JPM,Financials,0.06918061131593523,0.026565251270994263
2023-03-31,KEY,Financials,-0.10063930407139154,0.06135448928398521
2023-03-31,MCO,Financials,0.023201290312029776,0.03866589360600337
2023-03-31,MS,Financials,0.03358986923487395,0.009431305578280378
2023-03-31,MTB,Financials,0.052103412837473106,0.04266069415937376
2023-03-31,PNC,Financials,0.03755625695892517,0.0773153576871063
2023-03-31,RF,Financials,-0.016163798306814026,0.020081372342280402
2023-03-31,SCHW,Financials,-0.0026726842266429074,0.037566425097705726
2023-03-31,SPGI,Financials,0.051657743795043176,0.04892022292218012
2023-03-31,STT,Financials,-0.04531640378720869,0.021950252405615753
2023-03-31,TFC,Financials,-0.044574789592338626,0.08058107028557158
2023-03-31,USB,Financials,-0.049098598084242995,0.02748826495257326
2023-03-31,WFC,Financials,0.06340313099187322,0.008458265256418096
2023-03-31,AFL,Financials,0.0826101432592472,0.0354981254653401
2023-03-31,AJG,Financials,0.0875542989103184,0.012197155346042847
2023-03-31,ALL,Financials,0.044671168496909885,0.015479920828563563
2023-03-31,AMTD,Financials,0.10828020125565097,-0.00965090738178669
2023-03-31,AON,Financials,0.033276956272459746,0.023460521831719497
2023-03-31,CB,Financials,0.03800618960386837,0.023567565768625707
2023-03-31,FDS,Financials,-0.008191130844121153,0.02964990977310464
2023-03-31,FNF,Financials,0.016032051271872128,0.030168846256267083
2023-03-31,GL,Financials,-0.013633725051657497,0.005252918362019352
2023-03-31,HIG,Financials,0.018653978566230522,0.01694489334499427
2023-03-31,IBKR,Financials,-0.05704948160314305,0.025397042024262708
2023-03-31,LPLA,Financials,0.03181816202325183,0.005164608743305168
2023-03-31,MET,Financials,0.05850869493630251,0.019373643851720666
2023-03-31,MSCI,Financials,-0.13800480474557963,0.002973832288361809
2023-03-31,NDAQ,Financials,0.012804018111190807,0.0431149243558646
2023-03-31,PGR,Financials,-0.04589264205827637,0.013050520806355914
2023-03-31,PRU,Financials,0.05148667525624595,0.06584093863895028
2023-03-31,RJF,Financials,-0.029376972551849234,0.03068353345859509
2023-03-31,SEIC,Financials,0.023631640593306136,0.019351535320798502
2023-03-31,SF,Financials,0.014892427381269835,0.012604247008940417
2023-03-31,SYF,Financials,0.014786965387403095,0.0500920356294019
2023-03-31,TRV,Financials,0.05676430328659254,0.02372409840694879
2023-03-31,UNM,Financials,0.0755434043701333,0.008092889209961842
2023-03-31,WTW,Financials,-0.003356418129118688,0.02466049297183165
2023-03-31,ABBV,Healthcare,-0.04304314331395909,0.013796824666282986
2023-03-31,ABT,Healthcare,0.09640605669009816,0.03193392942282285
2023-03-31,AMGN,Healthcare,-0.008314208534248357,0.03514362164054504
2023-03-31,BAX,Healthcare,0.1755425279454932,0.05150704734343851
2023-03-31,BIIB,Healthcare,0.0942344794520864,0.04542979783773264
2023-03-31,BMY,Healthcare,-0.028717684683450928,0.012149685680619733
2023-03-31,BSX,Healthcare,0.04177493910818897,0.0030517594750169032
2023-03-31,CI,Healthcare,-0.008766166349137072,0.021594862651772087
2023-03-31,CVS,Healthcare,-0.005348226722943661,0.017238080172088648
2023-03-31,DHR,Healthcare,-0.060030022298114605,0.046299524717253876
2023-03-31,EW,Healthcare,0.06345944381688451,0.01998469665787849
2023-03-31,GILD,Healthcare,-0.009159925658633328,0.028775474214256518
2023-03-31,HUM,Healthcare,0.09275743440028061,0.011086579024112614
2023-03-31,ISRG,Healthcare,0.17908169171094235,0.12183137722750524
2023-03-31,JNJ,Healthcare,0.0561292234487365,0.030978272476673452
2023-03-31,LLY,Healthcare,0.15269906987275217,0.015333535413787167
2023-03-31,MDT,Healthcare,0.12813167294869476,0.06434819215743792
2023-03-31,MRK,Healthcare,0.08534642769349321,0.0012181021846230137
2023-03-31,PFE,Healthcare,-0.04681379810487163,0.04593309615736503
2023-03-31,REGN,Healthcare,-0.024194609832676073,0.008347772700536665
2023-03-31,SYK,Healthcare,0.049672439400601176,-0.013533725885227553
2023-03-31,TMO,Healthcare,-0.03725040729707052,0.01989645206019241
2023-03-31,UNH,Healthcare,0.04126200906535327,0.004161281047589623
2023-03-31,VRTX,Healthcare,0.0814422289193153,0.00549320596541823
2023-03-31,ZBH,Healthcare,0.0715172737649965,0.014623203597665944
2023-03-31,A,Healthcare,-0.019440486532663614,0.021869691383574197
2023-03-31,ACAD,Healthcare,0.13336877096613997,0.13713800025099332
2023-03-31,ALGN,Healthcare,-0.02645605574887433,0.10761433730338925
2023-03-31,ALKS,Healthcare,0.012770439736884631,0.0089974254108379
2023-03-31,BDX,Healthcare,0.06774663832149352,0.03144656795383189
2023-03-31,DGX,Healthcare,-0.01398687823966116,0.0373642510232974
2023-03-31,DXCM,Healthcare,0.04441380632777436,0.01755346936926771
2023-03-31,FOLD,Healthcare,0.040577078726200755,0.029328046268860916
2023-03-31,HOLX,Healthcare,0.0657993232811882,0.016625746483182987
2023-03-31,IDXX,Healthcare,-0.01583743225647316,0.09153112288654625
2023-03-31,INSP,Healthcare,0.14337589827178743,0.06798860274117978
2023-03-31,IQV,Healthcare,-0.053597484513161486,0.017660374787786766
2023-03-31,MASI,Healthcare,0.02492687910952296,0.029012080784682044
2023-03-31,MTD,Healthcare,-0.02529715655084608,0.0292442159195216
2023-03-31,NBIX,Healthcare,-0.0017783076763978611,-0.00021628132784135492
2023-03-31,NTRA,Healthcare,-0.0864553169575728,0.03571183546816645
2023-03-31,NVCR,Healthcare,0.0957765579429306,0.03876638562241104
2023-03-31,PODD,Healthcare,-0.0028843207135770266,0.04172862365890068
2023-03-31,RARE,Healthcare,0.08902742719873546,0.030414099172199872
2023-03-31,RMD,Healthcare,0.10032427543308087,0.056409085939263574
2023-03-31,WAT,Healthcare,-0.029939022010345817,0.05663144097220014
2023-03-31,AMZN,Consumer,0.02091195675834423,0.058900739703988014
2023-03-31,AZO,Consumer,0.08346120635457899,0.005878457028663213
2023-03-31,BKNG,Consumer,0.012780811363299671,0.05274489147310749
2023-03-31,CMG,Consumer,0.21034496272424996,0.03436343703853526
2023-03-31,COST,Consumer,0.012779943027710905,0.05895397644695918
2023-03-31,DG,Consumer,0.05519708521267952,-0.014133211352084245
2023-03-31,DLTR,Consumer,0.07077675685207829,0.07527995902662372
2023-03-31,DRI,Consumer,-0.01301472236304424,0.02200961388252096
2023-03-31,EBAY,Consumer,0.04642781340268676,0.12366654288950496
2023-03-31,HD,Consumer,0.018365382674137454,0.0206952908789836
2023-03-31,HLT,Consumer,0.02236118642668039,0.03556761256676455
2023-03-31,KR,Consumer,-0.01498893188021333,0.08368696924639461
2023-03-31,LOW,Consumer,0.04450259843163118,0.0055391010922766284
2023-03-31,LULU,Consumer,0.04321917166550282,0.06707461988987048
2023-03-31,MAR,Consumer,0.019874843478614013,0.029285721083926405
2023-03-31,MCD,Consumer,0.057722907214044605,0.023202203748498886
2023-03-31,MGM,Consumer,0.011256191368993695,0.056087833754183115
2023-03-31,NKE,Consumer,0.03326821618996956,0.05509344706573215
2023-03-31,ORLY,Consumer,0.0804847960851387,-0.005023763748029809
2023-03-31,ROST,Consumer,0.005653467329137518,0.04666387049146796
2023-03-31,SBUX,Consumer,0.09757029047449173,0.06292724034403448
2023-03-31,TGT,Consumer,-0.04757584413912774,0.17571193006612007
2023-03-31,TJX,Consumer,0.005870166586219527,0.02221945915136518
2023-03-31,WMT,Consumer,0.023872491938193408,0.02645264832185717
2023-03-31,YUM,Consumer,0.06435503598801562,0.02150534173838308
2023-03-31,BBY,Consumer,-0.04791093334116281,0.1324826735770002
2023-03-31,CCL,Consumer,-0.0926108225588359,0.19529248075183075
2023-03-31,CHDN,Consumer,0.1380277183589651,0.014295481446325685
2023-03-31,CMCSA,Consumer,0.09965864246487732,0.11210307970226985
2023-03-31,CZR,Consumer,-0.07211637694584916,0.20265165929362655
2023-03-31,DIS,Consumer,0.023669265736005585,0.11180742453237578
2023-03-31,DKNG,Consumer,0.13171483247253057,-0.021418886917003187
2023-03-31,F,Consumer,-0.04536685182978062,0.07453222262882228
2023-03-31,FOX,Consumer,-0.024592893297395446,0.018323845345001494
2023-03-31,GM,Consumer,-0.09923656422028049,0.06548770403336948
2023-03-31,GRMN,Consumer,-0.027249468063231697,0.00035009511927695726
2023-03-31,H,Consumer,0.022452784744573018,0.033213222179802805
2023-03-31,IHG,Consumer,0.04024026909381484,0.0359256336986448
2023-03-31,LVS,Consumer,0.11140136415257684,0.018967287457618692
2023-03-31,NCLH,Consumer,-0.007434901800260629,0.16640108269287956
2023-03-31,NFLX,Consumer,-0.045009849776145416,0.1221298125265952
2023-03-31,PENN,Consumer,0.004383043451922974,0.13423335637254752
2023-03-31,POOL,Consumer,0.0259316996295178,0.12420791324885894
2023-03-31,RCL,Consumer,0.001990707006068293,0.08970357179209013
2023-03-31,SIRI,Consumer,-0.0428211730251693,0.06460617652259543
2023-03-31,TSLA,Consumer,-0.20799193945263272,-0.06792544786615265
2023-03-31,WBD,Consumer,-0.09867554219541375,0.12508437499522346
2023-03-31,WYNN,Consumer,0.02117772774077653,0.04880892455331728
2023-03-31,APA,Energy,0.028536590312816523,-0.024355286167997363
2023-03-31,BA,Energy,-0.0265969688428489,0.09705473400505955
2023-03-31,CAT,Energy,-0.03868357025132396,0.02927126441065816
2023-03-31,COP,Energy,0.037093016481472674,0.032896377596408344
2023-03-31,CVX,Energy,0.03321904717409874,0.054827150196756005
2023-03-31,DE,Energy,-0.0844314480564693,0.019222726568176467
2023-03-31,DVN,Energy,0.05572031473064687,-0.04532906214043805
2023-03-31,EOG,Energy,0.049300689431543976,0.028892213842090963
2023-03-31,FDX,Energy,-0.0031075095456468693,0.0335007892837876
2023-03-31,GD,Energy,-0.03770859779881308,0.038978897641903154
2023-03-31,GE,Energy,0.035251073919490006,0.061550816090048595
2023-03-31,HAL,Energy,0.035082261661227854,0.041766213312391665
2023-03-31,HON,Energy,0.04562582572025198,0.040557891419815285
2023-03-31,LMT,Energy,-0.017515352165621723,0.015592274371409727
2023-03-31,MMM,Energy,0.010560271052280745,0.04223431956970032
2023-03-31,MPC,Energy,-0.09515677483828933,0.016310428556406686
2023-03-31,NOC,Energy,-0.0009747357821393576,0.012406761495434843
2023-03-31,OXY,Energy,-0.014416044341500456,-0.023030237092685216
2023-03-31,PSX,Energy,-0.02347597243581845,0.023252399481102658
2023-03-31,RTX,Energy,0.020116360309407,0.008653714900385126
2023-03-31,SLB,Energy,0.005091858820285733,0.058715594614607666
2023-03-31,UNP,Energy,-0.02762602806706338,0.018212424273175046
2023-03-31,UPS,Energy,-0.07309658843418576,0.03433914216218027
2023-03-31,VLO,Energy,-0.17858155766854578,0.0030101414693260325
2023-03-31,XOM,Energy,0.07915350187350767,0.010025681117628735
2023-03-31,AME,Energy,-0.050918734531761656,0.015600515211504849
2023-03-31,BE,Energy,-0.1645760479890057,0.007375378814398166
2023-03-31,BKR,Energy,0.01316688747591166,0.0649999722774644
2023-03-31,CTRA,Energy,0.04319477411697381,0.038740213850125674
2023-03-31,EMR,Energy,-0.04452594646211072,0.0614337720819209
2023-03-31,ENPH,Energy,-0.21913639955561715,0.01845931257389514
2023-03-31,ETN,Energy,-0.024629454240539528,0.003815509054149702
2023-03-31,FSLR,Energy,-0.16055171571928883,0.048099791077952495
2023-03-31,FTV,Energy,-0.07451951157410808,0.016538690302340054
2023-03-31,GNRC,Energy,-0.053606154995021194,0.09462503903921711
2023-03-31,HUBB,Energy,0.10690037984939682,-0.0004989084214202813
2023-03-31,MTDR,Energy,0.028961073129257997,-0.007477644743284453
2023-03-31,PH,Energy,-0.033411605418478096,0.015901376402596312
2023-03-31,PLUG,Energy,-0.22952222463895655,-0.057800938808280904
2023-03-31,PR,Energy,-0.004762182310075969,0.09521912524667357
2023-03-31,ROK,Energy,-0.034213485175765834,0.025349175995700905
2023-03-31,ROP,Energy,0.03358794470622595,0.022984550631157653
2023-03-31,SM,Energy,0.002334654389119395,-0.056651611529968775
2023-03-31,VRSK,Energy,0.011727422505627416,0.055349857622916346
2023-03-31,WMB,Energy,0.013395766371209872,0.03694690564403092
2023-03-31,XYL,Energy,-0.008214069085390907,0.011838948214274605
2023-04-30,AAPL,Technology,0.04605809995501464,-0.012082638547317575
2023-04-30,ADBE,Technology,0.10655263069834309,0.05817159104909284
2023-04-30,AMAT,Technology,0.18237252078679833,0.03902906213907994
2023-04-30,AMD,Technology,0.32270331712609934,0.06119037367660432
2023-04-30,AVGO,Technology,0.289640643405523,0.029344432898278233
2023-04-30,CDNS,Technology,0.10245885426854517,0.011525066451711252
2023-04-30,CRM,Technology,0.12607772657946437,0.016072851180647645
2023-04-30,CRWD,Technology,0.33386089806074204,-0.06539098459855906
2023-04-30,FTNT,Technology,0.08374310321784395,0.03505258041375491
2023-04-30,GOOGL,Technology,0.14468059124241495,-0.03356015834451738
2023-04-30,INTC,Technology,0.016379508098839368,0.046737591804298165
2023-04-30,INTU,Technology,-0.055929784611410405,0.010092425606012088
2023-04-30,KLAC,Technology,0.1499065498830321,0.004836623576151215
2023-04-30,LRCX,Technology,0.17672859854280176,0.08010552808272035
2023-04-30,META,Technology,0.1015310699828118,0.10226599702390925
2023-04-30,MSFT,Technology,0.07110546663391415,-0.018590677539616778
2023-04-30,MU,Technology,0.059664275766555974,0.08242985489753592
2023-04-30,NET,Technology,0.4699257127220764,-0.0056051381705016345
2023-04-30,NOW,Technology,0.1857994656003028,0.05882351788901395
2023-04-30,NVDA,Technology,0.363436622047705,0.13188969290448152
2023-04-30,ORCL,Technology,0.11845433790716386,0.0486959421169656
2023-04-30,PANW,Technology,0.1695165600003814,0.0492994780825384
2023-04-30,QCOM,Technology,-0.022280954273747655,0.026950555288724812
2023-04-30,SNPS,Technology,0.22525041064600915,0.014157636919335827
2023-04-30,TXN,Technology,0.04795863876253614,0.02019765535957673
2023-04-30,ACN,Technology,0.09144092897353917,0.004392596333621254
2023-04-30,ADI,Technology,-0.012174842056199564,0.02457458466246006
2023-04-30,ANET,Technology,0.038586366973487385,0.04727375611099767
2023-04-30,CGNX,Technology,0.15399654845197874,0.09872572976638717
2023-04-30,COHU,Technology,0.13297872280464107,0.037680709388291427
2023-04-30,CSCO,Technology,0.05121682818088713,0.01703334417646383
2023-04-30,DELL,Technology,0.030351931066796345,0.09507002604987257
2023-04-30,ENTG,Technology,0.4067095715728235,0.08720797501605582
2023-04-30,FORM,Technology,0.14573421923893926,0.08543378593504558
2023-04-30,HPQ,Technology,-0.021878142062627615,0.10651988051609028
2023-04-30,IBM,Technology,0.03111610335551518,0.025944980428109932
2023-04-30,IPGP,Technology,-0.039224230340557775,0.028290254701970056
2023-04-30,KEYS,Technology,0.11863940635039483,0.022472936820133054
2023-04-30,MCHP,Technology,0.036168385731238484,0.018292939411069385
2023-04-30,MKSI,Technology,0.16299922700334957,0.12279521372736474
2023-04-30,MPWR,Technology,0.060480120466049,0.04944572900248401
2023-04-30,MRVL,Technology,0.481509513660775,0.09688430679846735
2023-04-30,NXPI,Technology,0.0938073461604505,0.021959927303673105
2023-04-30,ONTO,Technology,0.3256358857007835,0.05745071932385452
2023-04-30,QRVO,Technology,0.05625543225639662,0.05948218536354961
2023-04-30,STX,Technology,0.022630409119259953,0.08257833821261508
2023-04-30,SWKS,Technology,-0.016469207999796565,0.034952125244652084
2023-04-30,TER,Technology,0.09764498659026644,0.044906265096016446
2023-04-30,VRSN,Technology,0.0068530105268906905,0.016251301867775028
2023-04-30,WDC,Technology,0.12456443307257015,0.09077772855055365
2023-04-30,AXP,Financials,-0.0172306100270172,0.03378743682505321
2023-04-30,BAC,Financials,-0.05088792429576883,0.061492483100547654
2023-04-30,BK,Financials,-0.05611642774118564,0.04925123692692451
2023-04-30,BLK,Financials,-0.02033672059096503,0.058419389248510686
2023-04-30,C,Financials,-0.05842343221156576,0.04349570139881865
2023-04-30,CFG,Financials,-0.15445215077731345,0.0449868592405079
2023-04-30,CME,Financials,-0.0377887551206999,0.022002315964312825
2023-04-30,COF,Financials,0.0784191157180274,0.10760246177648085
2023-04-30,FITB,Financials,-0.0736640826881857,0.035653968771031795
2023-04-30,GS,Financials,-0.04971381865117641,0.0434384552571279
2023-04-30,HBAN,Financials,-0.07946419164563667,0.0045503390692809885
2023-04-30,ICE,Financials,-0.027357157887868855,-0.015108290075417464
2023-04-30,JPM,Financials,-0.018301540460170185,0.08120455781469557
2023-04-30,KEY,Financials,-0.15334738192587616,0.0672100947796788
2023-04-30,MCO,Financials,0.014532088448789837,0.023862031455882244
2023-04-30,MS,Financials,-0.09125273948470813,0.040426536897984845
2023-04-30,MTB,Financials,-0.04284597980041194,0.012589329039530412
2023-04-30,PNC,Financials,-0.11071015222424951,0.009418426509262452
2023-04-30,RF,Financials,-0.054216723603111805,0.008995727176832774
2023-04-30,SCHW,Financials,0.013944938392217221,0.03689458498238278
2023-04-30,SPGI,Financials,0.015943375159492845,0.025988651355938214
2023-04-30,STT,Financials,-0.058677038557338856,0.05993123153532689
2023-04-30,TFC,Financials,-0.04700176029125669,0.02366309820757297
2023-04-30,USB,Financials,-0.12777119031873008,0.021330155600873
2023-04-30,WFC,Financials,0.009343734123176572,0.024793124077988466
2023-04-30,AFL,Financials,-0.07486542205465363,0.01841457793765043
2023-04-30,AJG,Financials,-0.03715267368154307,-0.009402393318902486
2023-04-30,ALL,Financials,-0.06314799489384415,0.007681586997793288
2023-04-30,AMTD,Financials,-0.13218383297252345,0.12017632513347075
2023-04-30,AON,Financials,-0.05194043004303994,0.004171064991220134
2023-04-30,CB,Financials,-0.0781901271550638,0.03208736091678399
2023-04-30,FDS,Financials,-0.06273278573079011,0.02821713500502244
2023-04-30,FNF,Financials,-0.03803899817991152,0.0527695864674356
2023-04-30,GL,Financials,-0.04920751803473278,0.0050885992006215325
2023-04-30,HIG,Financials,-0.02879353304586263,0.01934787448010333
2023-04-30,IBKR,Financials,-0.006705549057229199,0.04909018416233087
2023-04-30,LPLA,Financials,-0.06584836031069785,0.03170060757752634
2023-04-30,MET,Financials,-0.1843156221307991,0.014801848160785223
2023-04-30,MSCI,Financials,-0.021871988379753904,0.0016955020448914588
2023-04-30,NDAQ,Financials,-0.00036126580986983736,0.050545942532425885
2023-04-30,PGR,Financials,-0.06224335894795996,-0.011584012464166998
2023-04-30,PRU,Financials,-0.0815229334308556,0.07120820464759976
2023-04-30,RJF,Financials,-0.001988255608627476,0.030720898022825825
2023-04-30,SEIC,Financials,-0.039551756546390315,0.041282222576010066
2023-04-30,SF,Financials,-0.0675534022068609,0.06384164528882287
2023-04-30,SYF,Financials,0.057376954120422985,0.02854478925775214
2023-04-30,TRV,Financials,-0.06569488688123992,0.029301638334978262
2023-04-30,UNM,Financials,0.02962073124400799,0.027823262094819598
2023-04-30,WTW,Financials,-0.05505176719667104,0.011750761565410597
2023-04-30,ABBV,Healthcare,-0.08708315442241377,0.01286232445618526
2023-04-30,ABT,Healthcare,-0.0766725955587364,0.04097287076969328
2023-04-30,AMGN,Healthcare,-0.07094418967487903,0.02488110044754943
2023-04-30,BAX,Healthcare,-0.14597316816936257,0.009117948251867975
2023-04-30,BIIB,Healthcare,-0.02570426007239035,0.024937328361212596
2023-04-30,BMY,Healthcare,-0.03489576926818272,0.03865117099295765
2023-04-30,BSX,Healthcare,-0.012279343874984527,0.010906949749588186
2023-04-30,CI,Healthcare,-0.02321435602366828,0.03834806642775546
2023-04-30,CVS,Healthcare,-0.0720228802159727,0.023539653031914853
2023-04-30,DHR,Healthcare,-0.03077132077700584,0.031950036860854264
2023-04-30,EW,Healthcare,-0.042623321856289365,0.03337209868546722
2023-04-30,GILD,Healthcare,-0.0641043291149852,0.013720995191522447
2023-04-30,HUM,Healthcare,-0.05395013943183935,0.026519765062313922
2023-04-30,ISRG,Healthcare,0.021977276045281657,-0.0004484158842100551
2023-04-30,JNJ,Healthcare,-0.045632865578352666,0.04541248434645443
2023-04-30,LLY,Healthcare,0.08770053593957483,0.009904758172613711
2023-04-30,MDT,Healthcare,-0.09004927567886867,0.04126681886950537
2023-04-30,MRK,Healthcare,-0.04382117429731813,-0.02329524892768887
2023-04-30,PFE,Healthcare,-0.011792057741701667,0.037451272139958636
2023-04-30,REGN,Healthcare,-0.08260269323937319,-0.0050987051886471685
2023-04-30,SYK,Healthcare,-0.0803270565227503,0.02279936287735701
2023-04-30,TMO,Healthcare,-0.08369083417900147,0.017999138531628014
2023-04-30,UNH,Healthcare,-0.0098559775131013,0.03625679292989426
2023-04-30,VRTX,Healthcare,-0.05036246620142282,0.0066174514983604275
2023-04-30,ZBH,Healthcare,-0.08017919958259534,-0.0025313264484873054
2023-04-30,A,Healthcare,-0.14590560539778452,0.02573314050967537
2023-04-30,ACAD,Healthcare,0.10173464997916937,0.15427165917399208
2023-04-30,ALGN,Healthcare,-0.1310789601320146,0.14943986777580617
2023-04-30,ALKS,Healthcare,0.01331002025464012,0.01932999761379427
2023-04-30,BDX,Healthcare,-0.08531651523342554,0.027844846049043057
2023-04-30,DGX,Healthcare,-0.04437721834741437,0.012848191805804782
2023-04-30,DXCM,Healthcare,-0.033624479353854264,0.05753919578077939
2023-04-30,FOLD,Healthcare,-0.024263408483255366,-0.007253440631039522
2023-04-30,HOLX,Healthcare,-0.08278110184562859,0.023321432286552927
2023-04-30,IDXX,Healthcare,-0.055652662639449235,0.06074226268579127
2023-04-30,INSP,Healthcare,0.0928893804805182,0.09311480006964853
2023-04-30,IQV,Healthcare,0.04611384015082565,0.07534288036262167
2023-04-30,MASI,Healthcare,-0.14433754435790658,0.021426533345743473
2023-04-30,MTD,Healthcare,-0.11373114641824511,0.021575100422971536
2023-04-30,NBIX,Healthcare,-0.11391530118703386,0.004675469408020373
2023-04-30,NTRA,Healthcare,-0.07117508918509285,0.046585188234747166
2023-04-30,NVCR,Healthcare,0.08968127307848373,0.06341922993820319
2023-04-30,PODD,Healthcare,-0.13768710655388094,0.03135769363442663
2023-04-30,RARE,Healthcare,0.13029545866691916,0.015453945495837876
2023-04-30,RMD,Healthcare,-0.12353904273420102,0.026957108860268062
2023-04-30,WAT,Healthcare,-0.16360363073444184,0.04835306168274897
2023-04-30,AMZN,Consumer,0.14348037288458837,0.06651974791566061
2023-04-30,AZO,Consumer,-0.10380690367275658,0.00940360251235023
2023-04-30,BKNG,Consumer,-0.06609073523838183,0.04136854406521316
2023-04-30,CMG,Consumer,0.004289924507512977,0.016297150548787467
2023-04-30,COST,Consumer,0.01869362652154427,0.025437331957595177
2023-04-30,DG,Consumer,-0.09198049066574454,0.04109862823420612
2023-04-30,DLTR,Consumer,-0.12250342208433407,0.0754172849667547
2023-04-30,DRI,Consumer,0.0433750862532476,0.013909681076058208
2023-04-30,EBAY,Consumer,-0.07850070217828953,0.07561519768863594
2023-04-30,HD,Consumer,-0.05007446925730741,0.025818591880516443
2023-04-30,HLT,Consumer,-0.05386967435471235,0.0551995516141202
2023-04-30,KR,Consumer,-0.06290310618190076,-0.029839966340314855
2023-04-30,LOW,Consumer,-0.032237897720178266,0.010219302562668507
2023-04-30,LULU,Consumer,-0.1263390648944146,-0.01657661607598715
2023-04-30,MAR,Consumer,-0.006081203757919207,0.049399181840185435
2023-04-30,MCD,Consumer,-0.03597633439700931,0.015138784155177719
2023-04-30,MGM,Consumer,-0.1253338709463745,0.07283891978942923
2023-04-30,NKE,Consumer,-0.1693497404743296,0.059444888617986705
2023-04-30,ORLY,Consumer,-0.015261970535620839,0.02106444897774773
2023-04-30,ROST,Consumer,-0.02913890780793149,0.06710259001855637
2023-04-30,SBUX,Consumer,-0.1414281488042325,0.00756349285136986
2023-04-30,TGT,Consumer,-0.16439572064685826,0.12871802014285966
2023-04-30,TJX,Consumer,-0.021609163976749057,0.010290188476554333
2023-04-30,WMT,Consumer,-0.023462068963352567,0.016012273368776028
2023-04-30,YUM,Consumer,-0.08030652065167543,0.005320255452758319
2023-04-30,BBY,Consumer,-0.024825408723870623,0.10360417985960224
2023-04-30,CCL,Consumer,0.21932676434671605,0.1802950832690311
2023-04-30,CHDN,Consumer,-0.07141139425924248,0.04106636985541557
2023-04-30,CMCSA,Consumer,-0.04882769835816014,0.071384724731925
2023-04-30,CZR,Consumer,-0.0945021529581549,0.17923813158652782
2023-04-30,DIS,Consumer,-0.1418536321204933,0.07339307336169841
2023-04-30,DKNG,Consumer,0.06526701575238425,0.04758821527171476
2023-04-30,F,Consumer,0.010100983989278278,0.07947682780171701
2023-04-30,FOX,Consumer,-0.043549414949729415,0.043877240318844185
2023-04-30,GM,Consumer,-0.01906790160814331,0.06948239741796886
2023-04-30,GRMN,Consumer,0.0507284700451156,0.027209756743352822
2023-04-30,H,Consumer,-0.0583791905556621,0.06953487502476012
2023-04-30,IHG,Consumer,-0.04229230163148878,0.05101780399357412
2023-04-30,LVS,Consumer,-0.13657009739507353,0.06069596443099893
2023-04-30,NCLH,Consumer,0.1123595473511787,0.13953039952722968
2023-04-30,NFLX,Consumer,0.19792073389072873,0.07019897390356718
2023-04-30,PENN,Consumer,-0.15944947479085758,0.1197437642670754
2023-04-30,POOL,Consumer,-0.09697746081209224,0.06625377618814834
2023-04-30,RCL,Consumer,0.23750569735166938,0.08583533048282113
2023-04-30,SIRI,Consumer,-0.05702493254841079,0.032836728788111065
2023-04-30,TSLA,Consumer,0.2411295460159617,-0.01579586851213425
2023-04-30,WBD,Consumer,-0.1711976475005219,0.102644849756567
2023-04-30,WYNN,Consumer,-0.13436949132078757,0.06201628871978341
2023-04-30,APA,Energy,-0.13758466179131057,0.0675948628487257
2023-04-30,BA,Energy,-0.005222951143390886,0.11819389756627871
2023-04-30,CAT,Energy,-0.0596432400027902,0.07659194141720876
2023-04-30,COP,Energy,-0.029915836867002166,0.08806311899593094
2023-04-30,CVX,Energy,-0.09778770006329429,0.044106356659722845
2023-04-30,DE,Energy,-0.08475739250315495,0.04013471122365044
2023-04-30,DVN,Energy,-0.13718885795752367,0.005987256990019123
2023-04-30,EOG,Energy,-0.1019503924256362,0.07461976924132939
2023-04-30,FDX,Energy,-0.04302395791246383,0.0980952497042364
2023-04-30,GD,Energy,-0.06485306779070155,0.037871530366778955
2023-04-30,GE,Energy,0.02586635367273793,0.052762673415707506
2023-04-30,HAL,Energy,-0.1251908716936132,0.1099828860969131
2023-04-30,HON,Energy,-0.036202680691393985,0.041791711999443405
2023-04-30,LMT,Energy,-0.03756359690029809,0.014082535708941413
2023-04-30,MMM,Energy,-0.10818694576271959,0.0689558315745706
2023-04-30,MPC,Energy,-0.1342124060700789,0.021870667395108664
2023-04-30,NOC,Energy,-0.05179894343241509,0.01653302117876356
2023-04-30,OXY,Energy,-0.06289617434974337,0.042719759765269746
2023-04-30,PSX,Energy,-0.06444347996969624,0.038202080663049545
2023-04-30,RTX,Energy,-0.07200824730231303,0.013525052623159589
2023-04-30,SLB,Energy,-0.13211769064877432,0.0835420475203226
2023-04-30,UNP,Energy,-0.009581341501410434,0.023166444346045263
2023-04-30,UPS,Energy,-0.06231819868088673,0.01462962455868503
2023-04-30,VLO,Energy,-0.05790282924565571,0.023886807327628674
2023-04-30,XOM,Energy,-0.1290631640023152,-0.0028310347868825336
2023-04-30,AME,Energy,0.05176559159580285,0.0095952776107158
2023-04-30,BE,Energy,-0.17597594105891645,0.07410936498013318
2023-04-30,BKR,Energy,-0.06169028746586691,0.16309136109794778
2023-04-30,CTRA,Energy,-0.08462032569425026,0.054819708713300386
2023-04-30,EMR,Energy,-0.06109948432838941,0.02120445834642161
2023-04-30,ENPH,Energy,0.05895254637319858,0.010765223344397987
2023-04-30,ETN,Energy,0.057938725183054096,0.04705697960294595
2023-04-30,FSLR,Energy,0.11162232817628381,0.027925609802417064
2023-04-30,FTV,Energy,0.03315143351158123,-0.0011814150386462506
2023-04-30,GNRC,Energy,0.06554487251253538,0.036642103925471084
2023-04-30,HUBB,Energy,0.05284308446132813,-0.012245293739518277
2023-04-30,MTDR,Energy,-0.10014266389850857,0.04980301480110831
2023-04-30,PH,Energy,-0.009180473348044615,0.04229690318756826
2023-04-30,PLUG,Energy,-0.07862680610659967,-0.04930514859446281
2023-04-30,PR,Energy,-0.09766852129707071,0.026859091567737473
2023-04-30,ROK,Energy,-0.012664706536501646,0.06018099990254724
2023-04-30,ROP,Energy,-0.0012314590313470264,0.02821643793980625
2023-04-30,SM,Energy,-0.06374640696819234,-0.061045493357669914
2023-04-30,VRSK,Energy,0.12879280891238243,-0.021219180810430706
2023-04-30,WMB,Energy,-0.05287512458570831,0.045508088588175524
2023-04-30,XYL,Energy,-0.031823036740621036,0.01751899338752082
2023-05-31,AAPL,Technology,0.09433012303106247,0.10178082344695165
2023-05-31,ADBE,Technology,0.17042049889471578,0.12300067178092526
2023-05-31,AMAT,Technology,0.08432095014617258,0.12691558992425475
2023-05-31,AMD,Technology,-0.03637590267884627,0.13215397491254666
2023-05-31,AVGO,Technology,0.0793249462579233,0.10844937514673997
2023-05-31,CDNS,Technology,0.015633799112636515,0.11883444721835687
2023-05-31,CRM,Technology,-0.05425748528186891,0.11168663255123419
2023-05-31,CRWD,Technology,-0.08280777718909726,0.029913923463462937
2023-05-31,FTNT,Technology,0.10624900208236787,0.10391482087152028
2023-05-31,GOOGL,Technology,-0.02579960610542842,0.10093428344817222
2023-05-31,INTC,Technology,0.06361323785270856,0.12124075967202601
2023-05-31,INTU,Technology,0.09321902391912751,0.09537579860927564
2023-05-31,KLAC,Technology,0.09487794443670494,0.08925399830366337
2023-05-31,LRCX,Technology,0.045292803716008745,0.10727534720359676
2023-05-31,META,Technology,0.08408907280543931,0.13172924468054015
2023-05-31,MSFT,Technology,0.03699868767338499,0.07821414327978342
2023-05-31,MU,Technology,-0.07463324082791878,0.1148819056324761
2023-05-31,NET,Technology,-0.05480047303126112,0.04588914165040686
2023-05-31,NOW,Technology,0.031553983903599425,0.10298045304286996
2023-05-31,NVDA,Technology,0.11821033901479683,0.14226611703721034
2023-05-31,ORCL,Technology,0.12412692891831067,0.11131353253285538
2023-05-31,PANW,Technology,0.1973850472733576,0.10175953844860361
2023-05-31,QCOM,Technology,0.04964294056019969,0.12153163805952767
2023-05-31,SNPS,Technology,-0.04297078459677939,0.11773824044747054
2023-05-31,TXN,Technology,0.035311702502920594,0.10858974892337184
2023-05-31,ACN,Technology,0.008694795379117659,0.10650940082404958
2023-05-31,ADI,Technology,0.10159889538123279,0.1268553897167696
2023-05-31,ANET,Technology,-0.02573042487389987,0.11702803815611387
2023-05-31,CGNX,Technology,0.019286753512659516,0.12662625514597547
2023-05-31,COHU,Technology,0.08398542534919051,0.11293461005100042
2023-05-31,CSCO,Technology,0.04167511905454302,0.0926637740286073
2023-05-31,DELL,Technology,0.2075428120071987,0.09974522977910075
2023-05-31,ENTG,Technology,0.052921586907133555,0.1252437403227689
2023-05-31,FORM,Technology,0.09364014763329065,0.1188302833630199
2023-05-31,HPQ,Technology,0.06598920649148843,0.09799241860090487
2023-05-31,IBM,Technology,0.040594139576202615,0.074597861846416
2023-05-31,IPGP,Technology,0.22947411807183715,0.11635430119978359
2023-05-31,KEYS,Technology,0.034919615512473134,0.07292805582683652
2023-05-31,MCHP,Technology,0.19040670499300405,0.11811869199047928
2023-05-31,MKSI,Technology,0.11088272982340541,0.12390652167051992
2023-05-31,MPWR,Technology,0.10480815228052554,0.12239863522727966
2023-05-31,MRVL,Technology,0.022054989579892048,0.1152614686499094
2023-05-31,NXPI,Technology,0.1489782549701104,0.12167346736848032
2023-05-31,ONTO,Technology,0.0849557790052562,0.13179914277384291
2023-05-31,QRVO,Technology,0.04904376453112924,0.12678712322615848
2023-05-31,STX,Technology,0.040781264458229494,0.14491014480466358
2023-05-31,SWKS,Technology,0.06936522403380829,0.12869929569362656
2023-05-31,TER,Technology,0.11118882734215108,0.1162351370771993
2023-05-31,VRSN,Technology,0.011866364794869133,0.08466460292159057
2023-05-31,WDC,Technology,-0.02065580970535863,0.1059798805336925
2023-05-31,AXP,Financials,0.0986376433147822,0.126488127931097
2023-05-31,BAC,Financials,0.040623895934546184,0.09978600686484218
2023-05-31,BK,Financials,0.10746282012680997,0.08852328468476438
2023-05-31,BLK,Financials,0.058812882112143416,0.10240289626183617
2023-05-31,C,Financials,0.038808634692128585,0.08395771194722386
2023-05-31,CFG,Financials,0.011637078033984949,0.07558918244863733
2023-05-31,CME,Financials,0.04287134728943087,0.09436363556623477
2023-05-31,COF,Financials,0.04951532046041285,0.09578904200502945
2023-05-31,FITB,Financials,0.09364075484907008,0.09469585087061534
2023-05-31,GS,Financials,-0.004198759744155733,0.09335268034812526
2023-05-31,HBAN,Financials,0.060768356631070386,0.0868363604511341
2023-05-31,ICE,Financials,0.0714247361000162,0.09740681657459233
2023-05-31,JPM,Financials,0.07169702878669315,0.09433299597261345
2023-05-31,KEY,Financials,-0.01070662181572668,0.056403732342008635
2023-05-31,MCO,Financials,0.0973239859592463,0.11253850009037165
2023-05-31,MS,Financials,0.04452049555222182,0.09416896623606086
2023-05-31,MTB,Financials,0.03860348239960887,0.08431343041986056
2023-05-31,PNC,Financials,0.08736927549838147,0.07016217671620638
2023-05-31,RF,Financials,0.04393670085474621,0.09879944137831903
2023-05-31,SCHW,Financials,0.0757258628661146,0.018932723893508606
2023-05-31,SPGI,Financials,0.09106487387110129,0.09038911144569364
2023-05-31,STT,Financials,0.0852075845056457,0.09552178500854783
2023-05-31,TFC,Financials,-0.003938296337917091,0.08401694072780361
2023-05-31,USB,Financials,0.12167544436526034,0.08128160533361171
2023-05-31,WFC,Financials,0.07209253109080516,0.09281026953571861
2023-05-31,AFL,Financials,0.08705822257447338,0.06696847274227458
2023-05-31,AJG,Financials,0.09905894076768473,0.0756465875575263
2023-05-31,ALL,Financials,0.013759764402413444,0.06635500124988702
2023-05-31,AMTD,Financials,0.04635751690587653,0.07077853462135708
2023-05-31,AON,Financials,0.11972498213083349,0.08459598623980555
2023-05-31,CB,Financials,0.04112453322095533,0.06966472961396239
2023-05-31,FDS,Financials,0.04094682832732777,0.0888707426685568
2023-05-31,FNF,Financials,0.06835625925713384,0.08857103732116214
2023-05-31,GL,Financials,0.06241543801023686,0.06377420865999153
2023-05-31,HIG,Financials,0.05108019059947466,0.07567149219571234
2023-05-31,IBKR,Financials,0.07561827506573593,0.09471990564831409
2023-05-31,LPLA,Financials,0.11628502569968169,0.08120855804157914
2023-05-31,MET,Financials,0.14086770542297056,0.09008899738142018
2023-05-31,MSCI,Financials,-0.0026353176286366686,0.07253358920694243
2023-05-31,NDAQ,Financials,-0.09547800276323037,0.07372274249843117
2023-05-31,PGR,Financials,0.034868068189154,0.07167456379762492
2023-05-31,PRU,Financials,0.1211083285439567,0.10069707731088132
2023-05-31,RJF,Financials,0.15320600075579915,0.08934649544870858
2023-05-31,SEIC,Financials,0.06142706552223132,0.08474818196260783
2023-05-31,SF,Financials,0.07378093268217323,0.09834931437896284
2023-05-31,SYF,Financials,0.09560692271140736,0.0975492589283484
2023-05-31,TRV,Financials,0.03198756967972227,0.06051426958599258
2023-05-31,UNM,Financials,0.09781372021628187,0.05949245337305244
2023-05-31,WTW,Financials,0.07997773970196875,0.08206377199320702
2023-05-31,ABBV,Healthcare,-0.023412582853109543,0.06105850644384376
2023-05-31,ABT,Healthcare,0.06882368001032013,0.07994648733979487
2023-05-31,AMGN,Healthcare,0.0062090471526188296,0.08613654635023239
2023-05-31,BAX,Healthcare,0.12688594026015743,0.01509511991342436
2023-05-31,BIIB,Healthcare,-0.03900002501862754,0.058440639082161794
2023-05-31,BMY,Healthcare,-0.007603971843438639,0.07493774269001621
2023-05-31,BSX,Healthcare,0.05069931300621344,0.07706648872097616
2023-05-31,CI,Healthcare,0.13948408260788536,0.06531378202363092
2023-05-31,CVS,Healthcare,0.01616918392762523,0.07026879815412487
2023-05-31,DHR,Healthcare,0.046408751566555884,0.07564737242188745
2023-05-31,EW,Healthcare,0.11990974797093701,0.08698736792032612
2023-05-31,GILD,Healthcare,0.011358374567287832,0.09799586728089044
2023-05-31,HUM,Healthcare,-0.10729599071351059,0.0466677030000238
2023-05-31,ISRG,Healthcare,0.11077185066649653,0.07400416049545754
2023-05-31,JNJ,Healthcare,0.06745788401103603,0.061486098147772734
2023-05-31,LLY,Healthcare,0.09202266686879934,0.04497065001515125
2023-05-31,MDT,Healthcare,0.07290590623681759,0.04592830729996489
2023-05-31,MRK,Healthcare,0.05208737177910994,0.07357466417483163
2023-05-31,PFE,Healthcare,-0.035244495681374666,0.08392457851788708
2023-05-31,REGN,Healthcare,-0.023138796103268522,0.07690597908672715
2023-05-31,SYK,Healthcare,0.1098554151484612,0.09117712802287968
2023-05-31,TMO,Healthcare,0.026820881480029035,0.07190709053632315
2023-05-31,UNH,Healthcare,-0.009496181303188411,0.058838472186021125
2023-05-31,VRTX,Healthcare,0.08758536235249337,0.06064944414717393
2023-05-31,ZBH,Healthcare,0.14529672015980122,0.08167001262453823
2023-05-31,A,Healthcare,0.04158077741751165,0.08888333773809924
2023-05-31,ACAD,Healthcare,0.019148968635721353,0.06904958963597391
2023-05-31,ALGN,Healthcare,0.25111444869001476,0.10949222419298178
2023-05-31,ALKS,Healthcare,0.08192184261611479,0.06368342429087591
2023-05-31,BDX,Healthcare,0.09598752642164188,0.07457731048624007
2023-05-31,DGX,Healthcare,0.0596306592545881,0.0853409494334625
2023-05-31,DXCM,Healthcare,0.09594057790938337,0.07159608134774761
2023-05-31,FOLD,Healthcare,0.11545294532058437,0.06031631240007597
2023-05-31,HOLX,Healthcare,0.026365849247650175,0.10062393838254963
2023-05-31,IDXX,Healthcare,0.08059905514156229,0.11663946146869728
2023-05-31,INSP,Healthcare,0.10991837494438839,0.08663072406254471
2023-05-31,IQV,Healthcare,0.14148595852020973,0.11383848245702671
2023-05-31,MASI,Healthcare,0.01674497513092632,0.10105853533104482
2023-05-31,MTD,Healthcare,-0.007739021618266673,0.1031037018238366
2023-05-31,NBIX,Healthcare,0.05327827920806327,0.06394851958997154
2023-05-31,NTRA,Healthcare,0.03290170275905213,0.09578553196009039
2023-05-31,NVCR,Healthcare,-0.4220860407892668,0.05704228924204291
2023-05-31,PODD,Healthcare,0.05137646795949169,0.10510274323319098
2023-05-31,RARE,Healthcare,-0.06543759121346016,0.06813972432432035
2023-05-31,RMD,Healthcare,0.03657676769936313,0.05852173631536364
2023-05-31,WAT,Healthcare,0.06098243471768683,0.0986345166052013
2023-05-31,AMZN,Consumer,0.08110796675057008,0.08463480024598609
2023-05-31,AZO,Consumer,0.04462805031290862,0.061561449165965426
2023-05-31,BKNG,Consumer,0.07635621463745879,0.11740438195533578
2023-05-31,CMG,Consumer,0.03010364489507822,0.06374658426877113
2023-05-31,COST,Consumer,0.05242774849305021,0.09722540193498042
2023-05-31,DG,Consumer,-0.15570150502408775,0.06911916458838624
2023-05-31,DLTR,Consumer,0.06390862103450234,0.08923254477730347
2023-05-31,DRI,Consumer,0.05399962306150474,0.08510251339730232
2023-05-31,EBAY,Consumer,0.050540642710717565,0.09926449912685545
2023-05-31,HD,Consumer,0.09592523261036123,0.08145825660405684
2023-05-31,HLT,Consumer,0.06927729688621231,0.11097538417833462
2023-05-31,KR,Consumer,0.03684086359532324,0.10443927315398413
2023-05-31,LOW,Consumer,0.12215989094560387,0.08272813190631867
2023-05-31,LULU,Consumer,0.14030069096439512,0.10008382105984169
2023-05-31,MAR,Consumer,0.09476112570395712,0.10861616605164057
2023-05-31,MCD,Consumer,0.052204522984913515,0.0842200866254304
2023-05-31,MGM,Consumer,0.11784161734616294,0.11018386864243873
2023-05-31,NKE,Consumer,0.05199788742303202,0.11900909086353186
2023-05-31,ORLY,Consumer,0.05755498357550981,0.07737142983686102
2023-05-31,ROST,Consumer,0.08564772616484717,0.09621715726805806
2023-05-31,SBUX,Consumer,0.014543313674632019,0.09290188530254903
2023-05-31,TGT,Consumer,0.00740848840474162,0.126388440358601
2023-05-31,TJX,Consumer,0.10418009174147436,0.08848732584242137
2023-05-31,WMT,Consumer,0.07019807556372193,0.09120233351736746
2023-05-31,YUM,Consumer,0.07661850034702145,0.0881092140153891
2023-05-31,BBY,Consumer,0.14127295995749845,0.12785240057269084
2023-05-31,CCL,Consumer,0.6767587557926467,0.14300504430718292
2023-05-31,CHDN,Consumer,0.024664953715477722,0.06455838479683916
2023-05-31,CMCSA,Consumer,0.055908499931975664,0.08668290786164207
2023-05-31,CZR,Consumer,0.24286767390429764,0.14136762780467282
2023-05-31,DIS,Consumer,0.01500678676369338,0.0966182524910396
2023-05-31,DKNG,Consumer,0.1383890111876538,0.0853343153219253
2023-05-31,F,Consumer,0.26083344778693185,0.1263664112879906
2023-05-31,FOX,Consumer,0.09174936492675734,0.1080107881919613
2023-05-31,GM,Consumer,0.19306934691236188,0.10638060422451039
2023-05-31,GRMN,Consumer,0.01805305661242862,0.10257533981451096
2023-05-31,H,Consumer,0.06605879030362782,0.11164160335200297
2023-05-31,IHG,Consumer,0.061793673061733,0.10921116339122433
2023-05-31,LVS,Consumer,0.052058698517516655,0.10391068369162396
2023-05-31,NCLH,Consumer,0.4659932591603788,0.07947159039977793
2023-05-31,NFLX,Consumer,0.11451562666946691,0.09876185609384733
2023-05-31,PENN,Consumer,-0.04033547092466494,0.09237360954518026
2023-05-31,POOL,Consumer,0.1847074036557561,0.09397520018906304
2023-05-31,RCL,Consumer,0.28121547376714773,0.144766363666013
2023-05-31,SIRI,Consumer,0.2724720822104534,0.05158324133446542
2023-05-31,TSLA,Consumer,0.28362672689273194,0.042322981874616736
2023-05-31,WBD,Consumer,0.11170215059481636,0.09045169973913682
2023-05-31,WYNN,Consumer,0.07001026036909175,0.10266869942380867
2023-05-31,APA,Energy,0.07520445382629481,0.10362629102933683
2023-05-31,BA,Energy,0.026543542998889835,0.11540023004623913
2023-05-31,CAT,Energy,0.19586837254046618,0.09427394522691084
2023-05-31,COP,Energy,0.04967319393507652,0.08781428438116178
2023-05-31,CVX,Energy,0.044682155648353206,0.07978113963387483
2023-05-31,DE,Energy,0.1747611065915322,0.10288766971244231
2023-05-31,DVN,Energy,0.06378987801598002,0.03133855349329409
2023-05-31,EOG,Energy,0.06664190837286865,0.08025240793022176
2023-05-31,FDX,Energy,0.14366441384283357,0.10700358769949962
2023-05-31,GD,Energy,0.05372721345631826,0.07013576286075762
2023-05-31,GE,Energy,0.08194614856966198,0.10179069748528262
2023-05-31,HAL,Energy,0.1574266896699008,0.08408286126730935
2023-05-31,HON,Energy,0.0829854996185242,0.08340567021943344
2023-05-31,LMT,Energy,0.036868332658787084,0.07955949958046057
2023-05-31,MMM,Energy,0.07266098582201486,0.09770228375343008
2023-05-31,MPC,Energy,0.1114288899399054,0.08090193284128151
2023-05-31,NOC,Energy,0.0466372788331848,0.06576698680882796
2023-05-31,OXY,Energy,0.02283754421553441,0.08011694499514158
2023-05-31,PSX,Energy,0.04115268426498786,0.08732005502002999
2023-05-31,RTX,Energy,0.06316497166325408,0.057672253220735825
2023-05-31,SLB,Energy,0.1530966791912609,0.08463072978289889
2023-05-31,UNP,Energy,0.06285033849749477,0.09363901015420692
2023-05-31,UPS,Energy,0.07335305644269052,0.0872527098024189
2023-05-31,VLO,Energy,0.0958521808801367,0.04748585039542011
2023-05-31,XOM,Energy,0.0496183644189383,0.0785622372660331
2023-05-31,AME,Energy,0.11773288597643816,0.08585826094541363
2023-05-31,BE,Energy,0.1916909667094684,0.07049316080818004
2023-05-31,BKR,Energy,0.16000020617302968,0.10718639741477183
2023-05-31,CTRA,Energy,0.08817202739164953,0.09902207350700491
2023-05-31,EMR,Energy,0.16361969872010818,0.1149234457783115
2023-05-31,ENPH,Energy,-0.0368070449479615,0.026999254629190058
2023-05-31,ETN,Energy,0.1432631836838658,0.09168147304085715
2023-05-31,FSLR,Energy,-0.06341155868269499,0.07737752440715907
2023-05-31,FTV,Energy,0.14836420402821582,0.0923248756254061
2023-05-31,GNRC,Energy,0.36917010089825397,0.07652538448991773
2023-05-31,HUBB,Energy,0.17383022791021574,0.06252386252199242
2023-05-31,MTDR,Energy,0.1899021453980272,0.09192134219814788
2023-05-31,PH,Energy,0.21720130005969662,0.10622606229010746
2023-05-31,PLUG,Energy,0.24879816399347465,0.0016827640120712145
2023-05-31,PR,Energy,0.17470508128468465,0.09283696677064388
2023-05-31,ROK,Energy,0.18251978432113436,0.09702924853170315
2023-05-31,ROP,Energy,0.05851793980736408,0.07074063176184446
2023-05-31,SM,Energy,0.20311901753785722,0.05249117126679519
2023-05-31,VRSK,Energy,0.03320028344710657,0.09079383590986352
2023-05-31,WMB,Energy,0.15484155546299738,0.10305564272926002
2023-05-31,XYL,Energy,0.12395220769738824,0.09345371361247133
2023-06-30,AAPL,Technology,0.01278548885666897,-0.0036400563377404064
2023-06-30,ADBE,Technology,0.11693489400135704,0.014717071550624568
2023-06-30,AMAT,Technology,0.0487752299412032,0.0435798845347405
2023-06-30,AMD,Technology,0.004301622754951495,-0.0015711223466107441
2023-06-30,AVGO,Technology,0.035991481161862016,0.0012384159860919562
2023-06-30,CDNS,Technology,-0.002174696214965466,-0.012646679716505056
2023-06-30,CRM,Technology,0.06508564027325558,0.045706602535909545
2023-06-30,CRWD,Technology,0.10070136199787383,0.027086165740214347
2023-06-30,FTNT,Technology,0.028178396428163444,0.027193386721303635
2023-06-30,GOOGL,Technology,0.10877190051096641,0.0030380456609900553
2023-06-30,INTC,Technology,0.06967698469069794,0.013606170504994264
2023-06-30,INTU,Technology,0.11871848564602283,0.017910531626379338
2023-06-30,KLAC,Technology,0.05964716987881791,0.005250003894965284
2023-06-30,LRCX,Technology,0.11764615229146091,0.03142820337748772
2023-06-30,META,Technology,0.11018183299144524,0.09150266099489328
2023-06-30,MSFT,Technology,-0.0135666670572262,0.007016629873566745
2023-06-30,MU,Technology,0.13332767194165918,0.026706888397464053
2023-06-30,NET,Technology,0.05201153057412333,-0.01985198186345852
2023-06-30,NOW,Technology,0.037421938776133645,0.02792739968603455
2023-06-30,NVDA,Technology,0.1046523674993809,-0.04437549520943991
2023-06-30,ORCL,Technology,-0.012163902982920138,0.00206131023042063
2023-06-30,PANW,Technology,-0.0217212160474618,0.015073672804283992
2023-06-30,QCOM,Technology,0.11029890043503876,0.023464479830431376
2023-06-30,SNPS,Technology,0.03764264484740343,-0.019623912655074814
2023-06-30,TXN,Technology,0.006914312713374393,0.01405676687456579
2023-06-30,ACN,Technology,0.028900531782049432,0.005349561463256321
2023-06-30,ADI,Technology,0.024228679734270564,0.007946531852425252
2023-06-30,ANET,Technology,-0.04300877036717887,-0.02468548166355292
2023-06-30,CGNX,Technology,-0.02499115143238273,0.0018619922496740447
2023-06-30,COHU,Technology,0.05028874118206961,0.0011351405288777606
2023-06-30,CSCO,Technology,0.013425303201041405,0.0026377613791145737
2023-06-30,DELL,Technology,-0.01518910340786217,-0.004205239498828959
2023-06-30,ENTG,Technology,-0.010016180465878821,-0.010286460871544752
2023-06-30,FORM,Technology,0.08591462658774773,0.058774994578356145
2023-06-30,HPQ,Technology,0.06903308158499888,-0.016013979369874677
2023-06-30,IBM,Technology,0.07749777424930371,0.012681919716873484
2023-06-30,IPGP,Technology,-0.032175012077159004,0.020031049143040974
2023-06-30,KEYS,Technology,-0.0380411778637203,0.013698680361771905
2023-06-30,MCHP,Technology,0.04855443065160747,0.028035346039597973
2023-06-30,MKSI,Technology,0.009898202039652304,0.027978750509823163
2023-06-30,MPWR,Technology,0.03565118964015612,0.013343232361109294
2023-06-30,MRVL,Technology,0.09058907511162895,-0.015433012793020182
2023-06-30,NXPI,Technology,0.08940779357808415,0.015739998242762863
2023-06-30,ONTO,Technology,0.06739931649219999,0.02593416469242925
2023-06-30,QRVO,Technology,0.07831028089153325,0.022080690741784606
2023-06-30,STX,Technology,0.02634571308412137,0.06035600043721305
2023-06-30,SWKS,Technology,0.033246039704413866,0.00022370980333383155
2023-06-30,TER,Technology,0.01446151453946909,0.012000477690703362
2023-06-30,VRSN,Technology,-0.06646897760003245,0.011351655305255816
2023-06-30,WDC,Technology,0.1220670386022289,0.129268047711026
2023-06-30,AXP,Financials,-0.027215065508623848,-0.0015190572152912487
2023-06-30,BAC,Financials,0.11537117071423819,0.0321694013967434
2023-06-30,BK,Financials,0.028335199866714067,0.028239948618309477
2023-06-30,BLK,Financials,0.06903097676631975,0.018450239870966913
2023-06-30,C,Financials,0.035186745963694754,-0.009415540863323744
2023-06-30,CFG,Financials,0.23696292420391685,-0.06380768191272829
2023-06-30,CME,Financials,0.07377654437591552,0.019951015450549118
2023-06-30,COF,Financials,0.06994604379343272,0.0340756150921091
2023-06-30,FITB,Financials,0.11026340365774989,0.022880738948992337
2023-06-30,GS,Financials,0.10333595108526206,0.013081196504844995
2023-06-30,HBAN,Financials,0.13543613527155296,0.010211861914507585
2023-06-30,ICE,Financials,0.015210503128078035,0.011473165456957273
2023-06-30,JPM,Financials,0.09354237131817067,0.011486658505894882
2023-06-30,KEY,Financials,0.33225086322338826,0.06551599876219634
2023-06-30,MCO,Financials,0.014465677373239672,0.0012866340476676559
2023-06-30,MS,Financials,0.08204762076084449,0.02279960137156392
2023-06-30,MTB,Financials,0.13009045395285423,0.014352580582966228
2023-06-30,PNC,Financials,0.09999648632927216,-0.004082960733372171
2023-06-30,RF,Financials,0.14309786394931612,0.01924166416146007
2023-06-30,SCHW,Financials,0.1661962120140017,-0.016395340802122977
2023-06-30,SPGI,Financials,-0.015914568270589236,0.011574248820411219
2023-06-30,STT,Financials,-0.010111795695616488,0.05311175786558493
2023-06-30,TFC,Financials,0.09456346618568245,0.04457061807149015
2023-06-30,USB,Financials,0.20096842704179485,-0.06083034150733893
2023-06-30,WFC,Financials,0.08153678835829092,0.005050773862700749
2023-06-30,AFL,Financials,0.03638951833803783,0.01596187784174893
2023-06-30,AJG,Financials,-0.02172435412748408,0.02038799725236669
2023-06-30,ALL,Financials,0.03338221064859703,0.022796965295946547
2023-06-30,AMTD,Financials,-0.04430370705698905,0.11914896010734465
2023-06-30,AON,Financials,-0.07556873624589433,0.009685929121687352
2023-06-30,CB,Financials,0.061539157924942245,0.021099291696916052
2023-06-30,FDS,Financials,0.08583535926526209,0.013206086875333905
2023-06-30,FNF,Financials,0.08805540581263682,0.04047069523442312
2023-06-30,GL,Financials,0.0253666024842214,0.015185600874993693
2023-06-30,HIG,Financials,-0.0019439924647722817,0.021677397733103326
2023-06-30,IBKR,Financials,0.051282101478903996,0.023404855631947677
2023-06-30,LPLA,Financials,0.05486823541391206,0.045702542245766635
2023-06-30,MET,Financials,0.1139218131661317,-0.04325051480985022
2023-06-30,MSCI,Financials,0.16789204792938972,0.015947967566793054
2023-06-30,NDAQ,Financials,0.012838808853380845,0.022968150065801815
2023-06-30,PGR,Financials,-0.047548767898340505,0.009075647002615173
2023-06-30,PRU,Financials,0.09374278032530636,0.026367439202996893
2023-06-30,RJF,Financials,0.06071107315445201,0.08711062327605462
2023-06-30,SEIC,Financials,0.05652474595896284,0.02122659758966314
2023-06-30,SF,Financials,0.06485672136384846,0.0033235606534619453
2023-06-30,SYF,Financials,0.025661742169042823,0.04089458375903799
2023-06-30,TRV,Financials,-0.006046428058336439,0.004089040151880546
2023-06-30,UNM,Financials,0.026733611273769498,-0.003176424370652292
2023-06-30,WTW,Financials,-0.10263282098424087,0.022154584676174826
2023-06-30,ABBV,Healthcare,0.12252862440728185,0.0026323026388889712
2023-06-30,ABT,Healthcare,0.026086253393711623,0.01986356880439852
2023-06-30,AMGN,Healthcare,0.054634642761004715,0.023941191707423544
2023-06-30,BAX,Healthcare,-0.007243268471122888,0.014645868303375342
2023-06-30,BIIB,Healthcare,-0.05146569544668311,0.030039614374424484
2023-06-30,BMY,Healthcare,-0.018882042147947864,0.04594084257092065
2023-06-30,BSX,Healthcare,-0.04141249162780092,-0.004183396816566005
2023-06-30,CI,Healthcare,0.05167511616437537,0.032811704698776416
2023-06-30,CVS,Healthcare,0.08928867919778893,-0.006300231254594634
2023-06-30,DHR,Healthcare,0.06274996804194521,0.055075931022792506
2023-06-30,EW,Healthcare,-0.12996927698769867,0.03445599625436365
2023-06-30,GILD,Healthcare,-0.012066815226959626,0.027822976489982942
2023-06-30,HUM,Healthcare,0.02169370442114138,0.011160103789115618
2023-06-30,ISRG,Healthcare,-0.05129557355000447,0.04102267604203118
2023-06-30,JNJ,Healthcare,0.012143539828303407,0.028233788843452446
2023-06-30,LLY,Healthcare,-0.030768989832569926,-0.0029305862151489215
2023-06-30,MDT,Healthcare,-0.0038593735437130183,0.01619937742454793
2023-06-30,MRK,Healthcare,-0.07574300554545155,0.015118073143017897
2023-06-30,PFE,Healthcare,-0.005950008437126675,0.016764530173857692
2023-06-30,REGN,Healthcare,0.03252422422904355,0.02981833795395986
2023-06-30,SYK,Healthcare,-0.0710610497471108,0.015959134444207324
2023-06-30,TMO,Healthcare,0.051576331186123925,0.021362959537661052
2023-06-30,UNH,Healthcare,0.05353260426639461,0.023356247005607456
2023-06-30,VRTX,Healthcare,0.001221882502078886,0.014192848206779358
2023-06-30,ZBH,Healthcare,-0.05116752288199966,0.0059055241339883435
2023-06-30,A,Healthcare,0.012640286742512385,-0.006720411172255297
2023-06-30,ACAD,Healthcare,0.22087677827403351,0.07550970541144734
2023-06-30,ALGN,Healthcare,0.06857255682479124,0.014583557943760976
2023-06-30,ALKS,Healthcare,-0.06453669647452498,-0.015864227929114287
2023-06-30,BDX,Healthcare,0.05533873140406875,0.004533197245624276
2023-06-30,DGX,Healthcare,-0.03312325544166206,0.026950523946385016
2023-06-30,DXCM,Healthcare,-0.030736885200256303,0.015399624914073057
2023-06-30,FOLD,Healthcare,0.08439485911854216,0.012801907542726346
2023-06-30,HOLX,Healthcare,-0.01914292983067778,0.012713491227981153
2023-06-30,IDXX,Healthcare,0.10453371629329222,0.0020615613392813985
2023-06-30,INSP,Healthcare,-0.11344879074666159,0.027994728861036888
2023-06-30,IQV,Healthcare,-0.004493525588052605,0.030727080853365393
2023-06-30,MASI,Healthcare,-0.2567608581976788,0.021337966454978336
2023-06-30,MTD,Healthcare,-0.041299474962901206,0.011678606068096776
2023-06-30,NBIX,Healthcare,0.08048776343861563,-0.0005818415586421086
2023-06-30,NTRA,Healthcare,-0.07069458770029025,0.09002869003164395
2023-06-30,NVCR,Healthcare,-0.21349399061088103,0.07619467880664228
2023-06-30,PODD,Healthcare,-0.040195590223664035,0.029813519972083063
2023-06-30,RARE,Healthcare,-0.06525042416075211,0.02509290115659272
2023-06-30,RMD,Healthcare,0.01762011543034303,-0.0013840011475081306
2023-06-30,WAT,Healthcare,0.03627966759266643,0.04568949005667426
2023-06-30,AMZN,Consumer,0.025467873963526566,0.00488342575960292
2023-06-30,AZO,Consumer,-0.004668453900462,0.0101460113468785
2023-06-30,BKNG,Consumer,0.1001618448630679,0.0324311781349898
2023-06-30,CMG,Consumer,-0.082617980974665,0.02183615184712045
2023-06-30,COST,Consumer,0.041401848481183334,0.0052407470278147865
2023-06-30,DG,Consumer,-0.001941115260167714,-0.003230383928438683
2023-06-30,DLTR,Consumer,0.07547039603522432,0.019014542519713275
2023-06-30,DRI,Consumer,0.019147934050882442,-0.013885496251667122
2023-06-30,EBAY,Consumer,-0.004027783607736035,0.01750943434681291
2023-06-30,HD,Consumer,0.07468450878312649,0.007365697294799531
2023-06-30,HLT,Consumer,0.06829278957571172,0.019790728235638065
2023-06-30,KR,Consumer,0.03489365702779623,0.025572039280482094
2023-06-30,LOW,Consumer,0.04287291887803346,0.0004545741338473856
2023-06-30,LULU,Consumer,7.925701267330609e-05,0.0010243887517763406
2023-06-30,MAR,Consumer,0.09864443609193163,-0.007177368332364867
2023-06-30,MCD,Consumer,-0.01745907553927384,0.01657221404680936
2023-06-30,MGM,Consumer,0.15596545023678576,0.01672817091211392
2023-06-30,NKE,Consumer,0.00018122713010249036,0.029381295749655294
2023-06-30,ORLY,Consumer,-0.030890841001162128,0.010237400000559137
2023-06-30,ROST,Consumer,0.022384870802915513,0.03936908918443826
2023-06-30,SBUX,Consumer,0.025338253159193247,0.008471936425118674
2023-06-30,TGT,Consumer,0.034647552382644164,0.042589225342048044
2023-06-30,TJX,Consumer,0.02052140614338538,0.02270888236019795
2023-06-30,WMT,Consumer,0.0170503609167878,0.022227047855585838
2023-06-30,YUM,Consumer,-0.006351529315706372,0.010910146369591003
2023-06-30,BBY,Consumer,0.013422734392700919,0.009837607647665452
2023-06-30,CCL,Consumer,0.0005310922508969806,0.06074189258278616
2023-06-30,CHDN,Consumer,-0.1675648986995617,0.025878221293151354
2023-06-30,CMCSA,Consumer,0.09694619286075423,0.017425401893597654
2023-06-30,CZR,Consumer,0.15793602205743684,0.07651563681852945
2023-06-30,DIS,Consumer,-0.0043682815978594025,0.055671060307298896
2023-06-30,DKNG,Consumer,0.19608585064591422,0.08306281715800666
2023-06-30,F,Consumer,-0.11739629511546157,0.06413510166801428
2023-06-30,FOX,Consumer,-0.015051692167138642,0.028255398235881822
2023-06-30,GM,Consumer,-0.004927370026300726,0.049271254421316406
2023-06-30,GRMN,Consumer,0.015341852312911408,0.0072604641068144985
2023-06-30,H,Consumer,0.10272285732996744,0.031574351893460625
2023-06-30,IHG,Consumer,0.07026262037770814,-0.0024319239417782356
2023-06-30,LVS,Consumer,0.031206907406674755,0.03848423825072245
2023-06-30,NCLH,Consumer,0.013780396451648302,0.059897128085413094
2023-06-30,NFLX,Consumer,-0.0034507123426921193,-0.002745515016421299
2023-06-30,PENN,Consumer,0.09404911212249001,-0.0015016228732957488
2023-06-30,POOL,Consumer,0.026959245200891324,0.07687253315947343
2023-06-30,RCL,Consumer,0.051763991420868294,0.0027348141168140275
2023-06-30,SIRI,Consumer,0.12582779413769263,0.021203132916364904
2023-06-30,TSLA,Consumer,0.021622049507798113,-0.029964933886530015
2023-06-30,WBD,Consumer,0.042264731625475616,0.0634100503345484
2023-06-30,WYNN,Consumer,0.03190980373796348,0.007820661610474351
2023-06-30,APA,Energy,0.19279880082176115,-0.022994914101694425
2023-06-30,BA,Energy,0.1311327995888596,0.009036371334555275
2023-06-30,CAT,Energy,0.08304496496236702,0.040526213054644655
2023-06-30,COP,Energy,0.1361835645476026,0.06336385765527415
2023-06-30,CVX,Energy,0.040101466942013664,0.049401542149355056
2023-06-30,DE,Energy,0.060243429335303134,0.05357498925192156
2023-06-30,DVN,Energy,0.11708730573204162,-0.00393592776371426
2023-06-30,EOG,Energy,0.1659216555392291,0.06634861630144381
2023-06-30,FDX,Energy,0.08894721251706961,0.033298310480387124
2023-06-30,GD,Energy,0.045595733109262904,0.01462525689017766
2023-06-30,GE,Energy,0.04073278413394377,0.015534687527174323
2023-06-30,HAL,Energy,0.18460129553653193,-0.006837364966271307
2023-06-30,HON,Energy,-0.06443377595093203,0.020400491192043416
2023-06-30,LMT,Energy,-0.03043134089877919,0.023563984204775193
2023-06-30,MMM,Energy,0.11399740682235815,0.04055673324359105
2023-06-30,MPC,Energy,0.14082343751310544,0.028940461749635375
2023-06-30,NOC,Energy,-0.02369469577139216,0.02613733627922994
2023-06-30,OXY,Energy,0.07363942480074348,0.061083249934557465
2023-06-30,PSX,Energy,0.16953253823218395,0.03906430658348241
2023-06-30,RTX,Energy,-0.102388788269552,0.007689502216286029
2023-06-30,SLB,Energy,0.1877037767832379,-0.0007263642876166091
2023-06-30,UNP,Energy,0.13390677769272297,0.038664341125714985
2023-06-30,UPS,Energy,0.043961168391392746,0.016180618428407234
2023-06-30,VLO,Energy,0.09897679942079551,0.07217712386435357
2023-06-30,XOM,Energy,-9.33395403476256e-05,0.010826308410393759
2023-06-30,AME,Energy,-0.02026182555537248,0.0016291435052137114
2023-06-30,BE,Energy,0.09235475190527787,-0.002675850522961619
2023-06-30,BKR,Energy,0.13223670199972215,0.08870326659760243
2023-06-30,CTRA,Energy,0.08853757800279705,0.07000957921776237
2023-06-30,EMR,Energy,0.01062056924958199,0.052803094930715305
2023-06-30,ENPH,Energy,-0.09344395925316484,-0.01822393222262616
2023-06-30,ETN,Energy,0.02098448714106005,-0.008011219495146816
2023-06-30,FSLR,Energy,0.09106211737636483,0.04152092542448287
2023-06-30,FTV,Energy,0.04788008355838014,0.005824246967836421
2023-06-30,GNRC,Energy,0.030644350002005494,0.07982299021554091
2023-06-30,HUBB,Energy,-0.05899401090657286,0.015185317161271819
2023-06-30,MTDR,Energy,0.06326472831104435,-0.03935114410011851
2023-06-30,PH,Energy,0.05119996169331653,-0.0025873349470221414
2023-06-30,PLUG,Energy,0.26275259403535944,0.11286097054760007
2023-06-30,PR,Energy,0.06660598227690429,0.016373094954531646
2023-06-30,ROK,Energy,0.02076156617905789,-0.01641872780981439
2023-06-30,ROP,Energy,0.026948861885853548,0.010038171865514188
2023-06-30,SM,Energy,0.15230110660475038,-0.0007529046098574177
2023-06-30,VRSK,Energy,0.012874314573570578,-0.005975267852133222
2023-06-30,WMB,Energy,0.055776764166791004,0.02511382948404611
2023-06-30,XYL,Energy,0.0011542850750940747,0.026566688027395858
2023-07-31,AAPL,Technology,-0.04238388781963587,0.023780391803264536
2023-07-31,ADBE,Technology,0.02411345251003838,0.025496391957362852
2023-07-31,AMAT,Technology,0.009904059606310467,0.03334502703007656
2023-07-31,AMD,Technology,-0.07587412752972944,0.0034642582668929153
2023-07-31,AVGO,Technology,0.026973682938613353,0.0007943489311046575
2023-07-31,CDNS,Technology,0.027477492780260127,0.016509228736689332
2023-07-31,CRM,Technology,-0.01577697426691793,0.07314918623854672
2023-07-31,CRWD,Technology,0.008474545875001738,0.08557729355174135
2023-07-31,FTNT,Technology,-0.22529595807013625,0.053490331371243725
2023-07-31,GOOGL,Technology,0.025994596505081624,0.04173669062702653
2023-07-31,INTC,Technology,-0.01407811891294275,0.0483687526435274
2023-07-31,INTU,Technology,0.058843148793120026,0.00780048766975554
2023-07-31,KLAC,Technology,-0.020846858816372382,0.02091715856550124
2023-07-31,LRCX,Technology,-0.02239416791974347,0.03402554056129304
2023-07-31,META,Technology,-0.0712807025199168,0.07908808101318834
2023-07-31,MSFT,Technology,-0.02222592995156869,0.029212591021221843
2023-07-31,MU,Technology,-0.020310665227769475,0.0731694390666045
2023-07-31,NET,Technology,-0.05438415073918157,0.052824193882009145
2023-07-31,NOW,Technology,0.010000003271610103,0.045511723811987294
2023-07-31,NVDA,Technology,0.05619641511163498,0.08756415861236205
2023-07-31,ORCL,Technology,0.02695561613743891,0.01934330142571748
2023-07-31,PANW,Technology,-0.026644277017215723,0.0348071553390337
2023-07-31,QCOM,Technology,-0.12732869538059322,0.06785514665982768
2023-07-31,SNPS,Technology,0.015692844282938934,0.018377800200889305
2023-07-31,TXN,Technology,-0.06633334665878166,0.005341475580822855
2023-07-31,ACN,Technology,0.023454896652151058,0.0005627389096816308
2023-07-31,ADI,Technology,-0.0889591722094969,0.01639158949744829
2023-07-31,ANET,Technology,0.2588174630051343,0.007274503795855557
2023-07-31,CGNX,Technology,-0.13676599275611256,0.01994402384845822
2023-07-31,COHU,Technology,-0.1434135605360537,0.014730892286451894
2023-07-31,CSCO,Technology,0.10203694466994606,0.010059636859092171
2023-07-31,DELL,Technology,0.06273615502356367,0.011702396545923567
2023-07-31,ENTG,Technology,-0.0760879656590926,0.0563070875981441
2023-07-31,FORM,Technology,-0.04951561249040293,0.09389006842692446
2023-07-31,HPQ,Technology,-0.09503526435987597,0.011683201244670009
2023-07-31,IBM,Technology,0.03009926886499037,0.0035607993642138374
2023-07-31,IPGP,Technology,-0.17565611923887836,-0.0029728381260349826
2023-07-31,KEYS,Technology,-0.1724608794605884,0.01720113807343531
2023-07-31,MCHP,Technology,-0.12428428907179911,0.00010395234500889417
2023-07-31,MKSI,Technology,-0.0797272511706173,0.023798074652676696
2023-07-31,MPWR,Technology,-0.06841914651285697,0.062431036186456464
2023-07-31,MRVL,Technology,-0.10563500316134267,0.041186464103688765
2023-07-31,NXPI,Technology,-0.07740595844917386,0.029467563242573304
2023-07-31,ONTO,Technology,0.11792146129907999,0.030321730943734373
2023-07-31,QRVO,Technology,-0.0239047203568854,0.03358502175944067
2023-07-31,STX,Technology,0.11480326723294954,0.04802051665698477
2023-07-31,SWKS,Technology,-0.04305176300149316,0.030020687021724685
2023-07-31,TER,Technology,-0.043911559265984335,0.0162696011624462
2023-07-31,VRSN,Technology,-0.014979948299649992,0.0105102348355475
2023-07-31,WDC,Technology,0.05733076662536507,0.07221884265550974
2023-07-31,AXP,Financials,-0.06448374203069762,0.006502621705204439
2023-07-31,BAC,Financials,-0.09659634526436367,0.035578423808457375
2023-07-31,BK,Financials,-0.010802485683656271,-0.00040940775862197956
2023-07-31,BLK,Financials,-0.05185083356244846,0.010688644724213867
2023-07-31,C,Financials,-0.12360327943665639,0.011647083923689891
2023-07-31,CFG,Financials,-0.11651992599884475,0.033801448734580804
2023-07-31,CME,Financials,0.018697136717335416,-0.0032804790700704588
2023-07-31,COF,Financials,-0.12034729269004685,0.026610256545630588
2023-07-31,FITB,Financials,-0.08762897002730996,0.001844808846978934
2023-07-31,GS,Financials,-0.07145142402838667,0.013829965991226418
2023-07-31,HBAN,Financials,-0.09395425381408329,0.022574767967823255
2023-07-31,ICE,Financials,0.02778734774160818,0.0126061207331194
2023-07-31,JPM,Financials,-0.07362623477589125,0.006193065947031362
2023-07-31,KEY,Financials,-0.061935029108604045,0.084492864183111
2023-07-31,MCO,Financials,-0.04299359240446565,0.014503049409631085
2023-07-31,MS,Financials,-0.07000883478497855,0.016444590438062047
2023-07-31,MTB,Financials,-0.09660250049376184,0.011781376181155769
2023-07-31,PNC,Financials,-0.11805100195541618,0.012882491645278786
2023-07-31,RF,Financials,-0.08787446359738338,0.05001104283181474
2023-07-31,SCHW,Financials,-0.1017041275359134,-0.008860181665405507
2023-07-31,SPGI,Financials,-0.006942747693829299,0.011691189704590677
2023-07-31,STT,Financials,-0.05107694109040384,0.027742068591901366
2023-07-31,TFC,Financials,-0.06492236409224739,0.0636323329920863
2023-07-31,USB,Financials,-0.07938514478914915,-0.04051221076572355
2023-07-31,WFC,Financials,-0.09850630165198682,0.024588041917696157
2023-07-31,AFL,Financials,0.03667511893733466,0.005099591314498788
2023-07-31,AJG,Financials,0.07556086123678951,0.0066598952512027685
2023-07-31,ALL,Financials,-0.03516122653685616,0.014375668040216841
2023-07-31,AMTD,Financials,-0.19205299860559344,0.046669203302772196
2023-07-31,AON,Financials,0.04675030744445752,0.011636363098054875
2023-07-31,CB,Financials,-0.017317953212170223,0.006926342047832189
2023-07-31,FDS,Financials,0.005436512324320963,0.007646248250061093
2023-07-31,FNF,Financials,0.05693175557870611,0.004834042666652635
2023-07-31,GL,Financials,-0.005348932505500503,0.011135986780931955
2023-07-31,HIG,Financials,0.0050848621663317495,0.01307693113876935
2023-07-31,IBKR,Financials,0.04409741475224882,0.023371049812080064
2023-07-31,LPLA,Financials,0.006705388597911144,0.009675577708727243
2023-07-31,MET,Financials,0.014177061466481566,-0.012839191188671004
2023-07-31,MSCI,Financials,-0.005625317081854431,0.017196646539202283
2023-07-31,NDAQ,Financials,0.03941349670282546,0.01786890319635191
2023-07-31,PGR,Financials,0.05945374315609464,0.01862296188453796
2023-07-31,PRU,Financials,-0.005465784973421761,-0.010195030554967082
2023-07-31,RJF,Financials,-0.049786496363518395,-0.003715286271418913
2023-07-31,SEIC,Financials,-0.014764270309539196,0.00023525742242459755
2023-07-31,SF,Financials,0.028987188999732405,0.016743891699910737
2023-07-31,SYF,Financials,-0.06543156654951432,0.04566628545815724
2023-07-31,TRV,Financials,-0.06592898138028958,0.015945947348966746
2023-07-31,UNM,Financials,0.011931358144425364,0.022898144770881954
2023-07-31,WTW,Financials,-0.02162502651069087,0.02025863457719478
2023-07-31,ABBV,Healthcare,-0.017515907108508033,0.042227770567252916
2023-07-31,ABT,Healthcare,-0.07572088658580278,0.02013409348137495
2023-07-31,AMGN,Healthcare,0.10363844972314862,0.03688343150632435
2023-07-31,BAX,Healthcare,-0.096120272738357,-0.0009988514710087433
2023-07-31,BIIB,Healthcare,-0.010474173967474854,0.02853569791201265
2023-07-31,BMY,Healthcare,-0.008683046182590415,0.047264120583804366
2023-07-31,BSX,Healthcare,0.04030858657847469,0.005939630703777537
2023-07-31,CI,Healthcare,-0.0638427156607253,-0.025761920691484374
2023-07-31,CVS,Healthcare,-0.1274604465638015,0.008455546688139418
2023-07-31,DHR,Healthcare,0.038971179493130226,0.03740753804109634
2023-07-31,EW,Healthcare,-0.06823441568105992,0.00813904124804776
2023-07-31,GILD,Healthcare,0.004465539404726604,0.011527627602907344
2023-07-31,HUM,Healthcare,0.010507416145926207,0.013342534068521018
2023-07-31,ISRG,Healthcare,-0.03612824118746116,0.03375767694670344
2023-07-31,JNJ,Healthcare,-0.027912133838273956,0.01825505067829628
2023-07-31,LLY,Healthcare,0.22184160277447407,0.013326053650346732
2023-07-31,MDT,Healthcare,-0.07133072915032401,0.011938086760524429
2023-07-31,MRK,Healthcare,0.021847137886195966,0.0036230746603496304
2023-07-31,PFE,Healthcare,-0.01885754355080438,0.02639956398947718
2023-07-31,REGN,Healthcare,0.11400307357573802,0.03215859563814631
2023-07-31,SYK,Healthcare,0.0004939664109475661,0.008588280486961157
2023-07-31,TMO,Healthcare,0.015383225776047782,0.02339467761227304
2023-07-31,UNH,Healthcare,-0.058830315723097604,0.025849195196708113
2023-07-31,VRTX,Healthcare,-0.011352670833781886,0.021126886603316606
2023-07-31,ZBH,Healthcare,-0.13774880010693402,0.00938590817179364
2023-07-31,A,Healthcare,-0.005748650519757259,0.0421053379151497
2023-07-31,ACAD,Healthcare,-0.07592336972407565,0.011846210726251513
2023-07-31,ALGN,Healthcare,-0.020508612822728534,0.05023699071387093
2023-07-31,ALKS,Healthcare,-0.0030737756310551534,0.017872020312773504
2023-07-31,BDX,Healthcare,0.0029789178012575857,0.0068399175069453885
2023-07-31,DGX,Healthcare,-0.027438768181804685,0.010948378888914732
2023-07-31,DXCM,Healthcare,-0.1893063155413759,0.027719814765547243
2023-07-31,FOLD,Healthcare,-0.05873716574572674,0.0004695995635457883
2023-07-31,HOLX,Healthcare,-0.05892722756326818,0.011320513943815124
2023-07-31,IDXX,Healthcare,-0.078092005717872,0.025724804917538643
2023-07-31,INSP,Healthcare,-0.21170214097019624,0.024923806665121572
2023-07-31,IQV,Healthcare,-0.005050007381855348,0.004821340703965872
2023-07-31,MASI,Healthcare,-0.065576484647076,0.008431330724716031
2023-07-31,MTD,Healthcare,-0.03498293498792471,0.02077905302068501
2023-07-31,NBIX,Healthcare,0.06870154128895956,0.02126189423836789
2023-07-31,NTRA,Healthcare,0.298761564724326,0.07121160307281903
2023-07-31,NVCR,Healthcare,-0.32414216058660317,0.08002395284993773
2023-07-31,PODD,Healthcare,-0.3072809152163787,0.03757407949822254
2023-07-31,RARE,Healthcare,-0.1467995865759809,0.02062185319081097
2023-07-31,RMD,Healthcare,-0.2803736632138779,0.012591802600329683
2023-07-31,WAT,Healthcare,0.016617778067007816,0.02757312476452732
2023-07-31,AMZN,Consumer,0.0323907994336623,0.026591291092700392
2023-07-31,AZO,Consumer,0.019990211630452226,0.0025745882328348613
2023-07-31,BKNG,Consumer,0.04518311875397085,0.00905602810403256
2023-07-31,CMG,Consumer,-0.018162618406164288,0.009684178219158544
2023-07-31,COST,Consumer,-0.01846366833133417,0.01393867292175935
2023-07-31,DG,Consumer,-0.17979395036333268,-0.013926967608045777
2023-07-31,DLTR,Consumer,-0.2071535076873824,0.02725399035485685
2023-07-31,DRI,Consumer,-0.07938662690240439,0.007597985135982915
2023-07-31,EBAY,Consumer,0.011718236760361878,0.028256221134093068
2023-07-31,HD,Consumer,-0.004285844631915503,0.012194480760540458
2023-07-31,HLT,Consumer,-0.04303257031070107,0.010516458833991197
2023-07-31,KR,Consumer,-0.04057772002566673,0.011484751117970692
2023-07-31,LOW,Consumer,-0.01617781262765272,0.015507500687953917
2023-07-31,LULU,Consumer,0.007212139051414601,-0.003069151301855604
2023-07-31,MAR,Consumer,0.010975953394050109,0.004954561021917457
2023-07-31,MCD,Consumer,-0.035942937067406255,0.0008331465262497362
2023-07-31,MGM,Consumer,-0.13374041469974085,0.014013979614205712
2023-07-31,NKE,Consumer,-0.07863022947874376,0.032572192416646904
2023-07-31,ORLY,Consumer,0.015025013670200593,0.005728282951031789
2023-07-31,ROST,Consumer,0.06254347723246112,0.008613234119239381
2023-07-31,SBUX,Consumer,-0.03554606002069205,0.01914101679421092
2023-07-31,TGT,Consumer,-0.06474068097033225,0.03945237451611967
2023-07-31,TJX,Consumer,0.07288886783728032,0.004866826012920798
2023-07-31,WMT,Consumer,0.020818983877671338,0.01142967326906793
2023-07-31,YUM,Consumer,-0.055813691790515985,0.008382671140576834
2023-07-31,BBY,Consumer,-0.07947012624714966,0.022361569384409582
2023-07-31,CCL,Consumer,-0.1602972985425244,0.017217973511219734
2023-07-31,CHDN,Consumer,0.08139843833570781,-0.014227428317065059
2023-07-31,CMCSA,Consumer,0.03314192075990885,0.02123258661949372
2023-07-31,CZR,Consumer,-0.0637072535931481,-0.01030338470357084
2023-07-31,DIS,Consumer,-0.05861171584220548,0.0692270120570944
2023-07-31,DKNG,Consumer,-0.06702331724650645,0.1529616186984531
2023-07-31,F,Consumer,-0.0817562299872926,-0.0029171583941431183
2023-07-31,FOX,Consumer,-0.01996132973622311,0.008701040183754083
2023-07-31,GM,Consumer,-0.12430101846553154,0.02207324912904481
2023-07-31,GRMN,Consumer,0.0012276412309946139,0.01133241503271985
2023-07-31,H,Consumer,-0.10913631443233929,0.005382226363391555
2023-07-31,IHG,Consumer,0.01392133372195703,0.016779143779872652
2023-07-31,LVS,Consumer,-0.07958496367591328,0.02750270465908494
2023-07-31,NCLH,Consumer,-0.24920707186461089,-0.004501993359235339
2023-07-31,NFLX,Consumer,-0.012050922303035394,0.03376921318927801
2023-07-31,PENN,Consumer,-0.09889693004666733,0.060538129385066204
2023-07-31,POOL,Consumer,-0.047034090580354015,-0.001556836992265159
2023-07-31,RCL,Consumer,-0.09320868417227568,0.025484389979483643
2023-07-31,SIRI,Consumer,-0.1329465008403451,-0.022147809604808593
2023-07-31,TSLA,Consumer,-0.034962443852926794,0.07480478804337232
2023-07-31,WBD,Consumer,0.005355826329992652,0.029368053896935465
2023-07-31,WYNN,Consumer,-0.0672776551546923,0.02729448910454398
2023-07-31,APA,Energy,0.08273640996899423,-0.002752493404160999
2023-07-31,BA,Energy,-0.06204733910618321,0.020771778433737967
2023-07-31,CAT,Energy,0.06018773549236989,0.01197520000543342
2023-07-31,COP,Energy,0.015528926851056113,0.037966771458939896
2023-07-31,CVX,Energy,-0.006182038019974079,0.025381239096368295
2023-07-31,DE,Energy,-0.04343582119924194,-0.01935974919924639
2023-07-31,DVN,Energy,-0.053888716905769796,0.05179874382250871
2023-07-31,EOG,Energy,-0.029502843691227798,0.04742393124066254
2023-07-31,FDX,Energy,-0.03308024235098339,0.054033741056970105
2023-07-31,GD,Energy,0.013686320616614678,0.014227249937560695
2023-07-31,GE,Energy,0.0019257343917100656,0.0036485762024955188
2023-07-31,HAL,Energy,-0.011770976048235515,0.005468525008504289
2023-07-31,HON,Energy,-0.026587775362898358,0.006957404658822144
2023-07-31,LMT,Energy,0.011140621629917913,0.013901118598747765
2023-07-31,MMM,Energy,-0.029011093115289377,0.0537757772875918
2023-07-31,MPC,Energy,0.07874389451565311,0.020259564517531
2023-07-31,NOC,Energy,-0.022534714375491482,0.014015001444497173
2023-07-31,OXY,Energy,-0.005385761477140316,0.03125096971194383
2023-07-31,PSX,Energy,0.0329730193108857,0.02299590991592031
2023-07-31,RTX,Energy,-0.014666194669407773,0.006502563456322084
2023-07-31,SLB,Energy,0.010627193291856685,0.006304647678535951
2023-07-31,UNP,Energy,-0.04378572112372803,0.022713727466199214
2023-07-31,UPS,Energy,-0.08654328757662422,0.0196306189406545
2023-07-31,VLO,Energy,0.0157255760290671,0.026986087032990894
2023-07-31,XOM,Energy,0.04533280214661928,0.030507619034818377
2023-07-31,AME,Energy,0.0057376037671541535,0.003354965240632346
2023-07-31,BE,Energy,-0.16069433041172243,-0.0063305972695398265
2023-07-31,BKR,Energy,0.016901779825609697,-0.00827418590003542
2023-07-31,CTRA,Energy,0.03105985195031491,0.012656700045970958
2023-07-31,EMR,Energy,0.08138897924903432,-0.02201671431367587
2023-07-31,ENPH,Energy,-0.16663375318871299,0.014379721723015073
2023-07-31,ETN,Energy,0.12646704471799186,0.006122156303812717
2023-07-31,FSLR,Energy,-0.08813885881028827,0.06774133097557211
2023-07-31,FTV,Energy,0.007271990568907372,0.0027485118235025733
2023-07-31,GNRC,Energy,-0.22700065115419288,0.023975010139662887
2023-07-31,HUBB,Energy,0.048619458064024235,0.03107735650694922
2023-07-31,MTDR,Energy,0.14437934214410397,-0.020396911899905376
2023-07-31,PH,Energy,0.020596322673523515,0.004130249553160593
2023-07-31,PLUG,Energy,-0.35518291829722326,0.02934982549464618
2023-07-31,PR,Energy,0.22283230384157404,0.018734283584247485
2023-07-31,ROK,Energy,-0.06831764121527062,0.0014835014622278113
2023-07-31,ROP,Energy,0.012189387434188959,0.011296223556591326
2023-07-31,SM,Energy,0.16588585153966373,-0.004073471541436998
2023-07-31,VRSK,Energy,0.05800650744998914,0.011330527162524683
2023-07-31,WMB,Energy,0.0023221310288550345,-0.008022254302890322
2023-07-31,XYL,Energy,-0.0787128639837722,0.004014571025362368
2023-08-31,AAPL,Technology,-0.08867808898615104,0.014238227626940492
2023-08-31,ADBE,Technology,-0.08838994276331213,0.054360511985903984
2023-08-31,AMAT,Technology,-0.09367620405950039,0.021527321933053827
2023-08-31,AMD,Technology,-0.027430963794871754,0.02147785220979123
2023-08-31,AVGO,Technology,-0.09512110136835883,0.03388155509182665
2023-08-31,CDNS,Technology,-0.02553651358885145,0.00960158843642667
2023-08-31,CRM,Technology,-0.08434930695433873,0.040552655044529054
2023-08-31,CRWD,Technology,0.026682243366783487,0.10885331594854694
2023-08-31,FTNT,Technology,-0.025411041397797374,0.017237796171853094
2023-08-31,GOOGL,Technology,-0.0389953095085972,-0.005053889688574769
2023-08-31,INTC,Technology,0.01166761292897478,0.0472221333577258
2023-08-31,INTU,Technology,-0.056975830307796294,-0.005632228508529327
2023-08-31,KLAC,Technology,-0.08609789741299767,0.006050217879483057
2023-08-31,LRCX,Technology,-0.10497668598323562,0.01652580528423562
2023-08-31,META,Technology,0.014599965822015948,0.09591104855321413
2023-08-31,MSFT,Technology,-0.03664242964687292,0.033133913825774804
2023-08-31,MU,Technology,-0.027309254310234565,0.005912070183885894
2023-08-31,NET,Technology,-0.03060122868098647,0.04294521036752183
2023-08-31,NOW,Technology,-0.05072770648799141,0.0247080929582357
2023-08-31,NVDA,Technology,-0.1185779467545317,0.06279573264486413
2023-08-31,ORCL,Technology,-0.12019267034394887,0.0026112013666810432
2023-08-31,PANW,Technology,-0.03641594944191906,0.016574128883040128
2023-08-31,QCOM,Technology,-0.030297665320932254,0.004566408254018236
2023-08-31,SNPS,Technology,0.00017430445142041506,0.017594164275187653
2023-08-31,TXN,Technology,-0.05384977980995964,0.00427315169762872
2023-08-31,ACN,Technology,-0.051456175636240054,0.010479210186157873
2023-08-31,ADI,Technology,-0.03222395668347766,0.006487704157361437
2023-08-31,ANET,Technology,-0.05788046559980453,0.031952910202062514
2023-08-31,CGNX,Technology,-0.09855567987202962,0.02308274190714078
2023-08-31,COHU,Technology,-0.07889812278938346,0.0038147441079056195
2023-08-31,CSCO,Technology,-0.06259806938341628,-0.0016560600256424428
2023-08-31,DELL,Technology,0.2251067203516801,0.015541682497151883
2023-08-31,ENTG,Technology,-0.07267705026606075,0.05883724895177339
2023-08-31,FORM,Technology,-0.010758807230989875,0.05214377403958367
2023-08-31,HPQ,Technology,-0.12720584153841674,0.006835518128060823
2023-08-31,IBM,Technology,-0.044473203559294405,0.009857229423989828
2023-08-31,IPGP,Technology,-0.0629383504652058,0.02209540761661656
2023-08-31,KEYS,Technology,-0.007426897753180617,0.016277848974807878
2023-08-31,MCHP,Technology,-0.046309838279931625,0.010070228186835327
2023-08-31,MKSI,Technology,-0.13658591934767605,0.05017761982529644
2023-08-31,MPWR,Technology,-0.11158757917901774,0.022134634301552113
2023-08-31,MRVL,Technology,-0.07072951193902943,0.036065751734462546
2023-08-31,NXPI,Technology,-0.0233272685695175,0.015397921841913841
2023-08-31,ONTO,Technology,-0.08245790356001459,0.04864122318937333
2023-08-31,QRVO,Technology,-0.11099728314268253,0.018367812016307685
2023-08-31,STX,Technology,-0.058369258472340424,0.0426310429509093
2023-08-31,SWKS,Technology,-0.09334202059076269,0.011029585416090735
2023-08-31,TER,Technology,-0.06869394277640894,0.010434152716059531
2023-08-31,VRSN,Technology,-0.025313998383632352,0.007995087051437562
2023-08-31,WDC,Technology,0.01400000450544825,0.037528344128057334
2023-08-31,AXP,Financials,-0.05569954439069191,0.012034707958124446
2023-08-31,BAC,Financials,-0.044994853243136124,-0.01505851651518944
2023-08-31,BK,Financials,-0.049476172209803715,-0.0037552221612773026
2023-08-31,BLK,Financials,-0.07045947805882602,0.0016128518299379831
2023-08-31,C,Financials,-0.0038750976986298147,-0.005470456852936178
2023-08-31,CFG,Financials,-0.047280508001380506,-0.012839685653188273
2023-08-31,CME,Financials,-0.006772635211673039,0.003912334395019818
2023-08-31,COF,Financials,-0.05215353452118143,0.022931484478329312
2023-08-31,FITB,Financials,-0.03232707996165285,-0.017912583341354756
2023-08-31,GS,Financials,-0.01263333518450871,0.00012255300769044137
2023-08-31,HBAN,Financials,-0.04863987430780292,-0.003467271043274146
2023-08-31,ICE,Financials,-0.06418208354298927,0.009478007126548352
2023-08-31,JPM,Financials,-0.008952364540470437,0.012517085221637615
2023-08-31,KEY,Financials,-0.0503091211353176,-0.048678214157380946
2023-08-31,MCO,Financials,-0.06125285635751887,-0.0034826847519807253
2023-08-31,MS,Financials,-0.04086902854490293,0.0006338362676180246
2023-08-31,MTB,Financials,0.011195485901036362,-0.03082215534154902
2023-08-31,PNC,Financials,0.01689720419682228,-0.025327280314209256
2023-08-31,RF,Financials,-0.06215930093476463,-0.008889518689659663
2023-08-31,SCHW,Financials,-0.0718510520671769,0.016113387976937583
2023-08-31,SPGI,Financials,-0.06511276965796176,-0.004953832368431458
2023-08-31,STT,Financials,-0.01584335006790094,0.053609564518911655
2023-08-31,TFC,Financials,-0.06350240537588181,-0.051899032871974206
2023-08-31,USB,Financials,-0.08143201823265567,-0.058917540209519934
2023-08-31,WFC,Financials,-0.010414253776780513,0.006855314503939044
2023-08-31,AFL,Financials,0.029234045387128482,0.014503732943037842
2023-08-31,AJG,Financials,-0.011063901039115254,7.157064326314492e-05
2023-08-31,ALL,Financials,0.033392016229597976,0.004383901219770959
2023-08-31,AMTD,Financials,0.00819671330225158,0.060812340994703125
2023-08-31,AON,Financials,-0.02750535111855479,0.010884197921893426
2023-08-31,CB,Financials,0.04065602876875585,0.002602578406080478
2023-08-31,FDS,Financials,0.0019476149269386234,-0.002048001257375473
2023-08-31,FNF,Financials,0.008229594591621092,-0.019258796657019666
2023-08-31,GL,Financials,-0.025454971554515926,0.014443823603908093
2023-08-31,HIG,Financials,-0.012670286452225343,0.01118870490319535
2023-08-31,IBKR,Financials,-0.049626766290777446,0.025124145511421433
2023-08-31,LPLA,Financials,0.03061721959412722,0.030634154112814088
2023-08-31,MET,Financials,-0.006788796664415342,-0.009334283572803566
2023-08-31,MSCI,Financials,-0.05617890940655035,-0.02217769547592025
2023-08-31,NDAQ,Financials,-0.07012007752858973,0.03515880821038395
2023-08-31,PGR,Financials,0.04368025295752487,0.007017653792335637
2023-08-31,PRU,Financials,0.002323815822604214,0.01386572979028159
2023-08-31,RJF,Financials,-0.03575820454801126,0.02025482614193868
2023-08-31,SEIC,Financials,-0.02948759019806635,0.008858668994487178
2023-08-31,SF,Financials,-0.055060140322347295,0.0070210543633819405
2023-08-31,SYF,Financials,-0.05297386999806697,0.0376933277412019
2023-08-31,TRV,Financials,0.01924684544704336,0.018924125317800997
2023-08-31,UNM,Financials,0.0,0.0235234712311412
2023-08-31,WTW,Financials,0.014668247171311544,-0.006277204025396239
2023-08-31,ABBV,Healthcare,0.01428987659662928,0.005178584448784898
2023-08-31,ABT,Healthcare,-0.0587949864935805,-0.005828069985537936
2023-08-31,AMGN,Healthcare,0.04845131156756555,0.01912712345751716
2023-08-31,BAX,Healthcare,-0.07044345918252293,0.031429970463261105
2023-08-31,BIIB,Healthcare,-0.03871175999777188,0.018187990313095134
2023-08-31,BMY,Healthcare,-0.05855621804771827,0.03339747405711371
2023-08-31,BSX,Healthcare,-0.021134583216024683,0.003987989494032374
2023-08-31,CI,Healthcare,0.040134145215533046,0.008235585730272313
2023-08-31,CVS,Healthcare,0.0713520775077019,0.017581964349176832
2023-08-31,DHR,Healthcare,-0.06377361792027736,-0.004604503106559267
2023-08-31,EW,Healthcare,-0.09402383060848785,0.02633053942463256
2023-08-31,GILD,Healthcare,-0.010537013264869444,0.019713434416480755
2023-08-31,HUM,Healthcare,0.055810699352064175,0.024896861374673805
2023-08-31,ISRG,Healthcare,-0.0652103895627304,0.02935356394333881
2023-08-31,JNJ,Healthcare,-0.0366774375894392,-0.0054868643577113095
2023-08-31,LLY,Healthcare,-0.030801507126574923,0.013255773274395647
2023-08-31,MDT,Healthcare,-0.030316033610375492,0.0036665591283102637
2023-08-31,MRK,Healthcare,-0.04889121829336396,0.014919623382363936
2023-08-31,PFE,Healthcare,-0.06246462022404231,0.03482121763527654
2023-08-31,REGN,Healthcare,-0.00427104286172586,0.009676527893264097
2023-08-31,SYK,Healthcare,-0.033535221305293184,0.006794347760501273
2023-08-31,TMO,Healthcare,-0.0907971297560447,-0.009488371892158292
2023-08-31,UNH,Healthcare,0.0620519148920049,0.011991746994437674
2023-08-31,VRTX,Healthcare,-0.001722472612457726,0.023167205353210204
2023-08-31,ZBH,Healthcare,-0.055879053708619675,0.002228183564929734
2023-08-31,A,Healthcare,-0.07640203381838229,0.020867735294455955
2023-08-31,ACAD,Healthcare,-0.22871947448098873,0.02860145620416438
2023-08-31,ALGN,Healthcare,-0.17512293931739698,0.055453188246778404
2023-08-31,ALKS,Healthcare,-0.04042481272992815,0.013394883694292656
2023-08-31,BDX,Healthcare,-0.07169304025889478,-0.015387336305169317
2023-08-31,DGX,Healthcare,-0.07330787280603646,0.022146556684205457
2023-08-31,DXCM,Healthcare,-0.07605466478377221,0.024956637738925386
2023-08-31,FOLD,Healthcare,-0.05148204860555261,-0.0011811196883382026
2023-08-31,HOLX,Healthcare,-0.07144763835321444,0.016783087103574176
2023-08-31,IDXX,Healthcare,-0.1449717723891496,-0.001706678654770788
2023-08-31,INSP,Healthcare,-0.12535261737188352,0.0353864308066428
2023-08-31,IQV,Healthcare,-0.11624670671159154,0.01363539475357744
2023-08-31,MASI,Healthcare,-0.23276162721608273,-0.009712254133567565
2023-08-31,MTD,Healthcare,-0.08686590292076268,0.043053831118546555
2023-08-31,NBIX,Healthcare,0.03315272872243891,0.007863742045884012
2023-08-31,NTRA,Healthcare,-0.24655201183549946,0.056531072773320215
2023-08-31,NVCR,Healthcare,-0.2679057112642428,-0.01857894201630039
2023-08-31,PODD,Healthcare,-0.16806635069807507,0.04637700166404711
2023-08-31,RARE,Healthcare,-0.030986663802101133,0.03751559611665665
2023-08-31,RMD,Healthcare,-0.07343831014729307,0.012168414921124358
2023-08-31,WAT,Healthcare,-0.0234686489471978,0.010138984878591653
2023-08-31,AMZN,Consumer,-0.07890726899285905,0.031578936190373705
2023-08-31,AZO,Consumer,0.0034210916167003447,0.01681459243551602
2023-08-31,BKNG,Consumer,-0.006789038819180027,0.003068260050636286
2023-08-31,CMG,Consumer,-0.049209980416075716,0.022567433787623818
2023-08-31,COST,Consumer,0.028546123914090282,0.004684129319188561
2023-08-31,DG,Consumer,-0.23610109573859428,0.020574034548364026
2023-08-31,DLTR,Consumer,-0.13002618161774837,0.02022711263934544
2023-08-31,DRI,Consumer,-0.07903027714568855,0.014996413599111351
2023-08-31,EBAY,Consumer,-0.015408751148802469,-2.0782560835476095e-05
2023-08-31,HD,Consumer,-0.08519535083746788,0.008244526740045785
2023-08-31,HLT,Consumer,0.010292702571300438,0.008905039217653806
2023-08-31,KR,Consumer,-0.035352440711880484,0.01050942325089273
2023-08-31,LOW,Consumer,-0.09822979691877243,0.013844339676353429
2023-08-31,LULU,Consumer,0.01140947247158608,0.019173883929893776
2023-08-31,MAR,Consumer,-0.03415070059227865,0.001510452296377792
2023-08-31,MCD,Consumer,-0.0629912623549288,0.008413259560292288
2023-08-31,MGM,Consumer,-0.16416555925084475,2.0522487784467228e-05
2023-08-31,NKE,Consumer,-0.056722913354913196,0.023962666911021408
2023-08-31,ORLY,Consumer,-0.03281898045894249,0.0011340385268816516
2023-08-31,ROST,Consumer,-0.07017912363013645,0.013851312332322431
2023-08-31,SBUX,Consumer,-0.06332091285313135,0.012562684972974606
2023-08-31,TGT,Consumer,-0.1262742055560635,0.03667268051007945
2023-08-31,TJX,Consumer,-0.03892738267784612,0.017236499016143873
2023-08-31,WMT,Consumer,-0.01648133979181099,0.005430285512413186
2023-08-31,YUM,Consumer,-0.03431750536458544,0.013603168056659148
2023-08-31,BBY,Consumer,-0.07960417337820636,0.021371188684175205
2023-08-31,CCL,Consumer,-0.1327433312112588,0.024792008023022054
2023-08-31,CHDN,Consumer,-0.07375482774939568,0.03515627486426332
2023-08-31,CMCSA,Consumer,-0.05175360504025506,-0.005770233578168134
2023-08-31,CZR,Consumer,-0.16123778715244985,0.00290681703310714
2023-08-31,DIS,Consumer,-0.03142932705821222,0.0680364769242303
2023-08-31,DKNG,Consumer,-0.0070825999047032795,0.06480163646145512
2023-08-31,F,Consumer,0.023907504898193155,0.03294693834336119
2023-08-31,FOX,Consumer,-0.05373525235480059,0.019947313890511027
2023-08-31,GM,Consumer,-0.01611454852477423,0.029266836780798933
2023-08-31,GRMN,Consumer,-0.0008847148547458383,0.006711853984599699
2023-08-31,H,Consumer,-0.05631186777692032,-0.004267510293458989
2023-08-31,IHG,Consumer,-0.016059086905034325,0.009320914004860239
2023-08-31,LVS,Consumer,-0.1644185160701842,0.006687074439643556
2023-08-31,NCLH,Consumer,-0.005431512024469343,-0.008664361609691541
2023-08-31,NFLX,Consumer,-0.1293119743829111,0.014337539739301783
2023-08-31,PENN,Consumer,-0.031236798414348455,0.0003976400396306187
2023-08-31,POOL,Consumer,-0.025984854115940315,0.014686289526342395
2023-08-31,RCL,Consumer,-0.06872863564833442,-0.01823690630531792
2023-08-31,SIRI,Consumer,0.027272731626141855,0.034467519203469965
2023-08-31,TSLA,Consumer,-0.030455617484936637,0.04222235122485246
2023-08-31,WBD,Consumer,-0.17351602945764888,-0.005164916052402776
2023-08-31,WYNN,Consumer,-0.08847895325164257,0.0001806602030730064
2023-08-31,APA,Energy,-0.062499854706014046,0.0031174999069646363
2023-08-31,BA,Energy,-0.1444003315617799,-0.0006622009017056094
2023-08-31,CAT,Energy,-0.02891899295997813,0.021815704262648773
2023-08-31,COP,Energy,0.011520645867322044,0.0014067665319354192
2023-08-31,CVX,Energy,0.04667901581356748,0.010144342436917692
2023-08-31,DE,Energy,-0.07842945191014483,0.014387283566397123
2023-08-31,DVN,Energy,-0.057232959946505235,0.03116284873344001
2023-08-31,EOG,Energy,-0.014461056370414282,-0.010568730646071804
2023-08-31,FDX,Energy,0.01995840376603608,0.0535561592386777
2023-08-31,GD,Energy,-0.025017722493320904,0.013260862654675985
2023-08-31,GE,Energy,-0.033465284279280416,0.017624029849468602
2023-08-31,HAL,Energy,0.052911128821550024,-0.03370099737257907
2023-08-31,HON,Energy,-0.017026850865965226,0.0182407459445954
2023-08-31,LMT,Energy,-0.08785543862234224,0.018923210155772054
2023-08-31,MMM,Energy,-0.12233976972948146,-0.01926894734302672
2023-08-31,MPC,Energy,0.06002643248428852,-0.009298939779544092
2023-08-31,NOC,Energy,0.01639375555550826,0.03357811850817338
2023-08-31,OXY,Energy,0.03612983498789735,0.017069208540086863
2023-08-31,PSX,Energy,0.05247016485252343,-0.016395000198709417
2023-08-31,RTX,Energy,-0.16352863194667788,0.005695274566552677
2023-08-31,SLB,Energy,-0.007065095166914559,-0.02944440573684265
2023-08-31,UNP,Energy,-0.07680106778515372,-0.013468253516659144
2023-08-31,UPS,Energy,-0.07987014606962672,0.007513675774372569
2023-08-31,VLO,Energy,0.09091619620972691,-0.010184763674156059
2023-08-31,XOM,Energy,0.05746901737233112,0.024926786150411072
2023-08-31,AME,Energy,-0.07213351948686442,0.013134180065875592
2023-08-31,BE,Energy,-0.11541024473993577,-0.036760533758210326
2023-08-31,BKR,Energy,-0.02403981086104845,0.007265870132705775
2023-08-31,CTRA,Energy,-0.040439788017453404,0.0209244291759431
2023-08-31,EMR,Energy,-0.01709932797166791,0.01365291948804607
2023-08-31,ENPH,Energy,-0.050422803406063754,0.0460115990742192
2023-08-31,ETN,Energy,-0.07418506785281354,0.013823435357866648
2023-08-31,FSLR,Energy,-0.14556894823436317,0.04673342348403857
2023-08-31,FTV,Energy,-0.05947997757510215,-0.001739753327318081
2023-08-31,GNRC,Energy,-0.0829054681973489,0.09199139466497641
2023-08-31,HUBB,Energy,-0.03876691151523759,0.02158791474518572
2023-08-31,MTDR,Energy,-0.0633071701965564,0.051328692771364266
2023-08-31,PH,Energy,-0.06567506740428997,0.011046359149778945
2023-08-31,PLUG,Energy,-0.10165486165917015,-0.0979898192312299
2023-08-31,PR,Energy,-0.01551470783046005,0.018367927263029757
2023-08-31,ROK,Energy,-0.08398475604993882,0.014215888114860555
2023-08-31,ROP,Energy,-0.029615624459085943,-0.008196634270103323
2023-08-31,SM,Energy,-0.06286945160492952,0.03019010256401551
2023-08-31,VRSK,Energy,-0.023336079023538292,0.010805521891568866
2023-08-31,WMB,Energy,-0.011372340176068918,0.009506110557586881
2023-08-31,XYL,Energy,-0.12082298576560724,0.016621950051756967
2023-09-30,AAPL,Technology,-0.0025701403325114613,0.019976484710453303
2023-09-30,ADBE,Technology,0.04345950956533673,0.014556677170560434
2023-09-30,AMAT,Technology,-0.0440591660985874,-0.016757715540519844
2023-09-30,AMD,Technology,-0.042015169302141886,0.014888312621482245
2023-09-30,AVGO,Technology,0.012990998208568527,0.020273447228973854
2023-09-30,CDNS,Technology,0.023687592742078545,-0.005389432136244643
2023-09-30,CRM,Technology,-0.009616400694382521,0.009722556418938723
2023-09-30,CRWD,Technology,0.0560998871772207,0.03104009985715136
2023-09-30,FTNT,Technology,-0.025732824273644095,0.00772571097578225
2023-09-30,GOOGL,Technology,-0.051811176497006395,0.02497087317921077
2023-09-30,INTC,Technology,0.026722906890187526,0.011262731808975013
2023-09-30,INTU,Technology,-0.029607480322871083,0.005860518196393096
2023-09-30,KLAC,Technology,0.024070118863273926,0.01861041141721104
2023-09-30,LRCX,Technology,-0.06150583377070362,0.017107077926445263
2023-09-30,META,Technology,0.0035310029021533573,0.008300043305953448
2023-09-30,MSFT,Technology,0.07081544578142096,0.023758174164058295
2023-09-30,MU,Technology,-0.01541140700137733,0.0024694517294771685
2023-09-30,NET,Technology,-0.1007297302759762,0.057966050302635956
2023-09-30,NOW,Technology,0.040951078227295934,0.025678644458820007
2023-09-30,NVDA,Technology,-0.06250714126873158,0.05544586294699139
2023-09-30,ORCL,Technology,-0.020219372239777655,-0.010648361392803804
2023-09-30,PANW,Technology,0.036597857625424224,0.022975909298045594
2023-09-30,QCOM,Technology,-0.01863842379068037,0.015328576876614399
2023-09-30,SNPS,Technology,0.022811951092351457,0.008324771913368332
2023-09-30,TXN,Technology,-0.09872511310487275,0.00425581413578165
2023-09-30,ACN,Technology,-0.028614442837693543,0.006246723336374388
2023-09-30,ADI,Technology,-0.1014334610561598,0.004140065278336125
2023-09-30,ANET,Technology,0.0893818468768468,-0.005108576588648923
2023-09-30,CGNX,Technology,-0.1519793622569927,0.03625491280641947
2023-09-30,COHU,Technology,-0.1248548028026285,0.019491727274037123
2023-09-30,CSCO,Technology,-0.023316735964564517,-0.004543298976102624
2023-09-30,DELL,Technology,-0.023400017469191958,0.0029960839659996363
2023-09-30,ENTG,Technology,-0.06143559606866433,0.028311372668371967
2023-09-30,FORM,Technology,-0.03033765312696557,0.01749362593917677
2023-09-30,HPQ,Technology,0.024513567522086666,-0.020662592433255286
2023-09-30,IBM,Technology,0.030933785527133217,0.004913681111068194
2023-09-30,IPGP,Technology,-0.1540279618734649,0.014736383896696681
2023-09-30,KEYS,Technology,-0.0775451190095614,0.010009060483918739
2023-09-30,MCHP,Technology,-0.08661095880783498,0.010308094881546773
2023-09-30,MKSI,Technology,-0.24127576900729453,0.027845030001213866
2023-09-30,MPWR,Technology,-0.04385278206111143,0.001740576101968896
2023-09-30,MRVL,Technology,-0.12667269315972174,-0.0014640664042684622
2023-09-30,NXPI,Technology,-0.1375050099776315,0.006430025455392173
2023-09-30,ONTO,Technology,-0.11880484861436924,0.010189102784495314
2023-09-30,QRVO,Technology,-0.08431971246285197,0.016934705185087037
2023-09-30,STX,Technology,0.03487500377044972,-0.018544930996472482
2023-09-30,SWKS,Technology,-0.12019478129465755,0.014266764843639814
2023-09-30,TER,Technology,-0.1711128928746387,0.016572333124015383
2023-09-30,VRSN,Technology,-0.014170629269490531,0.015232888544281314
2023-09-30,WDC,Technology,-0.12009646502268168,0.016529763012151994
2023-09-30,AXP,Financials,-0.017159401603969004,0.009417114055579332
2023-09-30,BAC,Financials,-0.03798387997793917,0.04822679617557834
2023-09-30,BK,Financials,0.006584911829975004,0.011989484707756022
2023-09-30,BLK,Financials,-0.052916476522096856,-0.01179793965146943
2023-09-30,C,Financials,-0.039873585325151395,0.007311966277304487
2023-09-30,CFG,Financials,-0.1097608099169387,0.03588209983846016
2023-09-30,CME,Financials,0.06612731710408282,0.004231339361566246
2023-09-30,COF,Financials,0.04368892493837806,0.03958844121073465
2023-09-30,FITB,Financials,-0.06395609360598364,0.07000571231706836
2023-09-30,GS,Financials,-0.06168689551961459,0.009628451127827802
2023-09-30,HBAN,Financials,-0.07211535035831951,0.06706882648742599
2023-09-30,ICE,Financials,-0.023450298542563308,-0.009002656921258996
2023-09-30,JPM,Financials,-0.034022407691076895,0.010957814509935035
2023-09-30,KEY,Financials,-0.05018571517883119,0.034939392765749575
2023-09-30,MCO,Financials,-0.025840640701940587,-0.020275527935543585
2023-09-30,MS,Financials,-0.12225396690247037,0.01067109088738505
2023-09-30,MTB,Financials,-0.10834324376808546,0.05487355414209252
2023-09-30,PNC,Financials,-0.05521034959741489,0.06848916308778748
2023-09-30,RF,Financials,-0.155232457864815,0.049693053910092266
2023-09-30,SCHW,Financials,-0.05209472626530165,0.03385304821190947
2023-09-30,SPGI,Financials,-0.044060078154031124,0.0022865083976770016
2023-09-30,STT,Financials,-0.03479694639381836,0.027587856728797388
2023-09-30,TFC,Financials,-0.008738269497567064,0.04881965498811787
2023-09-30,USB,Financials,-0.03569284690319152,0.04665709488993624
2023-09-30,WFC,Financials,-0.026676526015099955,0.016050884005614597
2023-09-30,AFL,Financials,0.017719979893976667,-0.019488015329859203
2023-09-30,AJG,Financials,0.03316824643965455,0.0043013789763430765
2023-09-30,ALL,Financials,0.1500761979433045,-0.005094628522335591
2023-09-30,AMTD,Financials,-0.36666670543391466,0.013698415357961515
2023-09-30,AON,Financials,-0.04380531665356069,0.005378356436226146
2023-09-30,CB,Financials,0.030934619836587407,0.016475716716674613
2023-09-30,FDS,Financials,-0.012280982728434586,0.00425370945286306
2023-09-30,FNF,Financials,-0.05351075607349676,0.0013780062334972148
2023-09-30,GL,Financials,0.0723802762573924,0.014588713384798566
2023-09-30,HIG,Financials,0.03581992169529946,0.016161063407218193
2023-09-30,IBKR,Financials,-0.0749769416036562,0.019128710183382438
2023-09-30,LPLA,Financials,-0.055249388736876015,0.03669960068294309
2023-09-30,MET,Financials,-0.04609764085052537,0.009814362485493599
2023-09-30,MSCI,Financials,-0.08094257134835003,0.013352826197359769
2023-09-30,NDAQ,Financials,0.02078632039602235,0.02677298558262234
2023-09-30,PGR,Financials,0.1357032944768084,-0.006002143476674733
2023-09-30,PRU,Financials,-0.036357933287879285,-0.001456501546856988
2023-09-30,RJF,Financials,-0.04968629660856072,0.02447506663302759
2023-09-30,SEIC,Financials,-0.10908191858021365,0.00783870898704681
2023-09-30,SF,Financials,-0.07226560403506477,-0.004201765847471121
2023-09-30,SYF,Financials,-0.0742644941796119,0.04211335989905512
2023-09-30,TRV,Financials,0.025289486722707144,0.018089897320233556
2023-09-30,UNM,Financials,0.0016948799529459269,0.016581000261553906
2023-09-30,WTW,Financials,0.12887650746481238,0.02942688418311715
2023-09-30,ABBV,Healthcare,-0.04338447250197264,0.00931515942998478
2023-09-30,ABT,Healthcare,-0.01834357865261338,0.004081150657747911
2023-09-30,AMGN,Healthcare,-0.048593658561819186,-0.007046326834948495
2023-09-30,BAX,Healthcare,-0.14069941431971167,0.07183001313644899
2023-09-30,BIIB,Healthcare,-0.07575586840857862,0.01229605775592015
2023-09-30,BMY,Healthcare,-0.1031529145913237,0.03851683652740679
2023-09-30,BSX,Healthcare,-0.030492436242716803,-0.015216010608088878
2023-09-30,CI,Healthcare,0.08085412268301528,0.029200751977675944
2023-09-30,CVS,Healthcare,-0.0031174457500507957,0.004027102400043201
2023-09-30,DHR,Healthcare,-0.12589164930209562,0.010583095440466279
2023-09-30,EW,Healthcare,-0.08025400774480462,0.041812632694660415
2023-09-30,GILD,Healthcare,0.04803819053503244,0.011751556235548242
2023-09-30,HUM,Healthcare,0.07639970374159022,0.005889276449020233
2023-09-30,ISRG,Healthcare,-0.10287730146477903,0.0025130215058879906
2023-09-30,JNJ,Healthcare,-0.047576291761228684,0.010901234839974705
2023-09-30,LLY,Healthcare,0.03127750604178958,0.02286697457555827
2023-09-30,MDT,Healthcare,-0.09954071824161725,0.012162590963377106
2023-09-30,MRK,Healthcare,-0.002428502141270772,0.0021197586421195726
2023-09-30,PFE,Healthcare,-0.07868566841736024,0.03558753979670723
2023-09-30,REGN,Healthcare,-0.052335424342065506,0.0033673726063068853
2023-09-30,SYK,Healthcare,-0.011161368036953445,0.004208870022171425
2023-09-30,TMO,Healthcare,-0.12130310309811498,0.007030353550278237
2023-09-30,UNH,Healthcare,0.062218699419559265,0.014317116869288257
2023-09-30,VRTX,Healthcare,0.0413239648034216,0.0125039667854926
2023-09-30,ZBH,Healthcare,-0.06959536208103556,0.010255259554514963
2023-09-30,A,Healthcare,-0.07370398765312369,0.03127102191292541
2023-09-30,ACAD,Healthcare,0.08301341312713473,0.060992738887752654
2023-09-30,ALGN,Healthcare,-0.3954212239295709,0.007685352717708265
2023-09-30,ALKS,Healthcare,-0.13637985232450367,-0.0004501252604420178
2023-09-30,BDX,Healthcare,-0.02224117923066793,0.01404440717539556
2023-09-30,DGX,Healthcare,0.07383843235344512,0.013593734378699212
2023-09-30,DXCM,Healthcare,-0.047909979362202315,0.00594625695238121
2023-09-30,FOLD,Healthcare,-0.09786180882531481,0.020012384146579867
2023-09-30,HOLX,Healthcare,-0.04654183409101431,0.007003756194860084
2023-09-30,IDXX,Healthcare,-0.08644541986115328,-0.007090199759637212
2023-09-30,INSP,Healthcare,-0.2584156326768763,-0.018336341832923014
2023-09-30,IQV,Healthcare,-0.08091485727545267,-0.007372210941500698
2023-09-30,MASI,Healthcare,-0.07470350169890638,0.02622895409064766
2023-09-30,MTD,Healthcare,-0.11088644222643518,0.03285719832527789
2023-09-30,NBIX,Healthcare,-0.013866644965277786,0.020815013626466764
2023-09-30,NTRA,Healthcare,-0.1080225712835452,0.01879459022909348
2023-09-30,NVCR,Healthcare,-0.17647055697297742,0.008723927803375423
2023-09-30,PODD,Healthcare,-0.16878799449348025,-0.031130820328602715
2023-09-30,RARE,Healthcare,-0.00701262242074574,-0.018985226634654424
2023-09-30,RMD,Healthcare,-0.044971835082948886,-0.03205998000383016
2023-09-30,WAT,Healthcare,-0.13011922901294593,0.02644866701665224
2023-09-30,AMZN,Consumer,0.046963447626806376,0.0268639136675072
2023-09-30,AZO,Consumer,-0.024748171317035217,0.006289605832787541
2023-09-30,BKNG,Consumer,-0.09545870766026732,-0.019636404999267894
2023-09-30,CMG,Consumer,0.060251258191192925,0.010088929229251394
2023-09-30,COST,Consumer,-0.02216052677773339,0.0012434836060209902
2023-09-30,DG,Consumer,0.13141685239784362,0.00042412294916245775
2023-09-30,DLTR,Consumer,0.043588534736215045,-0.009371251008616636
2023-09-30,DRI,Consumer,0.025650520455981374,-0.005365173620871445
2023-09-30,EBAY,Consumer,-0.11022902585247907,0.0019400630187029163
2023-09-30,HD,Consumer,-0.05781686375348971,0.011387027531649822
2023-09-30,HLT,Consumer,0.008989458952333607,0.006514161442395168
2023-09-30,KR,Consumer,0.013854646254904956,0.00507039696142224
2023-09-30,LOW,Consumer,-0.07770721954911863,-0.009430502241870208
2023-09-30,LULU,Consumer,0.020409289006327214,0.008370871106158397
2023-09-30,MAR,Consumer,-0.040700220454027325,-0.008410448959134448
2023-09-30,MCD,Consumer,-0.004820844857083784,-0.0013491990841940273
2023-09-30,MGM,Consumer,-0.05005441340050498,0.014026782589524818
2023-09-30,NKE,Consumer,0.07477503099983052,0.04380730941305178
2023-09-30,ORLY,Consumer,0.023743978019930223,0.0029259693137900305
2023-09-30,ROST,Consumer,0.02673753102492671,-0.019560757272895232
2023-09-30,SBUX,Consumer,0.010627671775994552,0.013914107064219134
2023-09-30,TGT,Consumer,0.0019896534085694917,0.049535442073273435
2023-09-30,TJX,Consumer,-0.009113407280279318,-0.019822794700522277
2023-09-30,WMT,Consumer,0.02175954136197422,0.0038914322435357677
2023-09-30,YUM,Consumer,-0.03265564167365087,0.005465299203102771
2023-09-30,BBY,Consumer,-0.03814604843871139,0.019677232392541714
2023-09-30,CCL,Consumer,-0.164723046015832,0.01464260158375154
2023-09-30,CHDN,Consumer,-0.05342986720570919,0.023605069122006342
2023-09-30,CMCSA,Consumer,-0.06267701863542408,-0.0006860699244057683
2023-09-30,CZR,Consumer,-0.13937431061792827,0.019893215471362507
2023-09-30,DIS,Consumer,0.00666260910165728,0.038773588545719925
2023-09-30,DKNG,Consumer,-0.061820640686427786,0.08216590073352838
2023-09-30,F,Consumer,-0.20273510969727881,0.07899642926164319
2023-09-30,FOX,Consumer,-0.03358721722054858,0.0023191559511397558
2023-09-30,GM,Consumer,-0.14467701169910108,0.034373930347593444
2023-09-30,GRMN,Consumer,-0.025380271428649293,0.008745123789070655
2023-09-30,H,Consumer,-0.03431386870544306,0.0029727353497917314
2023-09-30,IHG,Consumer,-0.03505021028901689,-0.01925090223452502
2023-09-30,LVS,Consumer,0.03534030011329903,0.0567564024723723
2023-09-30,NCLH,Consumer,-0.1747572354832594,0.020430397033605333
2023-09-30,NFLX,Consumer,0.09028073485862631,0.006653936242459153
2023-09-30,PENN,Consumer,-0.14030505941868665,0.06938998754997237
2023-09-30,POOL,Consumer,-0.1132546144677038,0.01794520109630936
2023-09-30,RCL,Consumer,-0.0804209893249136,-0.003591165857141303
2023-09-30,SIRI,Consumer,-0.053097260150982484,0.027809474981453686
2023-09-30,TSLA,Consumer,-0.1973463537763216,-0.0127207019260643
2023-09-30,WBD,Consumer,-0.08471455850629661,-0.006241249829976701
2023-09-30,WYNN,Consumer,-0.05010298353661091,0.04375900988708835
2023-09-30,APA,Energy,-0.02796442563191126,0.02645166519292938
2023-09-30,BA,Energy,-0.025354682477388035,0.013178435913791038
2023-09-30,CAT,Energy,-0.1676994222209549,-0.0361510091572035
2023-09-30,COP,Energy,-0.008347324549870194,0.018739343573466495
2023-09-30,CVX,Energy,-0.13574888637862248,0.012956426470863678
2023-09-30,DE,Energy,-0.03185144702209319,0.013014933753354177
2023-09-30,DVN,Energy,-0.023689955324538214,0.13260909989053873
2023-09-30,EOG,Energy,0.002153955243337613,0.021903209782335658
2023-09-30,FDX,Energy,-0.09368865828068063,0.012664912167757607
2023-09-30,GD,Energy,0.09866087777148747,0.006971471815690969
2023-09-30,GE,Energy,-0.01736774055682566,-0.02611443950448728
2023-09-30,HAL,Energy,-0.028641714022497267,-0.0075615508156757685
2023-09-30,HON,Energy,-0.008011212924448619,0.013814253089664457
2023-09-30,LMT,Energy,0.11169803465879191,0.008130335624168282
2023-09-30,MMM,Energy,-0.028519610921333594,0.014579924863559624
2023-09-30,MPC,Energy,-0.0005945923657528773,0.020019383416803708
2023-09-30,NOC,Energy,0.07096940705942933,0.030289645188008005
2023-09-30,OXY,Energy,-0.047318028910633636,0.005427026531921735
2023-09-30,PSX,Energy,-0.05060342438005072,0.018936291434963972
2023-09-30,RTX,Energy,0.13088773873166004,0.022835876783860013
2023-09-30,SLB,Energy,-0.04528280611906221,0.013853134369739162
2023-09-30,UNP,Energy,0.01954513720407758,0.015233104541816414
2023-09-30,UPS,Energy,-0.09379606912776683,0.0109257413287647
2023-09-30,VLO,Energy,-0.10380358886359298,0.0101483961745591
2023-09-30,XOM,Energy,-0.09976173946865274,0.016810513274752945
2023-09-30,AME,Energy,-0.04730648197436493,0.00037249538051444334
2023-09-30,BE,Energy,-0.21568631681635608,-0.026966230119973282
2023-09-30,BKR,Energy,-0.025481379838054097,0.01977946974916834
2023-09-30,CTRA,Energy,0.01663582741567593,0.0270682542835137
2023-09-30,EMR,Energy,-0.0786994151629079,0.0009624075399092792
2023-09-30,ENPH,Energy,-0.3376612499341992,0.003536676832564545
2023-09-30,ETN,Energy,-0.02517795854182525,-0.007856509010173818
2023-09-30,FSLR,Energy,-0.11844792266487836,-0.006260283856004003
2023-09-30,FTV,Energy,-0.11974104114339701,0.0040769700582430025
2023-09-30,GNRC,Energy,-0.22843244859383804,0.0990116958870006
2023-09-30,HUBB,Energy,-0.1381894704823644,0.0014590141375149007
2023-09-30,MTDR,Energy,0.037155297906375395,0.08337383573158808
2023-09-30,PH,Energy,-0.05291122260814596,0.003684202779062912
2023-09-30,PLUG,Energy,-0.22500000784271657,0.039983046267128716
2023-09-30,PR,Energy,0.043696149820496855,0.04385204502216351
2023-09-30,ROK,Energy,-0.08066611609302243,-0.009938610558171251
2023-09-30,ROP,Energy,0.010272064198140196,0.006359378872206042
2023-09-30,SM,Energy,0.0204702604807534,0.09493683046644484
2023-09-30,VRSK,Energy,-0.037588841633362735,0.0223551183594108
2023-09-30,WMB,Energy,0.021074444106202073,-0.003157403185353727
2023-09-30,XYL,Energy,0.027573401515982088,0.014075151676177653
2023-10-31,AAPL,Technology,0.1137800319130251,0.08663006594482824
2023-10-31,ADBE,Technology,0.14838554405386728,0.11722025232618162
2023-10-31,AMAT,Technology,0.13412768186242507,0.10426033104975023
2023-10-31,AMD,Technology,0.23005079860009525,0.08932704776801097
2023-10-31,AVGO,Technology,0.10026492320270397,0.10528918844893215
2023-10-31,CDNS,Technology,0.1393370108805947,0.0834597641083463
2023-10-31,CRM,Technology,0.25429466315148286,0.09193203266323191
2023-10-31,CRWD,Technology,0.3406686641693135,0.08262022897766419
2023-10-31,FTNT,Technology,-0.08063664410187865,0.07317669071914762
2023-10-31,GOOGL,Technology,0.06810131791503582,0.10705766145848758
2023-10-31,INTC,Technology,0.22868443783930892,0.07797807256336725
2023-10-31,INTU,Technology,0.15458117334959676,0.09109272583958232
2023-10-31,KLAC,Technology,0.16269732008701432,0.08950957908710268
2023-10-31,LRCX,Technology,0.21709594241662988,0.10660330248111152
2023-10-31,META,Technology,0.08590293888361877,0.09500911550957805
2023-10-31,MSFT,Technology,0.12294532980615669,0.07965585540013055
2023-10-31,MU,Technology,0.13832792493257196,0.09334237451054414
2023-10-31,NET,Technology,0.36091027332518544,0.053979406065944535
2023-10-31,NOW,Technology,0.17855110215802972,0.08999047704862848
2023-10-31,NVDA,Technology,0.14688587587312374,0.11740663362846222
2023-10-31,ORCL,Technology,0.12388779289568719,0.11159208432381594
2023-10-31,PANW,Technology,0.21426216422517874,0.0996050286978683
2023-10-31,QCOM,Technology,0.19158380754000626,0.07224484396946393
2023-10-31,SNPS,Technology,0.15718723935665024,0.09034032489620161
2023-10-31,TXN,Technology,0.07534702904355495,0.060356455744558314
2023-10-31,ACN,Technology,0.12134364088039695,0.07764086378474895
2023-10-31,ADI,Technology,0.1655754094159816,0.06704766437309849
2023-10-31,ANET,Technology,0.09652149557306999,0.09809026087930518
2023-10-31,CGNX,Technology,0.04961975504911975,0.08148665878216858
2023-10-31,COHU,Technology,0.05275382165846931,0.0807191690754899
2023-10-31,CSCO,Technology,-0.0719354125526257,0.08673044655359906
2023-10-31,DELL,Technology,0.1339111897359857,0.07725010420352546
2023-10-31,ENTG,Technology,0.18582441145330186,0.09669387788519379
2023-10-31,FORM,Technology,0.10920899192124156,0.0797140320076172
2023-10-31,HPQ,Technology,0.11431826697772074,0.05713801542730734
2023-10-31,IBM,Technology,0.10867145597791605,0.07588226107162925
2023-10-31,IPGP,Technology,0.11478463836093256,0.0701130054339906
2023-10-31,KEYS,Technology,0.11339611627884594,0.07529493827058291
2023-10-31,MCHP,Technology,0.17652793749258655,0.07392282991595017
2023-10-31,MKSI,Technology,0.26080095952978866,0.06194605330599726
2023-10-31,MPWR,Technology,0.24217894349783964,0.08534947417478544
2023-10-31,MRVL,Technology,0.18022013777990709,0.09783834511287523
2023-10-31,NXPI,Technology,0.1835528071904875,0.09389340098295046
2023-10-31,ONTO,Technology,0.2548722173198048,0.10845189886069838
2023-10-31,QRVO,Technology,0.10386641525096962,0.0968482519032428
2023-10-31,STX,Technology,0.15897416453888935,0.08509032203707051
2023-10-31,SWKS,Technology,0.125602830792781,0.06730356811865927
2023-10-31,TER,Technology,0.10892150388910515,0.08951915352735376
2023-10-31,VRSN,Technology,0.06280677237967236,0.059072837690905274
2023-10-31,WDC,Technology,0.20323796419855977,0.09982524463272349
2023-10-31,AXP,Financials,0.16941731808961014,0.07346716887373489
2023-10-31,BAC,Financials,0.1667939202318074,0.09426906812236874
2023-10-31,BK,Financials,0.13694123278889925,0.07470780265465023
2023-10-31,BLK,Financials,0.2269384171124167,0.07996233644888116
2023-10-31,C,Financials,0.1825410588036489,0.06516344652798822
2023-10-31,CFG,Financials,0.16389240944154881,0.10768872110992231
2023-10-31,CME,Financials,0.02295481859440529,0.05928830203259763
2023-10-31,COF,Financials,0.10874582766662177,0.09581450513607509
2023-10-31,FITB,Financials,0.2210042618960848,0.11140867310070782
2023-10-31,GS,Financials,0.13416743973994505,0.08997779379713897
2023-10-31,HBAN,Financials,0.16683921237537236,0.10723153155893783
2023-10-31,ICE,Financials,0.059568194546321784,0.07434940926977589
2023-10-31,JPM,Financials,0.12239315708658172,0.08998882145337068
2023-10-31,KEY,Financials,0.23332825033495408,0.08441184069804974
2023-10-31,MCO,Financials,0.1874482668288575,0.0837631824752306
2023-10-31,MS,Financials,0.12030512448404562,0.075895525249063
2023-10-31,MTB,Financials,0.14845145681315275,0.08426679096167136
2023-10-31,PNC,Financials,0.17026301137170696,0.04685415599458502
2023-10-31,RF,Financials,0.14796968191401993,0.09593438984109631
2023-10-31,SCHW,Financials,0.1837145126332309,0.08923672496435008
2023-10-31,SPGI,Financials,0.19301922619107015,0.06983869370214292
2023-10-31,STT,Financials,0.12672127897825747,0.06889123275680094
2023-10-31,TFC,Financials,0.15300873174985763,0.08727844765949536
2023-10-31,USB,Financials,0.19573370565256165,0.11686968246307898
2023-10-31,WFC,Financials,0.1311924162441509,0.09589960068787262
2023-10-31,AFL,Financials,0.06438118551971006,0.07210618194056172
2023-10-31,AJG,Financials,0.059748370551417684,0.08225720171514465
2023-10-31,ALL,Financials,0.08308197810949025,0.03419258944657259
2023-10-31,AMTD,Financials,-0.22978175670326562,0.013615023333295487
2023-10-31,AON,Financials,0.06170002462041513,0.06797622004877756
2023-10-31,CB,Financials,0.06900573925339182,0.062104786671711466
2023-10-31,FDS,Financials,0.05220187860305425,0.06886202086375416
2023-10-31,FNF,Financials,0.14709627782788015,0.07812822894221301
2023-10-31,GL,Financials,0.05818161809983091,0.07761605165022915
2023-10-31,HIG,Financials,0.0706621316971403,0.06894253636601451
2023-10-31,IBKR,Financials,-0.026582855685450824,0.09227221039890712
2023-10-31,LPLA,Financials,-0.008544254552281916,0.06689767575419223
2023-10-31,MET,Financials,0.06958538059166886,0.09868875522659958
2023-10-31,MSCI,Financials,0.1076225422597954,0.07414477032991593
2023-10-31,NDAQ,Financials,0.12580640723534575,0.07664732021432363
2023-10-31,PGR,Financials,0.03757386654814754,0.03355156324459115
2023-10-31,PRU,Financials,0.08347971583658476,0.10591410194791545
2023-10-31,RJF,Financials,0.10173914152063168,0.09418438251227046
2023-10-31,SEIC,Financials,0.0933656295464258,0.07498153996023964
2023-10-31,SF,Financials,0.07687559067044414,0.08786117218786346
2023-10-31,SYF,Financials,0.15365416316152936,0.10781477177015489
2023-10-31,TRV,Financials,0.07871457264683168,0.05370609945955704
2023-10-31,UNM,Financials,-0.12065450864195393,0.08766423796256552
2023-10-31,WTW,Financials,0.04413072206094659,0.03362475188381753
2023-10-31,ABBV,Healthcare,0.008570485089243851,0.0389062710620261
2023-10-31,ABT,Healthcare,0.10301407869422907,0.07505101364653084
2023-10-31,AMGN,Healthcare,0.06280852138430948,0.07404867340675227
2023-10-31,BAX,Healthcare,0.12148511883903246,0.10894678116598316
2023-10-31,BIIB,Healthcare,-0.01456593227612979,0.05605128961009448
2023-10-31,BMY,Healthcare,-0.0417233806857491,0.062219020517279754
2023-10-31,BSX,Healthcare,0.09181482494682403,0.07528457758198605
2023-10-31,CI,Healthcare,-0.14980577828729924,0.06523186765132481
2023-10-31,CVS,Healthcare,-0.015360266866970007,0.04859725197709818
2023-10-31,DHR,Healthcare,0.1629517503981015,0.06770949883084178
2023-10-31,EW,Healthcare,0.06261766772335142,0.049573258217069475
2023-10-31,GILD,Healthcare,-0.02470063756748675,0.07072529183126065
2023-10-31,HUM,Healthcare,-0.07414696097560358,0.05257784572977547
2023-10-31,ISRG,Healthcare,0.18541680608210132,0.10607889121414235
2023-10-31,JNJ,Healthcare,0.05095443912778164,0.06595769403270745
2023-10-31,LLY,Healthcare,0.06896537805130887,0.09454003399410717
2023-10-31,MDT,Healthcare,0.12344093374942444,0.07983699567020379
2023-10-31,MRK,Healthcare,-0.002141943746858832,0.07839012015167103
2023-10-31,PFE,Healthcare,0.010497753372173735,0.051846647092150616
2023-10-31,REGN,Healthcare,0.05631558524185554,0.05328445496050895
2023-10-31,SYK,Healthcare,0.09662523295332193,0.06523299684100445
2023-10-31,TMO,Healthcare,0.11464351049989108,0.05506366088569771
2023-10-31,UNH,Healthcare,0.03250785494810016,0.048515720129520275
2023-10-31,VRTX,Healthcare,-0.0201595871096496,0.07789020995051378
2023-10-31,ZBH,Healthcare,0.1139736585809421,0.06504246416923559
2023-10-31,A,Healthcare,0.23633563724354234,0.06619751723025218
2023-10-31,ACAD,Healthcare,-0.012848870717761418,0.04298717233279618
2023-10-31,ALGN,Healthcare,0.15824263120087223,0.06232882909429045
2023-10-31,ALKS,Healthcare,-0.002067017085790601,0.0691526919720254
2023-10-31,BDX,Healthcare,-0.06566968230333403,0.07011596410032485
2023-10-31,DGX,Healthcare,0.05480386336116028,0.06012128866418686
2023-10-31,DXCM,Healthcare,0.3004614911837251,0.0645418535479156
2023-10-31,FOLD,Healthcare,0.004557902417299253,0.0816538825650226
2023-10-31,HOLX,Healthcare,0.07752765641181614,0.047582770644011514
2023-10-31,IDXX,Healthcare,0.166095090747147,0.06907801858527285
2023-10-31,INSP,Healthcare,-0.012571392073102872,0.03936925293228987
2023-10-31,IQV,Healthcare,0.18398498001202435,0.08542631910440474
2023-10-31,MASI,Healthcare,0.15567614088980397,-0.03210918965404099
2023-10-31,MTD,Healthcare,0.10833337411843003,0.0674450327265005
2023-10-31,NBIX,Healthcare,0.050928373644740565,0.05231877546081722
2023-10-31,NTRA,Healthcare,0.41753227850401253,-0.009263483374289791
2023-10-31,NVCR,Healthcare,-0.07744358783458638,-0.004093503156460435
2023-10-31,PODD,Healthcare,0.4263406946598731,0.06027905223810549
2023-10-31,RARE,Healthcare,0.09745753670999391,0.043077963848032835
2023-10-31,RMD,Healthcare,0.12048897257077584,0.06758278273888178
2023-10-31,WAT,Healthcare,0.17641381288565183,0.06425104716978935
2023-10-31,AMZN,Consumer,0.0976782655173829,0.12915867070029532
2023-10-31,AZO,Consumer,0.053610450444909974,0.0650387440740693
2023-10-31,BKNG,Consumer,0.12049923661570006,0.09466481307510827
2023-10-31,CMG,Consumer,0.13389445376197062,0.08886028275865934
2023-10-31,COST,Consumer,0.07491823028482125,0.06289663603646523
2023-10-31,DG,Consumer,0.10147845398196975,0.00633799897439564
2023-10-31,DLTR,Consumer,0.11252138277131696,0.06525964859503436
2023-10-31,DRI,Consumer,0.07517362834910668,0.08404129713204485
2023-10-31,EBAY,Consumer,0.05184377846818866,0.08243577185818034
2023-10-31,HD,Consumer,0.10855658998046036,0.07929561414567558
2023-10-31,HLT,Consumer,0.10652618239314271,0.066726964401273
2023-10-31,KR,Consumer,-0.017797866629337578,0.06716267094217145
2023-10-31,LOW,Consumer,0.04334359733570503,0.08197108153466383
2023-10-31,LULU,Consumer,0.1355087306035816,0.06111850168508116
2023-10-31,MAR,Consumer,0.07769735855556759,0.09849970289589208
2023-10-31,MCD,Consumer,0.08146902041032944,0.07804004519535855
2023-10-31,MGM,Consumer,0.12943873696371933,0.08003493826350845
2023-10-31,NKE,Consumer,0.07297863230683421,0.06597723002710641
2023-10-31,ORLY,Consumer,0.05582303549736145,0.08281497458778538
2023-10-31,ROST,Consumer,0.1242562676861989,0.08568996623572982
2023-10-31,SBUX,Consumer,0.08245530276680468,0.07233982383780707
2023-10-31,TGT,Consumer,0.22029034524203261,0.07084616176946361
2023-10-31,TJX,Consumer,0.004137932515794196,0.08983100199809678
2023-10-31,WMT,Consumer,-0.04724317992274962,0.07471394564999108
2023-10-31,YUM,Consumer,0.043718774350467005,0.06168459146791481
2023-10-31,BBY,Consumer,0.06165831658477883,0.0727136628800911
2023-10-31,CCL,Consumer,0.31413617599093224,0.11092888684349395
2023-10-31,CHDN,Consumer,0.05748755046365028,0.0784309875466486
2023-10-31,CMCSA,Consumer,0.014531327114157389,0.09902082224596631
2023-10-31,CZR,Consumer,0.12108302594529707,0.11716506894363245
2023-10-31,DIS,Consumer,0.1360461281160874,0.09249457711910138
2023-10-31,DKNG,Consumer,0.38450400132312823,0.09707794225679406
2023-10-31,F,Consumer,0.052307610493247836,0.0752545294217106
2023-10-31,FOX,Consumer,-0.00895734307070839,0.0607797046650703
2023-10-31,GM,Consumer,0.12376790071632016,0.08531965139986014
2023-10-31,GRMN,Consumer,0.19223650370029288,0.06832416213967944
2023-10-31,H,Consumer,0.1217260910270419,0.07757503902665296
2023-10-31,IHG,Consumer,0.08900606374304654,0.08926368059525175
2023-10-31,LVS,Consumer,-0.024238494874387673,0.07670852420333224
2023-10-31,NCLH,Consumer,0.12279411981262545,0.0919706966920781
2023-10-31,NFLX,Consumer,0.151278895158228,0.07879549167881034
2023-10-31,PENN,Consumer,0.24480486749968722,0.11088979889414874
2023-10-31,POOL,Consumer,0.10359297444225612,0.09338374130624919
2023-10-31,RCL,Consumer,0.2682638804515023,0.135615185529542
2023-10-31,SIRI,Consumer,0.09945484448771458,0.10738021436460543
2023-10-31,TSLA,Consumer,0.19537943740621855,0.10539464751759801
2023-10-31,WBD,Consumer,0.051307872274796384,0.11237034830335225
2023-10-31,WYNN,Consumer,-0.03547555892045562,0.08126666167330356
2023-10-31,APA,Energy,-0.0936556520644779,0.11508421468417097
2023-10-31,BA,Energy,0.2398565239365813,0.0703784152308494
2023-10-31,CAT,Energy,0.1091350463759293,0.09973557827841921
2023-10-31,COP,Energy,-0.022283497038651623,0.0886688838105349
2023-10-31,CVX,Energy,-0.004286948490035414,0.06565359996893215
2023-10-31,DE,Energy,-0.002599989012790571,0.08079726984140974
2023-10-31,DVN,Energy,-0.03435671797677409,0.11249825399545725
2023-10-31,EOG,Energy,-0.02518817705118459,0.08982724554381616
2023-10-31,FDX,Energy,0.0780091346415952,0.06475213586618092
2023-10-31,GD,Energy,0.023455420886601352,0.07379177994307927
2023-10-31,GE,Energy,0.12123734488597071,0.09474375377053974
2023-10-31,HAL,Energy,-0.05871903278865165,0.10817935521944687
2023-10-31,HON,Energy,0.07537289923798451,0.07555514118007459
2023-10-31,LMT,Energy,-0.00808972465902491,0.07208414749349812
2023-10-31,MMM,Energy,0.10642126415980835,0.0721825865219091
2023-10-31,MPC,Energy,-0.008189095674459912,0.08126224021991808
2023-10-31,NOC,Energy,0.011925995936805878,0.04478806870956019
2023-10-31,OXY,Energy,-0.04303512770896056,0.061152016141428574
2023-10-31,PSX,Energy,0.1402873472237829,0.08072928916657808
2023-10-31,RTX,Energy,0.008485135233910812,0.05166093594571063
2023-10-31,SLB,Energy,-0.0650379163284518,0.11128498641132627
2023-10-31,UNP,Energy,0.08506336759268462,0.06763116323382633
2023-10-31,UPS,Energy,0.08591522368492921,0.06976478735457359
2023-10-31,VLO,Energy,-0.004902331102259017,0.050665733733851664
2023-10-31,XOM,Energy,-0.020505640159828253,0.07710982426202492
2023-10-31,AME,Energy,0.10272067236414761,0.08144754470038185
2023-10-31,BE,Energy,0.38846154904224495,0.09757132280390667
2023-10-31,BKR,Energy,-0.013911411824647169,0.10658207270053655
2023-10-31,CTRA,Energy,-0.03838642655162394,0.09602193183443185
2023-10-31,EMR,Energy,0.005184747689072289,0.09127732971580318
2023-10-31,ENPH,Energy,0.2694143543440475,0.022139343073441255
2023-10-31,ETN,Energy,0.09951165341694446,0.11410415854919045
2023-10-31,FSLR,Energy,0.10761672277623635,0.06548198672733622
2023-10-31,FTV,Energy,0.057934351437187726,0.08659484922238105
2023-10-31,GNRC,Energy,0.3925300359199555,0.06774410130649175
2023-10-31,HUBB,Energy,0.11531332882965106,0.11600363849700315
2023-10-31,MTDR,Energy,-0.058363387929231014,0.13888294458700454
2023-10-31,PH,Energy,0.1784407213835868,0.1043872907394786
2023-10-31,PLUG,Energy,-0.31409167174334984,0.06035497865812652
2023-10-31,PR,Energy,-0.08967875071446152,0.11066014354487969
2023-10-31,ROK,Energy,0.05317786049936557,0.08687004434822611
2023-10-31,ROP,Energy,0.10168440736743545,0.07872084905924068
2023-10-31,SM,Energy,-0.07118055906821696,0.11906592252529258
2023-10-31,VRSK,Energy,0.06188420888857338,0.07989519652749072
2023-10-31,WMB,Energy,0.06947671218121565,0.09116457954343533
2023-10-31,XYL,Energy,0.12758245214464115,0.07232538738467606
2023-11-30,AAPL,Technology,0.013582733070201636,0.0029842253592496054
2023-11-30,ADBE,Technology,-0.023583957626512553,-0.012924226042391785
2023-11-30,AMAT,Technology,0.08205374888048267,0.019536113303160494
2023-11-30,AMD,Technology,0.2166556553861283,0.032074299357552
2023-11-30,AVGO,Technology,0.2113498693176732,0.0076432969176553345
2023-11-30,CDNS,Technology,-0.003293423839671461,-0.020695336574853458
2023-11-30,CRM,Technology,0.044620804143763904,0.031232142534691185
2023-11-30,CRWD,Technology,0.07734504158903621,0.06630491161692846
2023-11-30,FTNT,Technology,0.11358442256509504,0.07040921596886382
2023-11-30,GOOGL,Technology,0.05402546234222427,0.0022449945115621387
2023-11-30,INTC,Technology,0.12416102913298444,-0.020861463003656606
2023-11-30,INTU,Technology,0.09374252089909407,-0.004925094883325419
2023-11-30,KLAC,Technology,0.06734988299382794,-0.023279359353519984
2023-11-30,LRCX,Technology,0.09704325523855051,0.025374829495634577
2023-11-30,META,Technology,0.08195021332044705,0.005815432810636488
2023-11-30,MSFT,Technology,-0.007574393973518112,-0.004688784701487722
2023-11-30,MU,Technology,0.12262576312001938,0.011712291645145742
2023-11-30,NET,Technology,0.07919637705129601,0.0915354116016571
2023-11-30,NOW,Technology,0.030259349802534086,-0.009272563070649786
2023-11-30,NVDA,Technology,0.05893407640114878,0.014034988391753439
2023-11-30,ORCL,Technology,-0.09276309845227027,0.014378422254215524
2023-11-30,PANW,Technology,-0.0007116183458746317,-0.0034660949438035907
2023-11-30,QCOM,Technology,0.12072849389812967,0.030708508351484406
2023-11-30,SNPS,Technology,-0.05213262953525055,-0.006459369092616204
2023-11-30,TXN,Technology,0.11623354821092291,0.010886814179713673
2023-11-30,ACN,Technology,0.05334093346847779,0.002121615327649395
2023-11-30,ADI,Technology,0.0878807999092166,0.005309705102659393
2023-11-30,ANET,Technology,0.07191291843864622,-0.022144156729749998
2023-11-30,CGNX,Technology,0.10716202033112365,0.07474576164978204
2023-11-30,COHU,Technology,0.11534824772185148,0.0695969172749363
2023-11-30,CSCO,Technology,0.044233102862017315,0.010686361368836094
2023-11-30,DELL,Technology,0.00830370492810939,0.027288352625139525
2023-11-30,ENTG,Technology,0.14770129931819653,0.053087499988822784
2023-11-30,FORM,Technology,0.1098988039432478,-0.0010999917827307646
2023-11-30,HPQ,Technology,0.03496792347639932,0.005330499757506947
2023-11-30,IBM,Technology,0.03147067307435125,-0.019434448286769206
2023-11-30,IPGP,Technology,0.1334586308917971,0.04444667814503248
2023-11-30,KEYS,Technology,0.17072630107031617,0.03654120144043774
2023-11-30,MCHP,Technology,0.08077633652375749,0.04660840483188243
2023-11-30,MKSI,Technology,0.24615374495990938,0.010650325248355711
2023-11-30,MPWR,Technology,0.151356699885016,0.020156466281355735
2023-11-30,MRVL,Technology,0.0821819517513267,0.05047176486911799
2023-11-30,NXPI,Technology,0.13063928860985352,0.024904083044796233
2023-11-30,ONTO,Technology,0.08432025993073866,0.04184351030080075
2023-11-30,QRVO,Technology,0.1669430115062338,0.05932239991395686
2023-11-30,STX,Technology,0.08834726208697807,0.0007737582869050902
2023-11-30,SWKS,Technology,0.15980630821699338,0.03667449996249391
2023-11-30,TER,Technology,0.1766235173094004,0.03723038923934034
2023-11-30,VRSN,Technology,-0.029406210130288546,0.004593410188103924
2023-11-30,WDC,Technology,0.08404061743895852,0.07022361743018252
2023-11-30,AXP,Financials,0.09703103345676545,0.015074910360138586
2023-11-30,BAC,Financials,0.10429639713268135,0.039689532678919344
2023-11-30,BK,Financials,0.07719370027335404,0.005910812876245523
2023-11-30,BLK,Financials,0.08783871111890251,0.017195858062509665
2023-11-30,C,Financials,0.11583524690024438,0.03829068429444264
2023-11-30,CFG,Financials,0.21525503236191024,0.05494311236763655
2023-11-30,CME,Financials,-0.006272245588466063,0.005258881131180254
2023-11-30,COF,Financials,0.17427916075462746,0.005576933360855485
2023-11-30,FITB,Financials,0.20337391085309275,0.06467997959546945
2023-11-30,GS,Financials,0.12950182542908606,0.029977307489092622
2023-11-30,HBAN,Financials,0.1431059275921316,0.07620706201309628
2023-11-30,ICE,Financials,0.13219453410636173,-0.0012728965346475592
2023-11-30,JPM,Financials,0.08982613862963817,0.011565431895444237
2023-11-30,KEY,Financials,0.16222747389059644,0.06145851049209728
2023-11-30,MCO,Financials,0.07014457879931402,0.0027666231043683063
2023-11-30,MS,Financials,0.17532140875579083,0.02409979566909475
2023-11-30,MTB,Financials,0.06951714716962165,0.06431625473736689
2023-11-30,PNC,Financials,0.155942315997174,0.05258820772337471
2023-11-30,RF,Financials,0.17840967781715555,0.036283089081883595
2023-11-30,SCHW,Financials,0.12198339841201467,0.059993307476850354
2023-11-30,SPGI,Financials,0.05937517643400336,-0.008816071385317018
2023-11-30,STT,Financials,0.0731612167051865,0.057358993175031035
2023-11-30,TFC,Financials,0.14872455741793345,0.09376078242416407
2023-11-30,USB,Financials,0.1481660853739637,0.0735835583946612
2023-11-30,WFC,Financials,0.10383505331614629,0.02925895778356469
2023-11-30,AFL,Financials,-0.0025390153604329946,0.004570668169895311
2023-11-30,AJG,Financials,-0.0968673303555102,-0.0007731644173863614
2023-11-30,ALL,Financials,0.015304439935286851,0.0005763456175910823
2023-11-30,AMTD,Financials,0.0,0.0013264610794437512
2023-11-30,AON,Financials,-0.11406748782852305,-0.002565797576110494
2023-11-30,CB,Financials,-0.011189254578522823,-0.0058307366784279575
2023-11-30,FDS,Financials,0.052022205070601624,-0.004728975571658759
2023-11-30,FNF,Financials,0.14931673301748205,-0.0011887237005283843
2023-11-30,GL,Financials,-0.011451367708484428,0.0034080291159318717
2023-11-30,HIG,Financials,0.02840344485769064,0.001376812541320328
2023-11-30,IBKR,Financials,0.06500515238873228,0.015375710612973787
2023-11-30,LPLA,Financials,0.023931543417758938,0.02047754356627426
2023-11-30,MET,Financials,0.03928953087280318,0.03989028410212771
2023-11-30,MSCI,Financials,0.08601317433275169,-0.0011553411667751957
2023-11-30,NDAQ,Financials,0.045307414334794904,-0.007054366220027508
2023-11-30,PGR,Financials,-0.028958156124106904,-0.003505561481768002
2023-11-30,PRU,Financials,0.06064626475873225,0.019910446602923074
2023-11-30,RJF,Financials,0.06464003378264138,0.022658658725943807
2023-11-30,SEIC,Financials,0.09094789120397317,-0.003883056727885484
2023-11-30,SF,Financials,0.13323488385563031,0.010963605609188312
2023-11-30,SYF,Financials,0.1801606678694312,0.07083221685109337
2023-11-30,TRV,Financials,0.06043602389764691,0.0032918361408333595
2023-11-30,UNM,Financials,0.05162795149618016,0.0012029499607197941
2023-11-30,WTW,Financials,-0.0172568414254628,0.002143280023323112
2023-11-30,ABBV,Healthcare,0.08834919158163812,0.007013545950431977
2023-11-30,ABT,Healthcare,0.05542238824114798,0.003642591845938897
2023-11-30,AMGN,Healthcare,0.06816474152062502,-0.007249758385899906
2023-11-30,BAX,Healthcare,0.07150766926057539,0.04813551427018639
2023-11-30,BIIB,Healthcare,0.10547670450052782,0.015523484232983692
2023-11-30,BMY,Healthcare,0.039084697837908466,0.00040407352667764764
2023-11-30,BSX,Healthcare,0.03435322964054621,0.01454928674187723
2023-11-30,CI,Healthcare,0.14446724801580535,0.014516207734297657
2023-11-30,CVS,Healthcare,0.16203110275431776,0.01648920371117582
2023-11-30,DHR,Healthcare,0.037027910763642646,-0.016282940297264546
2023-11-30,EW,Healthcare,0.12612614135281763,0.02723951657424618
2023-11-30,GILD,Healthcare,0.06720493805744066,0.013525652529899746
2023-11-30,HUM,Healthcare,-0.05393443399724629,0.0059089276690898465
2023-11-30,ISRG,Healthcare,0.08531717065407496,0.033936008961818385
2023-11-30,JNJ,Healthcare,0.013448616124566604,0.028154021285703837
2023-11-30,LLY,Healthcare,-0.013738263301678821,0.009962522805299174
2023-11-30,MDT,Healthcare,0.04793845670820662,0.019655086181110556
2023-11-30,MRK,Healthcare,0.07152030264480036,0.017590323757868214
2023-11-30,PFE,Healthcare,-0.05513626055488885,0.008018877385241806
2023-11-30,REGN,Healthcare,0.06613170652860867,0.00609794439707991
2023-11-30,SYK,Healthcare,0.01327348698489561,0.007946205603505358
2023-11-30,TMO,Healthcare,0.07138217428324256,0.018782128783194834
2023-11-30,UNH,Healthcare,-0.04467502656728395,0.019953848030147516
2023-11-30,VRTX,Healthcare,0.14678283432879646,0.004939667282570533
2023-11-30,ZBH,Healthcare,0.048428794294628874,0.022815147858457237
2023-11-30,A,Healthcare,0.08971125408353342,0.022917437218572125
2023-11-30,ACAD,Healthcare,0.4052961625225353,0.03229728320066312
2023-11-30,ALGN,Healthcare,0.28157154391465866,0.0031283052025720634
2023-11-30,ALKS,Healthcare,0.14913009413800804,-0.006447028902779387
2023-11-30,BDX,Healthcare,0.03660882097353868,0.007010540437896162
2023-11-30,DGX,Healthcare,0.004736598310891571,0.01629649688697164
2023-11-30,DXCM,Healthcare,0.0741862876026893,0.08754912715550235
2023-11-30,FOLD,Healthcare,0.2876587106116082,0.05101790082083858
2023-11-30,HOLX,Healthcare,0.0021037011229227964,0.006161458460189711
2023-11-30,IDXX,Healthcare,0.19155463283191354,0.048469808523604885
2023-11-30,INSP,Healthcare,0.3999724457620448,0.03195904658717596
2023-11-30,IQV,Healthcare,0.08070994061972203,0.04892202837138288
2023-11-30,MASI,Healthcare,0.2501066170430548,0.0784754563352788
2023-11-30,MTD,Healthcare,0.11084034807471488,0.061011396306543876
2023-11-30,NBIX,Healthcare,0.1301140633453748,0.0061547099825915025
2023-11-30,NTRA,Healthcare,0.11957101940095693,0.009101488018389772
2023-11-30,NVCR,Healthcare,0.21678889553170566,-0.04885839826672228
2023-11-30,PODD,Healthcare,0.14749590105132238,0.058466703393914486
2023-11-30,RARE,Healthcare,0.230888071377358,-0.05545167296505723
2023-11-30,RMD,Healthcare,0.09059800264566853,0.02191214853061101
2023-11-30,WAT,Healthcare,0.17326548652162876,0.02709815263237417
2023-11-30,AMZN,Consumer,0.04004385139407618,-0.014768126894276633
2023-11-30,AZO,Consumer,-0.00931819047090754,0.0059665932073458584
2023-11-30,BKNG,Consumer,0.13485639649354741,-0.008869836466949022
2023-11-30,CMG,Consumer,0.03846526265246242,-0.0021612233904391995
2023-11-30,COST,Consumer,0.13893185036166655,-0.015324871406012254
2023-11-30,DG,Consumer,0.036836507296154286,0.007014337715712206
2023-11-30,DLTR,Consumer,0.1493648940922223,-0.025364929333451046
2023-11-30,DRI,Consumer,0.05004156746757116,-0.014189012710437265
2023-11-30,EBAY,Consumer,0.06364305248098057,0.008914802521895662
2023-11-30,HD,Consumer,0.10545798949451801,0.00266411996472776
2023-11-30,HLT,Consumer,0.08697470471245561,-0.002704878544826722
2023-11-30,KR,Consumer,0.032527881040892215,0.00037597085971456695
2023-11-30,LOW,Consumer,0.11929792412736284,0.00733668424773749
2023-11-30,LULU,Consumer,0.14433756157987077,-0.023432507001458013
2023-11-30,MAR,Consumer,0.11253084210029174,-0.019902098077343687
2023-11-30,MCD,Consumer,0.05205096712595725,0.011996125137323585
2023-11-30,MGM,Consumer,0.1328600877515811,0.023931826886464405
2023-11-30,NKE,Consumer,-0.012102052714751954,0.0029894814711446975
2023-11-30,ORLY,Consumer,-0.03287925316457618,-0.013859091030253965
2023-11-30,ROST,Consumer,0.0641335638919096,-0.0006612991635416853
2023-11-30,SBUX,Consumer,-0.03313186502152543,0.002039015830438622
2023-11-30,TGT,Consumer,0.06434502766130845,0.02630911940957741
2023-11-30,TJX,Consumer,0.06469174679490042,0.005139289186324579
2023-11-30,WMT,Consumer,0.01634995580980747,-8.122980077953939e-05
2023-11-30,YUM,Consumer,0.04070090391306391,0.01985791924173851
2023-11-30,BBY,Consumer,0.11736114711109424,0.03969204750472727
2023-11-30,CCL,Consumer,0.23107579960778413,0.06329577633888384
2023-11-30,CHDN,Consumer,0.16550043890292176,0.043477446644154656
2023-11-30,CMCSA,Consumer,0.0467892997992283,0.0030326189564472343
2023-11-30,CZR,Consumer,0.0483005319421177,0.08927213614653791
2023-11-30,DIS,Consumer,-0.0227181431738237,0.044869418050608054
2023-11-30,DKNG,Consumer,-0.07819041702998897,0.05867744682641911
2023-11-30,F,Consumer,0.18810903676060087,0.004426533785451862
2023-11-30,FOX,Consumer,-0.0003615919276952484,0.012622319998820106
2023-11-30,GM,Consumer,0.1367088033738848,0.056716614819083126
2023-11-30,GRMN,Consumer,0.05762233640008252,0.0023640811462824806
2023-11-30,H,Consumer,0.13637147697541074,0.015397477952975113
2023-11-30,IHG,Consumer,0.16078940802473096,0.012345999682994392
2023-11-30,LVS,Consumer,0.06699907181999243,0.020440117381664902
2023-11-30,NCLH,Consumer,0.31237723082964797,0.09264807275815583
2023-11-30,NFLX,Consumer,0.027238018939319764,-0.0012338879186264582
2023-11-30,PENN,Consumer,0.05944629574792493,0.02223684328058124
2023-11-30,POOL,Consumer,0.14796158711876184,0.055589378724435194
2023-11-30,RCL,Consumer,0.20500658899324375,0.07069409314707158
2023-11-30,SIRI,Consumer,0.1688032419920067,0.11952471484234331
2023-11-30,TSLA,Consumer,0.03498831153123483,0.02385493289488626
2023-11-30,WBD,Consumer,0.08899524613878262,0.0033544327935751093
2023-11-30,WYNN,Consumer,0.07924665973680267,0.022154352773642798
2023-11-30,APA,Energy,-0.003333574140330753,0.038166229025711575
2023-11-30,BA,Energy,0.1253291808804471,0.036084941515075845
2023-11-30,CAT,Energy,0.17928375605882585,0.013374124692383459
2023-11-30,COP,Energy,0.00432644141066163,-0.003412279021508907
2023-11-30,CVX,Energy,0.038718787010191935,-0.012415920566981134
2023-11-30,DE,Energy,0.10133879881431285,0.0545678255352476
2023-11-30,DVN,Energy,0.02518969299268181,0.08762330729337454
2023-11-30,EOG,Energy,-0.004624170915244252,0.006424751541253211
2023-11-30,FDX,Energy,-0.01801710119854516,-0.04540155637941459
2023-11-30,GD,Energy,0.05142323375736835,0.0022498943280248773
2023-11-30,GE,Energy,0.048523326685058876,-0.027121878178619774
2023-11-30,HAL,Energy,-0.01944593558911023,0.040676833819903495
2023-11-30,HON,Energy,0.07038589985274069,0.016222264520220554
2023-11-30,LMT,Energy,0.012216218062883533,0.012183717418019751
2023-11-30,MMM,Energy,0.10346214552038102,0.02965597003910534
2023-11-30,MPC,Energy,-0.00556351256931209,0.009045676481387745
2023-11-30,NOC,Energy,-0.014773961488587228,0.002845020143699432
2023-11-30,OXY,Energy,0.012694824878713318,-0.00358044271400602
2023-11-30,PSX,Energy,0.03297383740523463,0.007703904627846578
2023-11-30,RTX,Energy,0.032646143530316696,0.010450267373599394
2023-11-30,SLB,Energy,0.004828082053572658,0.009509844149308904
2023-11-30,UNP,Energy,0.09645438746996482,0.0012528443980769726
2023-11-30,UPS,Energy,0.03706894166706487,0.030295815202983654
2023-11-30,VLO,Energy,0.03701338759147821,0.019561246838225074
2023-11-30,XOM,Energy,-0.026863941545540393,-0.012337705089035925
2023-11-30,AME,Energy,0.06393017715952354,0.0025028215439614103
2023-11-30,BE,Energy,0.02493079091502337,0.10941942853631559
2023-11-30,BKR,Energy,0.012740806685175299,0.016522102794109865
2023-11-30,CTRA,Energy,-0.027809555055415047,0.00031233398883091687
2023-11-30,EMR,Energy,0.09482587315164803,0.0034323908740423723
2023-11-30,ENPH,Energy,0.30805784775996603,0.016593196660241446
2023-11-30,ETN,Energy,0.057666045981269454,-0.006931368294042606
2023-11-30,FSLR,Energy,0.0919001147939078,-0.01111276131441647
2023-11-30,FTV,Energy,0.06741083638583412,0.009284413832450489
2023-11-30,GNRC,Energy,0.10395494857832377,-0.005840973331805129
2023-11-30,HUBB,Energy,0.09643340694318603,-0.003830631066897815
2023-11-30,MTDR,Energy,-0.01762276411076269,0.03353057417906289
2023-11-30,PH,Energy,0.06353013926303297,0.01683701249219946
2023-11-30,PLUG,Energy,0.11386139665604955,0.12549212414437946
2023-11-30,PR,Energy,0.035007609010406116,0.019173923219784485
2023-11-30,ROK,Energy,0.12721451713494614,0.03573699395793448
2023-11-30,ROP,Energy,0.012856476012101936,-0.0019401198639347596
2023-11-30,SM,Energy,0.03391199360872377,0.06010462621252066
2023-11-30,VRSK,Energy,-0.009282258665162635,0.0016301154176977437
2023-11-30,WMB,Energy,-0.0412914426869021,0.0019768776067077567
2023-11-30,XYL,Energy,0.08779617748600743,0.015653421732810445
2023-12-31,AAPL,Technology,-0.04222722189995509,-0.008478198210541786
2023-12-31,ADBE,Technology,0.03550126479662685,0.002316382644177141
2023-12-31,AMAT,Technology,0.01375940312078483,-0.0097901014352516
2023-12-31,AMD,Technology,0.13757545807937377,0.0025009699266801562
2023-12-31,AVGO,Technology,0.05711072806139561,-0.004707255312821578
2023-12-31,CDNS,Technology,0.05907404129066385,0.010446645795104993
2023-12-31,CRM,Technology,0.06821475982809222,-0.019802596660912268
2023-12-31,CRWD,Technology,0.14562114839895068,-0.017431910375676464
2023-12-31,FTNT,Technology,0.10182810881213977,0.05154141693152112
2023-12-31,GOOGL,Technology,0.0029349048716580395,0.004653719478748255
2023-12-31,INTC,Technology,-0.14268646575293564,0.006846786970158623
2023-12-31,INTU,Technology,0.011600864899973029,-0.009441550292068604
2023-12-31,KLAC,Technology,0.021916591043952938,-0.006511526586505937
2023-12-31,LRCX,Technology,0.05350721431567429,-0.02014998662789687
2023-12-31,META,Technology,0.10221501965980928,0.031163346506915296
2023-12-31,MSFT,Technology,0.05728115017003055,0.010279817594624667
2023-12-31,MU,Technology,0.004804336428628098,-0.01492658362511928
2023-12-31,NET,Technology,-0.05056448446379125,0.006878880992214122
2023-12-31,NOW,Technology,0.08338403469679512,0.006692283999560989
2023-12-31,NVDA,Technology,0.2424174876377423,0.01658045177903134
2023-12-31,ORCL,Technology,0.06357584514015335,0.017080850153664753
2023-12-31,PANW,Technology,0.14795850569844982,0.012790054887837866
2023-12-31,QCOM,Technology,0.02682690450321612,-0.010804610503703987
2023-12-31,SNPS,Technology,0.03581209027433285,0.00586562824694691
2023-12-31,TXN,Technology,-0.053246986781650074,0.015829203141795783
2023-12-31,ACN,Technology,0.04074784479778204,0.0015593203166740137
2023-12-31,ADI,Technology,-0.031225022667365154,-0.012133968168297168
2023-12-31,ANET,Technology,0.09838222881990166,0.014209953446679018
2023-12-31,CGNX,Technology,-0.1341642058896947,0.027400305106463616
2023-12-31,COHU,Technology,-0.09974565810050273,0.04368953616917256
2023-12-31,CSCO,Technology,0.0009987873081012122,0.011254035350068825
2023-12-31,DELL,Technology,0.08823871627390156,0.04121853269858011
2023-12-31,ENTG,Technology,-0.016893912182633475,0.03581426126800778
2023-12-31,FORM,Technology,-0.07048666246083557,-0.0020282971084627124
2023-12-31,HPQ,Technology,-0.04586237435069529,-0.004095247164708752
2023-12-31,IBM,Technology,0.12295939591187532,0.011657175667386884
2023-12-31,IPGP,Technology,-0.09812052179884734,-0.016927660867661152
2023-12-31,KEYS,Technology,-0.03664593604410149,0.010640010485935873
2023-12-31,MCHP,Technology,-0.05544468693090543,-0.005321473629792755
2023-12-31,MKSI,Technology,0.03480113529254747,-0.016822252132536436
2023-12-31,MPWR,Technology,-0.04448468091326396,-0.026631472468932008
2023-12-31,MRVL,Technology,0.12372141451932217,0.01275836550594562
2023-12-31,NXPI,Technology,-0.0832026055110694,-0.01082773695446015
2023-12-31,ONTO,Technology,0.05624595452461545,-0.017427053768780048
2023-12-31,QRVO,Technology,-0.11428827525820096,-0.017965625133159663
2023-12-31,STX,Technology,0.0036312676776315556,0.008100375513410498
2023-12-31,SWKS,Technology,-0.07080601729900582,-0.01214476145142086
2023-12-31,TER,Technology,-0.10993364293297203,0.0006533420538680369
2023-12-31,VRSN,Technology,-0.03437568236154798,0.009957905612050774
2023-12-31,WDC,Technology,0.09318311532035395,0.04062705673765905
2023-12-31,AXP,Financials,0.07498963864762653,-0.006493794214397599
2023-12-31,BAC,Financials,0.010098116930056689,-0.04020741349133443
2023-12-31,BK,Financials,0.07376750711821267,0.0007823163726742985
2023-12-31,BLK,Financials,-0.04618119810871668,-0.01257190982763315
2023-12-31,C,Financials,0.09195172044652211,-0.01672966690293851
2023-12-31,CFG,Financials,-0.0010305481797904248,0.1031831655466916
2023-12-31,CME,Financials,-0.022602005937422898,-0.002978266946262053
2023-12-31,COF,Financials,0.03203164314502249,-0.0019089646879791996
2023-12-31,FITB,Financials,-0.007248363310550565,-0.0018106206052764698
2023-12-31,GS,Financials,-0.004562499932470487,-0.009991359834864008
2023-12-31,HBAN,Financials,0.0007858771421114241,0.0133874693642522
2023-12-31,ICE,Financials,-0.008564928712848086,0.009088130156763925
2023-12-31,JPM,Financials,0.03136468921578106,0.0046513862749857325
2023-12-31,KEY,Financials,0.009027846527937866,0.09995651086387404
2023-12-31,MCO,Financials,0.0037895146395821033,-0.01606324208353529
2023-12-31,MS,Financials,-0.055285890304511476,-0.01400732202066301
2023-12-31,MTB,Financials,0.007440862341571597,-0.013603369267506969
2023-12-31,PNC,Financials,-0.013482585487845422,-0.01284331492483181
2023-12-31,RF,Financials,-0.03663581692572615,0.024322122851496042
2023-12-31,SCHW,Financials,-0.08546533869450712,0.054457314094813525
2023-12-31,SPGI,Financials,0.017774494572771804,-0.01787046235437858
2023-12-31,STT,Financials,-0.04634641700620179,0.00035458309368215665
2023-12-31,TFC,Financials,0.0037920094028731643,0.030651599882380948
2023-12-31,USB,Financials,-0.04020333535352161,0.04259789409046805
2023-12-31,WFC,Financials,0.019504110036153044,-0.005982044799047888
2023-12-31,AFL,Financials,0.022303072656198797,-0.0072316280462773165
2023-12-31,AJG,Financials,0.032372724860999735,0.00716181269748414
2023-12-31,ALL,Financials,0.1090868656571733,0.019846419567437254
2023-12-31,AMTD,Financials,-0.06666667108182567,0.004233065859073954
2023-12-31,AON,Financials,0.02757715442319042,-0.0004714170169280801
2023-12-31,CB,Financials,0.08407081815835404,0.006734619118931333
2023-12-31,FDS,Financials,-0.002368658646257349,0.012083645448385886
2023-12-31,FNF,Financials,-0.01940424614460423,-0.007469059244429077
2023-12-31,GL,Financials,0.010906504436945852,0.00734162326797723
2023-12-31,HIG,Financials,0.08186105235406105,0.013032103698717068
2023-12-31,IBKR,Financials,0.07056690052414072,0.02061958467243777
2023-12-31,LPLA,Financials,0.05083034988774715,0.026624458198633558
2023-12-31,MET,Financials,0.048238442891679334,-0.005325161942974458
2023-12-31,MSCI,Financials,0.05828696294882363,-0.00956698338417054
2023-12-31,NDAQ,Financials,-0.0063639964032405905,-0.029890246988579935
2023-12-31,PGR,Financials,0.1247256572136215,0.008891272266613773
2023-12-31,PRU,Financials,0.011763711493114615,0.0029497149870691057
2023-12-31,RJF,Financials,-0.01183869239055535,-0.013608919695863432
2023-12-31,SEIC,Financials,-0.0048779734409344355,-0.00041972878459600965
2023-12-31,SF,Financials,0.05495293715490224,0.004288729024515367
2023-12-31,SYF,Financials,0.017805735738797512,-0.02561478487966261
2023-12-31,TRV,Financials,0.10955953647152494,0.010935734621714242
2023-12-31,UNM,Financials,0.07734672169341894,0.0016100534824743172
2023-12-31,WTW,Financials,0.021144303906712736,0.013396196744065387
2023-12-31,ABBV,Healthcare,0.07098624665829223,0.011557784047848615
2023-12-31,ABT,Healthcare,0.032948391441811165,0.0025666349460275345
2023-12-31,AMGN,Healthcare,0.09110491645729257,0.0058178007998244165
2023-12-31,BAX,Healthcare,0.0007761873256655338,0.033180830818227355
2023-12-31,BIIB,Healthcare,-0.046798260485000354,0.021994469805063793
2023-12-31,BMY,Healthcare,-0.03650051649104569,0.020837690625501667
2023-12-31,BSX,Healthcare,0.09427429196983472,0.0036904764639030777
2023-12-31,CI,Healthcare,0.005009101804681837,-0.008115948738052775
2023-12-31,CVS,Healthcare,-0.04957593293846052,0.03194929884022828
2023-12-31,DHR,Healthcare,0.037045092742158836,-0.022333062004765685
2023-12-31,EW,Healthcare,0.02911477010758201,0.017278619486325118
2023-12-31,GILD,Healthcare,-0.03394649988568876,0.018626757994205958
2023-12-31,HUM,Healthcare,-0.17419897636665194,0.006546879899432185
2023-12-31,ISRG,Healthcare,0.12111696005251016,-0.007922718783661213
2023-12-31,JNJ,Healthcare,0.013780657444112832,0.01990107850872021
2023-12-31,LLY,Healthcare,0.10754476724690143,0.009032351280833404
2023-12-31,MDT,Healthcare,0.06263676031649257,0.0025781143554581016
2023-12-31,MRK,Healthcare,0.1078700568058295,0.01977277240230336
2023-12-31,PFE,Healthcare,-0.045240999889931244,0.014711028537625693
2023-12-31,REGN,Healthcare,0.07342684960779988,-0.012111872558259275
2023-12-31,SYK,Healthcare,0.12028326630529818,0.008501677301684355
2023-12-31,TMO,Healthcare,0.015429997126399142,-0.004508737258656527
2023-12-31,UNH,Healthcare,-0.027978807861024135,-0.006610899153813593
2023-12-31,VRTX,Healthcare,0.0651035643065927,0.011997945309309324
2023-12-31,ZBH,Healthcare,0.032046046567495656,-0.009305307962309394
2023-12-31,A,Healthcare,-0.06423049743149467,-0.019235452907092974
2023-12-31,ACAD,Healthcare,-0.17246885054738348,0.054771212318860125
2023-12-31,ALGN,Healthcare,-0.024379535313070244,-0.07586434587988887
2023-12-31,ALKS,Healthcare,-0.02487384786412361,0.020461889906002274
2023-12-31,BDX,Healthcare,-0.02058813688514205,0.01640393436805848
2023-12-31,DGX,Healthcare,-0.06362414942110894,0.013261060828333587
2023-12-31,DXCM,Healthcare,-0.0220807312807767,-0.029556539908319086
2023-12-31,FOLD,Healthcare,-0.12403096034200012,0.049332419362489506
2023-12-31,HOLX,Healthcare,0.041847524434885486,0.008087776125023313
2023-12-31,IDXX,Healthcare,-0.07201147929406604,-0.009866344990615962
2023-12-31,INSP,Healthcare,0.036572790194530524,0.1282187467186512
2023-12-31,IQV,Healthcare,-0.1000519001933563,-0.015551347639479192
2023-12-31,MASI,Healthcare,0.10007681467926499,0.0295005478027953
2023-12-31,MTD,Healthcare,-0.013001269653667102,-0.037010844045512976
2023-12-31,NBIX,Healthcare,0.06079242637801885,0.008664306116141031
2023-12-31,NTRA,Healthcare,0.05268204156948242,-0.007908435715897269
2023-12-31,NVCR,Healthcare,-0.06764904274862604,0.04779457247083089
2023-12-31,PODD,Healthcare,-0.1203336764884897,-0.020744033213416363
2023-12-31,RARE,Healthcare,-0.0775825827718315,-0.004553967980773606
2023-12-31,RMD,Healthcare,0.10568529115544112,-0.04413657781359365
2023-12-31,WAT,Healthcare,-0.034990794116057655,-0.025492693776681695
2023-12-31,AMZN,Consumer,0.021455801332457725,0.006434246661115733
2023-12-31,AZO,Consumer,0.06827006704681926,0.014618101844634903
2023-12-31,BKNG,Consumer,-0.011205922506035582,-0.007645973191646552
2023-12-31,CMG,Consumer,0.053262828311353205,-0.000861261248617225
2023-12-31,COST,Consumer,0.0527208980548981,-0.0009433391405350704
2023-12-31,DG,Consumer,-0.02429949874968773,-0.011705937009662144
2023-12-31,DLTR,Consumer,-0.08046467926090528,-0.0061069571967947755
2023-12-31,DRI,Consumer,-0.0024983567679225382,-0.0035492509587801576
2023-12-31,EBAY,Consumer,-0.05845955894506305,0.01524428460839233
2023-12-31,HD,Consumer,0.0184966468742076,-0.002130723791480301
2023-12-31,HLT,Consumer,0.04871215660262007,0.0032745940695728527
2023-12-31,KR,Consumer,0.009407022243530072,0.020471610791574675
2023-12-31,LOW,Consumer,-0.03882171394216882,0.010763890880376492
2023-12-31,LULU,Consumer,-0.1124019641695263,0.010412574617750036
2023-12-31,MAR,Consumer,0.06305699016171284,-0.0010657965586361592
2023-12-31,MCD,Consumer,-0.012782093461986999,0.015129415654457924
2023-12-31,MGM,Consumer,-0.029319636623620693,0.02033040153325241
2023-12-31,NKE,Consumer,-0.0648429677864436,0.008662322260843753
2023-12-31,ORLY,Consumer,0.07680398500299801,0.012838988433933017
2023-12-31,ROST,Consumer,0.013657227695716312,-0.013188968743428108
2023-12-31,SBUX,Consumer,-0.03103855047511106,0.00540260904252138
2023-12-31,TGT,Consumer,-0.02345160365102661,-0.0032194026632577765
2023-12-31,TJX,Consumer,0.01172599269247554,0.0008609302062495639
2023-12-31,WMT,Consumer,0.04820804014558444,0.0029390829120217307
2023-12-31,YUM,Consumer,-0.008954566142640896,0.01365570013735276
2023-12-31,BBY,Consumer,-0.07396527717344004,0.017478865465216077
2023-12-31,CCL,Consumer,-0.10571743798172206,-0.027351271279757148
2023-12-31,CHDN,Consumer,-0.10346095118318654,0.021808099911031144
2023-12-31,CMCSA,Consumer,0.06841132201362154,0.004034616776609606
2023-12-31,CZR,Consumer,-0.06420652874681099,0.036532868264510285
2023-12-31,DIS,Consumer,0.06379448425804046,-0.004793953686370231
2023-12-31,DKNG,Consumer,0.10780139679604384,-0.05101488679863881
2023-12-31,F,Consumer,-0.03855606372112008,0.015581023215962558
2023-12-31,FOX,Consumer,0.08535259556720054,0.03066357301018859
2023-12-31,GM,Consumer,0.0801782165586129,0.023444382869886746
2023-12-31,GRMN,Consumer,-0.07040598373522189,-0.024419986610485483
2023-12-31,H,Consumer,-0.01564308300661288,-0.0006632517256687772
2023-12-31,IHG,Consumer,0.04474662584147571,0.01144597087816878
2023-12-31,LVS,Consumer,-0.005893194195327189,0.059111711543652974
2023-12-31,NCLH,Consumer,-0.11177652575510633,0.06869007941838369
2023-12-31,NFLX,Consumer,0.15862223990142965,0.030220651477474648
2023-12-31,PENN,Consumer,-0.1333589992181483,0.06146360412619913
2023-12-31,POOL,Consumer,-0.06887214235595773,0.008493271447037067
2023-12-31,RCL,Consumer,-0.01536806149249792,-0.035154819856962116
2023-12-31,SIRI,Consumer,-0.06946961415032438,0.10416886640790612
2023-12-31,TSLA,Consumer,-0.24625725810339172,-0.010147865246437321
2023-12-31,WBD,Consumer,-0.11950787724083078,0.06331076463118063
2023-12-31,WYNN,Consumer,0.03643944378195374,0.0704603879168603
2023-12-31,APA,Energy,-0.11963768960937504,0.06255388362012074
2023-12-31,BA,Energy,-0.19036296201506397,-0.018971427518807978
2023-12-31,CAT,Energy,0.020398685693851393,0.007944127395687419
2023-12-31,COP,Energy,-0.036185017727841995,-0.009387895207448836
2023-12-31,CVX,Energy,-0.01159842311774506,0.022357963344806806
2023-12-31,DE,Energy,-0.015729973023103305,0.06160277116604517
2023-12-31,DVN,Energy,-0.07240616427486657,0.07985067731450024
2023-12-31,EOG,Energy,-0.05176238477001427,0.013019013723295392
2023-12-31,FDX,Energy,-0.04617148060361642,0.002324168009801926
2023-12-31,GD,Energy,0.025904844287347295,0.013626146978049557
2023-12-31,GE,Energy,0.03753039504791755,0.013966282455042847
2023-12-31,HAL,Energy,-0.013831395897254573,0.05187657554023367
2023-12-31,HON,Energy,-0.03552520948526483,0.012126266296764759
2023-12-31,LMT,Energy,-0.05257688782150449,0.011884421923471085
2023-12-31,MMM,Energy,-0.13693748397988315,-0.029341679185868712
2023-12-31,MPC,Energy,0.11620410705454676,0.045977612762981936
2023-12-31,NOC,Energy,-0.04567000621726047,0.005741720616394662
2023-12-31,OXY,Energy,-0.03583986619783286,0.005345651411657321
2023-12-31,PSX,Energy,0.08389663366878475,0.006557551520783438
2023-12-31,RTX,Energy,0.08295704653872593,0.008023847013067659
2023-12-31,SLB,Energy,-0.06418128913784504,0.02551428852305857
2023-12-31,UNP,Energy,-0.0068804882695259195,-0.000678423833398851
2023-12-31,UPS,Energy,-0.09750053492406507,0.013697787469753862
2023-12-31,VLO,Energy,0.07658018251201093,0.023091379864199034
2023-12-31,XOM,Energy,0.02830562378559187,0.01636201257529469
2023-12-31,AME,Energy,-0.017223639040586547,-0.0022947595723742434
2023-12-31,BE,Energy,-0.23513516561230885,-0.036098807888049464
2023-12-31,BKR,Energy,-0.16617909066840786,0.017653150840338735
2023-12-31,CTRA,Energy,-0.02507839337534923,0.014922152498639181
2023-12-31,EMR,Energy,-0.057536354048997373,0.003895481139014079
2023-12-31,ENPH,Energy,-0.21197216789471784,0.023051221978111
2023-12-31,ETN,Energy,0.02184200405548964,0.017591529815513953
2023-12-31,FSLR,Energy,-0.15080099786175016,0.04946358650188638
2023-12-31,FTV,Energy,0.06179552393924781,0.009608550048682853
2023-12-31,GNRC,Energy,-0.120473589155351,0.010799910304849468
2023-12-31,HUBB,Energy,0.020186531183704837,0.0015085606953003708
2023-12-31,MTDR,Energy,-0.03464639837047534,0.07878229541880513
2023-12-31,PH,Energy,0.008248286674116923,-0.025320134667286557
2023-12-31,PLUG,Energy,-0.011111153496636272,0.0882723820785895
2023-12-31,PR,Energy,-0.008823522363053282,0.012791394280636829
2023-12-31,ROK,Energy,-0.1842308426386795,0.03068071615773448
2023-12-31,ROP,Energy,-0.013571776131353075,0.006578850777290946
2023-12-31,SM,Energy,-0.037498393488836546,0.0492707292811728
2023-12-31,VRSK,Energy,0.011177908596547104,-0.01007582247862714
2023-12-31,WMB,Energy,-0.00488090770037497,-0.002912759935982704
2023-12-31,XYL,Energy,-0.01678916571389122,-0.0035107301045442154
2024-01-31,AAPL,Technology,-0.018543238600516765,0.07989022563538897
2024-01-31,ADBE,Technology,-0.09307520035156125,0.13635456431266835
2024-01-31,AMAT,Technology,0.22922519483781878,0.08724472230070983
2024-01-31,AMD,Technology,0.14813045486459542,0.0793798088212775
2024-01-31,AVGO,Technology,0.10211035027533,0.05967667472450243
2024-01-31,CDNS,Technology,0.05518967586260093,0.1021217997303027
2024-01-31,CRM,Technology,0.09865166397961556,0.11969685830643981
2024-01-31,CRWD,Technology,0.10820510733840805,0.08862386162187139
2024-01-31,FTNT,Technology,0.07163905876290233,-0.003487346830958188
2024-01-31,GOOGL,Technology,-0.011705704900405012,0.09276004406606474
2024-01-31,INTC,Technology,0.0022326083577801636,0.10261347246613718
2024-01-31,INTU,Technology,0.04998993110913985,0.09047546775769263
2024-01-31,KLAC,Technology,0.15112831650897496,0.10004999785788483
2024-01-31,LRCX,Technology,0.13703865840676133,0.0909709657843485
2024-01-31,META,Technology,0.2576255269592984,0.0972423880155219
2024-01-31,MSFT,Technology,0.04231843469639407,0.09696821426119151
2024-01-31,MU,Technology,0.05667649473936831,0.06451751581008823
2024-01-31,NET,Technology,0.246552778132197,0.09073039360259055
2024-01-31,NOW,Technology,0.0077606710597650785,0.10588227660320412
2024-01-31,NVDA,Technology,0.2858094081170013,0.107828091460801
2024-01-31,ORCL,Technology,-0.00017880762259347982,0.10606811903312784
2024-01-31,PANW,Technology,-0.08259732700966504,0.1104331233130085
2024-01-31,QCOM,Technology,0.06788410952996982,0.08851310772195725
2024-01-31,SNPS,Technology,0.07571014667892517,0.09734265322947834
2024-01-31,TXN,Technology,0.0450288991214729,0.03016444425982179
2024-01-31,ACN,Technology,0.029954675868365088,0.10101517257985129
2024-01-31,ADI,Technology,-0.00280701575441189,0.06379577548518099
2024-01-31,ANET,Technology,0.07290867636902632,0.08574733396442188
2024-01-31,CGNX,Technology,0.09371077238100534,0.0355228567174176
2024-01-31,COHU,Technology,0.008474590476810873,0.03467492209463734
2024-01-31,CSCO,Technology,-0.03607011460500731,0.04770900257203469
2024-01-31,DELL,Technology,0.14213314900001683,0.08873434598270381
2024-01-31,ENTG,Technology,0.14154621903014375,0.052470700592850174
2024-01-31,FORM,Technology,0.10987872765629914,0.06907671749086838
2024-01-31,HPQ,Technology,-0.013235776763984908,0.07335935314560306
2024-01-31,IBM,Technology,0.01664432727463927,0.09003139811312463
2024-01-31,IPGP,Technology,-0.11788743474798369,0.013199969225790618
2024-01-31,KEYS,Technology,0.00678591010177465,0.02758145705890816
2024-01-31,MCHP,Technology,-0.00685578629960526,0.06634160238445588
2024-01-31,MKSI,Technology,0.15527403930758665,0.07189979928504323
2024-01-31,MPWR,Technology,0.19465095254695153,0.078323223684677
2024-01-31,MRVL,Technology,0.058493384537615434,0.05065144242971678
2024-01-31,NXPI,Technology,0.18597134830506712,0.053188212520090296
2024-01-31,ONTO,Technology,0.14030962019881965,0.09565678867825914
2024-01-31,QRVO,Technology,0.14848611896118769,0.05704748828972703
2024-01-31,STX,Technology,0.08601784618074348,0.09593193512224231
2024-01-31,SWKS,Technology,0.010915158198965713,0.0440401993025972
2024-01-31,TER,Technology,0.0737399402575536,0.028092036687913328
2024-01-31,VRSN,Technology,-0.018051171656795595,0.08077505992700741
2024-01-31,WDC,Technology,0.03877726789487146,0.11005143233334813
2024-01-31,AXP,Financials,0.09305535112682706,0.06748559619343768
2024-01-31,BAC,Financials,0.022145412095299077,0.0671373555419567
2024-01-31,BK,Financials,0.0113595845005523,0.10278324718001428
2024-01-31,BLK,Financials,0.047823089576765954,0.10573646677888551
2024-01-31,C,Financials,-0.0026771326413422836,0.07820547909525702
2024-01-31,CFG,Financials,-0.0400611064971409,0.09193921681997679
2024-01-31,CME,Financials,0.07049156771831555,0.08772734630131167
2024-01-31,COF,Financials,0.021450037346869122,0.0761178417635533
2024-01-31,FITB,Financials,0.002920369191247607,0.07949062497611377
2024-01-31,GS,Financials,0.020304359580612275,0.06139672461223521
2024-01-31,HBAN,Financials,0.024351936530937257,0.06959434150421452
2024-01-31,ICE,Financials,0.0870964672680492,0.05258320932331289
2024-01-31,JPM,Financials,0.06710253245878595,0.08237917460766925
2024-01-31,KEY,Financials,-0.0035694350823536336,0.14108720877717712
2024-01-31,MCO,Financials,-0.02999692972638912,0.10638329648220049
2024-01-31,MS,Financials,-0.013755125722451744,0.042773922749190535
2024-01-31,MTB,Financials,0.011875415876353657,0.10539765681507463
2024-01-31,PNC,Financials,-0.026519476239224238,0.0756184698785461
2024-01-31,RF,Financials,0.010922799326181565,0.06661129873075801
2024-01-31,SCHW,Financials,0.06561491730880942,0.07127479861106906
2024-01-31,SPGI,Financials,-0.04255311338287071,0.10758846698868688
2024-01-31,STT,Financials,-0.0018950651470222013,0.10075986432261808
2024-01-31,TFC,Financials,-0.04229554354561904,0.06809190761651036
2024-01-31,USB,Financials,0.010110682863084364,0.10332119929152235
2024-01-31,WFC,Financials,0.11559304283230887,0.057286437537535685
2024-01-31,AFL,Financials,-0.03661612817073734,0.09576344672122634
2024-01-31,AJG,Financials,0.053272336564326395,0.07410080140217991
2024-01-31,ALL,Financials,0.027504320075846245,0.08415449300153222
2024-01-31,AMTD,Financials,0.011904821881092875,0.0239866574984682
2024-01-31,AON,Financials,0.058841371069216386,0.08297858418346375
2024-01-31,CB,Financials,0.027224554087005748,0.08593170143437331
2024-01-31,FDS,Financials,-0.02596165648259874,0.09092688168613698
2024-01-31,FNF,Financials,0.010993237338521533,0.08890370517487464
2024-01-31,GL,Financials,0.0334636819036882,0.07477794132546212
2024-01-31,HIG,Financials,0.10211587970463532,0.06962631840323077
2024-01-31,IBKR,Financials,0.2261432898499418,0.05502231221946399
2024-01-31,LPLA,Financials,0.11998827353486297,0.07178635513780186
2024-01-31,MET,Financials,0.01405418667529812,0.09970716081232964
2024-01-31,MSCI,Financials,-0.060269876513096565,0.10015727802594636
2024-01-31,NDAQ,Financials,-0.027176690549965077,0.08980181569861807
2024-01-31,PGR,Financials,0.0634501247311019,0.08404047080295365
2024-01-31,PRU,Financials,0.05119621097963156,0.09572536130098777
2024-01-31,RJF,Financials,0.09203130488393163,0.10403852843017558
2024-01-31,SEIC,Financials,0.06340927178738576,0.06790527040242197
2024-01-31,SF,Financials,0.04566379715611091,0.07059471535559264
2024-01-31,SYF,Financials,0.06944077101320767,0.04754132448490657
2024-01-31,TRV,Financials,0.04542010016228848,0.08544950945711832
2024-01-31,UNM,Financials,0.022962324237111087,0.042214839596114724
2024-01-31,WTW,Financials,0.10682094906868222,0.07670600899284236
2024-01-31,ABBV,Healthcare,0.0708636244842622,0.07028389402443236
2024-01-31,ABT,Healthcare,0.048519574200723614,0.0805364918693148
2024-01-31,AMGN,Healthcare,-0.12183973994385644,0.07131274143987454
2024-01-31,BAX,Healthcare,0.06506929430208275,0.05230102287556542
2024-01-31,BIIB,Healthcare,-0.12028702557545234,0.020127773610136814
2024-01-31,BMY,Healthcare,0.03846948104422676,0.0336547342389836
2024-01-31,BSX,Healthcare,0.04663295670583811,0.08361672135087445
2024-01-31,CI,Healthcare,0.11692977321722187,0.05146625703414963
2024-01-31,CVS,Healthcare,0.0,0.027127234512030942
2024-01-31,DHR,Healthcare,0.05514559149354348,0.09797207407698796
2024-01-31,EW,Healthcare,0.08155984995945631,0.0036317819530091076
2024-01-31,GILD,Healthcare,-0.07871211179488957,0.0597760212394547
2024-01-31,HUM,Healthcare,-0.07337458724595192,0.08017246390142824
2024-01-31,ISRG,Healthcare,0.01951246591664524,0.05882641953539189
2024-01-31,JNJ,Healthcare,0.023318559913336312,0.0757520734113915
2024-01-31,LLY,Healthcare,0.1694383630953209,0.0732510403519541
2024-01-31,MDT,Healthcare,-0.047749570780633244,0.0625373101215759
2024-01-31,MRK,Healthcare,0.05274055336886363,0.04952961901108924
2024-01-31,PFE,Healthcare,-0.01920246072546894,0.03923411947616763
2024-01-31,REGN,Healthcare,0.024724731823071222,0.08260468928673102
2024-01-31,SYK,Healthcare,0.04050924635567754,0.07519972515427725
2024-01-31,TMO,Healthcare,0.05788716897688673,0.06997817459904024
2024-01-31,UNH,Healthcare,-0.035447641592775025,0.08925274318947363
2024-01-31,VRTX,Healthcare,-0.029166123277550415,0.07410124041658808
2024-01-31,ZBH,Healthcare,-0.009872521369483245,0.05633680143438709
2024-01-31,A,Healthcare,0.055803130499402886,0.10350747675888711
2024-01-31,ACAD,Healthcare,-0.10304901937545263,0.039800087414409005
2024-01-31,ALGN,Healthcare,0.1313033261328047,0.02225640577403612
2024-01-31,ALKS,Healthcare,0.09759709321470411,0.0410589869838847
2024-01-31,BDX,Healthcare,-0.013650934800310655,0.05456142429600177
2024-01-31,DGX,Healthcare,-0.027563652380812598,0.07603234353686303
2024-01-31,DXCM,Healthcare,-0.051751123677485134,0.05139562271179633
2024-01-31,FOLD,Healthcare,0.03137565406865228,0.027020244614096602
2024-01-31,HOLX,Healthcare,-0.008597519729425018,0.06440369519995731
2024-01-31,IDXX,Healthcare,0.11677790126425047,0.044763083735107644
2024-01-31,INSP,Healthcare,-0.15094609270212056,-0.033174313837346904
2024-01-31,IQV,Healthcare,0.18695677247916165,0.07819648015368841
2024-01-31,MASI,Healthcare,-0.0031022890313284757,0.031467989115385626
2024-01-31,MTD,Healthcare,0.04178955031822973,0.014184675199324509
2024-01-31,NBIX,Healthcare,-0.06703877863315444,0.05668799942253964
2024-01-31,NTRA,Healthcare,0.31164687081447773,0.11042691301503185
2024-01-31,NVCR,Healthcare,0.09985634595576998,0.006279318770538788
2024-01-31,PODD,Healthcare,-0.14077642272003132,0.008095797527568385
2024-01-31,RARE,Healthcare,0.17252324881096648,0.01228160783857881
2024-01-31,RMD,Healthcare,-0.08434110621851287,0.03581120701129214
2024-01-31,WAT,Healthcare,0.06203777817117562,0.07247662414230932
2024-01-31,AMZN,Consumer,0.1389175127740745,0.10037545465016123
2024-01-31,AZO,Consumer,0.08829785240598897,0.08181020284531366
2024-01-31,BKNG,Consumer,-0.011016610113420033,0.08341595526650752
2024-01-31,CMG,Consumer,0.11624186824940774,0.10556579569635294
2024-01-31,COST,Consumer,0.07210386805812652,0.06146353840965658
2024-01-31,DG,Consumer,0.10024966104594424,0.03422067910143055
2024-01-31,DLTR,Consumer,0.12295206062582764,0.043264434975269106
2024-01-31,DRI,Consumer,0.050006335176856265,0.0809689058080894
2024-01-31,EBAY,Consumer,0.15120543728666558,0.06386281348714612
2024-01-31,HD,Consumer,0.07833757619372372,0.07393397233561338
2024-01-31,HLT,Consumer,0.0707692495585619,0.09470834700075441
2024-01-31,KR,Consumer,0.08209226531810332,0.06233627963138077
2024-01-31,LOW,Consumer,0.13075552064496265,0.03060725970596238
2024-01-31,LULU,Consumer,0.029240643425823,0.07160096882260623
2024-01-31,MAR,Consumer,0.04453337842539806,0.06448176826472558
2024-01-31,MCD,Consumer,0.004177741013461578,0.08484320847366665
2024-01-31,MGM,Consumer,-0.002075170735633236,0.060096378324421176
2024-01-31,NKE,Consumer,0.023638421250371966,0.10200141202917969
2024-01-31,ORLY,Consumer,0.06291974302501013,0.08363239933758672
2024-01-31,ROST,Consumer,0.06187617330119122,0.09525372008705923
2024-01-31,SBUX,Consumer,0.02623840575155234,0.10623600416707865
2024-01-31,TGT,Consumer,0.1076550044115483,0.10892179015189732
2024-01-31,TJX,Consumer,0.048131512525603215,0.093830714766771
2024-01-31,WMT,Consumer,0.06402422488417714,0.048598396546519144
2024-01-31,YUM,Consumer,0.0743124888502682,0.06573938347177803
2024-01-31,BBY,Consumer,0.1157400598530316,0.023501252062417956
2024-01-31,CCL,Consumer,-0.043425877107926336,0.05511853381333078
2024-01-31,CHDN,Consumer,0.007439944492981354,0.024777753542133754
2024-01-31,CMCSA,Consumer,-0.07928647674486022,0.09515357232979604
2024-01-31,CZR,Consumer,-0.009117796237075426,0.09508428618152706
2024-01-31,DIS,Consumer,0.16168665562011486,0.11934124268716997
2024-01-31,DKNG,Consumer,0.10934700489600035,0.1527301127718613
2024-01-31,F,Consumer,0.09007382308361445,-0.01199652609847854
2024-01-31,FOX,Consumer,-0.08763745693862901,0.06713978539142408
2024-01-31,GM,Consumer,0.059314067349787836,0.013121266593888072
2024-01-31,GRMN,Consumer,0.14946851573055464,0.09418363607496705
2024-01-31,H,Consumer,0.19765221459951898,0.05711387286311496
2024-01-31,IHG,Consumer,0.12492116218175031,0.07231090179616866
2024-01-31,LVS,Consumer,0.11890579994473338,0.06392765872652985
2024-01-31,NCLH,Consumer,0.08932585509764657,-0.017925299609633023
2024-01-31,NFLX,Consumer,0.06879864861620777,0.09324621208552591
2024-01-31,PENN,Consumer,-0.1884700728953993,0.12856819962053204
2024-01-31,POOL,Consumer,0.0723770985688692,0.07775775266165517
2024-01-31,RCL,Consumer,-0.03254915812013426,0.07082870353876972
2024-01-31,SIRI,Consumer,-0.1269814358954766,0.08650935594868832
2024-01-31,TSLA,Consumer,0.07790064669600238,0.05591517098820158
2024-01-31,WBD,Consumer,-0.12275453490200383,0.067388032102476
2024-01-31,WYNN,Consumer,0.11669331739304156,0.04356759472438837
2024-01-31,APA,Energy,-0.04915411864352637,0.09015263087360566
2024-01-31,BA,Energy,-0.03468533120878692,0.10121459544567746
2024-01-31,CAT,Energy,0.11205092535260586,0.07107858302860887
2024-01-31,COP,Energy,0.013165476781616725,0.08092032407761643
2024-01-31,CVX,Energy,0.04231633507399524,0.04881236126064158
2024-01-31,DE,Energy,-0.0724883946185757,0.051252871464909
2024-01-31,DVN,Energy,0.048548602539065566,0.055715581093419564
2024-01-31,EOG,Energy,0.005888121936122204,0.11026358757522481
2024-01-31,FDX,Energy,0.031828821664448004,0.12346862656071657
2024-01-31,GD,Energy,0.03117105951571464,0.07468660601410237
2024-01-31,GE,Energy,0.184790717517044,0.10156322583547542
2024-01-31,HAL,Energy,-0.016269109235883872,0.10298445552675436
2024-01-31,HON,Energy,-0.012052192137262718,0.0839257217329005
2024-01-31,LMT,Energy,0.0045922550028747455,0.05062772931448596
2024-01-31,MMM,Energy,-0.007418120327063016,0.07061643667340035
2024-01-31,MPC,Energy,0.026903340803532183,0.10206150247737696
2024-01-31,NOC,Energy,0.036158153321175224,0.0746161552703257
2024-01-31,OXY,Energy,0.05280527733325524,0.06973931667564284
2024-01-31,PSX,Energy,-0.005337923208611595,0.09276072450534117
2024-01-31,RTX,Energy,-0.009434492717676268,0.03859159145020811
2024-01-31,SLB,Energy,-0.0019442817566019954,0.10709156202386788
2024-01-31,UNP,Energy,0.0453767623596153,0.08426353323728002
2024-01-31,UPS,Energy,0.056537220087685025,0.03981702424365761
2024-01-31,VLO,Energy,0.018430426522581422,0.09971737965908185
2024-01-31,XOM,Energy,0.02608098344013432,0.06289075928385238
2024-01-31,AME,Energy,0.11187894303023271,0.08044403496479
2024-01-31,BE,Energy,-0.22526495634328236,0.07275789548904031
2024-01-31,BKR,Energy,0.045803013011372906,0.10306715050074082
2024-01-31,CTRA,Energy,0.03617381524791208,0.07664383861199366
2024-01-31,EMR,Energy,0.17061650859973954,0.06338889752689826
2024-01-31,ENPH,Energy,0.2197253960079355,0.05452243906814034
2024-01-31,ETN,Energy,0.17441500402167698,0.09581710617739342
2024-01-31,FSLR,Energy,0.05187967313442532,0.058840636168693505
2024-01-31,FTV,Energy,0.08993047709907698,0.06379374419603678
2024-01-31,GNRC,Energy,-0.01020494458872745,0.02995239144417577
2024-01-31,HUBB,Energy,0.13817672227043998,0.045101548239014265
2024-01-31,MTDR,Energy,0.15429543989796457,0.114127428281745
2024-01-31,PH,Energy,0.15607219028906494,0.10236476539475114
2024-01-31,PLUG,Energy,-0.2067415454625139,0.0247895497813071
2024-01-31,PR,Energy,0.15430280624937254,0.06921544772748978
2024-01-31,ROK,Energy,0.13057510001520334,0.014753853796862197
2024-01-31,ROP,Energy,0.014394712829049361,0.09409999403910504
2024-01-31,SM,Energy,0.1804204861687999,0.0804794180202145
2024-01-31,VRSK,Energy,0.001531970306127839,0.09678878321709251
2024-01-31,WMB,Energy,0.036930181784630145,0.10638552861330645
2024-01-31,XYL,Energy,0.1332316109015983,0.06708607949623993
2024-02-29,AAPL,Technology,-0.05128634124209308,-0.006336232053096615
2024-02-29,ADBE,Technology,-0.09937891818709865,-0.018876464339196822
2024-02-29,AMAT,Technology,0.02286474571314412,-0.0074150312845255376
2024-02-29,AMD,Technology,-0.06253567424541784,0.017869111088014353
2024-02-29,AVGO,Technology,0.02350231232030109,-0.00714274537802824
2024-02-29,CDNS,Technology,0.02266901171494795,-0.010898351848546541
2024-02-29,CRM,Technology,-0.023465370579787814,0.0007527211246723646
2024-02-29,CRWD,Technology,-0.010982562473009438,0.029299600111800998
2024-02-29,FTNT,Technology,-0.011575792861995504,-0.010499008915079197
2024-02-29,GOOGL,Technology,0.09006200517282004,0.01603245158798086
2024-02-29,INTC,Technology,0.026016233083673512,0.03586160158317493
2024-02-29,INTU,Technology,-0.0194452846312122,-0.009592447592014245
2024-02-29,KLAC,Technology,0.023845823182012893,-0.021217372313946627
2024-02-29,LRCX,Technology,0.0377416461028508,-0.01507105699204938
2024-02-29,META,Technology,-0.009283285547522113,0.03473043806877602
2024-02-29,MSFT,Technology,0.017116225817110697,0.0048836154997776516
2024-02-29,MU,Technology,0.3023262959060071,0.008580368070268388
2024-02-29,NET,Technology,-0.017353349589863898,-0.06929956167169958
2024-02-29,NOW,Technology,-0.011590281725971652,0.01166994287063773
2024-02-29,NVDA,Technology,0.14218115488004335,0.037462165988580334
2024-02-29,ORCL,Technology,0.12473120688031991,0.018517192595706042
2024-02-29,PANW,Technology,-0.08507481548435736,0.048409434099599816
2024-02-29,QCOM,Technology,0.07294522452896524,-0.020457357975333098
2024-02-29,SNPS,Technology,-0.0038868118185632072,-0.0053673668974346025
2024-02-29,TXN,Technology,0.04111612790042751,0.010950001098074435
2024-02-29,ACN,Technology,-0.07516401044040855,-0.008929722701192662
2024-02-29,ADI,Technology,0.03598161300162661,0.001307897720135034
2024-02-29,ANET,Technology,0.044822375363560374,0.06544804241943886
2024-02-29,CGNX,Technology,0.07528512209089899,0.08814369363539265
2024-02-29,COHU,Technology,0.037348295146192756,-0.01499432676353735
2024-02-29,CSCO,Technology,0.03183795401418088,0.013191975596967059
2024-02-29,DELL,Technology,0.20547230281515438,0.04720355321166268
2024-02-29,ENTG,Technology,0.0459957749293769,-0.01571320044943377
2024-02-29,FORM,Technology,0.06042301563041885,-0.0031532958021317976
2024-02-29,HPQ,Technology,0.07634004234080138,-0.015673194751061652
2024-02-29,IBM,Technology,0.032048806324708634,-0.012309927799052442
2024-02-29,IPGP,Technology,0.05026061429040851,0.0396046927073207
2024-02-29,KEYS,Technology,0.013480244911965311,0.04012479765990088
2024-02-29,MCHP,Technology,0.06619907700729866,0.006072324557409943
2024-02-29,MKSI,Technology,0.08341485758517408,0.0038037774200737054
2024-02-29,MPWR,Technology,-0.05742341216858271,-0.004682018695581228
2024-02-29,MRVL,Technology,-0.010884946901299264,0.025310908218750407
2024-02-29,NXPI,Technology,-0.0035740959938065364,0.010298168990268407
2024-02-29,ONTO,Technology,-0.016724596925539625,0.025694914346692695
2024-02-29,QRVO,Technology,0.00244433672490052,-0.021751393138043675
2024-02-29,STX,Technology,0.008151789614711413,0.029181298068326138
2024-02-29,SWKS,Technology,0.03240562664833413,0.0003119316463965293
2024-02-29,TER,Technology,0.0891976760928197,0.026152925612328407
2024-02-29,VRSN,Technology,-0.029596928360179575,0.02242188867218546
2024-02-29,WDC,Technology,0.1474692311127732,0.011801653992612309
2024-02-29,AXP,Financials,0.03769042011096713,-0.013892269733290715
2024-02-29,BAC,Financials,0.09849356557009759,-0.014720400001708683
2024-02-29,BK,Financials,0.027277617219254813,-0.007211871507074066
2024-02-29,BLK,Financials,0.03393595112769021,-0.017333211735798056
2024-02-29,C,Financials,0.1396647893149825,-0.0096443474531439
2024-02-29,CFG,Financials,0.15610050743117898,0.06306613364523553
2024-02-29,CME,Financials,-0.017822158044011438,0.0010135239180613983
2024-02-29,COF,Financials,0.08197061119890181,-0.00974407606083661
2024-02-29,FITB,Financials,0.09420550826578622,0.028727592193728727
2024-02-29,GS,Financials,0.0736152144476434,0.003336487334873477
2024-02-29,HBAN,Financials,0.08263444824669453,0.014617426920250238
2024-02-29,ICE,Financials,-0.0038916991012667435,0.005568813259256526
2024-02-29,JPM,Financials,0.07653458646260725,-0.0029954935862545147
2024-02-29,KEY,Financials,0.10791866581520426,0.06198440299409359
2024-02-29,MCO,Financials,0.035870647607383344,-0.01595392473528385
2024-02-29,MS,Financials,0.0943749155275917,-0.004380339250392116
2024-02-29,MTB,Financials,0.05056340038753526,-0.013524920419365594
2024-02-29,PNC,Financials,0.09782601008692171,0.007123563000772451
2024-02-29,RF,Financials,0.1293613567122931,0.0330781169989849
2024-02-29,SCHW,Financials,0.08325832071264316,0.06200318635860135
2024-02-29,SPGI,Financials,-0.006839780703378873,-0.011822748158665785
2024-02-29,STT,Financials,0.058188385117599495,0.02343066718615934
2024-02-29,TFC,Financials,0.11435077365710344,0.05071782146955354
2024-02-29,USB,Financials,0.07742845411603305,0.021159175850957883
2024-02-29,WFC,Financials,0.04263348134291456,-0.00888147026430229
2024-02-29,AFL,Financials,0.06341352509398268,-0.0037093649891417786
2024-02-29,AJG,Financials,0.025048113220287327,0.008702735181566421
2024-02-29,ALL,Financials,0.09085724253266703,0.01793556418107644
2024-02-29,AMTD,Financials,0.04117643016432515,0.03310899467505738
2024-02-29,AON,Financials,0.056109377558052786,0.030032685016006075
2024-02-29,CB,Financials,0.03305639601410215,0.015182003942109104
2024-02-29,FDS,Financials,-0.01770512197592289,0.009339323811545947
2024-02-29,FNF,Financials,0.059737834561280456,0.010746852390472645
2024-02-29,GL,Financials,-0.08319545571730746,0.00769530765131506
2024-02-29,HIG,Financials,0.08052863420083267,0.017048812817134523
2024-02-29,IBKR,Financials,0.02750184987236004,0.008730714318831316
2024-02-29,LPLA,Financials,-0.012652027514423736,0.01119225563576034
2024-02-29,MET,Financials,0.06266140317607238,0.00160321135463384
2024-02-29,MSCI,Financials,-0.0009267672016585182,-0.016368329897740924
2024-02-29,NDAQ,Financials,0.12692582043627598,0.012058602499571401
2024-02-29,PGR,Financials,0.09105306028571047,0.018249073312453904
2024-02-29,PRU,Financials,0.07716331232151141,0.009930007771761347
2024-02-29,RJF,Financials,0.07110370713424308,0.002083337118942959
2024-02-29,SEIC,Financials,0.06914489434363458,0.013454114213207923
2024-02-29,SF,Financials,0.03045083731618159,-0.0050868794527573705
2024-02-29,SYF,Financials,0.04406770784747893,-0.007833601438388422
2024-02-29,TRV,Financials,0.04628850074577895,-0.004942220995016373
2024-02-29,UNM,Financials,0.08513658819066916,0.014601613971875992
2024-02-29,WTW,Financials,0.012015652260112253,0.0008665348372925435
2024-02-29,ABBV,Healthcare,0.034365250389036595,0.013717129267010937
2024-02-29,ABT,Healthcare,-0.0419756521252459,-0.011467913528046528
2024-02-29,AMGN,Healthcare,0.038308376860779036,0.012351675771814782
2024-02-29,BAX,Healthcare,0.044477255240146896,0.0349623812463843
2024-02-29,BIIB,Healthcare,-0.00626757258824262,0.0347250136823105
2024-02-29,BMY,Healthcare,0.06857131225826585,0.007643075642949111
2024-02-29,BSX,Healthcare,0.03443586785717945,0.016672083792397215
2024-02-29,CI,Healthcare,0.08498225683377525,0.014901976234254866
2024-02-29,CVS,Healthcare,0.07247552713063787,0.02148901514241967
2024-02-29,DHR,Healthcare,-0.012437167661202952,-0.021821868572203088
2024-02-29,EW,Healthcare,0.125957281325082,-0.00477481714699083
2024-02-29,GILD,Healthcare,0.026356831172835715,0.0070084310896095835
2024-02-29,HUM,Healthcare,-0.007755669215347871,0.006721887185420455
2024-02-29,ISRG,Healthcare,0.03498441395447904,-0.015500921639916268
2024-02-29,JNJ,Healthcare,-0.019766837003160953,0.01441821028875337
2024-02-29,LLY,Healthcare,0.03221528125216322,0.0159088343233992
2024-02-29,MDT,Healthcare,0.05412015740759979,0.005564086081934161
2024-02-29,MRK,Healthcare,0.04433329220428406,0.013587272831754272
2024-02-29,PFE,Healthcare,0.044804298936520714,0.017583441394201958
2024-02-29,REGN,Healthcare,-0.003726322340048549,0.017335463180489896
2024-02-29,SYK,Healthcare,0.02755576373727786,-0.009963324692445201
2024-02-29,TMO,Healthcare,0.020015241821591756,-0.01137267110146469
2024-02-29,UNH,Healthcare,0.00617942848991393,0.006825163137110559
2024-02-29,VRTX,Healthcare,-0.0064885214909788935,0.022044840753042052
2024-02-29,ZBH,Healthcare,0.06326925651927007,-0.006018599487632724
2024-02-29,A,Healthcare,0.059333139023492576,0.013697481315260085
2024-02-29,ACAD,Healthcare,-0.2043889865224151,0.0291760912527235
2024-02-29,ALGN,Healthcare,0.08431981637383745,-0.02565422500848289
2024-02-29,ALKS,Healthcare,-0.08824522708337357,0.022077881090943007
2024-02-29,BDX,Healthcare,0.054773147661120625,0.017842098414162687
2024-02-29,DGX,Healthcare,0.06581782761118715,0.018163255932514524
2024-02-29,DXCM,Healthcare,0.20535323990689847,0.008715004544306208
2024-02-29,FOLD,Healthcare,-0.08112324388532577,-0.0027009317830275917
2024-02-29,HOLX,Healthcare,0.056368507597450046,0.01419717201168812
2024-02-29,IDXX,Healthcare,-0.06136673850727159,-0.0011253507559260917
2024-02-29,INSP,Healthcare,0.19967605753238682,0.003992130076997261
2024-02-29,IQV,Healthcare,0.023183345374005127,-0.011499212672600777
2024-02-29,MASI,Healthcare,0.1424460383829671,0.05457291169626031
2024-02-29,MTD,Healthcare,0.06740596713824276,0.015579205002763653
2024-02-29,NBIX,Healthcare,0.05766874711996195,0.018259789204263608
2024-02-29,NTRA,Healthcare,0.05746330608692318,-0.039627965746203205
2024-02-29,NVCR,Healthcare,0.020901351146548786,0.059478271757521795
2024-02-29,PODD,Healthcare,0.04512191400295351,0.07108533362789368
2024-02-29,RARE,Healthcare,-0.09725449488157922,0.013724813959315584
2024-02-29,RMD,Healthcare,0.13993790557311692,0.030494155665725917
2024-02-29,WAT,Healthcare,0.02018255375374256,0.006229013644562862
2024-02-29,AMZN,Consumer,0.020479805886374214,0.007188698930688961
2024-02-29,AZO,Consumer,0.04844607882392249,0.004619193112482541
2024-02-29,BKNG,Consumer,0.04852759251004679,0.005617852548044184
2024-02-29,CMG,Consumer,0.08107797899935143,-0.002305863120061131
2024-02-29,COST,Consumer,-0.015136721102574247,0.014880874746995183
2024-02-29,DG,Consumer,0.07397975736201268,0.09950582031042354
2024-02-29,DLTR,Consumer,-0.09224161068240122,0.04416804798531594
2024-02-29,DRI,Consumer,-0.020854173447910296,0.002811953655925198
2024-02-29,EBAY,Consumer,0.12229557232209065,0.029543242702252892
2024-02-29,HD,Consumer,0.013883622278820118,-0.02094853636746209
2024-02-29,HLT,Consumer,0.04399953175862148,0.00810271056881986
2024-02-29,KR,Consumer,0.15158227543604186,0.01656052264118933
2024-02-29,LOW,Consumer,0.05842036523284477,0.0019790836447364803
2024-02-29,LULU,Consumer,-0.16365155118010688,0.01366012310495391
2024-02-29,MAR,Consumer,0.009765145252449647,0.0091231809266106
2024-02-29,MCD,Consumer,-0.035342707748818425,0.0015322930768001787
2024-02-29,MGM,Consumer,0.09080407615574404,0.03681583970292756
2024-02-29,NKE,Consumer,-0.09250682614874428,0.04810148377718349
2024-02-29,ORLY,Consumer,0.038126941626418276,0.00016671105727092414
2024-02-29,ROST,Consumer,-0.012298198209718891,0.0028049934253215874
2024-02-29,SBUX,Consumer,-0.03698627873986193,0.032705103417983945
2024-02-29,TGT,Consumer,0.1588411949485955,0.03570933823688851
2024-02-29,TJX,Consumer,0.022997729238199538,0.005066498764932092
2024-02-29,WMT,Consumer,0.03011313983275743,0.017410115119756694
2024-02-29,YUM,Consumer,0.0016614734404254428,0.012854848687694338
2024-02-29,BBY,Consumer,0.026553542644710104,-0.01359793664338127
2024-02-29,CCL,Consumer,0.030264903230623474,0.03342289476157571
2024-02-29,CHDN,Consumer,0.015426191972069736,0.018835767695954703
2024-02-29,CMCSA,Consumer,0.01166849518688129,0.00125929771655154
2024-02-29,CZR,Consumer,0.006211190480369222,0.03131490823568126
2024-02-29,DIS,Consumer,0.09661218871502508,0.0168748052999874
2024-02-29,DKNG,Consumer,0.04824561789730564,0.050026722919955406
2024-02-29,F,Consumer,0.0675240775542707,0.03289150868653144
2024-02-29,FOX,Consumer,0.055618388208596325,0.009248030849075394
2024-02-29,GM,Consumer,0.1066375597111413,-0.001268595856647817
2024-02-29,GRMN,Consumer,0.08923316070420317,-0.005310789791385517
2024-02-29,H,Consumer,0.03926045020586,0.013393102366934745
2024-02-29,IHG,Consumer,-0.013997713288997682,-0.006544855493036213
2024-02-29,LVS,Consumer,-0.05172417076301139,0.048178306945738825
2024-02-29,NCLH,Consumer,0.07942243238798086,0.042450804027661625
2024-02-29,NFLX,Consumer,0.0073144346418954065,-0.004275350836838828
2024-02-29,PENN,Consumer,-0.0049180413300577985,0.05764406982331616
2024-02-29,POOL,Consumer,0.01627329307923242,0.012407557899708918
2024-02-29,RCL,Consumer,0.12695586369182887,-0.0012514913681609438
2024-02-29,SIRI,Consumer,-0.12217204257872127,0.08479622056377308
2024-02-29,TSLA,Consumer,-0.12923524353897475,0.011712983928502325
2024-02-29,WBD,Consumer,-0.0068259863341398885,0.03770209593686233
2024-02-29,WYNN,Consumer,-0.028231954093671074,0.004534099674851587
2024-02-29,APA,Energy,0.15407834069479254,0.04561646697252068
2024-02-29,BA,Energy,-0.052670310540174015,-0.04352429541438395
2024-02-29,CAT,Energy,0.0972272586681906,-0.012937265449803621
2024-02-29,COP,Energy,0.1309756463055325,0.010603173827185187
2024-02-29,CVX,Energy,0.03769513265726676,0.015101325758641725
2024-02-29,DE,Energy,0.1293265695358572,0.008889513187838592
2024-02-29,DVN,Energy,0.14957016995408523,0.044073170111401896
2024-02-29,EOG,Energy,0.11689672617414448,0.018879287282130505
2024-02-29,FDX,Energy,0.16964421803766982,0.0127407169896877
2024-02-29,GD,Energy,0.03381510106737973,-0.01667111788677307
2024-02-29,GE,Energy,0.11880931911876713,0.01052415342101397
2024-02-29,HAL,Energy,0.12949550161071754,0.009916937779107344
2024-02-29,HON,Energy,0.0328082185145675,0.007939940241767094
2024-02-29,LMT,Energy,0.06218479831487245,0.01541863253201041
2024-02-29,MMM,Energy,0.15143299208185423,0.0017959148036883498
2024-02-29,MPC,Energy,0.19068731616250023,-0.0014384022720283418
2024-02-29,NOC,Energy,0.038262784147857776,0.0029592388121833847
2024-02-29,OXY,Energy,0.0761409154645134,0.02497954872350056
2024-02-29,PSX,Energy,0.14616523406936754,0.012700657312867169
2024-02-29,RTX,Energy,0.0876548609853014,0.005800605523661873
2024-02-29,SLB,Energy,0.13407812133004438,0.040161919777449574
2024-02-29,UNP,Energy,-0.03058847939153153,0.009642614973799844
2024-02-29,UPS,Energy,0.0024955542232163452,0.046122264127679106
2024-02-29,VLO,Energy,0.20663076747358877,0.009506169781830259
2024-02-29,XOM,Energy,0.11213162106828123,0.013569111689028029
2024-02-29,AME,Energy,0.016674368857187982,-0.0007227238378309095
2024-02-29,BE,Energy,0.2816418682359265,-0.035130605677927335
2024-02-29,BKR,Energy,0.1321393603546399,0.013839830283456188
2024-02-29,CTRA,Energy,0.09009352971018258,0.01609163980482845
2024-02-29,EMR,Energy,0.06148797234731851,0.002873833559316849
2024-02-29,ENPH,Energy,-0.04747656623790242,0.06379370528928913
2024-02-29,ETN,Energy,0.08532558737936369,0.007925213483251176
2024-02-29,FSLR,Energy,0.0968874112758773,-0.0016415593647254691
2024-02-29,FTV,Energy,0.01045457272083783,-0.016678461521108478
2024-02-29,GNRC,Energy,0.1211447604179614,-0.010975044830418484
2024-02-29,HUBB,Energy,0.09031447696824291,-0.00822490607260537
2024-02-29,MTDR,Energy,0.05732377375108855,0.039127476221014715
2024-02-29,PH,Energy,0.03798676758031605,-0.005526744596257956
2024-02-29,PLUG,Energy,-0.025495726600212487,0.03692176401828012
2024-02-29,PR,Energy,0.14568175753742274,0.02300978593120355
2024-02-29,ROK,Energy,0.021923716309298902,-0.009425819458109266
2024-02-29,ROP,Energy,0.02957452545463246,0.003873950180574156
2024-02-29,SM,Energy,0.13890799188473202,0.029066448108895186
2024-02-29,VRSK,Energy,-0.023895089187781715,0.009781053002443965
2024-02-29,WMB,Energy,0.09859214337212796,-0.0019675007096988705
2024-02-29,XYL,Energy,0.01723728959727122,-0.014230493209737984
2024-03-31,AAPL,Technology,-0.006706170682706736,0.0017368377752499905
2024-03-31,ADBE,Technology,-0.08277847607215671,0.04035921052129342
2024-03-31,AMAT,Technology,-0.03675502247476059,0.018444650961393676
2024-03-31,AMD,Technology,-0.12249986114155753,0.016542814698733532
2024-03-31,AVGO,Technology,-0.01896790161281381,-0.001645702418690879
2024-03-31,CDNS,Technology,-0.11452709469380606,-0.0074463624545970455
2024-03-31,CRM,Technology,-0.10704556763371587,-0.00998272945936693
2024-03-31,CRWD,Technology,-0.08749489414325029,0.035654298459193545
2024-03-31,FTNT,Technology,-0.075098776705674,0.024987166759396582
2024-03-31,GOOGL,Technology,0.07851325555155642,0.0067993983993648675
2024-03-31,INTC,Technology,-0.31016523950801467,0.03493920206120991
2024-03-31,INTU,Technology,-0.03616344565336138,-0.001709490247935945
2024-03-31,KLAC,Technology,-0.013284170925728978,0.013740470068442335
2024-03-31,LRCX,Technology,-0.07941783272947833,0.01347502246298948
2024-03-31,META,Technology,-0.11411091242451521,-0.008802748943808975
2024-03-31,MSFT,Technology,-0.07461014164936874,-0.0006597276223446779
2024-03-31,MU,Technology,-0.041818518570171936,-0.010626683245006773
2024-03-31,NET,Technology,-0.09738717470674929,0.009975490983459828
2024-03-31,NOW,Technology,-0.09059546004980124,0.012739449562697578
2024-03-31,NVDA,Technology,-0.04376012390865813,0.05138765863502915
2024-03-31,ORCL,Technology,-0.09149664844740246,0.007990360171448881
2024-03-31,PANW,Technology,0.0237919601923533,0.015841372757804312
2024-03-31,QCOM,Technology,-0.02037811247855481,0.020735389474097626
2024-03-31,SNPS,Technology,-0.0715835050647966,0.0065463761127211705
2024-03-31,TXN,Technology,0.012685986134942429,0.0033433745720485063
2024-03-31,ACN,Technology,-0.12848706950903055,-0.0013928220212295343
2024-03-31,ADI,Technology,0.014257691385285431,-0.003867476227891574
2024-03-31,ANET,Technology,-0.11524936947916053,0.06622461026255025
2024-03-31,CGNX,Technology,-0.020744770178785288,0.027088427394830764
2024-03-31,COHU,Technology,-0.09030909003509113,0.029572941093111007
2024-03-31,CSCO,Technology,-0.05101540046503128,0.01882615418430984
2024-03-31,DELL,Technology,0.09652723444842315,0.02092224433207786
2024-03-31,ENTG,Technology,-0.05352359086695513,0.031305456417711666
2024-03-31,FORM,Technology,-0.022792042322656525,-0.0010534305276866291
2024-03-31,HPQ,Technology,-0.0704830959645244,-0.00343235006932
2024-03-31,IBM,Technology,-0.1296605144530958,0.0013864214137939126
2024-03-31,IPGP,Technology,-0.0739882997445932,0.1444779972821997
2024-03-31,KEYS,Technology,-0.05397110997490373,-0.00581650111437308
2024-03-31,MCHP,Technology,0.025303965985144616,0.023664239351371408
2024-03-31,MKSI,Technology,-0.1054134996738596,0.023763131962527242
2024-03-31,MPWR,Technology,-0.011942195605334938,-0.022357323702829685
2024-03-31,MRVL,Technology,-0.06933639535148362,-0.01126156589515368
2024-03-31,NXPI,Technology,0.03398290917495239,0.010039130479927367
2024-03-31,ONTO,Technology,0.024353896717009382,0.009275804827590835
2024-03-31,QRVO,Technology,0.01750408843320561,-0.017439878597770922
2024-03-31,STX,Technology,-0.07673289607431999,0.01782414896374144
2024-03-31,SWKS,Technology,-0.015971268644564995,-0.004410496174190024
2024-03-31,TER,Technology,0.030931546215487993,0.01619672429100543
2024-03-31,VRSN,Technology,-0.10569366958090354,0.02933044453215402
2024-03-31,WDC,Technology,0.03795433271985882,0.01698817358232286
2024-03-31,AXP,Financials,0.031029440223103277,0.017147268647162543
2024-03-31,BAC,Financials,-0.02399770898285103,-0.0008139573704897229
2024-03-31,BK,Financials,-0.012453850399791855,0.009719506773705066
2024-03-31,BLK,Financials,-0.09483021832883398,-0.009310502217213681
2024-03-31,C,Financials,-0.030202352772254915,0.0043314477818186155
2024-03-31,CFG,Financials,-0.04864878239613046,0.06853703355581515
2024-03-31,CME,Financials,-0.026243613104544372,0.003908908826122674
2024-03-31,COF,Financials,-0.03667124439535763,0.016530992927310858
2024-03-31,FITB,Financials,-0.02015602568250907,0.06445947940393659
2024-03-31,GS,Financials,0.02159485632698188,0.008150565005675417
2024-03-31,HBAN,Financials,-0.034408548125073324,0.028378811183211075
2024-03-31,ICE,Financials,-0.06308647316329719,-0.012229197597939057
2024-03-31,JPM,Financials,-0.037152008880080745,0.004190572793310895
2024-03-31,KEY,Financials,-0.0834915813260807,0.08788355273352215
2024-03-31,MCO,Financials,-0.057756460414978394,-0.02403580340543418
2024-03-31,MS,Financials,-0.02634397975663405,0.0074676314727747245
2024-03-31,MTB,Financials,-0.007219508131190988,0.012759539223904557
2024-03-31,PNC,Financials,-0.0419713539192933,0.010971050556639786
2024-03-31,RF,Financials,-0.08412556563418261,0.04192447587404267
2024-03-31,SCHW,Financials,0.022256262077435807,0.08398862011589234
2024-03-31,SPGI,Financials,-0.022611262057621984,-0.018837815645020982
2024-03-31,STT,Financials,-0.062467522896948124,0.025046946094716277
2024-03-31,TFC,Financials,-0.03668539633068524,0.05940774796639938
2024-03-31,USB,Financials,-0.09105136775930212,0.03969996261212203
2024-03-31,WFC,Financials,0.023464477451441867,-0.013395034572247222
2024-03-31,AFL,Financials,-0.025739820474513064,0.010116966096057039
2024-03-31,AJG,Financials,-0.06139015485281363,0.007413593232683829
2024-03-31,ALL,Financials,-0.01705098764649471,0.015396279022924151
2024-03-31,AMTD,Financials,0.011299424374030087,0.07485194383504487
2024-03-31,AON,Financials,-0.1529157064326021,0.010775493465960809
2024-03-31,CB,Financials,-0.04048176657751423,0.0017486326132404566
2024-03-31,FDS,Financials,-0.08252820630108393,0.0060539554953037145
2024-03-31,FNF,Financials,-0.06779665222349496,0.014729954804206753
2024-03-31,GL,Financials,-0.34403032865496563,0.007848695919922894
2024-03-31,HIG,Financials,-0.05977697096428747,-0.010981450970096396
2024-03-31,IBKR,Financials,0.030525579125603386,-0.006911644862488088
2024-03-31,LPLA,Financials,0.01865980916622889,0.015112969195321882
2024-03-31,MET,Financials,-0.04088507842259792,0.0060718404652321915
2024-03-31,MSCI,Financials,-0.16889997076942098,0.012797698773294877
2024-03-31,NDAQ,Financials,-0.05150552812197695,0.013605253852702783
2024-03-31,PGR,Financials,0.007393784437019768,0.030689888832823135
2024-03-31,PRU,Financials,-0.058943729692077396,-0.012572990704398278
2024-03-31,RJF,Financials,-0.04999220240004876,0.005599778145804117
2024-03-31,SEIC,Financials,-0.0827538196886165,-0.020807081669695002
2024-03-31,SF,Financials,0.02238686405185053,0.010720712598053746
2024-03-31,SYF,Financials,0.01994433025356024,0.011292734176669646
2024-03-31,TRV,Financials,-0.07812636022808583,0.014279464285928993
2024-03-31,UNM,Financials,-0.0484795381097648,0.015955986996650903
2024-03-31,WTW,Financials,-0.08676356720838763,0.0016883063069061818
2024-03-31,ABBV,Healthcare,-0.09852350186238856,0.00452583861232711
2024-03-31,ABT,Healthcare,-0.0630340773096083,-0.003471892871764335
2024-03-31,AMGN,Healthcare,-0.03650815361692872,0.022844409087737206
2024-03-31,BAX,Healthcare,-0.05545160725823317,0.04596479395070624
2024-03-31,BIIB,Healthcare,-0.0037564232261366737,0.02821325395193076
2024-03-31,BMY,Healthcare,-0.18032218498117836,-0.01492033201716975
2024-03-31,BSX,Healthcare,0.04935034294402407,0.011667335870696209
2024-03-31,CI,Healthcare,-0.016933121362386117,0.05175294379635884
2024-03-31,CVS,Healthcare,-0.14286396595847017,0.021043647528902695
2024-03-31,DHR,Healthcare,-0.012413849463530191,0.0036517276348859823
2024-03-31,EW,Healthcare,-0.1139598123469091,-6.976723269631541e-05
2024-03-31,GILD,Healthcare,-0.10989760864970888,0.014610478573762221
2024-03-31,HUM,Healthcare,-0.12872067092942296,0.010262590905289018
2024-03-31,ISRG,Healthcare,-0.07133729605339179,0.012479150707884717
2024-03-31,JNJ,Healthcare,-0.08597274279570588,0.008457094264348524
2024-03-31,LLY,Healthcare,0.004036037962430905,0.022803681404118648
2024-03-31,MDT,Healthcare,-0.0792887748766643,0.011303946888677193
2024-03-31,MRK,Healthcare,-0.020689560712619293,-0.008298048283672517
2024-03-31,PFE,Healthcare,-0.0767566819707517,-0.0011806162447017417
2024-03-31,REGN,Healthcare,-0.07462937362236488,0.007394817829178018
2024-03-31,SYK,Healthcare,-0.05971430361451735,0.0031835620757467223
2024-03-31,TMO,Healthcare,-0.021489806728524297,0.00424496496267439
2024-03-31,UNH,Healthcare,-0.02223558912231338,0.016488515527545624
2024-03-31,VRTX,Healthcare,-0.06028566689386383,0.00023208827523975642
2024-03-31,ZBH,Healthcare,-0.08864979449482069,0.012332537585860868
2024-03-31,A,Healthcare,-0.05667912921811313,0.006465087901696534
2024-03-31,ACAD,Healthcare,-0.09626829143751059,-0.016172711995986754
2024-03-31,ALGN,Healthcare,-0.13887535581892074,-0.019931322138603845
2024-03-31,ALKS,Healthcare,-0.09346135233908448,0.010680858432724457
2024-03-31,BDX,Healthcare,-0.0519297400694928,0.01699357747554723
2024-03-31,DGX,Healthcare,0.04404345609185922,0.020044762586230426
2024-03-31,DXCM,Healthcare,-0.08154288253383479,0.05954421243144985
2024-03-31,FOLD,Healthcare,-0.151952462005833,0.012099563215404471
2024-03-31,HOLX,Healthcare,-0.028091360532640608,0.00959344220587245
2024-03-31,IDXX,Healthcare,-0.0873631462412221,-0.01569665584210494
2024-03-31,INSP,Healthcare,0.1250989860602194,-0.0654553226634764
2024-03-31,IQV,Healthcare,-0.08351455244636297,-0.029667757136805768
2024-03-31,MASI,Healthcare,-0.08471230455814349,0.10499025567978837
2024-03-31,MTD,Healthcare,-0.07630950800335379,0.011509539597721373
2024-03-31,NBIX,Healthcare,-0.0027552558574356345,0.004336005435210073
2024-03-31,NTRA,Healthcare,0.015525893102555033,-0.010034164972728405
2024-03-31,NVCR,Healthcare,-0.21689061538717802,0.08781574775322841
2024-03-31,PODD,Healthcare,0.003150575053392446,0.18842827346708965
2024-03-31,RARE,Healthcare,-0.08888408295663641,0.00041105397058792506
2024-03-31,RMD,Healthcare,0.08059390507136688,0.08781891816729445
2024-03-31,WAT,Healthcare,-0.10222816523340228,0.01509752623023417
2024-03-31,AMZN,Consumer,-0.029825949313549094,-0.017380173968516627
2024-03-31,AZO,Consumer,-0.06195167802578605,-0.0075992449414531635
2024-03-31,BKNG,Consumer,-0.048471883241400726,-0.00402958015634516
2024-03-31,CMG,Consumer,0.08697975032031158,-0.010157925502475159
2024-03-31,COST,Consumer,-0.011697065586665945,0.02242782081223092
2024-03-31,DG,Consumer,-0.10478903143693552,0.03613898842362019
2024-03-31,DLTR,Consumer,-0.11190382710845759,0.006663798481837501
2024-03-31,DRI,Consumer,-0.07452557015621475,-0.002464014979535702
2024-03-31,EBAY,Consumer,-0.0234936541631261,-0.008881129213473166
2024-03-31,HD,Consumer,-0.1287279754712618,-0.0041422701078210845
2024-03-31,HLT,Consumer,-0.07514875850456748,0.006745017611294542
2024-03-31,KR,Consumer,-0.030631947947684535,-0.0012935225292503565
2024-03-31,LOW,Consumer,-0.10069575974740852,-0.008620169061369797
2024-03-31,LULU,Consumer,-0.07692304687692253,0.0029091494144289002
2024-03-31,MAR,Consumer,-0.06412746751539444,0.007651156942847796
2024-03-31,MCD,Consumer,-0.03160142056488646,0.005422233617326995
2024-03-31,MGM,Consumer,-0.16458378751206582,0.024242744938574656
2024-03-31,NKE,Consumer,-0.018301649576316525,0.02596826198341366
2024-03-31,ORLY,Consumer,-0.10242009978605693,0.008981157461736508
2024-03-31,ROST,Consumer,-0.11726610131052695,0.0060819877951339375
2024-03-31,SBUX,Consumer,-0.03173216721101757,0.010476092146157242
2024-03-31,TGT,Consumer,-0.09158623642147845,0.008907577014207486
2024-03-31,TJX,Consumer,-0.07227383847986868,0.004074160320928574
2024-03-31,WMT,Consumer,-0.013628161244193637,0.005926369260570788
2024-03-31,YUM,Consumer,0.018752440383727143,0.008294453276989014
2024-03-31,BBY,Consumer,-0.10227962330335383,-0.007256266557069087
2024-03-31,CCL,Consumer,-0.09302331717531431,0.009887575478743185
2024-03-31,CHDN,Consumer,0.04242429358587674,0.02237885143475399
2024-03-31,CMCSA,Consumer,-0.11438323956534324,0.009835528388192682
2024-03-31,CZR,Consumer,-0.1810699972501737,0.024943737420966894
2024-03-31,DIS,Consumer,-0.09202348772500024,-0.006250859234239682
2024-03-31,DKNG,Consumer,-0.08478305410830123,0.027693248006670484
2024-03-31,F,Consumer,-0.08509029507566557,0.023113620760901194
2024-03-31,FOX,Consumer,0.0020963711733863466,0.009875144451794458
2024-03-31,GM,Consumer,-0.018081531882698232,0.023372221262588744
2024-03-31,GRMN,Consumer,-0.029555889980905192,-0.019456998725206065
2024-03-31,H,Consumer,-0.06784859320229364,-0.000447383080517561
2024-03-31,IHG,Consumer,-0.05974251847873424,-0.004511140400709438
2024-03-31,LVS,Consumer,-0.14197291767861275,-0.010001727434749533
2024-03-31,NCLH,Consumer,-0.09603440991755663,-0.00791782021162119
2024-03-31,NFLX,Consumer,-0.09334303218081108,0.026101915877297793
2024-03-31,PENN,Consumer,-0.09170775688667054,-0.03578947503410199
2024-03-31,POOL,Consumer,-0.10153653998472134,0.016878845297620616
2024-03-31,RCL,Consumer,0.004460105863929309,-0.020935782004356546
2024-03-31,SIRI,Consumer,-0.2422680312681479,0.04442759168362243
2024-03-31,TSLA,Consumer,0.042607689739043275,-0.007330975591929449
2024-03-31,WBD,Consumer,-0.1569300665015816,-0.012566127026838642
2024-03-31,WYNN,Consumer,-0.10349213550105452,-0.005400955249852869
2024-03-31,APA,Energy,-0.0784101993727584,0.009588648451447392
2024-03-31,BA,Energy,-0.1303176767677966,0.05583717072800079
2024-03-31,CAT,Energy,-0.08361877458721645,-0.004693168125648181
2024-03-31,COP,Energy,-0.013042084794252062,0.014375667293002364
2024-03-31,CVX,Energy,0.022378439956014518,-0.004904060464178985
2024-03-31,DE,Energy,-0.04706145406397122,0.03407619407776142
2024-03-31,DVN,Energy,0.019928336349861242,-0.009349487541737372
2024-03-31,EOG,Energy,0.040556618852511495,0.016890843419320827
2024-03-31,FDX,Energy,-0.09650033718777151,0.0175147157591977
2024-03-31,GD,Energy,0.021283963029380404,0.01337846243005761
2024-03-31,GE,Energy,0.15718772999902275,0.007885268847242796
2024-03-31,HAL,Energy,-0.049467142841007394,0.006374111258748334
2024-03-31,HON,Energy,-0.06099883396911576,0.009323144907291487
2024-03-31,LMT,Energy,0.02211616939195271,0.028770001272400016
2024-03-31,MMM,Energy,0.08820550253129911,0.02352986221380884
2024-03-31,MPC,Energy,-0.09816378027421924,0.019485341930284377
2024-03-31,NOC,Energy,0.01330806308801713,0.015918031505386142
2024-03-31,OXY,Energy,0.017694809484712692,0.0032051055011608942
2024-03-31,PSX,Energy,-0.12323983070351863,0.011510091661463946
2024-03-31,RTX,Energy,0.040910397111884045,0.018031654979063505
2024-03-31,SLB,Energy,-0.13373463141911035,0.01680937607606756
2024-03-31,UNP,Energy,-0.0356604814524093,0.00624720423544318
2024-03-31,UPS,Energy,-0.007737418132871321,-0.00034637524887615845
2024-03-31,VLO,Energy,-0.06338977760777109,0.020300935384998324
2024-03-31,XOM,Energy,0.017463840352098137,0.009600465920535423
2024-03-31,AME,Energy,-0.04505187370450969,-0.008236131469827034
2024-03-31,BE,Energy,-0.009786446522881298,0.08257440559128852
2024-03-31,BKR,Energy,-0.02626882679081055,0.013899505731432567
2024-03-31,CTRA,Energy,-0.018651198945074277,0.00796290127489779
2024-03-31,EMR,Energy,-0.04972661768320241,-0.019504342903602454
2024-03-31,ENPH,Energy,-0.10100843843300134,-0.016932588265456322
2024-03-31,ETN,Energy,0.017845801943222828,-0.008972994018003473
2024-03-31,FSLR,Energy,0.04443127881757403,0.0003906958571438745
2024-03-31,FTV,Energy,-0.12497088136671053,-0.0033846019227761945
2024-03-31,GNRC,Energy,0.0778500663685957,0.023110956035408546
2024-03-31,HUBB,Energy,-0.10728830751937601,0.000608512872981156
2024-03-31,MTDR,Energy,-0.06694616552697252,0.011291699444372055
2024-03-31,PH,Energy,-0.01957570498565564,-0.015317462842912345
2024-03-31,PLUG,Energy,-0.32848839989670375,-0.013438499679537128
2024-03-31,PR,Energy,-0.051528746905851186,0.005655166044874268
2024-03-31,ROK,Energy,-0.06992056559498006,0.014087264959713151
2024-03-31,ROP,Energy,-0.0867891831206703,0.006322886411924922
2024-03-31,SM,Energy,-0.023716462431736307,-0.005744178557942654
2024-03-31,VRSK,Energy,-0.07538272601025042,0.0063911216574406874
2024-03-31,WMB,Energy,-0.015652998413641317,-0.009491744477003995
2024-03-31,XYL,Energy,0.011296759897928332,-0.02179188524506105
2024-04-30,AAPL,Technology,0.13022233716953413,0.09397648300790197
2024-04-30,ADBE,Technology,-0.03904236400166605,0.08227844176812331
2024-04-30,AMAT,Technology,0.08468229252308457,0.1023290285112001
2024-04-30,AMD,Technology,0.05379460001896019,0.10799635023127478
2024-04-30,AVGO,Technology,0.02174923873173884,0.10706200486984478
2024-04-30,CDNS,Technology,0.0387475691564203,0.09188822328595665
2024-04-30,CRM,Technology,-0.12828145015328074,0.11977247703891908
2024-04-30,CRWD,Technology,0.07222945329054986,0.12622961469362148
2024-04-30,FTNT,Technology,-0.06109529268291802,0.10257962408727447
2024-04-30,GOOGL,Technology,0.05971237851357358,0.049445684467696066
2024-04-30,INTC,Technology,0.016583726214154382,0.09223600226122038
2024-04-30,INTU,Technology,-0.07860985207816085,0.12338416323213225
2024-04-30,KLAC,Technology,0.10414382706186553,0.09237211942034196
2024-04-30,LRCX,Technology,0.042519626347495176,0.11308720252321286
2024-04-30,META,Technology,0.08522198045196405,0.10070220131224214
2024-04-30,MSFT,Technology,0.06819088759202963,0.09599668062189502
2024-04-30,MU,Technology,0.10658628540864834,0.09170662549688974
2024-04-30,NET,Technology,-0.22551485972956853,0.11095165737677393
2024-04-30,NOW,Technology,-0.05250024346321891,0.11990786989980705
2024-04-30,NVDA,Technology,0.2688710584869227,0.0680204889810831
2024-04-30,ORCL,Technology,0.03024165747439067,0.07107092012642317
2024-04-30,PANW,Technology,0.013819618451084814,0.11537998169574755
2024-04-30,QCOM,Technology,0.235370711475821,0.1298447783622628
2024-04-30,SNPS,Technology,0.056936541224754444,0.0666689577430916
2024-04-30,TXN,Technology,0.11334023494359635,0.09228583144557301
2024-04-30,ACN,Technology,-0.06187895439097335,0.09779475145580312
2024-04-30,ADI,Technology,0.16888472293530166,0.08726788844794205
2024-04-30,ANET,Technology,0.16015745528882142,0.08553943428654963
2024-04-30,CGNX,Technology,0.09755930295549553,0.06396958994012417
2024-04-30,COHU,Technology,0.0633246043195157,0.05063779734383508
2024-04-30,CSCO,Technology,-0.010217121970251819,0.027000174321793028
2024-04-30,DELL,Technology,0.11970470231527286,0.08176855848333775
2024-04-30,ENTG,Technology,-0.04942831397480307,0.09844118722199321
2024-04-30,FORM,Technology,0.22718100545974806,0.09840266445227712
2024-04-30,HPQ,Technology,0.29939486880998545,0.0816340820384667
2024-04-30,IBM,Technology,0.013876726445588794,0.10392511606460603
2024-04-30,IPGP,Technology,0.03274589057006683,0.06733327252422727
2024-04-30,KEYS,Technology,-0.06394488683082156,0.09615785557378136
2024-04-30,MCHP,Technology,0.0620541413946154,0.09706969356464365
2024-04-30,MKSI,Technology,0.0657845199931979,0.13410069301829175
2024-04-30,MPWR,Technology,0.09905420390904851,0.14257518492060064
2024-04-30,MRVL,Technology,0.04399912847647225,0.10303872105871477
2024-04-30,NXPI,Technology,0.06210237592553902,0.1240066112488539
2024-04-30,ONTO,Technology,0.16825699784794246,0.1068336724169716
2024-04-30,QRVO,Technology,-0.15790822942929983,0.11737306896112838
2024-04-30,STX,Technology,0.08532182921931142,0.12515959888516265
2024-04-30,SWKS,Technology,-0.12432712065187645,0.10173176062484235
2024-04-30,TER,Technology,0.21270071281938718,0.09534303798278451
2024-04-30,VRSN,Technology,0.028558091099077254,0.04485722996591408
2024-04-30,WDC,Technology,0.06296764328358706,0.10256674481116719
2024-04-30,AXP,Financials,0.02550960306342831,0.11870073950960433
2024-04-30,BAC,Financials,0.0805187060513437,0.08637936468461863
2024-04-30,BK,Financials,0.055231002459562806,0.11321709226141595
2024-04-30,BLK,Financials,0.02304408108669387,0.11334478578790722
2024-04-30,C,Financials,0.024805037794469742,0.11436211544738333
2024-04-30,CFG,Financials,0.03459410023534448,0.09345854580640932
2024-04-30,CME,Financials,-0.03176877620369367,0.05902007418953035
2024-04-30,COF,Financials,-0.036380141548376765,0.10737464508656262
2024-04-30,FITB,Financials,0.026330222806993486,0.12410989690706355
2024-04-30,GS,Financials,0.07633465391138339,0.08824358964638411
2024-04-30,HBAN,Financials,0.03340758041666736,0.10779687790964725
2024-04-30,ICE,Financials,0.03991901486690841,0.08949383561458055
2024-04-30,JPM,Financials,0.05679540411132722,0.10800747452599603
2024-04-30,KEY,Financials,0.00598038178499305,0.12246593314337778
2024-04-30,MCO,Financials,0.07421759601992917,0.09726034125539934
2024-04-30,MS,Financials,0.0770585289413741,0.07302424194978369
2024-04-30,MTB,Financials,0.04993442066426135,0.08946316081271087
2024-04-30,PNC,Financials,0.026947826981639222,0.07983036357819377
2024-04-30,RF,Financials,0.004151638585885964,0.07944580177143015
2024-04-30,SCHW,Financials,-0.005806946051365669,0.11696636006122894
2024-04-30,SPGI,Financials,0.030263664769557774,0.09503664998353112
2024-04-30,STT,Financials,0.04276420688666738,0.08258538621154846
2024-04-30,TFC,Financials,0.018775269372347303,0.08688105020970646
2024-04-30,USB,Financials,-0.001968949874616155,0.12275164469743544
2024-04-30,WFC,Financials,0.015921743137412347,0.1069741071090907
2024-04-30,AFL,Financials,0.08051852929901715,0.0465767156413871
2024-04-30,AJG,Financials,0.0794239862624726,0.05024997152616006
2024-04-30,ALL,Financials,-0.009411779199783199,0.09620845783457906
2024-04-30,AMTD,Financials,-0.03966479412621848,0.03777847915075149
2024-04-30,AON,Financials,-0.0013120200122227477,0.059543545125135496
2024-04-30,CB,Financials,0.08920539659777749,0.05730386144492653
2024-04-30,FDS,Financials,-0.027808437461717017,0.06850731738511348
2024-04-30,FNF,Financials,0.017373701711801193,0.09570829286141341
2024-04-30,GL,Financials,0.08651708410987768,0.06710325402649021
2024-04-30,HIG,Financials,0.06770568820019363,0.10481656423838827
2024-04-30,IBKR,Financials,0.09422262878425691,0.08597659036881215
2024-04-30,LPLA,Financials,0.06465658781268102,0.06527267037028502
2024-04-30,MET,Financials,0.02607838685650843,0.07978144076889411
2024-04-30,MSCI,Financials,0.06657927014429021,0.08545921518750381
2024-04-30,NDAQ,Financials,-0.01370084210095357,0.04284476809562879
2024-04-30,PGR,Financials,0.014069571976665252,0.08935462371870351
2024-04-30,PRU,Financials,0.1011373455357285,0.08216621652398437
2024-04-30,RJF,Financials,0.006147465117893436,0.09557941845060039
2024-04-30,SEIC,Financials,0.026686861094960435,0.07952258630462576
2024-04-30,SF,Financials,0.012888022157279133,0.09380282665912486
2024-04-30,SYF,Financials,0.0014401955867149319,0.11691399242420103
2024-04-30,TRV,Financials,0.016685434145926603,0.1069393288605994
2024-04-30,UNM,Financials,0.06232756701328657,0.04370494980635422
2024-04-30,WTW,Financials,0.016524595271658615,0.08305357247044305
2024-04-30,ABBV,Healthcare,-0.008607779358778211,0.07389585393889087
2024-04-30,ABT,Healthcare,-0.035670440860513186,0.10544203093818533
2024-04-30,AMGN,Healthcare,0.12441514916545282,0.0435620429323163
2024-04-30,BAX,Healthcare,-0.14817147967330646,0.1143043806180511
2024-04-30,BIIB,Healthcare,0.04710918337282166,0.028112451248410705
2024-04-30,BMY,Healthcare,-0.06486113460794174,0.04461441706972973
2024-04-30,BSX,Healthcare,0.05148179778549067,0.09220368282284677
2024-04-30,CI,Healthcare,-0.034786065793033116,0.05851355411725588
2024-04-30,CVS,Healthcare,-0.11977556321820537,0.04622588580243974
2024-04-30,DHR,Healthcare,0.04127797055011739,0.0965282479782612
2024-04-30,EW,Healthcare,0.026219455163722483,0.07802391548978191
2024-04-30,GILD,Healthcare,-0.01426370882727801,0.03359973264145949
2024-04-30,HUM,Healthcare,0.18547458950455153,0.02499380208642423
2024-04-30,ISRG,Healthcare,0.08499271602990532,0.10761915055283608
2024-04-30,JNJ,Healthcare,0.02258534098947984,0.07998054942252118
2024-04-30,LLY,Healthcare,0.05202702060297204,0.083244313486245
2024-04-30,MDT,Healthcare,0.014082868622062872,0.0755941526280397
2024-04-30,MRK,Healthcare,-0.028478591538221965,0.06701107841908638
2024-04-30,PFE,Healthcare,0.13552747955191347,0.03481561533561326
2024-04-30,REGN,Healthcare,0.10048726937355923,0.05528524570912887
2024-04-30,SYK,Healthcare,0.013640389889127968,0.0869766576071548
2024-04-30,TMO,Healthcare,-0.0013012032105635951,0.08152466725055671
2024-04-30,UNH,Healthcare,0.02412638659875288,0.026821277305295432
2024-04-30,VRTX,Healthcare,0.15918637297404725,0.06622853426730582
2024-04-30,ZBH,Healthcare,-0.04265044292078124,0.08907714246544249
2024-04-30,A,Healthcare,-0.04838004111675254,0.12580320990669422
2024-04-30,ACAD,Healthcare,-0.09634941898345051,0.06072948582576182
2024-04-30,ALGN,Healthcare,-0.08913525388661958,0.0984382496294522
2024-04-30,ALKS,Healthcare,-0.04645481884541214,0.0865509335715066
2024-04-30,BDX,Healthcare,-0.011210613198606278,0.03754927683509546
2024-04-30,DGX,Healthcare,0.027428046053370236,0.07294020350044654
2024-04-30,DXCM,Healthcare,-0.06766624372307273,0.10800225613886136
2024-04-30,FOLD,Healthcare,-0.019018977451091046,0.106861698376282
2024-04-30,HOLX,Healthcare,-0.026263665724362006,0.07898695116607514
2024-04-30,IDXX,Healthcare,0.008503130039710705,0.14713087162279187
2024-04-30,INSP,Healthcare,-0.3429198424239286,0.04182687989193055
2024-04-30,IQV,Healthcare,-0.054709443417294557,0.11836844372885647
2024-04-30,MASI,Healthcare,-0.07372965844880075,0.16468783928110445
2024-04-30,MTD,Healthcare,0.141815094391317,0.09789820681728048
2024-04-30,NBIX,Healthcare,-0.015486329271459875,0.059220301964795996
2024-04-30,NTRA,Healthcare,0.14696384506381532,0.11780764342500338
2024-04-30,NVCR,Healthcare,0.7982026667040656,0.15622086494089132
2024-04-30,PODD,Healthcare,0.03053390674336587,0.11180446920835838
2024-04-30,RARE,Healthcare,-0.05641752407680112,0.11856167002730485
2024-04-30,RMD,Healthcare,-0.033650300722392945,0.08952962275893979
2024-04-30,WAT,Healthcare,-0.00045306317811966146,0.12482414150709907
2024-04-30,AMZN,Consumer,0.00822858537946436,0.09674610162991591
2024-04-30,AZO,Consumer,-0.06306993880959066,0.07401525035490603
2024-04-30,BKNG,Consumer,0.09395040753661177,0.07936809381830218
2024-04-30,CMG,Consumer,-0.009520202465330807,0.10132907318155168
2024-04-30,COST,Consumer,0.12033464548784867,0.1051094786840497
2024-04-30,DG,Consumer,-0.016380390130951494,0.14238375672880124
2024-04-30,DLTR,Consumer,-0.0025370236935121637,0.1404311239574374
2024-04-30,DRI,Consumer,-0.019685819089827916,0.09950286008731225
2024-04-30,EBAY,Consumer,0.05734959909248216,0.06184845796237722
2024-04-30,HD,Consumer,0.008910291190595832,0.09433654501898306
2024-04-30,HLT,Consumer,0.01757495577739121,0.1119621394227064
2024-04-30,KR,Consumer,-0.049357345017281506,0.05772505507223907
2024-04-30,LOW,Consumer,-0.029387332520045106,0.09866020071798319
2024-04-30,LULU,Consumer,-0.13480314766047563,0.103019398145541
2024-04-30,MAR,Consumer,-0.018386775352710383,0.08741839253112926
2024-04-30,MCD,Consumer,-0.05182374824310143,0.08139407802197902
2024-04-30,MGM,Consumer,0.01850911682694556,0.11424184032133958
2024-04-30,NKE,Consumer,0.03024058745502911,0.09965305007571958
2024-04-30,ORLY,Consumer,-0.04934571387556874,0.06822751602026467
2024-04-30,ROST,Consumer,0.0788110417691068,0.10855977208570199
2024-04-30,SBUX,Consumer,-0.08657911353590786,0.09428283900759839
2024-04-30,TGT,Consumer,-0.023264178801127744,0.125884678290722
2024-04-30,TJX,Consumer,0.0999242074639346,0.049459429861591096
2024-04-30,WMT,Consumer,0.11183868868154989,0.04454453801954662
2024-04-30,YUM,Consumer,-0.022262902213245006,0.08315152484508026
2024-04-30,BBY,Consumer,0.1518193942747912,0.09729184926723707
2024-04-30,CCL,Consumer,0.017543903881935163,0.10330476345655022
2024-04-30,CHDN,Consumer,0.0038758997539365403,0.08220090005195811
2024-04-30,CMCSA,Consumer,0.05038047556939973,0.03592131322276517
2024-04-30,CZR,Consumer,-0.007258467999673668,0.10857313218252526
2024-04-30,DIS,Consumer,-0.0647164087001385,0.10756870589996705
2024-04-30,DKNG,Consumer,-0.15471607537790144,0.10850454085317414
2024-04-30,F,Consumer,0.010479584357559801,0.09374740084307717
2024-04-30,FOX,Consumer,0.11366813357141958,0.047585645706442775
2024-04-30,GM,Consumer,0.010330212116590465,0.10053056037531917
2024-04-30,GRMN,Consumer,0.13414562980245615,0.1057441684473509
2024-04-30,H,Consumer,-0.007865737077990875,0.13537300349691989
2024-04-30,IHG,Consumer,0.032536953110213096,0.10799408118874518
2024-04-30,LVS,Consumer,0.01945382178118349,0.1151105313166568
2024-04-30,NCLH,Consumer,-0.12262154785776624,0.10340314968686234
2024-04-30,NFLX,Consumer,0.16522598292156743,0.10646478303758229
2024-04-30,PENN,Consumer,0.05804105388963032,0.056808989910400384
2024-04-30,POOL,Consumer,0.006011429932652357,0.10073945984606181
2024-04-30,RCL,Consumer,0.05765248577631166,0.1086934773036552
2024-04-30,SIRI,Consumer,-0.03233343819141021,0.08597556477782861
2024-04-30,TSLA,Consumer,-0.02837187354253501,0.047793383446322696
2024-04-30,WBD,Consumer,0.11956516598370759,0.06916729021052213
2024-04-30,WYNN,Consumer,0.03791468187668512,0.09760917402376043
2024-04-30,APA,Energy,-0.02894399126656022,0.0042474540356573064
2024-04-30,BA,Energy,0.05821022691630806,0.12483402129903938
2024-04-30,CAT,Energy,0.011806195898653726,0.10795393444643535
2024-04-30,COP,Energy,-0.0668605107750242,0.0192459101661678
2024-04-30,CVX,Energy,0.01654903179194922,0.0383301002969819
2024-04-30,DE,Energy,-0.042538468740821345,0.04733059573914104
2024-04-30,DVN,Energy,-0.04103174742952831,0.034958458352285275
2024-04-30,EOG,Energy,-0.057367719816670326,0.023021182689956968
2024-04-30,FDX,Energy,-0.029872453163316326,0.03460859528125423
2024-04-30,GD,Energy,0.04416738977353751,0.05919471348049811
2024-04-30,GE,Energy,0.020516648365328072,0.09569642767311902
2024-04-30,HAL,Energy,-0.02054990951526836,0.01747157230037625
2024-04-30,HON,Energy,0.054638928019379085,0.07250566643987852
2024-04-30,LMT,Energy,0.011636248083657597,0.04971844277816557
2024-04-30,MMM,Energy,0.04481908920645128,0.06492996729738452
2024-04-30,MPC,Energy,-0.02350376328950199,0.03555405295658382
2024-04-30,NOC,Energy,-0.06651902378296393,0.04208362057723291
2024-04-30,OXY,Energy,-0.05503465249842865,0.029450028679081284
2024-04-30,PSX,Energy,0.00020536243956414957,0.07230019479205958
2024-04-30,RTX,Energy,0.06834700253078907,0.07948630131348794
2024-04-30,SLB,Energy,-0.03348771247742832,0.0248656530688926
2024-04-30,UNP,Energy,-0.012701057885035283,0.10351151107822289
2024-04-30,UPS,Energy,-0.04748762068711432,0.08892662983562048
2024-04-30,VLO,Energy,-0.010274232444759224,0.036715575509767465
2024-04-30,XOM,Energy,-0.0004866324715673276,0.017936191408062442
2024-04-30,AME,Energy,-0.029085091694399212,0.0923636498844124
2024-04-30,BE,Energy,0.46630723513195615,0.0705048140628155
2024-04-30,BKR,Energy,0.03315904503234246,0.025068126861233095
2024-04-30,CTRA,Energy,0.050229530295734515,0.02343860125194103
2024-04-30,EMR,Energy,0.04541837421547035,0.07977435433644327
2024-04-30,ENPH,Energy,0.17598380851146067,0.16997432809867097
2024-04-30,ETN,Energy,0.048970531294853625,0.1026634970240954
2024-04-30,FSLR,Energy,0.5414634433434593,0.06475669169915466
2024-04-30,FTV,Energy,-0.00995063421639586,0.07970901828917136
2024-04-30,GNRC,Energy,0.08274492089189156,0.0994805712878122
2024-04-30,HUBB,Energy,0.052866891871977684,0.09508151490384811
2024-04-30,MTDR,Energy,0.021686169377887587,0.06648743191240129
2024-04-30,PH,Energy,-0.021699107341231705,0.11879167405155923
2024-04-30,PLUG,Energy,0.44155844423925994,0.055352164548069786
2024-04-30,PR,Energy,-0.009404789294664151,0.04153915000131556
2024-04-30,ROK,Energy,-0.04515223952927305,0.09440332198128476
2024-04-30,ROP,Energy,0.04164546703171257,0.06956122016388624
2024-04-30,SM,Energy,0.04000817216585317,0.06004534014504737
2024-04-30,VRSK,Energy,0.15975391489355673,0.05001612380502211
2024-04-30,WMB,Energy,0.08211687938781798,0.0600037977006772
2024-04-30,XYL,Energy,0.0817827451305626,0.12969548828929803
2024-05-31,AAPL,Technology,0.0955525097895622,0.00726409395107676
2024-05-31,ADBE,Technology,0.2490780776808068,0.06869340253230279
2024-05-31,AMAT,Technology,0.09721956034613188,0.03159494274285831
2024-05-31,AMD,Technology,-0.0281005833081458,0.08404319149851626
2024-05-31,AVGO,Technology,0.21232050378717027,-0.0019830763102463575
2024-05-31,CDNS,Technology,0.07488387630270754,-0.0036774507748236793
2024-05-31,CRM,Technology,0.09665585017963974,0.008797172116855942
2024-05-31,CRWD,Technology,0.22163415703646283,0.04723029860369902
2024-05-31,FTNT,Technology,0.016014847738145654,0.06241172793341624
2024-05-31,GOOGL,Technology,0.05715389095358758,-0.005152125770800201
2024-05-31,INTC,Technology,0.003889728738131204,0.06091936454732134
2024-05-31,INTU,Technology,0.14011846647444748,-0.013349934942548852
2024-05-31,KLAC,Technology,0.085552921472279,0.0026306080830493118
2024-05-31,LRCX,Technology,0.14413898658834823,0.03203763028643875
2024-05-31,META,Technology,0.08116595945038863,0.023011590569185697
2024-05-31,MSFT,Technology,0.07665067269241543,-0.003825882862140941
2024-05-31,MU,Technology,0.05223991551995133,0.017202758547775355
2024-05-31,NET,Technology,0.2236666988268159,0.003036325222511455
2024-05-31,NOW,Technology,0.1974943885457232,-0.00019298788664630408
2024-05-31,NVDA,Technology,0.1269430831087548,0.0873164773088056
2024-05-31,ORCL,Technology,0.20488086796991234,0.013815132587763554
2024-05-31,PANW,Technology,0.14953716576546805,0.05853754997001147
2024-05-31,QCOM,Technology,-0.023866673166288432,0.005786946881645531
2024-05-31,SNPS,Technology,0.06109131688903102,0.009244072533158808
2024-05-31,TXN,Technology,-0.002461416527947846,-0.009702136087169024
2024-05-31,ACN,Technology,0.07481669020988391,0.01716646722565507
2024-05-31,ADI,Technology,-0.022696384503834377,-0.011387660693274484
2024-05-31,ANET,Technology,0.17749040206000055,0.017317479017291602
2024-05-31,CGNX,Technology,0.027240813401461006,0.06560606436248113
2024-05-31,COHU,Technology,0.026674837186149825,0.09740770451907377
2024-05-31,CSCO,Technology,0.021720383111105912,0.007831437067001859
2024-05-31,DELL,Technology,-0.011822815774401363,0.011903716080643053
2024-05-31,ENTG,Technology,0.07162626030899144,0.051194326924159664
2024-05-31,FORM,Technology,0.10617685359984153,-0.0011447978403479218
2024-05-31,HPQ,Technology,-0.03320118946526218,0.01761866040792829
2024-05-31,IBM,Technology,0.03655968129813636,0.014637132541337222
2024-05-31,IPGP,Technology,-0.026980328337530057,0.1584298361360687
2024-05-31,KEYS,Technology,-0.012492748273496779,0.01077767765765673
2024-05-31,MCHP,Technology,-0.058932331865853116,-0.009543906966781443
2024-05-31,MKSI,Technology,0.031519133781926056,0.11679007657480683
2024-05-31,MPWR,Technology,0.11869942711974657,0.013427275986433408
2024-05-31,MRVL,Technology,0.015840772650099755,0.04728940853693488
2024-05-31,NXPI,Technology,-0.0075056195613654175,-0.009644272614323818
2024-05-31,ONTO,Technology,0.013197972545586412,0.01810212734049009
2024-05-31,QRVO,Technology,0.17938816582344508,-0.0040080874192461495
2024-05-31,STX,Technology,0.11493530490876003,0.008805622671318257
2024-05-31,SWKS,Technology,0.1502265555087865,-0.014029194986166742
2024-05-31,TER,Technology,0.052149683524779444,0.011760170957308351
2024-05-31,VRSN,Technology,0.019963215161174608,0.029265171626672932
2024-05-31,WDC,Technology,0.00637540506452261,0.021944131236013357
2024-05-31,AXP,Financials,-0.03520834938666417,-0.0002571442471622148
2024-05-31,BAC,Financials,0.0005473045102948326,0.009074319210259257
2024-05-31,BK,Financials,0.00469716577873025,0.009464395391769735
2024-05-31,BLK,Financials,0.026529481609187444,-0.000699839543029218
2024-05-31,C,Financials,0.018456015929127156,0.02090552193345357
2024-05-31,CFG,Financials,0.02096875494577599,0.019796579387822318
2024-05-31,CME,Financials,-0.025871825003736082,-0.0004971188643704471
2024-05-31,COF,Financials,0.005957768707544719,0.003941415658459052
2024-05-31,FITB,Financials,-0.0152388282991881,0.006071220639854488
2024-05-31,GS,Financials,-0.009199935117509384,0.013868038249334306
2024-05-31,HBAN,Financials,-0.04114624237340436,0.020033095038497546
2024-05-31,ICE,Financials,0.025723053274134378,0.001937819310008489
2024-05-31,JPM,Financials,-0.00182594127956337,0.007925624835624513
2024-05-31,KEY,Financials,-0.011134245307058865,0.031102027950034795
2024-05-31,MCO,Financials,0.060303662286527615,-0.006508055542427714
2024-05-31,MS,Financials,-0.006643414331914621,0.02288530736443175
2024-05-31,MTB,Financials,0.007387542409609482,0.007827807023121308
2024-05-31,PNC,Financials,-0.012135610539680153,0.01133268198289501
2024-05-31,RF,Financials,0.04866558237513896,0.03167820521097292
2024-05-31,SCHW,Financials,0.0055948843119524305,0.025457377436554726
2024-05-31,SPGI,Financials,0.04325039989600854,0.0075797469231534366
2024-05-31,STT,Financials,-0.02103448564674737,0.003419013179033368
2024-05-31,TFC,Financials,0.02913928801464416,0.0248978696127787
2024-05-31,USB,Financials,-0.008720837121520053,0.03423085188260322
2024-05-31,WFC,Financials,-0.008845120268753948,0.0037654078028333403
2024-05-31,AFL,Financials,-0.006231201503333894,0.005910562662629826
2024-05-31,AJG,Financials,0.02605203008758461,0.0021845692056342175
2024-05-31,ALL,Financials,-0.046919971764539214,0.008275331999983159
2024-05-31,AMTD,Financials,-0.02850495946017262,0.08952341214852423
2024-05-31,AON,Financials,0.04239454005804477,0.015286231740368337
2024-05-31,CB,Financials,-0.05485223220271429,-0.0068020809106921765
2024-05-31,FDS,Financials,0.009919360037904612,0.0124791847488769
2024-05-31,FNF,Financials,-0.008959162389206687,0.023448797211954784
2024-05-31,GL,Financials,-0.005799952868344116,-0.004563499545967043
2024-05-31,HIG,Financials,-0.023693926305787594,0.015561886229809764
2024-05-31,IBKR,Financials,-0.024817052581103782,0.025589616540096467
2024-05-31,LPLA,Financials,-0.024142924515692776,0.0015506029360248682
2024-05-31,MET,Financials,-0.03012286177501311,0.004547236256621657
2024-05-31,MSCI,Financials,-0.027121346765030308,0.0003923721285847288
2024-05-31,NDAQ,Financials,0.02499211754162789,0.007883452904298153
2024-05-31,PGR,Financials,-0.016431512918635094,0.029233013520149384
2024-05-31,PRU,Financials,-0.026256681120314318,0.0005038212355525919
2024-05-31,RJF,Financials,0.007006238691616762,0.006716845307103024
2024-05-31,SEIC,Financials,-0.03781978211150239,0.003632123815247432
2024-05-31,SF,Financials,0.044952246338280544,0.009978878677337124
2024-05-31,SYF,Financials,0.07739719974221915,0.00662824669247906
2024-05-31,TRV,Financials,-0.052630493458185934,0.027748558066922068
2024-05-31,UNM,Financials,-0.05105821595776083,0.0013616804112116013
2024-05-31,WTW,Financials,0.030266026398220625,0.01098600478441948
2024-05-31,ABBV,Healthcare,0.06375597448967096,0.009081008614554357
2024-05-31,ABT,Healthcare,0.016831338237798033,0.0042538215643080505
2024-05-31,AMGN,Healthcare,0.021579355152840485,0.016615520268449556
2024-05-31,BAX,Healthcare,-0.018773925571558547,0.021727673221331643
2024-05-31,BIIB,Healthcare,0.03058595540206177,-0.010084210095710176
2024-05-31,BMY,Healthcare,0.010708128112193238,0.006188967186835596
2024-05-31,BSX,Healthcare,0.019055213010737537,0.012884331336597974
2024-05-31,CI,Healthcare,-0.03682094800279512,0.012861018531162737
2024-05-31,CVS,Healthcare,-0.009060292205824716,0.01007943191961046
2024-05-31,DHR,Healthcare,-0.026019136288194855,0.003228426952157895
2024-05-31,EW,Healthcare,0.06306828628642447,0.034411010458636475
2024-05-31,GILD,Healthcare,0.08061881996990339,0.001441097580771396
2024-05-31,HUM,Healthcare,0.04591541023910484,0.00937541050216216
2024-05-31,ISRG,Healthcare,0.10626184100563218,0.017320298158227495
2024-05-31,JNJ,Healthcare,-0.0034771620813400794,0.015061000820408219
2024-05-31,LLY,Healthcare,0.10366438426833646,-0.0027056032218615448
2024-05-31,MDT,Healthcare,-0.024078693275265795,0.008121758618740003
2024-05-31,MRK,Healthcare,-0.007960606282264582,-0.003445842212529812
2024-05-31,PFE,Healthcare,-0.023726368536937215,-0.0015284105711615404
2024-05-31,REGN,Healthcare,0.07230449408758477,0.009734524146655606
2024-05-31,SYK,Healthcare,-0.00011377904328602195,0.021325568174260914
2024-05-31,TMO,Healthcare,-0.025710639483591424,-0.0012370435893538252
2024-05-31,UNH,Healthcare,0.03240095305779134,-0.0037122479693730065
2024-05-31,VRTX,Healthcare,0.029384646616643195,0.01577573919347719
2024-05-31,ZBH,Healthcare,-0.055395314544429364,0.006199295999933673
2024-05-31,A,Healthcare,-0.005981028848913605,-0.0032231809752659175
2024-05-31,ACAD,Healthcare,0.07615891321046053,-0.03727066345356575
2024-05-31,ALGN,Healthcare,-0.06135064462320028,0.1317920368119134
2024-05-31,ALKS,Healthcare,0.02991456300645101,0.05838277308338425
2024-05-31,BDX,Healthcare,0.011494208805738149,0.024242463207485167
2024-05-31,DGX,Healthcare,-0.035852541075082844,2.05846404388508e-05
2024-05-31,DXCM,Healthcare,-0.045381826572301165,0.047228436357043574
2024-05-31,FOLD,Healthcare,0.012244886043219827,0.09598143418199934
2024-05-31,HOLX,Healthcare,0.006370306702078832,0.01641349681945123
2024-05-31,IDXX,Healthcare,-0.019619679566358683,0.013735683585540764
2024-05-31,INSP,Healthcare,-0.15718869267851965,0.04692106955588737
2024-05-31,IQV,Healthcare,-0.034917130057760426,0.014356084543627981
2024-05-31,MASI,Healthcare,0.011566284669929816,0.1285238603328394
2024-05-31,MTD,Healthcare,-0.00462933299021373,0.04640076065070871
2024-05-31,NBIX,Healthcare,0.01669001141507498,-0.011250595589269753
2024-05-31,NTRA,Healthcare,0.01652118798834068,0.05657252197571053
2024-05-31,NVCR,Healthcare,-0.221717447404277,0.0954659469405025
2024-05-31,PODD,Healthcare,0.1388904581029602,0.1419690228558021
2024-05-31,RARE,Healthcare,0.0239162705298952,0.03750869015172588
2024-05-31,RMD,Healthcare,-0.07226288789211799,0.06366581026817737
2024-05-31,WAT,Healthcare,-0.0607963714806361,0.010347223080637322
2024-05-31,AMZN,Consumer,0.09527316552932019,-0.004079256881021564
2024-05-31,AZO,Consumer,0.07009543901931248,0.009309859134944413
2024-05-31,BKNG,Consumer,0.051443835447715136,0.014779224059392809
2024-05-31,CMG,Consumer,0.0009522359565614646,0.026410749195839245
2024-05-31,COST,Consumer,0.04951287379663927,0.013247166097906906
2024-05-31,DG,Consumer,-0.034183082947204624,0.08490570169371095
2024-05-31,DLTR,Consumer,-0.09478593127969048,0.094673841053632
2024-05-31,DRI,Consumer,0.006183959687404927,0.003451106203710083
2024-05-31,EBAY,Consumer,-0.009221768200065816,0.01650927834269681
2024-05-31,HD,Consumer,0.02798099515349972,0.02408028571652336
2024-05-31,HLT,Consumer,0.08773690986524607,0.001993751687421474
2024-05-31,KR,Consumer,-0.04659161007526014,0.008546697401200395
2024-05-31,LOW,Consumer,-0.003750690041863125,0.007723822240446956
2024-05-31,LULU,Consumer,-0.042597450057163644,0.06413901895703557
2024-05-31,MAR,Consumer,0.04585375964368965,0.010960864242191755
2024-05-31,MCD,Consumer,-0.009252976522669876,0.022629223076674712
2024-05-31,MGM,Consumer,0.10629824875283989,0.07908685809217966
2024-05-31,NKE,Consumer,-0.20395020221309157,0.042217182093304606
2024-05-31,ORLY,Consumer,0.09633954426551483,-0.0017324052260804465
2024-05-31,ROST,Consumer,0.042432586942979356,0.006546576606652578
2024-05-31,SBUX,Consumer,-0.029543638841963094,0.04556822961075097
2024-05-31,TGT,Consumer,-0.051997901779951006,0.03404580932894424
2024-05-31,TJX,Consumer,0.06789530241741848,0.0029759634204458833
2024-05-31,WMT,Consumer,0.0296533397254648,-0.001495694710113892
2024-05-31,YUM,Consumer,-0.03616388633665846,-0.0004563364969752257
2024-05-31,BBY,Consumer,0.0038296105967436933,-0.004411026253669748
2024-05-31,CCL,Consumer,0.2413792095678151,0.057071453393643015
2024-05-31,CHDN,Consumer,0.07799240862279477,-0.002649023394565498
2024-05-31,CMCSA,Consumer,-0.02173369547748738,0.026858086578665837
2024-05-31,CZR,Consumer,0.11754781056660368,0.09194321449124152
2024-05-31,DIS,Consumer,-0.04446158839638603,0.006951492249242876
2024-05-31,DKNG,Consumer,0.08653563929405195,-0.001276912324384279
2024-05-31,F,Consumer,0.03380061423869685,0.028429092220594917
2024-05-31,FOX,Consumer,0.002504598422178095,0.013465650630110175
2024-05-31,GM,Consumer,0.035397995065476584,0.00885145187863269
2024-05-31,GRMN,Consumer,-0.0009793549702529214,0.0018448706508743164
2024-05-31,H,Consumer,0.03017599965651896,0.00490550548397889
2024-05-31,IHG,Consumer,0.04332818967686536,0.009062171704847308
2024-05-31,LVS,Consumer,-0.017321763534330237,0.0714348657996845
2024-05-31,NCLH,Consumer,0.13192773998380591,0.00763060759672599
2024-05-31,NFLX,Consumer,0.05183747804061012,0.03993285331191212
2024-05-31,PENN,Consumer,0.10628574916294653,0.042861233332709144
2024-05-31,POOL,Consumer,-0.15464170281901934,0.009431685481608396
2024-05-31,RCL,Consumer,0.07956391945265628,0.0017611646049870467
2024-05-31,SIRI,Consumer,0.0035459727624336246,0.01937507385162469
2024-05-31,TSLA,Consumer,0.11118599982126098,0.0414261294284167
2024-05-31,WBD,Consumer,-0.09708734661641205,0.06967667443311287
2024-05-31,WYNN,Consumer,-0.056703211535839015,0.05236664021651194
2024-05-31,APA,Energy,-0.03570260750160548,0.020449946035425187
2024-05-31,BA,Energy,0.02477334542741927,0.08546787664188098
2024-05-31,CAT,Energy,-0.016010819332555992,0.01759913723594443
2024-05-31,COP,Energy,-0.0180288087727023,0.0049711733482080585
2024-05-31,CVX,Energy,-0.036229112668225816,0.005393264599254214
2024-05-31,DE,Energy,0.0008894920049538069,0.008990343136025855
2024-05-31,DVN,Energy,-0.026786148131078824,0.011308171802115947
2024-05-31,EOG,Energy,0.01059810515515891,0.0066712477331931155
2024-05-31,FDX,Energy,0.18711673291214126,0.003925749140635753
2024-05-31,GD,Energy,-0.032124711186852006,-0.0112395339965459
2024-05-31,GE,Energy,-0.0373624195182527,0.004673724379223079
2024-05-31,HAL,Energy,-0.07492083352870149,0.03998481915782612
2024-05-31,HON,Energy,0.056135115229043686,0.005089141792426179
2024-05-31,LMT,Energy,-0.0001926279056818636,-0.004066178079825165
2024-05-31,MMM,Energy,0.020471308792919363,0.009244076556042117
2024-05-31,MPC,Energy,-0.017722706688141354,0.015425065734443683
2024-05-31,NOC,Energy,-0.032877014839697516,0.0014292104997514462
2024-05-31,OXY,Energy,0.012223869036683377,0.0005558623478913083
2024-05-31,PSX,Energy,-0.006614580595920128,-0.001968697187623411
2024-05-31,RTX,Energy,-0.06882487509927915,0.00018542924004953624
2024-05-31,SLB,Energy,0.034665230134084846,0.05123802266940205
2024-05-31,UNP,Energy,-0.02817632244974677,-0.011519511874354574
2024-05-31,UPS,Energy,-0.014971489544336025,0.038567456976756405
2024-05-31,VLO,Energy,-0.002418415034568744,0.03018654082957318
2024-05-31,XOM,Energy,-0.018250045771244228,0.004474263256342271
2024-05-31,AME,Energy,-0.015338860333178772,-8.127510025531881e-05
2024-05-31,BE,Energy,-0.25,0.10774125023819911
2024-05-31,BKR,Energy,0.05047804530058486,0.00792021592746632
2024-05-31,CTRA,Energy,-0.06486672709039598,0.009614569827498455
2024-05-31,EMR,Energy,-0.017831629352621947,0.011257847603087977
2024-05-31,ENPH,Energy,-0.22040658408985525,0.15879477100749864
2024-05-31,ETN,Energy,-0.05798421449021873,0.0225126504305125
2024-05-31,FSLR,Energy,-0.17037092062106007,0.05004154799412219
2024-05-31,FTV,Energy,-0.004567434431656525,0.01128655289385314
2024-05-31,GNRC,Energy,-0.10182735418455768,0.009208229526731554
2024-05-31,HUBB,Energy,-0.06019703613227434,0.03349111813558413
2024-05-31,MTDR,Energy,-0.0606777674096054,0.021010165686779915
2024-05-31,PH,Energy,-0.048370681907427215,-0.022766440568914737
2024-05-31,PLUG,Energy,-0.30030030718050904,0.0027924772482571933
2024-05-31,PR,Energy,-0.014643021809483736,0.008261646757025388
2024-05-31,ROK,Energy,0.06892408909062087,0.06498199769309959
2024-05-31,ROP,Energy,0.05799968044381143,0.0018827785858841208
2024-05-31,SM,Energy,-0.14277203588925325,0.020988657896860337
2024-05-31,VRSK,Energy,0.0679305467660889,0.011017502531441249
2024-05-31,WMB,Energy,0.03572723642219855,-0.0027053002630906446
2024-05-31,XYL,Energy,-0.03822169619982452,0.0009050748141505022
2024-06-30,AAPL,Technology,0.0544108210862948,-0.004569831109974979
2024-06-30,ADBE,Technology,-0.007002112840004848,0.05199896516038493
2024-06-30,AMAT,Technology,-0.10080927633989611,0.013484366258372411
2024-06-30,AMD,Technology,-0.10930281889207516,0.049686823014006475
2024-06-30,AVGO,Technology,0.0007910778254107687,0.01563111070228208
2024-06-30,CDNS,Technology,-0.13026806283636272,0.0029766529037493707
2024-06-30,CRM,Technology,0.008179067541193463,0.016133437240196096
2024-06-30,CRWD,Technology,-0.3946605985647126,0.025081816696995968
2024-06-30,FTNT,Technology,-0.03700015804378631,0.07900455497508244
2024-06-30,GOOGL,Technology,-0.058248565187415724,0.007772502518374592
2024-06-30,INTC,Technology,-0.0074265350905735605,0.03686899596572564
2024-06-30,INTU,Technology,-0.013638085961960145,0.028441222958688547
2024-06-30,KLAC,Technology,-0.001746456956651321,-0.004075171479333394
2024-06-30,LRCX,Technology,-0.13486403690504378,-0.012988579745028029
2024-06-30,META,Technology,-0.058288079961425265,0.030901476461054678
2024-06-30,MSFT,Technology,-0.06398920546942999,0.002465703180999026
2024-06-30,MU,Technology,-0.1643270773853034,0.021680450846510324
2024-06-30,NET,Technology,-0.06434868662596549,0.0013660390004768326
2024-06-30,NOW,Technology,0.035237179252802786,0.023132180454778682
2024-06-30,NVDA,Technology,-0.05277651321929078,-0.0435041089429418
2024-06-30,ORCL,Technology,-0.009605351713920074,0.003995612104991641
2024-06-30,PANW,Technology,-0.042122646435039934,0.034580536504188755
2024-06-30,QCOM,Technology,-0.09152528090312728,-0.003975466294136421
2024-06-30,SNPS,Technology,-0.06174165695074696,-0.00031927780074678016
2024-06-30,TXN,Technology,0.054525329602534534,0.009756016682387311
2024-06-30,ACN,Technology,0.09445955750790125,0.029507192173234505
2024-06-30,ADI,Technology,0.013668806029772718,-0.016365443686734413
2024-06-30,ANET,Technology,-0.011213259159343791,0.013979614330657902
2024-06-30,CGNX,Technology,0.0611633056744354,-0.013305884802737115
2024-06-30,COHU,Technology,-0.03353470556413385,0.03182972552769289
2024-06-30,CSCO,Technology,0.028522017820021395,0.015161292690705012
2024-06-30,DELL,Technology,-0.172835123376754,0.02936661617666709
2024-06-30,ENTG,Technology,-0.1256520385691794,0.01804049136589704
2024-06-30,FORM,Technology,-0.11514947210588433,-0.0029262428702255365
2024-06-30,HPQ,Technology,0.030554139254482582,-0.011681532030674718
2024-06-30,IBM,Technology,0.11095671010613906,0.018927885711747767
2024-06-30,IPGP,Technology,-0.04728045849777496,0.06315982173299006
2024-06-30,KEYS,Technology,0.020621625771252372,0.03522056276757327
2024-06-30,MCHP,Technology,-0.029726902993932214,0.0015488088185648579
2024-06-30,MKSI,Technology,-0.03584004764095017,0.011259449124495452
2024-06-30,MPWR,Technology,0.050396648938673794,-0.015473500694741295
2024-06-30,MRVL,Technology,-0.040976678982688974,0.029086130433739227
2024-06-30,NXPI,Technology,-0.0220371762911995,-0.004928304884578362
2024-06-30,ONTO,Technology,-0.12871194580558432,-0.0007106198843507648
2024-06-30,QRVO,Technology,0.03240263794006348,0.025222177882044478
2024-06-30,STX,Technology,-0.01065164484549841,0.013358177352843892
2024-06-30,SWKS,Technology,0.06605372360839978,0.03228881745643812
2024-06-30,TER,Technology,-0.1155168998482845,-0.000956353020631821
2024-06-30,VRSN,Technology,0.05179973736406707,-0.01107686427367232
2024-06-30,WDC,Technology,-0.11508516794908707,0.029191123555647486
2024-06-30,AXP,Financials,0.09606424458735985,0.004057941961694974
2024-06-30,BAC,Financials,0.013578133779514667,-0.008017481655795414
2024-06-30,BK,Financials,0.09469895331516764,-0.003005270505292164
2024-06-30,BLK,Financials,0.11327029695859969,-0.009600636321968807
2024-06-30,C,Financials,0.022376208715980672,0.00029606158176788226
2024-06-30,CFG,Financials,0.19591803822542997,0.014079905983817408
2024-06-30,CME,Financials,-0.014699858707922786,0.0026571940902542237
2024-06-30,COF,Financials,0.09353568213853913,0.0159702229806754
2024-06-30,FITB,Financials,0.1603178253153339,0.012803242521099668
2024-06-30,GS,Financials,0.12537569015433103,0.003888964988986657
2024-06-30,HBAN,Financials,0.13429439248427633,-0.00036789373097973214
2024-06-30,ICE,Financials,0.10716616968184445,-0.014612219376502303
2024-06-30,JPM,Financials,0.05794106921759856,-0.006998850845174278
2024-06-30,KEY,Financials,0.13511593268438848,-0.009457080098896124
2024-06-30,MCO,Financials,0.08445582690290232,-0.009035216495848996
2024-06-30,MS,Financials,0.07149270212577075,0.0026888714486415053
2024-06-30,MTB,Financials,0.13748689257993263,0.014726905081576595
2024-06-30,PNC,Financials,0.17594231969196272,-0.004804967169651332
2024-06-30,RF,Financials,0.11626750671915143,0.004581195736458751
2024-06-30,SCHW,Financials,-0.11534800567022341,0.0010302658536855854
2024-06-30,SPGI,Financials,0.08683853873930625,-0.004839820859642854
2024-06-30,STT,Financials,0.15905056448937982,0.008004818180078893
2024-06-30,TFC,Financials,0.1503216235179583,0.01158331425025677
2024-06-30,USB,Financials,0.13047869376730814,0.01360965583885017
2024-06-30,WFC,Financials,-0.0008418036694619602,0.011507687091747907
2024-06-30,AFL,Financials,0.06796542748268508,0.008643193735391517
2024-06-30,AJG,Financials,0.09324751192172731,-0.005759854581926814
2024-06-30,ALL,Financials,0.0717776498786924,-0.002208796416955652
2024-06-30,AMTD,Financials,-0.07784431052236152,0.04334104378003212
2024-06-30,AON,Financials,0.11897944625163381,0.03844416907509989
2024-06-30,CB,Financials,0.08068056783235167,-0.005281892655707452
2024-06-30,FDS,Financials,0.011805836867201602,0.011018103955474255
2024-06-30,FNF,Financials,0.12120577064337534,0.0113824245808216
2024-06-30,GL,Financials,0.13041764734257244,-0.02862494637707883
2024-06-30,HIG,Financials,0.10324248410021863,0.004840788174554731
2024-06-30,IBKR,Financials,-0.02716145537830017,0.015172998258453014
2024-06-30,LPLA,Financials,-0.20687443385675752,0.0021978797725655023
2024-06-30,MET,Financials,0.09488509380125865,-0.00558812557257998
2024-06-30,MSCI,Financials,0.12249082432992164,0.009953361813370433
2024-06-30,NDAQ,Financials,0.12313321507634312,0.004357714373952964
2024-06-30,PGR,Financials,0.031348891607672735,0.004207852702649353
2024-06-30,PRU,Financials,0.06937446579272044,-0.01182990138041916
2024-06-30,RJF,Financials,-0.05813579868400531,-0.012735673134003646
2024-06-30,SEIC,Financials,0.04869375913645335,-0.005586940421106329
2024-06-30,SF,Financials,0.05371363193517187,-0.004020963517642471
2024-06-30,SYF,Financials,0.0762873900293255,0.004227090192098421
2024-06-30,TRV,Financials,0.06442418027218455,0.0036354756287812337
2024-06-30,UNM,Financials,0.13453794558381982,0.005289008560340969
2024-06-30,WTW,Financials,0.07682919816537215,0.007654110426236161
2024-06-30,ABBV,Healthcare,0.09038233760319159,0.006689842116419013
2024-06-30,ABT,Healthcare,0.02494511348994899,0.013682003364324829
2024-06-30,AMGN,Healthcare,0.06407426083027135,-0.004423822406006562
2024-06-30,BAX,Healthcare,0.07085205223035529,0.048202038963235175
2024-06-30,BIIB,Healthcare,-0.0803209808803732,-0.0022270436803572225
2024-06-30,BMY,Healthcare,0.1626092534842729,0.035018302197280735
2024-06-30,BSX,Healthcare,-0.04064413447587667,0.0030650929560041076
2024-06-30,CI,Healthcare,0.054754029351533395,0.0396753604971928
2024-06-30,CVS,Healthcare,0.03303574217975647,0.019589828214922708
2024-06-30,DHR,Healthcare,0.10898535794103292,0.005922642313150228
2024-06-30,EW,Healthcare,-0.3174191040132497,-0.0006252173639846273
2024-06-30,GILD,Healthcare,0.10858472190419066,0.013374124589474056
2024-06-30,HUM,Healthcare,-0.032222650695735267,-0.051478782778458305
2024-06-30,ISRG,Healthcare,-0.000539554341148607,-0.003533372115439546
2024-06-30,JNJ,Healthcare,0.07998077872106868,0.008705414191140801
2024-06-30,LLY,Healthcare,-0.11167688688772837,0.027598349814532075
2024-06-30,MDT,Healthcare,0.020454671689197124,-0.003584092914979736
2024-06-30,MRK,Healthcare,-0.0861874644402052,-0.009038824281975454
2024-06-30,PFE,Healthcare,0.10689794642411532,-0.013724693538788737
2024-06-30,REGN,Healthcare,0.026792680906253974,-0.011480133190181228
2024-06-30,SYK,Healthcare,-0.037619194374590825,-0.0008862434744297627
2024-06-30,TMO,Healthcare,0.10911401615817251,0.0020802075633639763
2024-06-30,UNH,Healthcare,0.13136691787469257,0.004755110293802361
2024-06-30,VRTX,Healthcare,0.05760368648592551,0.00716830825068781
2024-06-30,ZBH,Healthcare,0.025983456083456646,0.03172051892823704
2024-06-30,A,Healthcare,0.09282100126751125,0.01147124039290538
2024-06-30,ACAD,Healthcare,0.1704615666316105,0.07028124752449481
2024-06-30,ALGN,Healthcare,-0.03955592959733678,0.10682556552965822
2024-06-30,ALKS,Healthcare,0.1336099278998486,0.08574887648766635
2024-06-30,BDX,Healthcare,0.03144926172910201,0.013368141802714298
2024-06-30,DGX,Healthcare,0.04517797019050107,0.008876262183631262
2024-06-30,DXCM,Healthcare,-0.4018345269206671,0.01052115234330571
2024-06-30,FOLD,Healthcare,0.039314550435815665,0.052551349578242
2024-06-30,HOLX,Healthcare,0.09912458734480212,0.012290896987156996
2024-06-30,IDXX,Healthcare,-0.022742234836265585,-0.005674515691622423
2024-06-30,INSP,Healthcare,0.05394904820981439,0.1309707806884356
2024-06-30,IQV,Healthcare,0.1645383696766356,0.005162044681046889
2024-06-30,MASI,Healthcare,-0.1505478697548368,0.1259733444302988
2024-06-30,MTD,Healthcare,0.0883235186967799,-0.007051640511594809
2024-06-30,NBIX,Healthcare,0.02832867877638412,-0.015601174683896837
2024-06-30,NTRA,Healthcare,-0.05448334542430433,-0.054609390804054546
2024-06-30,NVCR,Healthcare,0.3292470270468284,0.18665824952479668
2024-06-30,PODD,Healthcare,-0.036917724655987305,0.043303963357346285
2024-06-30,RARE,Healthcare,0.09537718075855484,0.04416180327244498
2024-06-30,RMD,Healthcare,0.11404247373005227,0.042057053609545
2024-06-30,WAT,Healthcare,0.15910659188955267,0.018443338710663594
2024-06-30,AMZN,Consumer,-0.032445041513381345,0.0006062948571101285
2024-06-30,AZO,Consumer,0.057214614271662745,0.022394159444741015
2024-06-30,BKNG,Consumer,-0.062221550610029874,0.006855104466834859
2024-06-30,CMG,Consumer,-0.1329609198431353,0.0042203293760444795
2024-06-30,COST,Consumer,-0.03155290635129393,0.010117223450231026
2024-06-30,DG,Consumer,-0.08539400043603007,0.05177297811442629
2024-06-30,DLTR,Consumer,-0.02275920559686173,0.03543456300008447
2024-06-30,DRI,Consumer,-0.023496053106781045,0.013999801665545316
2024-06-30,EBAY,Consumer,0.03518248119782763,0.004971776617323894
2024-06-30,HD,Consumer,0.06948630645473886,-0.0035946321393608167
2024-06-30,HLT,Consumer,-0.016177971305849637,-0.005780010017565098
2024-06-30,KR,Consumer,0.0915281986157408,0.005948092420777344
2024-06-30,LOW,Consumer,0.11902610358381471,-0.0024604887192141963
2024-06-30,LULU,Consumer,-0.13404756246601635,0.04807556887384598
2024-06-30,MAR,Consumer,-0.05985037246438496,0.004072227705828497
2024-06-30,MCD,Consumer,0.0414378198592249,0.021115114371527632
2024-06-30,MGM,Consumer,-0.033078250482266536,-0.003921418729784342
2024-06-30,NKE,Consumer,-0.006766759435368752,0.008870848298990881
2024-06-30,ORLY,Consumer,0.06654924857441924,0.010822476769149604
2024-06-30,ROST,Consumer,-0.014381920372454005,-0.02269480560428899
2024-06-30,SBUX,Consumer,0.001284350692617675,-0.001990895351281373
2024-06-30,TGT,Consumer,0.01600928847508687,0.003980352917248007
2024-06-30,TJX,Consumer,0.026521249864833063,-0.005033686880543508
2024-06-30,WMT,Consumer,0.01373494966983313,-0.0036874029967955725
2024-06-30,YUM,Consumer,0.002793356985375972,-0.0023701537072619763
2024-06-30,BBY,Consumer,0.026456204316454457,-0.024964513585097138
2024-06-30,CCL,Consumer,-0.11004266231953674,-0.013505979748315284
2024-06-30,CHDN,Consumer,0.02836665894134982,0.013402709889646022
2024-06-30,CMCSA,Consumer,0.06251319723301885,0.010453601718321565
2024-06-30,CZR,Consumer,0.005284325002594237,0.08494825662245364
2024-06-30,DIS,Consumer,-0.052047192280682775,0.023096361211148407
2024-06-30,DKNG,Consumer,-0.031962207611485716,0.019440373941723574
2024-06-30,F,Consumer,-0.13716106473777934,0.019314886878520832
2024-06-30,FOX,Consumer,0.10649595491883934,0.00920288166797109
2024-06-30,GM,Consumer,-0.0460610986474026,0.027808116079352248
2024-06-30,GRMN,Consumer,0.05112945135762992,-0.026658860415749032
2024-06-30,H,Consumer,-0.030213437222192274,0.0034960101410607867
2024-06-30,IHG,Consumer,-0.043605367121418714,-0.005986592522548556
2024-06-30,LVS,Consumer,-0.1035028388901853,0.03857801265415175
2024-06-30,NCLH,Consumer,-0.019159158744589067,0.07361345163905446
2024-06-30,NFLX,Consumer,-0.06894558957840613,0.020642909946835725
2024-06-30,PENN,Consumer,0.03150819647581882,0.033520334606215396
2024-06-30,POOL,Consumer,0.21706323434143537,0.014965066874687063
2024-06-30,RCL,Consumer,-0.0169980871509946,-0.005071151919675688
2024-06-30,SIRI,Consumer,0.21908151355310368,0.05073056720790528
2024-06-30,TSLA,Consumer,0.17278149180183244,0.05376896507153846
2024-06-30,WBD,Consumer,0.16263434838760782,-0.06497653300182404
2024-06-30,WYNN,Consumer,-0.0746367764697572,0.016310883255265772
2024-06-30,APA,Energy,0.06778240853001871,0.039223625568220725
2024-06-30,BA,Energy,0.047195274193347014,0.02703591635058853
2024-06-30,CAT,Energy,0.043560261693599944,-0.011827267231523346
2024-06-30,COP,Energy,-0.027802127534254706,0.018712324167234194
2024-06-30,CVX,Energy,0.025891877123187967,0.0015710759833062928
2024-06-30,DE,Energy,-0.004416070239541159,0.02176334736669193
2024-06-30,DVN,Energy,-0.007805956197688757,0.012009583630834162
2024-06-30,EOG,Energy,0.014407409772756008,0.0134006046122605
2024-06-30,FDX,Energy,0.008037672814613872,0.022820621823811865
2024-06-30,GD,Energy,0.034694944259462845,0.0066567455873766035
2024-06-30,GE,Energy,0.07245444568500448,0.011507705690433296
2024-06-30,HAL,Energy,0.02664312042033523,0.029154736663395645
2024-06-30,HON,Energy,-0.041163316171200504,-0.002074052411835182
2024-06-30,LMT,Energy,0.1601797531780491,-0.007074349269737049
2024-06-30,MMM,Energy,0.2481650472765129,0.010699881096801138
2024-06-30,MPC,Energy,0.020405751658243654,0.030681936348567654
2024-06-30,NOC,Energy,0.11095312984074757,0.004806517512707366
2024-06-30,OXY,Energy,-0.035062630424540164,0.011866742484114257
2024-06-30,PSX,Energy,0.03053073466165368,0.02874419079828707
2024-06-30,RTX,Energy,0.17033587552548024,-0.0011064243664775041
2024-06-30,SLB,Energy,0.02352687405118825,0.05683660836948218
2024-06-30,UNP,Energy,0.09047110935938907,0.005539827919256213
2024-06-30,UPS,Energy,-0.047351187467917666,0.04366186348775715
2024-06-30,VLO,Energy,0.03164092570530763,0.005059611463059387
2024-06-30,XOM,Energy,0.030142303371426316,-0.001022049396990026
2024-06-30,AME,Energy,0.040609373439166596,-0.011963743745087118
2024-06-30,BE,Energy,0.10620916789576906,-0.07149349617853769
2024-06-30,BKR,Energy,0.10093841385346836,0.0005302227100468429
2024-06-30,CTRA,Energy,-0.032620941496812494,-0.010168979925145072
2024-06-30,EMR,Energy,0.06309002916099304,-0.011962695863430496
2024-06-30,ENPH,Energy,0.15444791562812354,0.029552480084254085
2024-06-30,ETN,Energy,-0.027937920993684418,0.020286599333343952
2024-06-30,FSLR,Energy,-0.042003020219553044,-0.04952089305109996
2024-06-30,FTV,Energy,-0.03036435421449757,0.00154145823931603
2024-06-30,GNRC,Energy,0.17743148720682922,-0.01625117933883897
2024-06-30,HUBB,Energy,0.08254907884877016,-0.010578378895318695
2024-06-30,MTDR,Energy,0.03154361108635961,0.02033490389227574
2024-06-30,PH,Energy,0.10942820092762306,-0.01640692491441924
2024-06-30,PLUG,Energy,0.060085883900585335,-0.03829266527918362
2024-06-30,PR,Energy,-0.050154788900047986,0.030617437727219886
2024-06-30,ROK,Energy,0.012242172217436842,0.07356890419833104
2024-06-30,ROP,Energy,-0.032258368989996566,0.0023540577589405455
2024-06-30,SM,Energy,0.07278808802470094,0.023596690412639388
2024-06-30,VRSK,Energy,-0.028937055495397934,-0.01509290364236518
2024-06-30,WMB,Energy,0.010352883026494952,-0.0072655989898801196
2024-06-30,XYL,Energy,-0.015704379237172494,-0.017399278364487042
2024-07-31,AAPL,Technology,0.03235352849388784,0.03763964669239869
2024-07-31,ADBE,Technology,0.041257949285225415,0.014755331870959346
2024-07-31,AMAT,Technology,-0.06862386398441156,0.10171815898886553
2024-07-31,AMD,Technology,0.028239216166290326,0.09965342973272637
2024-07-31,AVGO,Technology,0.013318395587144094,0.0427105530545633
2024-07-31,CDNS,Technology,0.004744784414167036,0.043942330265595804
2024-07-31,CRM,Technology,-0.022797442683364144,0.04584567144757551
2024-07-31,CRWD,Technology,0.19537847367513606,0.07291316973664605
2024-07-31,FTNT,Technology,0.3216746704762812,0.046487816699368655
2024-07-31,GOOGL,Technology,-0.04756918337508109,0.05211025215294814
2024-07-31,INTC,Technology,-0.27847058573763883,0.06049587094788023
2024-07-31,INTU,Technology,-0.026399780801941608,0.020386444766940626
2024-07-31,KLAC,Technology,-0.0026008339430233507,0.08150125853211068
2024-07-31,LRCX,Technology,-0.10879906356686464,0.08890072251096258
2024-07-31,META,Technology,0.09788760090302362,0.08544087288289819
2024-07-31,MSFT,Technology,-0.001095106996581774,0.04481407384024176
2024-07-31,MU,Technology,-0.12365686662032427,0.09391625759284501
2024-07-31,NET,Technology,0.05987095986643154,0.04818359687621404
2024-07-31,NOW,Technology,0.049865504980948216,0.01112264175495095
2024-07-31,NVDA,Technology,0.020082119137390997,0.13882092708785515
2024-07-31,ORCL,Technology,0.013194675370177045,0.03915829188390927
2024-07-31,PANW,Technology,0.11698946493730289,0.030220339540842113
2024-07-31,QCOM,Technology,-0.031224040934304087,0.13668163372969977
2024-07-31,SNPS,Technology,-0.06938671322211554,0.04346001126174812
2024-07-31,TXN,Technology,0.051665896983216,0.0652776088462133
2024-07-31,ACN,Technology,0.03426903324576003,0.0342204584239647
2024-07-31,ADI,Technology,0.014953598976680693,0.09281983306459966
2024-07-31,ANET,Technology,0.019708605772406074,0.04693956349930233
2024-07-31,CGNX,Technology,-0.18462713300286238,0.07727968637514877
2024-07-31,COHU,Technology,-0.15879962363402322,0.042826916335259244
2024-07-31,CSCO,Technology,0.04313735974466115,0.02289813832631887
2024-07-31,DELL,Technology,0.016361870935630796,0.08554739572391415
2024-07-31,ENTG,Technology,-0.02045826471394696,0.09626356614924506
2024-07-31,FORM,Technology,-0.08943242704836807,0.07106213664189079
2024-07-31,HPQ,Technology,0.002493603184750004,0.10480087800667422
2024-07-31,IBM,Technology,0.06119439835680507,0.047627145473719684
2024-07-31,IPGP,Technology,-0.14962684764905998,0.0739874315379837
2024-07-31,KEYS,Technology,0.10424867112867142,0.05650920644005837
2024-07-31,MCHP,Technology,-0.06946466577440535,0.09279638248031728
2024-07-31,MKSI,Technology,-0.05126328442961736,0.13080131173935106
2024-07-31,MPWR,Technology,0.08294618008918597,0.08866235557582075
2024-07-31,MRVL,Technology,0.13825028097323444,0.0970591487679163
2024-07-31,NXPI,Technology,-0.02583996899407426,0.11102128312956604
2024-07-31,ONTO,Technology,0.11458441097366157,0.12060461370830558
2024-07-31,QRVO,Technology,-0.032637759286367585,0.015405634239257608
2024-07-31,STX,Technology,-0.0256435103954461,0.047016478243538475
2024-07-31,SWKS,Technology,-0.029179817751327608,0.009901727215964691
2024-07-31,TER,Technology,0.042467180687046024,0.10064168788369315
2024-07-31,VRSN,Technology,-0.016630104201991736,0.02761244559756396
2024-07-31,WDC,Technology,-0.021774770080407846,0.08533619810668372
2024-07-31,AXP,Financials,0.022170488263521193,0.08490382136763691
2024-07-31,BAC,Financials,0.010915358175835443,0.08718496113737412
2024-07-31,BK,Financials,0.048409498600142875,0.05053238823634123
2024-07-31,BLK,Financials,0.028876148856691097,0.06034829122749748
2024-07-31,C,Financials,-0.02523539862155255,0.07816016245914449
2024-07-31,CFG,Financials,0.008905615275442091,0.08701410005761934
2024-07-31,CME,Financials,0.1137268481983742,0.029015336075481495
2024-07-31,COF,Financials,-0.025185867416555152,0.054906012344577884
2024-07-31,FITB,Financials,0.008266496031564152,0.10703622502303617
2024-07-31,GS,Financials,0.008326867325222365,0.08954195664884662
2024-07-31,HBAN,Financials,0.0013377880747582616,0.08904974575483188
2024-07-31,ICE,Financials,0.06591463974639589,0.05527543476630802
2024-07-31,JPM,Financials,0.05639101575339689,0.07196700256601267
2024-07-31,KEY,Financials,0.07060493596145045,0.09791046096862183
2024-07-31,MCO,Financials,0.07042826464252916,0.07720040369971577
2024-07-31,MS,Financials,0.0038755740501459357,0.08369761657843591
2024-07-31,MTB,Financials,-0.0003486548115949617,0.07047315074385482
2024-07-31,PNC,Financials,0.022031904122478352,0.08738744866117645
2024-07-31,RF,Financials,0.04693782085497178,0.09107558120683311
2024-07-31,SCHW,Financials,0.0026118291713674857,0.07110263226992862
2024-07-31,SPGI,Financials,0.06073902878544657,0.048164985658987546
2024-07-31,STT,Financials,0.025067658992243835,0.05747744901472674
2024-07-31,TFC,Financials,0.007304080750907271,0.05841425331930661
2024-07-31,USB,Financials,0.05236189122793644,0.0893024168487343
2024-07-31,WFC,Financials,-0.007133833324659555,0.06953825303025665
2024-07-31,AFL,Financials,0.16260290125891985,0.04105173057084898
2024-07-31,AJG,Financials,0.03202944544492259,0.03791180889637231
2024-07-31,ALL,Financials,0.10955719168849054,0.06276647601550034
2024-07-31,AMTD,Financials,-0.1623376663588899,0.06396495754508137
2024-07-31,AON,Financials,0.04845429952007119,0.04020801102581298
2024-07-31,CB,Financials,0.030907503024170113,0.04668397402491915
2024-07-31,FDS,Financials,0.026157950381204387,0.01496260076910398
2024-07-31,FNF,Financials,0.06406797067801073,0.05134183856968196
2024-07-31,GL,Financials,0.1327368367168591,0.048401848190728416
2024-07-31,HIG,Financials,0.04670031317930512,0.06940511159013224
2024-07-31,IBKR,Financials,0.08278757504028511,0.08552107531809794
2024-07-31,LPLA,Financials,0.014265299817012744,0.059831049235137344
2024-07-31,MET,Financials,0.016348412419070035,0.06173140113231329
2024-07-31,MSCI,Financials,0.07671493296936593,0.05705052084310421
2024-07-31,NDAQ,Financials,0.06501196112995644,0.04431762267430745
2024-07-31,PGR,Financials,0.17784418279793135,0.07242575344335365
2024-07-31,PRU,Financials,-0.022215221836869414,0.08156777594086301
2024-07-31,RJF,Financials,0.030775811733764424,0.0589298314475458
2024-07-31,SEIC,Financials,-0.0030956059520158563,0.07823255171272399
2024-07-31,SF,Financials,-0.005977240402833539,0.04487273005190379
2024-07-31,SYF,Financials,-0.0049056906353903695,0.053481352101201064
2024-07-31,TRV,Financials,0.05373310924623276,0.05776372192204297
2024-07-31,UNM,Financials,-0.03545967745836587,0.05436977690470853
2024-07-31,WTW,Financials,0.034823465807533704,0.03457629296808566
2024-07-31,ABBV,Healthcare,0.05930282647683671,0.04709751507691256
2024-07-31,ABT,Healthcare,0.06919000916179519,0.036589926353454864
2024-07-31,AMGN,Healthcare,0.011081894641503665,0.0391488238077529
2024-07-31,BAX,Healthcare,0.06729559948814923,0.055862239674143714
2024-07-31,BIIB,Healthcare,-0.03958725404416963,0.015025031043890904
2024-07-31,BMY,Healthcare,0.05025228798079451,0.032318838402921254
2024-07-31,BSX,Healthcare,0.10706556518914101,0.04600659769508732
2024-07-31,CI,Healthcare,0.03768609270419909,0.0455640160528408
2024-07-31,CVS,Healthcare,-0.05121823724422836,0.027526656204761506
2024-07-31,DHR,Healthcare,-0.028042430456021283,0.07814018673598215
2024-07-31,EW,Healthcare,0.10959555798615206,0.07553533638572106
2024-07-31,GILD,Healthcare,0.038653689539391856,0.03800920936765953
2024-07-31,HUM,Healthcare,-0.019744914390006807,0.014355475932934136
2024-07-31,ISRG,Healthcare,0.10800481571118903,0.08009532258131272
2024-07-31,JNJ,Healthcare,0.05871950667468262,0.04581633796034203
2024-07-31,LLY,Healthcare,0.1953216873801229,0.06655209885496731
2024-07-31,MDT,Healthcare,0.10283887082258047,0.060241094131033436
2024-07-31,MRK,Healthcare,0.04702559038431886,0.043278013048804194
2024-07-31,PFE,Healthcare,-0.050098210497140694,0.06943714322822767
2024-07-31,REGN,Healthcare,0.09775868287046285,0.045544130130558275
2024-07-31,SYK,Healthcare,0.10068692942999569,0.05087648212347279
2024-07-31,TMO,Healthcare,0.0028205538363716975,0.07117259690370939
2024-07-31,UNH,Healthcare,0.024368298775689468,0.02121072380406567
2024-07-31,VRTX,Healthcare,0.00034296261461252975,0.047723603942315486
2024-07-31,ZBH,Healthcare,0.03691070743716396,0.07237723797525193
2024-07-31,A,Healthcare,0.010749874239446733,0.057889633510017954
2024-07-31,ACAD,Healthcare,-0.12828603971256192,0.03198733513517738
2024-07-31,ALGN,Healthcare,0.023029136732118705,0.09973481389726231
2024-07-31,ALKS,Healthcare,0.041361679382789784,0.03207375466002349
2024-07-31,BDX,Healthcare,0.005600425738256254,0.030670128051441422
2024-07-31,DGX,Healthcare,0.10309190525266398,0.0393230268788468
2024-07-31,DXCM,Healthcare,0.02241221837077667,0.10009217424668676
2024-07-31,FOLD,Healthcare,0.12609109448599587,0.03387327380102052
2024-07-31,HOLX,Healthcare,-0.004533791738939197,0.0503889692410679
2024-07-31,IDXX,Healthcare,0.010942601672916163,0.06936416976531523
2024-07-31,INSP,Healthcare,0.27486709275883126,-0.0026225685506562155
2024-07-31,IQV,Healthcare,0.021605845821097702,0.08679305366245071
2024-07-31,MASI,Healthcare,0.09852302257802914,0.10964802096548848
2024-07-31,MTD,Healthcare,-0.05387801138947301,0.08374698883120316
2024-07-31,NBIX,Healthcare,-0.10249352980815118,0.03368494964142572
2024-07-31,NTRA,Healthcare,0.1549956327882005,0.11238465298959091
2024-07-31,NVCR,Healthcare,-0.14624505299782087,0.14247744348350277
2024-07-31,PODD,Healthcare,0.043323889398082294,0.044745733496925184
2024-07-31,RARE,Healthcare,0.2612171968449013,0.06807503424895298
2024-07-31,RMD,Healthcare,0.15172699983637905,0.09972156373948998
2024-07-31,WAT,Healthcare,0.029945305580983295,0.06549281019066742
2024-07-31,AMZN,Consumer,-0.0453524222981363,0.03537049438497664
2024-07-31,AZO,Consumer,0.015250404461219391,0.04742752129588086
2024-07-31,BKNG,Consumer,0.05227984192965485,0.0643154040060374
2024-07-31,CMG,Consumer,0.03240062861042636,0.08638467254063548
2024-07-31,COST,Consumer,0.0856204063078867,0.0633676463571452
2024-07-31,DG,Consumer,-0.31082305574018054,0.10495740033973386
2024-07-31,DLTR,Consumer,-0.19024342697731778,0.09307813079926917
2024-07-31,DRI,Consumer,0.08107200456492536,0.038623912511862514
2024-07-31,EBAY,Consumer,0.06767774667555315,0.08547712122720579
2024-07-31,HD,Consumer,0.0070029888991900435,0.05026085521152854
2024-07-31,HLT,Consumer,0.023863393386543752,0.05312162488325461
2024-07-31,KR,Consumer,-0.017705254449729146,0.04851743265509541
2024-07-31,LOW,Consumer,0.012178653059362388,0.07070582371337437
2024-07-31,LULU,Consumer,0.0031315145253452137,0.028800732019136823
2024-07-31,MAR,Consumer,0.035451835879139804,0.04312084636229601
2024-07-31,MCD,Consumer,0.08764131768936756,0.047810376335119434
2024-07-31,MGM,Consumer,-0.12520365174025472,0.041421099057542876
2024-07-31,NKE,Consumer,0.11301109306725432,0.01230328044437267
2024-07-31,ORLY,Consumer,0.0032227848726325004,0.03514915121031274
2024-07-31,ROST,Consumer,0.05152552528058574,0.05840679005539769
2024-07-31,SBUX,Consumer,0.22054634498667847,0.021903693470922664
2024-07-31,TGT,Consumer,0.0293291099959474,0.1292316914088722
2024-07-31,TJX,Consumer,0.041183298865082874,0.04730298629083564
2024-07-31,WMT,Consumer,0.12835288575901393,0.043909731615716596
2024-07-31,YUM,Consumer,0.020802364175555477,0.04326875281750315
2024-07-31,BBY,Consumer,0.16042535049195128,0.07654512955608529
2024-07-31,CCL,Consumer,-0.009603829938369834,0.06598649764548012
2024-07-31,CHDN,Consumer,-0.03197262983567073,0.02809192583548806
2024-07-31,CMCSA,Consumer,-0.041192263138075336,0.045751204682294856
2024-07-31,CZR,Consumer,-0.05782231111830016,0.03519790190158171
2024-07-31,DIS,Consumer,-0.03532929239200833,0.07608413896046949
2024-07-31,DKNG,Consumer,-0.06630583795269585,0.0970610177599884
2024-07-31,F,Consumer,0.05030484576359795,0.05939297655562569
2024-07-31,FOX,Consumer,0.0846740348298416,0.03967627745350909
2024-07-31,GM,Consumer,0.12319477147172253,0.07505838288533762
2024-07-31,GRMN,Consumer,0.07030646742347435,0.08680015646076172
2024-07-31,H,Consumer,0.032207221561647126,0.08867306938012282
2024-07-31,IHG,Consumer,-0.002811059275252381,0.06263550764340373
2024-07-31,LVS,Consumer,-0.011921795857625206,0.0692703639621071
2024-07-31,NCLH,Consumer,-0.029300103450117243,0.04638259101277504
2024-07-31,NFLX,Consumer,0.11617733998760782,0.08170519268959626
2024-07-31,PENN,Consumer,-0.06760132801899055,0.06626772580153804
2024-07-31,POOL,Consumer,-0.05664987328738902,0.07489486640965164
2024-07-31,RCL,Consumer,0.05040831876652763,0.08524899329828499
2024-07-31,SIRI,Consumer,-0.03815867461712419,0.05343979509815256
2024-07-31,TSLA,Consumer,-0.07739046902676983,0.009217260264411444
2024-07-31,WBD,Consumer,-0.09364156088598885,0.054871598637500366
2024-07-31,WYNN,Consumer,-0.06866997424321508,0.07569691486718405
2024-07-31,APA,Energy,-0.08656631603450016,0.03821657866609041
2024-07-31,BA,Energy,-0.0884575029929161,0.05367605102458961
2024-07-31,CAT,Energy,0.028596260166472875,0.08907848679285083
2024-07-31,COP,Energy,0.030693636971527605,0.041173078495745
2024-07-31,CVX,Energy,-0.06770206166617454,0.0463572616219233
2024-07-31,DE,Energy,0.036991099107625436,0.058085005104057834
2024-07-31,DVN,Energy,-0.047841665658117205,0.04499836748601394
2024-07-31,EOG,Energy,0.015930571620915268,0.04299091527242152
2024-07-31,FDX,Energy,-0.01151382392469169,0.04725541160446524
2024-07-31,GD,Energy,0.0021758895291934532,0.04546602776574346
2024-07-31,GE,Energy,0.02596950543841836,0.07887544271507944
2024-07-31,HAL,Energy,-0.1035180615129947,0.05616039813101153
2024-07-31,HON,Energy,0.020989877703306847,0.040035176180627366
2024-07-31,LMT,Energy,0.04830975991606179,0.037836437481695635
2024-07-31,MMM,Energy,0.06167080084815835,0.05871215548140014
2024-07-31,MPC,Energy,0.005398386632269769,0.053826866298706484
2024-07-31,NOC,Energy,0.08029811570783352,0.03257764597895694
2024-07-31,OXY,Energy,-0.06313719234971227,0.029850930745370936
2024-07-31,PSX,Energy,-0.02751154024601854,0.06892522135587502
2024-07-31,RTX,Energy,0.05540902867344766,0.0701231627972019
2024-07-31,SLB,Energy,-0.08904526934317547,0.018540793072529534
2024-07-31,UNP,Energy,0.043458516776736955,0.04868423909232804
2024-07-31,UPS,Energy,-0.0014055917586813793,0.056969444059667924
2024-07-31,VLO,Energy,-0.08664814007375543,0.05429628514740002
2024-07-31,XOM,Energy,0.0025257093313475476,0.055767832297135174
2024-07-31,AME,Energy,-0.014007268933086792,0.07089753886558939
2024-07-31,BE,Energy,-0.12038405605858238,0.09606933458406704
2024-07-31,BKR,Energy,-0.08612280014424323,0.03206838638295298
2024-07-31,CTRA,Energy,-0.04863143427870498,0.038904810511037925
2024-07-31,EMR,Energy,-0.09552374754708082,0.06378504598710213
2024-07-31,ENPH,Energy,0.05151594365157619,0.09627404216698948
2024-07-31,ETN,Energy,0.010410005675970169,0.09385851147096434
2024-07-31,FSLR,Energy,0.05268757504792787,0.11955372946251483
2024-07-31,FTV,Energy,0.035490479295694044,0.06608366407524885
2024-07-31,GNRC,Energy,0.0054599572424560705,0.181378957339013
2024-07-31,HUBB,Energy,0.013919815680700776,0.09385533129543296
2024-07-31,MTDR,Energy,-0.0740940653644383,0.04626389277045932
2024-07-31,PH,Energy,0.07253296520628738,0.07833112239817715
2024-07-31,PLUG,Energy,-0.23886640750792643,0.03298638480118147
2024-07-31,PR,Energy,-0.05841046778595904,0.059327139790651524
2024-07-31,ROK,Energy,-0.01900746856077229,0.04492129741380415
2024-07-31,ROP,Energy,0.01773300274884737,0.0346210769894128
2024-07-31,SM,Energy,-0.012337659733301365,0.04492439587267909
2024-07-31,VRSK,Energy,0.04229222442591962,0.04591915555795775
2024-07-31,WMB,Energy,0.06590605071873967,0.05865579782336283
2024-07-31,XYL,Energy,0.03292508859124066,0.09702010381189485
2024-08-31,AAPL,Technology,0.017467299869756925,0.013389010229419136
2024-08-31,ADBE,Technology,-0.09858802335489258,0.024162210934108117
2024-08-31,AMAT,Technology,0.024282691042586402,0.007037907827312787
2024-08-31,AMD,Technology,0.10446960505865421,0.028861303068627702
2024-08-31,AVGO,Technology,0.06293680162025916,0.002590483808324256
2024-08-31,CDNS,Technology,0.007808746367859998,-0.006572386145774447
2024-08-31,CRM,Technology,0.0839845435924147,0.02259184963614929
2024-08-31,CRWD,Technology,0.011504625127849,0.05580217872940134
2024-08-31,FTNT,Technology,0.010950384269463376,0.037115051456685415
2024-08-31,GOOGL,Technology,0.016465210748734194,0.01238748855415831
2024-08-31,INTC,Technology,0.06442822640469648,0.06944965522127192
2024-08-31,INTU,Technology,-0.01469230480134609,0.015398083453557821
2024-08-31,KLAC,Technology,-0.05494065940829573,-0.014175054709136315
2024-08-31,LRCX,Technology,-0.0029814130467640254,-0.018295716212889997
2024-08-31,META,Technology,0.09912738415551581,-0.0029259521770197082
2024-08-31,MSFT,Technology,0.03154815252708443,0.002221554087835672
2024-08-31,MU,Technology,0.0776183533187742,0.03640884891438212
2024-08-31,NET,Technology,-0.015217920736404711,0.022299087618606314
2024-08-31,NOW,Technology,0.04607021041780879,-0.013894004632435765
2024-08-31,NVDA,Technology,0.017428050279677976,0.03710481891840463
2024-08-31,ORCL,Technology,0.20603023752778138,0.013303555978102845
2024-08-31,PANW,Technology,-0.057675378686948275,0.032210161218168276
2024-08-31,QCOM,Technology,-0.024935583896951607,0.03607955791444901
2024-08-31,SNPS,Technology,-0.025385892466155968,-0.0057395198474128285
2024-08-31,TXN,Technology,-0.03625083911900384,-0.012105833341562806
2024-08-31,ACN,Technology,0.03371836271160644,-0.0046801702505499185
2024-08-31,ADI,Technology,-0.01603105897862145,-0.014526254899034075
2024-08-31,ANET,Technology,0.08613957219085089,0.004301335026075701
2024-08-31,CGNX,Technology,0.0029716060455142745,0.03032625561038387
2024-08-31,COHU,Technology,-0.044964663371747315,0.027976663796913687
2024-08-31,CSCO,Technology,0.053027195850102515,0.012123967447924001
2024-08-31,DELL,Technology,0.025964909943234193,0.019520821331841486
2024-08-31,ENTG,Technology,-0.028825490244569152,3.574525905919261e-05
2024-08-31,FORM,Technology,-0.05679722025351586,0.034063856386877756
2024-08-31,HPQ,Technology,-0.0003248046422376083,0.019322449394704552
2024-08-31,IBM,Technology,0.09375158708647158,-0.009839906825681661
2024-08-31,IPGP,Technology,0.08702642546755834,0.08432906028662551
2024-08-31,KEYS,Technology,0.03120943233184237,0.013183701906052916
2024-08-31,MCHP,Technology,-0.02276050606541935,-0.00024919509803965795
2024-08-31,MKSI,Technology,-0.08823282356891005,0.0021357782916329986
2024-08-31,MPWR,Technology,-0.009552884212770119,-0.004531870535934394
2024-08-31,MRVL,Technology,-0.0540398954030199,0.03962138045321537
2024-08-31,NXPI,Technology,-0.059647442623200875,-0.00839012084354807
2024-08-31,ONTO,Technology,-0.026545369241653516,0.021524467437328835
2024-08-31,QRVO,Technology,-0.1086374700508903,-0.0005622421431738711
2024-08-31,STX,Technology,0.10765374039999331,-0.009757104629027675
2024-08-31,SWKS,Technology,-0.0987316517240997,0.00965598337243643
2024-08-31,TER,Technology,-0.01955003854568438,0.03679910279891945
2024-08-31,VRSN,Technology,0.03295269058390149,0.007227606523862141
2024-08-31,WDC,Technology,0.04116477850771494,0.009898725532960716
2024-08-31,AXP,Financials,0.04852113557774418,0.00013435358086003616
2024-08-31,BAC,Financials,-0.019909315665713856,-0.019936556272234934
2024-08-31,BK,Financials,0.05335671746541126,-0.010854430674671215
2024-08-31,BLK,Financials,0.059124472462748656,-0.01277382683841053
2024-08-31,C,Financials,-0.0006386196122927235,-0.00532804674103367
2024-08-31,CFG,Financials,-0.045993160168965486,-0.00011193000681397142
2024-08-31,CME,Financials,0.028120712781924073,0.01967584618862694
2024-08-31,COF,Financials,0.01905663235205335,-0.0010490535803411559
2024-08-31,FITB,Financials,0.012235702493107459,-0.00979138789075351
2024-08-31,GS,Financials,-0.029671733908810838,0.002346728533148478
2024-08-31,HBAN,Financials,-0.007528233518099503,-0.008280502617268265
2024-08-31,ICE,Financials,-0.002852295338774069,-0.0050863663650691105
2024-08-31,JPM,Financials,-0.06201064163344927,-0.005315232949021835
2024-08-31,KEY,Financials,-0.018171290584709343,-0.001633111275402143
2024-08-31,MCO,Financials,-0.02696108527677399,-0.007352100875025852
2024-08-31,MS,Financials,0.00608045998465756,0.00223975681402443
2024-08-31,MTB,Financials,0.04310135830643347,-0.00027521087479291076
2024-08-31,PNC,Financials,-0.0012965166149947471,-0.004975266786835821
2024-08-31,RF,Financials,0.006905450174994998,-0.006312422693425124
2024-08-31,SCHW,Financials,-0.004454598621207562,-0.015110747379031524
2024-08-31,SPGI,Financials,0.006585722746353051,-0.0015377119686979766
2024-08-31,STT,Financials,0.015729259939044615,-0.0006246415020163955
2024-08-31,TFC,Financials,-0.038011753194865716,0.003092889021707584
2024-08-31,USB,Financials,-0.02099655506905751,-0.00465409559086468
2024-08-31,WFC,Financials,-0.03386356102806232,-0.01098466943411216
2024-08-31,AFL,Financials,0.013048203596039976,0.0027049871892205583
2024-08-31,AJG,Financials,-0.03632509494441838,-0.0066240747178804476
2024-08-31,ALL,Financials,0.003757687160718781,-0.005084281996982352
2024-08-31,AMTD,Financials,0.09302326226118396,0.0006368757613408667
2024-08-31,AON,Financials,0.006604242768615709,-0.0029040919798456037
2024-08-31,CB,Financials,0.01802513985285681,0.005146112602935965
2024-08-31,FDS,Financials,0.08752728245393926,0.01541172038979844
2024-08-31,FNF,Financials,0.060991707953689245,-0.00752929433329363
2024-08-31,GL,Financials,0.008186553180747902,-0.03587094864989499
2024-08-31,HIG,Financials,0.01712358267460523,-0.014208378342648546
2024-08-31,IBKR,Financials,0.08123211807043629,0.02483462777761585
2024-08-31,LPLA,Financials,0.036952801270887736,-0.03592318420660278
2024-08-31,MET,Financials,0.06453269702687048,0.0057724407517418305
2024-08-31,MSCI,Financials,0.004030402156120383,-0.00665771358363965
2024-08-31,NDAQ,Financials,0.016263127960937096,-0.006678553112686408
2024-08-31,PGR,Financials,0.006185636930280625,0.0031984895267585414
2024-08-31,PRU,Financials,-0.0004951991927052424,0.003585411612194035
2024-08-31,RJF,Financials,0.02416991016565273,-0.008242313608134568
2024-08-31,SEIC,Financials,0.023066779593445164,-0.008990030204057248
2024-08-31,SF,Financials,0.07045140714896059,0.0013748782027813873
2024-08-31,SYF,Financials,-0.007560586471758168,0.012345762132958899
2024-08-31,TRV,Financials,0.031016862312588156,0.004809635501594618
2024-08-31,UNM,Financials,0.07118391146191416,0.013169870610187274
2024-08-31,WTW,Financials,0.011321759770398065,-0.010234742542066131
2024-08-31,ABBV,Healthcare,0.0059599502355323075,-0.010022132577203769
2024-08-31,ABT,Healthcare,0.006533141716640323,0.0032196769260454815
2024-08-31,AMGN,Healthcare,-0.03480805734811798,0.015864174068701394
2024-08-31,BAX,Healthcare,0.0007907857097342319,0.0036894305800330993
2024-08-31,BIIB,Healthcare,-0.05333072114621862,0.023467215714685494
2024-08-31,BMY,Healthcare,0.03583600339591353,0.006317276532385472
2024-08-31,BSX,Healthcare,0.024575157277555215,-0.0016391073156573003
2024-08-31,CI,Healthcare,-0.03879906444447512,0.03618491713808395
2024-08-31,CVS,Healthcare,0.09853244306806186,-0.005554145433538197
2024-08-31,DHR,Healthcare,0.03334918259494546,-0.011260319154159114
2024-08-31,EW,Healthcare,-0.05674673059828916,-0.015633041764850007
2024-08-31,GILD,Healthcare,0.07118417200493332,-0.0030043319697782315
2024-08-31,HUM,Healthcare,-0.10395925262696737,0.03707755152867957
2024-08-31,ISRG,Healthcare,-0.0027607247947963875,-0.025366884539227037
2024-08-31,JNJ,Healthcare,-0.02291079999861645,0.0031534491674391285
2024-08-31,LLY,Healthcare,-0.07716501732245207,0.04297083429854754
2024-08-31,MDT,Healthcare,0.024385695359607107,-0.0006686897635185871
2024-08-31,MRK,Healthcare,-0.03486907588794941,0.013510136137006747
2024-08-31,PFE,Healthcare,-0.002412946643558067,-0.007361041188689417
2024-08-31,REGN,Healthcare,-0.11264555065495263,-0.0025469408617749337
2024-08-31,SYK,Healthcare,0.004561298162792937,0.009011183103003324
2024-08-31,TMO,Healthcare,0.006329569430565396,-0.005312983328507849
2024-08-31,UNH,Healthcare,-0.005840008425240573,0.005849349650920036
2024-08-31,VRTX,Healthcare,-0.06213076925538563,0.01416676837560604
2024-08-31,ZBH,Healthcare,-0.06296600492125126,0.0076479358462100055
2024-08-31,A,Healthcare,0.038902678791389755,-0.006407501422614155
2024-08-31,ACAD,Healthcare,-0.07237634588582709,-0.002569324120506618
2024-08-31,ALGN,Healthcare,0.0720850097610708,0.07337395685513763
2024-08-31,ALKS,Healthcare,-0.01616875147576491,-0.013467198455170065
2024-08-31,BDX,Healthcare,-0.0013264277037103867,0.022079053944173914
2024-08-31,DGX,Healthcare,-0.010957454650410536,0.004611992601306068
2024-08-31,DXCM,Healthcare,-0.0331698232453822,0.05990907944163158
2024-08-31,FOLD,Healthcare,-0.08010330568499158,0.024260695407390485
2024-08-31,HOLX,Healthcare,0.0027080407002477713,-0.01566687439825149
2024-08-31,IDXX,Healthcare,0.04963333952776838,0.012922494008706207
2024-08-31,INSP,Healthcare,0.17367364284014752,0.011883022516684008
2024-08-31,IQV,Healthcare,-0.0579606505830762,-0.012560519491389716
2024-08-31,MASI,Healthcare,0.13453034070454128,0.0007776648596451456
2024-08-31,MTD,Healthcare,0.04212413275727944,0.026960608357298518
2024-08-31,NBIX,Healthcare,-0.0931842953359936,0.0064671378205567115
2024-08-31,NTRA,Healthcare,0.07348211276033312,0.010832577535749401
2024-08-31,NVCR,Healthcare,-0.19598767052201604,0.08605324800371165
2024-08-31,PODD,Healthcare,0.1478522222017371,0.03576887998611585
2024-08-31,RARE,Healthcare,-0.021662549642125217,-0.0016343259975770473
2024-08-31,RMD,Healthcare,-0.0036731961761043985,0.014421006926353397
2024-08-31,WAT,Healthcare,0.03909342660982973,-0.005837365521595053
2024-08-31,AMZN,Consumer,0.043865556476496925,0.0014803240848311164
2024-08-31,AZO,Consumer,-0.009882174836636115,-0.003719195979262856
2024-08-31,BKNG,Consumer,0.07997939625324002,0.011145049667144817
2024-08-31,CMG,Consumer,0.0274607177344508,0.029087332406270528
2024-08-31,COST,Consumer,-0.006566781191934545,-2.8512975717176394e-05
2024-08-31,DG,Consumer,0.019284008723115864,0.08075862231156361
2024-08-31,DLTR,Consumer,-0.1677121378532026,0.05764763320109317
2024-08-31,DRI,Consumer,0.03781210873295082,0.01972102898392991
2024-08-31,EBAY,Consumer,0.10169220916622046,0.01049926958250212
2024-08-31,HD,Consumer,0.09959303327389768,-0.013112084566998522
2024-08-31,HLT,Consumer,0.049444572817892496,-0.010020532150770183
2024-08-31,KR,Consumer,0.07686525838003289,0.0030967244379627033
2024-08-31,LOW,Consumer,0.08993961752965074,-0.006400433475957667
2024-08-31,LULU,Consumer,0.04578565856138206,0.079096505714609
2024-08-31,MAR,Consumer,0.059269755255566325,7.696730506882876e-05
2024-08-31,MCD,Consumer,0.06104736381204634,0.0017571449628657752
2024-08-31,MGM,Consumer,0.039904229686381854,0.0024459247788285385
2024-08-31,NKE,Consumer,0.06570215912688582,0.005527787652994468
2024-08-31,ORLY,Consumer,0.019142119955907644,-0.005733352622979508
2024-08-31,ROST,Consumer,0.001780665314655261,0.010458858003771861
2024-08-31,SBUX,Consumer,0.030876628343236234,0.028300338597105068
2024-08-31,TGT,Consumer,0.014581429309936,0.014640520475893197
2024-08-31,TJX,Consumer,0.002302400990131792,0.006288247918641775
2024-08-31,WMT,Consumer,0.045578156138700754,-0.002846860767307536
2024-08-31,YUM,Consumer,0.03550257914922761,0.0027952715597332955
2024-08-31,BBY,Consumer,0.03874025104194345,0.029848543886547195
2024-08-31,CCL,Consumer,0.1199999117402637,0.03337178878850284
2024-08-31,CHDN,Consumer,-0.027056276936638368,0.001929468506893416
2024-08-31,CMCSA,Consumer,0.055597854736235686,-0.0016776008842259327
2024-08-31,CZR,Consumer,0.10892673632576955,0.06329846696502843
2024-08-31,DIS,Consumer,0.06428414794245563,0.024140583215192937
2024-08-31,DKNG,Consumer,0.13623190617215797,0.04972977105046156
2024-08-31,F,Consumer,-0.056300305059050704,0.012084400383149226
2024-08-31,FOX,Consumer,0.016847252605319607,0.013335687284535335
2024-08-31,GM,Consumer,-0.09698606508833063,0.011291400041353629
2024-08-31,GRMN,Consumer,-0.035652045184802916,0.01166778326318575
2024-08-31,H,Consumer,0.0018429540784390408,0.009942317430867693
2024-08-31,IHG,Consumer,0.09929355894851288,0.004658325109074623
2024-08-31,LVS,Consumer,0.29110046584992877,0.03921067801323776
2024-08-31,NCLH,Consumer,0.14645058293011415,0.015035557321122784
2024-08-31,NFLX,Consumer,0.011292504352621968,0.0059590280043825
2024-08-31,PENN,Consumer,0.012889353399623493,0.06136556999624722
2024-08-31,POOL,Consumer,0.0716113841387307,0.008191251832762099
2024-08-31,RCL,Consumer,0.07990823481063569,-0.0081475962490628
2024-08-31,SIRI,Consumer,-0.2811550304322896,0.002553667336968127
2024-08-31,TSLA,Consumer,0.22194201175563166,-0.006882470662839203
2024-08-31,WBD,Consumer,0.05229589788678424,-0.00042548550390152166
2024-08-31,WYNN,Consumer,0.24713842427332744,0.05734401842487009
2024-08-31,APA,Energy,-0.14145312994842296,0.007393000303270521
2024-08-31,BA,Energy,-0.12489934108978173,0.007460644220939478
2024-08-31,CAT,Energy,0.09834303552805035,-0.013358595833755545
2024-08-31,COP,Energy,-0.07478698767982517,0.021040168489486245
2024-08-31,CVX,Energy,-0.0045961873177506885,0.008579169517052494
2024-08-31,DE,Energy,0.08571270458417302,0.019315685547412538
2024-08-31,DVN,Energy,-0.11668167197503154,0.010841241776076833
2024-08-31,EOG,Energy,-0.0457228486975535,0.010584787124367338
2024-08-31,FDX,Energy,-0.07948946490739162,0.017445008063874088
2024-08-31,GD,Energy,0.009487156179432299,-0.003697616110330651
2024-08-31,GE,Energy,0.08154464418217211,0.020832006722932804
2024-08-31,HAL,Energy,-0.06026396087397479,0.020353145458222227
2024-08-31,HON,Energy,-0.005771878685119303,0.004291498729625285
2024-08-31,LMT,Energy,0.0347108948047854,-0.0059986610140868235
2024-08-31,MMM,Energy,0.014923038421867263,-0.006110745658049782
2024-08-31,MPC,Energy,-0.08022821354229026,0.013821727480722544
2024-08-31,NOC,Energy,0.013278206134973436,0.005130536202130015
2024-08-31,OXY,Energy,-0.0916421988934697,0.01759899594982671
2024-08-31,PSX,Energy,-0.06314577765892926,-0.0031037246532973385
2024-08-31,RTX,Energy,-0.017674626358363144,0.008061240179423142
2024-08-31,SLB,Energy,-0.04013247171298495,0.029122094490139624
2024-08-31,UNP,Energy,-0.03752590481829621,-0.001071023088159588
2024-08-31,UPS,Energy,0.06059889313677358,0.029567913862170187
2024-08-31,VLO,Energy,-0.07973824709240462,-0.0023375685672239765
2024-08-31,XOM,Energy,-0.006104721463319862,0.015209298547588417
2024-08-31,AME,Energy,0.005539253901569285,0.0015936425034828439
2024-08-31,BE,Energy,-0.11335007935275065,0.02515468318444226
2024-08-31,BKR,Energy,0.027864642002213502,-0.00115061857251585
2024-08-31,CTRA,Energy,-0.015618519961732136,0.01971684083651365
2024-08-31,EMR,Energy,0.037764604028839965,0.006174131788674529
2024-08-31,ENPH,Energy,-0.06625912270157719,0.04516787282713246
2024-08-31,ETN,Energy,0.0798554101108575,-0.0023254192692016167
2024-08-31,FSLR,Energy,0.09706648985431765,0.002755451773783481
2024-08-31,FTV,Energy,0.06204473272348898,0.0177536102922964
2024-08-31,GNRC,Energy,0.01501313564072193,0.047548086379434806
2024-08-31,HUBB,Energy,0.0710891747499891,-0.006393050849655881
2024-08-31,MTDR,Energy,-0.12870250038568354,0.01364514509257217
2024-08-31,PH,Energy,0.05268232924831673,-0.0028484808594967125
2024-08-31,PLUG,Energy,0.20212765755077022,0.0038043837985458446
2024-08-31,PR,Energy,-0.04424160634780161,0.018700480549471904
2024-08-31,ROK,Energy,-0.013123485380342803,0.009579149584166025
2024-08-31,ROP,Energy,0.0036616288949868903,0.0022760632766450316
2024-08-31,SM,Energy,-0.12404118374578577,0.02291420828595331
2024-08-31,VRSK,Energy,-0.016389932661964646,0.010894990055746782
2024-08-31,WMB,Energy,0.007996947338039906,-0.002023472595966116
2024-08-31,XYL,Energy,-0.01817788680201915,-0.009399417500469524
2024-09-30,AAPL,Technology,-0.030429254335314626,0.08551512612460592
2024-09-30,ADBE,Technology,-0.0766735688483785,0.04878367309482571
2024-09-30,AMAT,Technology,-0.10131153316158958,0.10340718610666368
2024-09-30,AMD,Technology,-0.12195267115756903,0.035303151929254824
2024-09-30,AVGO,Technology,-0.0158262597404647,0.08428759229291824
2024-09-30,CDNS,Technology,0.018780195405732503,0.031055722230861376
2024-09-30,CRM,Technology,0.06452077605008832,0.07206595161505902
2024-09-30,CRWD,Technology,0.05847325498308509,0.02414128371325316
2024-09-30,FTNT,Technology,0.014313353535405193,-3.761186300660108e-05
2024-09-30,GOOGL,Technology,0.03171538656146322,0.0816781364873285
2024-09-30,INTC,Technology,-0.08269389183365317,0.06091152096603555
2024-09-30,INTU,Technology,-0.015583220506344642,0.08933912171629642
2024-09-30,KLAC,Technology,-0.1396934086670486,0.1082034698868925
2024-09-30,LRCX,Technology,-0.08893737649060451,0.08030334308825526
2024-09-30,META,Technology,-0.008489960410754449,0.031990008806215775
2024-09-30,MSFT,Technology,-0.055658845402555834,0.07998107069846645
2024-09-30,MU,Technology,-0.03806574942617269,0.08925217275926607
2024-09-30,NET,Technology,0.08431202554437123,0.056540238723080095
2024-09-30,NOW,Technology,0.043157911887188094,0.08495963459348603
2024-09-30,NVDA,Technology,0.09321470065439952,0.12770335822081014
2024-09-30,ORCL,Technology,-0.012808655922397105,0.09939660343563272
2024-09-30,PANW,Technology,0.054212988417426944,0.0505946207266129
2024-09-30,QCOM,Technology,-0.042811016722550166,0.10802695741600166
2024-09-30,SNPS,Technology,0.014257727234486373,0.058114727890018786
2024-09-30,TXN,Technology,-0.010032617033284397,0.08746065481238934
2024-09-30,ACN,Technology,-0.020528545449725044,0.04112635124555935
2024-09-30,ADI,Technology,-0.030672934627655968,0.09025134928013745
2024-09-30,ANET,Technology,0.006826103556853758,0.087001418979835
2024-09-30,CGNX,Technology,-0.0066666615806937335,0.09115537731574655
2024-09-30,COHU,Technology,-0.0303502203692656,0.06441790319312746
2024-09-30,CSCO,Technology,0.03698942472460964,0.05428429739843514
2024-09-30,DELL,Technology,0.04664560267747264,0.059710752884050255
2024-09-30,ENTG,Technology,-0.06863583734526857,0.09965721910946378
2024-09-30,FORM,Technology,-0.1743478360383407,0.11758716834461032
2024-09-30,HPQ,Technology,-0.009757433785468672,0.12240379377735647
2024-09-30,IBM,Technology,-0.06495393138930106,0.075107548063383
2024-09-30,IPGP,Technology,0.08934337213285626,0.09000868481631907
2024-09-30,KEYS,Technology,-0.06241740782800009,0.03574444179930025
2024-09-30,MCHP,Technology,-0.08618754582318422,0.08838218039644744
2024-09-30,MKSI,Technology,-0.08628460709512298,0.14231547049951268
2024-09-30,MPWR,Technology,-0.17869130696123658,0.11744160907613471
2024-09-30,MRVL,Technology,0.1117068991991208,0.06648432547455023
2024-09-30,NXPI,Technology,-0.02295724394562726,0.10405276769151921
2024-09-30,ONTO,Technology,-0.044469049123656235,0.08832028979898873
2024-09-30,QRVO,Technology,-0.31016456891558764,0.10147934493435379
2024-09-30,STX,Technology,-0.08362990305658091,0.09177287940458964
2024-09-30,SWKS,Technology,-0.1132933356455662,0.10196604694131646
2024-09-30,TER,Technology,-0.20697378371839859,0.1123221301740761
2024-09-30,VRSN,Technology,-0.06906713867592551,0.07866221692690954
2024-09-30,WDC,Technology,-0.043637489923418316,0.0982896153726245
2024-09-30,AXP,Financials,-0.001527508568517022,0.08411267689241263
2024-09-30,BAC,Financials,0.05393143511822296,0.09025351725435166
2024-09-30,BK,Financials,0.05517411024559804,0.07499034436557983
2024-09-30,BLK,Financials,0.033196081665294974,0.10758933339926359
2024-09-30,C,Financials,0.025079891226176265,0.10806734657541184
2024-09-30,CFG,Financials,0.03586609388256656,0.1292546821005167
2024-09-30,CME,Financials,0.021346161905489325,0.02103900957389895
2024-09-30,COF,Financials,0.08722370942268376,0.09650165769794403
2024-09-30,FITB,Financials,0.019607986812147926,0.09891018621246533
2024-09-30,GS,Financials,0.0458080480688694,0.0963577358837798
2024-09-30,HBAN,Financials,0.060544116868026965,0.10755108460843
2024-09-30,ICE,Financials,-0.029693534638945307,0.07606831920901412
2024-09-30,JPM,Financials,0.058901205941481294,0.07949750489500537
2024-09-30,KEY,Financials,0.029850779003371297,0.11176072632673326
2024-09-30,MCO,Financials,-0.04330052971446885,0.09595063253370856
2024-09-30,MS,Financials,0.12403219929382825,0.11481308815622927
2024-09-30,MTB,Financials,0.09297095184252102,0.09093854824173944
2024-09-30,PNC,Financials,0.027045083144036308,0.09490149202491677
2024-09-30,RF,Financials,0.023146255951870698,0.11466556138643248
2024-09-30,SCHW,Financials,0.09288688642488685,0.06419581754304376
2024-09-30,SPGI,Financials,-0.070187082738834,0.08568037366357974
2024-09-30,STT,Financials,0.05803197316034536,0.08064177000695238
2024-09-30,TFC,Financials,0.006546642653577184,0.09461792470351477
2024-09-30,USB,Financials,0.05641821858722995,0.09320166369397569
2024-09-30,WFC,Financials,0.14922991224440296,0.0829643936301003
2024-09-30,AFL,Financials,-0.06270134903988778,0.048993564269163174
2024-09-30,AJG,Financials,-0.0006041317376660471,0.06247422655212484
2024-09-30,ALL,Financials,-0.016504126777055816,0.05039776623174943
2024-09-30,AMTD,Financials,-0.08510638837525086,0.07753772650461763
2024-09-30,AON,Financials,0.060348419086233784,0.07895653726757261
2024-09-30,CB,Financials,-0.02063181510669654,0.05590869308508556
2024-09-30,FDS,Financials,-0.012591136931893954,0.032389447869969896
2024-09-30,FNF,Financials,-0.030454405310245236,0.07989933647488603
2024-09-30,GL,Financials,-0.0006395328090714747,0.030974446860923426
2024-09-30,HIG,Financials,-0.060964185515242963,0.07747279496078646
2024-09-30,IBKR,Financials,0.0948620983557722,0.08674338494739232
2024-09-30,LPLA,Financials,0.21299924128736647,0.043976127079598415
2024-09-30,MET,Financials,-0.04922407636619963,0.0754139615302543
2024-09-30,MSCI,Financials,-0.020122454621186336,0.057919756606888445
2024-09-30,NDAQ,Financials,0.01246397938376509,0.08133701654263205
2024-09-30,PGR,Financials,-0.04269591661582961,0.04044139737047389
2024-09-30,PRU,Financials,0.011395427917570089,0.08584602650672077
2024-09-30,RJF,Financials,0.21481849917962026,0.048417750438474204
2024-09-30,SEIC,Financials,0.08050293980520729,0.09331868825621627
2024-09-30,SF,Financials,0.10351452131597472,0.0912207986048898
2024-09-30,SYF,Financials,0.1054530050100777,0.10647904215357722
2024-09-30,TRV,Financials,0.0504870253306311,0.04354149207587393
2024-09-30,UNM,Financials,0.08695182527487244,0.07969015446065651
2024-09-30,WTW,Financials,0.026007764090732355,0.05440285022762718
2024-09-30,ABBV,Healthcare,0.040601638544298435,0.0671076966458008
2024-09-30,ABT,Healthcare,-0.0009270600514580396,0.042234453269480755
2024-09-30,AMGN,Healthcare,-0.006362357696381271,0.07230493855017879
2024-09-30,BAX,Healthcare,-0.059783969896948896,0.049544401548561615
2024-09-30,BIIB,Healthcare,-0.10235243867476507,0.04116821131435678
2024-09-30,BMY,Healthcare,0.0899553228211376,0.05657204003119034
2024-09-30,BSX,Healthcare,0.0026252217577213965,0.052730072696180984
2024-09-30,CI,Healthcare,-0.09130007274660268,0.06380458162831106
2024-09-30,CVS,Healthcare,-0.09209336355402986,0.04748489213044524
2024-09-30,DHR,Healthcare,-0.11639436971226846,0.09575603537079311
2024-09-30,EW,Healthcare,0.015456952651622169,0.04024778205942027
2024-09-30,GILD,Healthcare,0.05939886043831999,0.05470869314590415
2024-09-30,HUM,Healthcare,-0.18598843577961632,0.07216664567291134
2024-09-30,ISRG,Healthcare,0.02558676004096183,0.08483409987884862
2024-09-30,JNJ,Healthcare,-0.013575279126619377,0.043462297202171554
2024-09-30,LLY,Healthcare,-0.06343543788970263,0.04652106080987698
2024-09-30,MDT,Healthcare,-0.008663770091148049,0.03763412645457915
2024-09-30,MRK,Healthcare,-0.0989784157444995,0.02956729291462792
2024-09-30,PFE,Healthcare,-0.022114806703148693,0.10024133578232487
2024-09-30,REGN,Healthcare,-0.20265590129495425,0.06385760854181821
2024-09-30,SYK,Healthcare,-0.013785079101465647,0.03224779292697927
2024-09-30,TMO,Healthcare,-0.1168016288102458,0.09218228143211543
2024-09-30,UNH,Healthcare,-0.03451462730056487,0.05697606099223258
2024-09-30,VRTX,Healthcare,0.02343688124358545,0.08839028090114942
2024-09-30,ZBH,Healthcare,-0.00954158379359582,0.05572184024738965
2024-09-30,A,Healthcare,-0.12097611056910296,0.09372717369461893
2024-09-30,ACAD,Healthcare,-0.051365406760385146,0.06528281570037629
2024-09-30,ALGN,Healthcare,-0.19381097485611787,0.08145527199001369
2024-09-30,ALKS,Healthcare,-0.08181489913914453,0.045689868288331756
2024-09-30,BDX,Healthcare,-0.031148957473986716,0.059965874554136836
2024-09-30,DGX,Healthcare,0.0022357126306087327,0.05296720308216554
2024-09-30,DXCM,Healthcare,0.0513126848810872,0.08648637016519996
2024-09-30,FOLD,Healthcare,0.06928836610234379,0.06399487099407702
2024-09-30,HOLX,Healthcare,-0.00724277368673687,0.0807001320854955
2024-09-30,IDXX,Healthcare,-0.19456867811143297,0.07018932867856473
2024-09-30,INSP,Healthcare,-0.07585884640664375,0.030990940698706317
2024-09-30,IQV,Healthcare,-0.13145121211976818,0.06603114735593522
2024-09-30,MASI,Healthcare,0.08010194651698943,0.05485900489421081
2024-09-30,MTD,Healthcare,-0.13866103750245617,0.13063573125510067
2024-09-30,NBIX,Healthcare,0.043829156126201196,0.0637834756482923
2024-09-30,NTRA,Healthcare,-0.04718391498829,0.10451347789818627
2024-09-30,NVCR,Healthcare,-0.02879077453424783,0.18484246659930118
2024-09-30,PODD,Healthcare,-0.005241680862312026,0.12246419100686531
2024-09-30,RARE,Healthcare,-0.08208816599859681,0.032495515743189325
2024-09-30,RMD,Healthcare,-0.006758904064293025,0.045884954063198195
2024-09-30,WAT,Healthcare,-0.10219797104624861,0.06465533430906573
2024-09-30,AMZN,Consumer,0.00037563497419568215,0.08309251623241604
2024-09-30,AZO,Consumer,-0.04477404646084293,0.05914506834741164
2024-09-30,BKNG,Consumer,0.11018920359721318,0.08070528074377406
2024-09-30,CMG,Consumer,-0.03210688143726037,0.06979410105993424
2024-09-30,COST,Consumer,-0.013919563040094785,0.06895018102098542
2024-09-30,DG,Consumer,-0.04689437632862059,0.04620864667804196
2024-09-30,DLTR,Consumer,-0.08077361106123337,0.03640734500193772
2024-09-30,DRI,Consumer,-0.01635601192878089,0.050927977363904676
2024-09-30,EBAY,Consumer,-0.11672562130117581,0.09082036389583624
2024-09-30,HD,Consumer,-0.02825772073717614,0.05581450970114432
2024-09-30,HLT,Consumer,0.01887210027162811,0.06914718777157819
2024-09-30,KR,Consumer,-0.026701459312968967,0.0666739846444064
2024-09-30,LOW,Consumer,-0.029201272752180985,0.08303436177844062
2024-09-30,LULU,Consumer,0.09784406558236958,0.07164386435572576
2024-09-30,MAR,Consumer,0.04593711710174264,0.036248600544911615
2024-09-30,MCD,Consumer,-0.04072115437487722,0.04308819336540921
2024-09-30,MGM,Consumer,-0.05679204942536065,0.07966260050178367
2024-09-30,NKE,Consumer,-0.12748855646319757,0.003216460939749909
2024-09-30,ORLY,Consumer,0.0013372972266063599,0.0781298755955592
2024-09-30,ROST,Consumer,-0.07168938403126701,0.048940325919428554
2024-09-30,SBUX,Consumer,0.0021540127670631737,0.012122937177563527
2024-09-30,TGT,Consumer,-0.03734128937954784,0.0980037556172573
2024-09-30,TJX,Consumer,-0.03836983703394237,0.06753497647773901
2024-09-30,WMT,Consumer,0.014860552341894095,0.054466182633048366
2024-09-30,YUM,Consumer,-0.06119812929480151,0.03481679237880715
2024-09-30,BBY,Consumer,-0.12458857039677806,0.06484718520888287
2024-09-30,CCL,Consumer,0.1904762842896932,0.13499635230811302
2024-09-30,CHDN,Consumer,0.03616601558461152,0.0989433077531089
2024-09-30,CMCSA,Consumer,0.05331741372388521,0.06037547620698105
2024-09-30,CZR,Consumer,-0.04048879668057381,0.0658521838906239
2024-09-30,DIS,Consumer,0.00010390741832910777,0.08288921150019249
2024-09-30,DKNG,Consumer,-0.09897961715815762,0.06510304846897827
2024-09-30,F,Consumer,-0.025568298990460314,0.054334887578221205
2024-09-30,FOX,Consumer,0.004123632483339357,0.07303839690582492
2024-09-30,GM,Consumer,0.13202498339880253,0.05763105825969982
2024-09-30,GRMN,Consumer,0.12679678199530198,0.09832563468416762
2024-09-30,H,Consumer,-0.04434945640721888,0.06821294757569056
2024-09-30,IHG,Consumer,0.008688567488687404,0.08122121391188682
2024-09-30,LVS,Consumer,0.029995785698527566,0.07829332443621363
2024-09-30,NCLH,Consumer,0.23549487419822301,0.10782373401202222
2024-09-30,NFLX,Consumer,0.06592686486505084,0.07178079681070003
2024-09-30,PENN,Consumer,0.04718978583489286,0.11008740086922107
2024-09-30,POOL,Consumer,-0.040233530043885746,0.0775991806439754
2024-09-30,RCL,Consumer,0.16345295797269643,0.1130373511227431
2024-09-30,SIRI,Consumer,0.12727268002750924,0.042782941467366824
2024-09-30,TSLA,Consumer,-0.045025412068364634,0.08892285434928773
2024-09-30,WBD,Consumer,-0.014545440673828125,0.07658739961149653
2024-09-30,WYNN,Consumer,0.001460227413101256,0.06433663119532836
2024-09-30,APA,Energy,-0.025456713044839874,0.07389723706887678
2024-09-30,BA,Energy,-0.017955773796972774,0.09285958740840132
2024-09-30,CAT,Energy,-0.034690982287585714,0.10123235448163244
2024-09-30,COP,Energy,0.04046360729877918,0.040819276934609884
2024-09-30,CVX,Energy,0.010524978216269965,0.07140513515206318
2024-09-30,DE,Energy,-0.030287650213424056,0.0680650117186984
2024-09-30,DVN,Energy,-0.011247399280392756,0.07215202413011092
2024-09-30,EOG,Energy,-0.0007508488994227847,0.05401806917098023
2024-09-30,FDX,Energy,0.000621257725553992,0.1029130459844153
2024-09-30,GD,Energy,-0.030392487453112405,0.06286146427932914
2024-09-30,GE,Energy,-0.08908678606070286,0.10366583310693873
2024-09-30,HAL,Energy,-0.04509460752024397,0.03499887068706769
2024-09-30,HON,Energy,-0.004982765611918016,0.06915666520838656
2024-09-30,LMT,Energy,-0.06587858996931084,0.06437168222646508
2024-09-30,MMM,Energy,-0.06020475290616545,0.11528378310464701
2024-09-30,MPC,Energy,-0.10705286040317374,0.05956511796848437
2024-09-30,NOC,Energy,-0.03607465196580861,0.05829467848444199
2024-09-30,OXY,Energy,-0.027745613988207296,0.07122085672116339
2024-09-30,PSX,Energy,-0.07325979773934466,0.10226195797264526
2024-09-30,RTX,Energy,-0.0014032002126280751,0.07403587011192163
2024-09-30,SLB,Energy,-0.04481520803933825,0.06904593995050883
2024-09-30,UNP,Energy,-0.05846315729438123,0.045260127635256636
2024-09-30,UPS,Energy,-0.016722845318852486,0.054315760629869085
2024-09-30,VLO,Energy,-0.039028313328751674,0.08795291779731382
2024-09-30,XOM,Energy,-0.0037536765821244433,0.0665407895150223
2024-09-30,AME,Energy,0.06773048722598762,0.0744573358650272
2024-09-30,BE,Energy,-0.09090909090909094,0.17471555662514873
2024-09-30,BKR,Energy,0.05338882573727477,0.08818578061382079
2024-09-30,CTRA,Energy,-0.0012526886086716704,0.07622382236069034
2024-09-30,EMR,Energy,-0.010057693812178137,0.08523127402825328
2024-09-30,ENPH,Energy,-0.2652627554238941,0.07658940546406903
2024-09-30,ETN,Energy,0.0004223580714579622,0.07070260477452175
2024-09-30,FSLR,Energy,-0.2203335719048406,0.13426050341570503
2024-09-30,FTV,Energy,-0.09502091937031887,0.049369356434742
2024-09-30,GNRC,Energy,0.041981356772143874,0.16107914653651953
2024-09-30,HUBB,Energy,-0.003081622151846153,0.08970292101754396
2024-09-30,MTDR,Energy,0.05443154590861199,0.06075181097271564
2024-09-30,PH,Energy,0.003561237862967248,0.09764472709859938
2024-09-30,PLUG,Energy,-0.1327433422930192,0.06476604230636536
2024-09-30,PR,Energy,0.0014695301662093208,0.07909222663910156
2024-09-30,ROK,Energy,-0.006518614488400742,0.08783606800642847
2024-09-30,ROP,Energy,-0.032275073295158885,0.051154397956054094
2024-09-30,SM,Energy,0.05497759673313407,0.0782325564910571
2024-09-30,VRSK,Energy,0.025227658323674573,0.07078512880684922
2024-09-30,WMB,Energy,0.1472068667676265,0.08796501835550832
2024-09-30,XYL,Energy,-0.09812631444263953,0.07215835397584912
2024-10-31,AAPL,Technology,0.05170696526349383,0.005576363837719604
2024-10-31,ADBE,Technology,0.07917086505731463,-0.006546044820101906
2024-10-31,AMAT,Technology,-0.035571809473447624,0.028262904369761106
2024-10-31,AMD,Technology,-0.04782407370141961,0.0038814711807792896
2024-10-31,AVGO,Technology,-0.045296472373644314,-0.010793211039997138
2024-10-31,CDNS,Technology,0.11114733805634458,-0.0010880862102631886
2024-10-31,CRM,Technology,0.13254614184365487,0.000279492297086817
2024-10-31,CRWD,Technology,0.16539228251792082,0.025002486176931814
2024-10-31,FTNT,Technology,0.20836509822772253,0.009998994165379317
2024-10-31,GOOGL,Technology,-0.012623456408109357,0.012056876693994328
2024-10-31,INTC,Technology,0.11756499653716967,0.06412115843473916
2024-10-31,INTU,Technology,0.05149922946659746,0.005245749516974011
2024-10-31,KLAC,Technology,-0.02612437046887417,-0.0023554882049454497
2024-10-31,LRCX,Technology,-0.006321444490364758,0.0013359155468414038
2024-10-31,META,Technology,0.011875062401373482,0.02756798798938447
2024-10-31,MSFT,Technology,0.04419242495894027,0.0033570473796122155
2024-10-31,MU,Technology,-0.017059693731434122,0.048301913308629915
2024-10-31,NET,Technology,0.1381826801173418,0.026691891482243112
2024-10-31,NOW,Technology,0.1248137299821317,0.010642265840652806
2024-10-31,NVDA,Technology,0.041352932180919844,-0.006895348165303694
2024-10-31,ORCL,Technology,0.10128692545595208,-0.002705805839705774
2024-10-31,PANW,Technology,0.07629123796622994,0.010525247802732524
2024-10-31,QCOM,Technology,-0.026048978273141676,0.040583063748400025
2024-10-31,SNPS,Technology,0.0873814882163797,0.012847272022350658
2024-10-31,TXN,Technology,-0.01048448457416229,-1.8779550432232428e-05
2024-10-31,ACN,Technology,0.05089595747514175,-0.011755031044895961
2024-10-31,ADI,Technology,-0.022679490112756606,-0.005998055324909417
2024-10-31,ANET,Technology,0.05015010030114819,0.028230592553086804
2024-10-31,CGNX,Technology,-0.004292441694861648,0.04324648283277377
2024-10-31,COHU,Technology,0.0593900296029386,0.01329457397462041
2024-10-31,CSCO,Technology,0.08106621218084586,0.020190296277423084
2024-10-31,DELL,Technology,0.03203095370687303,0.042734795604942005
2024-10-31,ENTG,Technology,0.008786164792083051,0.004284599681319307
2024-10-31,FORM,Technology,0.05476571501117533,0.035124895684328805
2024-10-31,HPQ,Technology,-0.0025336429420644846,0.006709219620902119
2024-10-31,IBM,Technology,0.10875704111574103,0.010993066002487267
2024-10-31,IPGP,Technology,-0.036067171466968806,-0.005172087612601683
2024-10-31,KEYS,Technology,0.14650025257234156,0.004996077167499463
2024-10-31,MCHP,Technology,-0.06447369207277487,0.012053856399712291
2024-10-31,MKSI,Technology,0.14625955391525447,0.0450884173922572
2024-10-31,MPWR,Technology,-0.25241661675282234,-0.007424701254993374
2024-10-31,MRVL,Technology,0.157034164814704,0.013018695624740171
2024-10-31,NXPI,Technology,-0.021876323102622774,0.014799656244622778
2024-10-31,ONTO,Technology,-0.17218781243376258,-0.03652400543949697
2024-10-31,QRVO,Technology,-0.03101317735365372,0.02974713347223601
2024-10-31,STX,Technology,0.009564429343939418,8.425820032994823e-05
2024-10-31,SWKS,Technology,0.00011408529246126342,0.003539153564767847
2024-10-31,TER,Technology,0.036833774879178494,7.249295564329049e-05
2024-10-31,VRSN,Technology,0.05847088839204906,0.011522450165648733
2024-10-31,WDC,Technology,0.11759305680807497,0.015339932418454483
2024-10-31,AXP,Financials,0.1281100570083582,-0.0018341927007711246
2024-10-31,BAC,Financials,0.1360593571062514,-0.007474509413920517
2024-10-31,BK,Financials,0.08638551906027758,0.00872364340504441
2024-10-31,BLK,Financials,0.04257769800794353,-0.007387651155457584
2024-10-31,C,Financials,0.1142038811603876,-0.00822139523762824
2024-10-31,CFG,Financials,0.1429247827304121,-0.0023993158344878434
2024-10-31,CME,Financials,0.05608792919684391,0.004962223607565835
2024-10-31,COF,Financials,0.18332180865632774,-0.013064352159920523
2024-10-31,FITB,Financials,0.10027470882210032,0.009777948664698678
2024-10-31,GS,Financials,0.17532195270227868,-0.008260626626869832
2024-10-31,HBAN,Financials,0.15522772985126831,0.00653605046452351
2024-10-31,ICE,Financials,0.03265540676092393,-0.003919721651563149
2024-10-31,JPM,Financials,0.12527033500166485,-0.0029683440397176536
2024-10-31,KEY,Financials,0.1292753248698515,0.01291727888593655
2024-10-31,MCO,Financials,0.10314251251415962,-0.02327652783132326
2024-10-31,MS,Financials,0.13212904352262278,0.00556102796750702
2024-10-31,MTB,Financials,0.13000831121890188,0.0024016933195714508
2024-10-31,PNC,Financials,0.14048968075764057,0.000612550150304343
2024-10-31,RF,Financials,0.14201927183454366,-0.0013171221229858494
2024-10-31,SCHW,Financials,0.17243740644283645,0.013591373593057126
2024-10-31,SPGI,Financials,0.08965193717923459,0.006470183217283478
2024-10-31,STT,Financials,0.06153018686404743,0.012598598459038598
2024-10-31,TFC,Financials,0.12015720859369239,0.012510185337805062
2024-10-31,USB,Financials,0.10308422845469578,0.006188209729052678
2024-10-31,WFC,Financials,0.18005082397053052,-0.011749061869482985
2024-10-31,AFL,Financials,0.09280705395344468,0.007347345510047061
2024-10-31,AJG,Financials,0.11038384675045498,-0.003938520346817958
2024-10-31,ALL,Financials,0.11682659818894447,0.029757212113361076
2024-10-31,AMTD,Financials,-0.04651158492543972,-0.030654591145155185
2024-10-31,AON,Financials,0.06921186059124751,0.019044467907910742
2024-10-31,CB,Financials,0.022270173514390645,-0.0034206705874425297
2024-10-31,FDS,Financials,0.0829289614252795,0.010804472975275427
2024-10-31,FNF,Financials,0.053514959694995534,0.009027284829371263
2024-10-31,GL,Financials,0.05340918785892468,0.052275508199203305
2024-10-31,HIG,Financials,0.11653385445097975,0.009843369947410098
2024-10-31,IBKR,Financials,0.25403086268593844,0.0025577645873744756
2024-10-31,LPLA,Financials,0.15337827589937225,0.01755326399636052
2024-10-31,MET,Financials,0.13295551657446136,0.007126438416263554
2024-10-31,MSCI,Financials,0.07010404705372841,0.01211360944837918
2024-10-31,NDAQ,Financials,0.12270015076084229,0.007968641568591884
2024-10-31,PGR,Financials,0.10727668960665016,0.030219091923171744
2024-10-31,PRU,Financials,0.06740978223099314,0.009601893597233605
2024-10-31,RJF,Financials,0.1420862447896294,0.015854629657015108
2024-10-31,SEIC,Financials,0.10527018853256709,-0.00821117439998607
2024-10-31,SF,Financials,0.11754475902627814,0.012698273150479458
2024-10-31,SYF,Financials,0.23008544887578708,-0.0015016660061279018
2024-10-31,TRV,Financials,0.08172726456411383,0.00828252283352831
2024-10-31,UNM,Financials,0.19819261965849178,0.022555281724195447
2024-10-31,WTW,Financials,0.06555475577983527,0.016814129500705606
2024-10-31,ABBV,Healthcare,-0.10271245717866972,0.004815747773265027
2024-10-31,ABT,Healthcare,0.0476315077345415,0.0080915644092184
2024-10-31,AMGN,Healthcare,-0.10940756797514728,0.007903454712222006
2024-10-31,BAX,Healthcare,-0.05089856552680516,0.009967201637462087
2024-10-31,BIIB,Healthcare,-0.07683905239762934,0.024258677948252753
2024-10-31,BMY,Healthcare,0.06186118858283329,0.013700775778094098
2024-10-31,BSX,Healthcare,0.07902888936369568,0.001961846412696937
2024-10-31,CI,Healthcare,0.0730280941140884,0.009643584796397124
2024-10-31,CVS,Healthcare,0.06004250838906877,-0.018723170488743647
2024-10-31,DHR,Healthcare,-0.024301787507010175,-0.008251116514880846
2024-10-31,EW,Healthcare,0.06476639605334533,0.023653318312148345
2024-10-31,GILD,Healthcare,0.042332832828171796,0.013537689708491386
2024-10-31,HUM,Healthcare,0.14951714484129552,0.051756396025712116
2024-10-31,ISRG,Healthcare,0.07573833744734726,-0.002632373374105496
2024-10-31,JNJ,Healthcare,-0.022558584890895128,0.010210177007658205
2024-10-31,LLY,Healthcare,-0.03985923470899888,0.01864427779726772
2024-10-31,MDT,Healthcare,-0.030364121977643377,0.0017026244965633762
2024-10-31,MRK,Healthcare,-0.0066459000621363895,0.020024673410495162
2024-10-31,PFE,Healthcare,-0.05946606931918341,0.008871407623886088
2024-10-31,REGN,Healthcare,-0.10496312014260045,0.006985629794671001
2024-10-31,SYK,Healthcare,0.1006792741874245,0.015493213465205461
2024-10-31,TMO,Healthcare,-0.030549969075477468,0.006976511261675538
2024-10-31,UNH,Healthcare,0.08095672358082306,0.017210335927646946
2024-10-31,VRTX,Healthcare,-0.016492302034383344,0.009394535055863844
2024-10-31,ZBH,Healthcare,0.048447413860341015,0.019135739267924633
2024-10-31,A,Healthcare,0.058783083915605605,-0.01605582354025575
2024-10-31,ACAD,Healthcare,0.11857433338885004,0.03590704846463827
2024-10-31,ALGN,Healthcare,0.13529730116725314,0.007307183929088803
2024-10-31,ALKS,Healthcare,0.12918286366791887,0.021277963052836486
2024-10-31,BDX,Healthcare,-0.050044956753534375,0.011223917927406504
2024-10-31,DGX,Healthcare,0.05057165250368478,0.016690674854033888
2024-10-31,DXCM,Healthcare,0.10655496806381937,0.07649441580433904
2024-10-31,FOLD,Healthcare,-0.12609461685090728,0.02245805723678204
2024-10-31,HOLX,Healthcare,-0.016940802523219056,-0.0014566796412187274
2024-10-31,IDXX,Healthcare,0.03644447577631693,-0.019536442522817884
2024-10-31,INSP,Healthcare,-0.011689903905769738,0.008265222678790356
2024-10-31,IQV,Healthcare,-0.02419595184681611,0.01270064859000639
2024-10-31,MASI,Healthcare,0.1981112413551449,-0.012891795294276543
2024-10-31,MTD,Healthcare,-0.03139156092752082,-0.007784930182119736
2024-10-31,NBIX,Healthcare,0.05387880217677843,-0.01482951748908807
2024-10-31,NTRA,Healthcare,0.38707010622683113,0.015881154016997585
2024-10-31,NVCR,Healthcare,0.32015813653801395,-0.026551183321377163
2024-10-31,PODD,Healthcare,0.15224808960328984,0.0376857926398973
2024-10-31,RARE,Healthcare,-0.06589528338396777,-0.015869485155240448
2024-10-31,RMD,Healthcare,0.029234401812819666,0.017684059329661123
2024-10-31,WAT,Healthcare,0.19067815500070462,0.003870761418556498
2024-10-31,AMZN,Consumer,0.1152897328156477,0.008821674449824702
2024-10-31,AZO,Consumer,0.05335328649468263,0.009620010829693597
2024-10-31,BKNG,Consumer,0.11242539693488118,0.02153691832036996
2024-10-31,CMG,Consumer,0.10310202533268131,0.020136938802371693
2024-10-31,COST,Consumer,0.11323914550583769,0.0031679337089984276
2024-10-31,DG,Consumer,-0.03460772138146373,0.027438064708198744
2024-10-31,DLTR,Consumer,0.10256802778497098,0.09300124194420367
2024-10-31,DRI,Consumer,0.10154982294733772,0.002947507792200075
2024-10-31,EBAY,Consumer,0.10514420811610692,-0.0022847517811422926
2024-10-31,HD,Consumer,0.09559319461435645,-0.004900080095429707
2024-10-31,HLT,Consumer,0.07980464201427484,0.001582446063841939
2024-10-31,KR,Consumer,0.1011767588159238,-0.00393628864590166
2024-10-31,LOW,Consumer,0.04048419154283556,0.012271324600399527
2024-10-31,LULU,Consumer,0.07640151135261108,0.001193716740607959
2024-10-31,MAR,Consumer,0.11430464004905061,0.004955893453087183
2024-10-31,MCD,Consumer,0.01335124068973026,0.01383939575193993
2024-10-31,MGM,Consumer,0.0398698471193033,-0.004999741752647736
2024-10-31,NKE,Consumer,0.02126280231606592,0.035613936463406944
2024-10-31,ORLY,Consumer,0.0781171365535196,0.007825311253400354
2024-10-31,ROST,Consumer,0.10843083905760054,-0.016662002947695053
2024-10-31,SBUX,Consumer,0.05520724696894952,0.032015933691934034
2024-10-31,TGT,Consumer,-0.11179157362586645,0.02590977195855286
2024-10-31,TJX,Consumer,0.11545899109542623,0.0036343696216844185
2024-10-31,WMT,Consumer,0.128737158712112,0.0042930517156073164
2024-10-31,YUM,Consumer,0.0593167411502844,-0.010975335467522622
2024-10-31,BBY,Consumer,-0.004754965948576162,0.024437734992535324
2024-10-31,CCL,Consumer,0.15590905321922732,0.021336077928108956
2024-10-31,CHDN,Consumer,0.014346867039082722,0.00978559334724738
2024-10-31,CMCSA,Consumer,-0.010991415239998248,0.009278648368373247
2024-10-31,CZR,Consumer,-0.038951250644474356,-0.006806466488898297
2024-10-31,DIS,Consumer,0.22110191952634728,0.010107851167473043
2024-10-31,DKNG,Consumer,0.23584376848891542,0.01789045765578868
2024-10-31,F,Consumer,0.09632901623077306,0.011976915428026275
2024-10-31,FOX,Consumer,0.1481006857524283,0.015976389778174453
2024-10-31,GM,Consumer,0.09515367746695436,0.003462342650667075
2024-10-31,GRMN,Consumer,0.07184266852724797,-0.008690972942366577
2024-10-31,H,Consumer,0.08691671065504636,-0.00490010789359779
2024-10-31,IHG,Consumer,0.1327950277424379,-0.004913966035017506
2024-10-31,LVS,Consumer,0.02733641208075399,0.0008614632004220756
2024-10-31,NCLH,Consumer,0.06116808317786249,-0.003915537601970915
2024-10-31,NFLX,Consumer,0.1729825996151546,0.02728630529835539
2024-10-31,PENN,Consumer,0.09316456468799439,0.01670560950224501
2024-10-31,POOL,Consumer,0.0462439450584613,0.018467883304953765
2024-10-31,RCL,Consumer,0.18274762288221624,0.008777885782247731
2024-10-31,SIRI,Consumer,0.0215143555305648,0.03302914787633419
2024-10-31,TSLA,Consumer,0.3814688622385134,0.04411974368070926
2024-10-31,WBD,Consumer,0.28905281607822153,0.05251188478001378
2024-10-31,WYNN,Consumer,-0.014436672291811892,-0.008492080260609929
2024-10-31,APA,Energy,-0.040254161986411074,-0.02134832600230987
2024-10-31,BA,Energy,0.04105555544200512,0.051138528456930184
2024-10-31,CAT,Energy,0.07950545157202771,-0.013342890365602844
2024-10-31,COP,Energy,-0.004043486012334729,0.007139083051990769
2024-10-31,CVX,Energy,0.09919234746514594,0.013331399455541772
2024-10-31,DE,Energy,0.15125148905252517,0.019754126650624804
2024-10-31,DVN,Energy,-0.018872855194199123,-0.0041744893930853195
2024-10-31,EOG,Energy,0.09265327770383114,0.010841270838760526
2024-10-31,FDX,Energy,0.1052399916618525,0.0190268872397121
2024-10-31,GD,Energy,-0.026062201598199053,0.003337942807482744
2024-10-31,GE,Energy,0.06042596440493342,-0.0032107799577296113
2024-10-31,HAL,Energy,0.14852201058574965,-0.009892652602976924
2024-10-31,HON,Energy,0.13806249810636784,0.006974038668423343
2024-10-31,LMT,Energy,-0.030473463216988073,0.02214193903063115
2024-10-31,MMM,Energy,0.04491434613947054,0.012608306704031364
2024-10-31,MPC,Energy,0.07960368693361675,0.004224540322525933
2024-10-31,NOC,Energy,-0.03805353912200615,0.01505393362700925
2024-10-31,OXY,Energy,0.009379494931909704,0.010778195966315865
2024-10-31,PSX,Energy,0.10956642616023315,0.015541799461951156
2024-10-31,RTX,Energy,0.012305621011752255,0.026640751621481572
2024-10-31,SLB,Energy,0.09658087554703543,0.023776253487355032
2024-10-31,UNP,Energy,0.05425081402186693,0.004604749981201435
2024-10-31,UPS,Energy,0.024842235352316333,0.015828777012157465
2024-10-31,VLO,Energy,0.07996220569418133,0.016393017444627362
2024-10-31,XOM,Energy,0.018404725791300924,0.0035683045685425355
2024-10-31,AME,Energy,0.0602160400292262,0.019911410554070023
2024-10-31,BE,Energy,1.859374965851507,0.048544288113752034
2024-10-31,BKR,Energy,0.16058823547697942,-0.0025299631727463937
2024-10-31,CTRA,Energy,0.1262923603992574,0.021194114033387747
2024-10-31,EMR,Energy,0.22974964489726601,0.0008336921430799576
2024-10-31,ENPH,Energy,-0.14077555771341976,0.008298772962712362
2024-10-31,ETN,Energy,0.1354013577271087,0.007250540989915354
2024-10-31,FSLR,Energy,0.024629826461085136,-0.0002490647665262011
2024-10-31,FTV,Energy,0.11171799256357606,-0.004001191956725841
2024-10-31,GNRC,Energy,0.13681663231019714,0.0209259404367879
2024-10-31,HUBB,Energy,0.08052691877968665,0.013120796406062972
2024-10-31,MTDR,Energy,0.15650356541284793,-0.03040824223960383
2024-10-31,PH,Energy,0.11117851602809758,0.011803559625532825
2024-10-31,PLUG,Energy,0.14285712547969576,-0.03591917069614848
2024-10-31,PR,Energy,0.16044085809294084,-0.004079652176365099
2024-10-31,ROK,Energy,0.11168435197040871,0.007222101113812263
2024-10-31,ROP,Energy,0.053391098091438494,0.0015044086076904668
2024-10-31,SM,Energy,0.07672142560734518,-0.004722108632096311
2024-10-31,VRSK,Energy,0.07094497109385256,0.019357827514303608
2024-10-31,WMB,Energy,0.11743364585997829,0.0008946249127012379
2024-10-31,XYL,Energy,0.043725385967109176,0.004584940292331166
2024-11-30,AAPL,Technology,0.05515523923865007,0.022466711225863932
2024-11-30,ADBE,Technology,-0.13810013182306824,0.0748280478950897
2024-11-30,AMAT,Technology,-0.06914321214718422,0.03644179826778761
2024-11-30,AMD,Technology,-0.11947800433982314,0.0771237732492714
2024-11-30,AVGO,Technology,0.43423720294367296,0.01625387794876434
2024-11-30,CDNS,Technology,-0.02069686827041195,2.4763616207532855e-05
2024-11-30,CRM,Technology,0.014308066489772564,0.006742824299403675
2024-11-30,CRWD,Technology,-0.011012508440473856,0.029280111129467625
2024-11-30,FTNT,Technology,-0.00599684036321213,0.03486434240507785
2024-11-30,GOOGL,Technology,0.12173394641001956,0.017830474644097538
2024-11-30,INTC,Technology,-0.16632017159635015,0.14885306783016228
2024-11-30,INTU,Technology,-0.020616107770754177,0.015963545604186734
2024-11-30,KLAC,Technology,-0.026134993824219133,0.009304186619617825
2024-11-30,LRCX,Technology,-0.01933123925878011,0.06331762335139939
2024-11-30,META,Technology,0.020306256509288412,0.018743431409913736
2024-11-30,MSFT,Technology,-0.004628624737947673,-0.0071662031332757736
2024-11-30,MU,Technology,-0.1396698117896985,0.05468886658158686
2024-11-30,NET,Technology,0.07863366052427678,0.018255041930077424
2024-11-30,NOW,Technology,0.010176863765174238,0.004038651902394886
2024-11-30,NVDA,Technology,-0.02857688306006967,0.05167405362206568
2024-11-30,ORCL,Technology,-0.09846351633521555,0.011032551121854329
2024-11-30,PANW,Technology,-0.06162651086874926,0.008983826104718812
2024-11-30,QCOM,Technology,-0.025903032054012787,0.046777598805052785
2024-11-30,SNPS,Technology,-0.13094237347409377,-0.0057701324636647965
2024-11-30,TXN,Technology,-0.06725360601745634,0.012001496777371463
2024-11-30,ACN,Technology,-0.029196662150743458,0.019768108163272926
2024-11-30,ADI,Technology,-0.0215105171772213,0.022472243604080466
2024-11-30,ANET,Technology,0.0894484922818699,0.023115131808149395
2024-11-30,CGNX,Technology,-0.10305149465320995,0.031944739862070304
2024-11-30,COHU,Technology,0.011363679876669641,0.036364271326053105
2024-11-30,CSCO,Technology,-0.00016887461767733924,0.012936980059834579
2024-11-30,DELL,Technology,-0.09679442763472335,0.07136538766080598
2024-11-30,ENTG,Technology,-0.062198223267061925,0.020581142850387178
2024-11-30,FORM,Technology,0.09835243364060098,0.08826514031157723
2024-11-30,HPQ,Technology,-0.07134791115232297,0.02292056992981825
2024-11-30,IBM,Technology,-0.033331886546732914,0.02052175387056191
2024-11-30,IPGP,Technology,-0.06817016443378487,0.029843157542123102
2024-11-30,KEYS,Technology,-0.059763472687535124,0.033831176453591946
2024-11-30,MCHP,Technology,-0.15872094765194755,0.03928767675241044
2024-11-30,MKSI,Technology,-0.08139739840217053,0.09404340991415155
2024-11-30,MPWR,Technology,0.044548961293507494,0.056849338301012756
2024-11-30,MRVL,Technology,0.19160643876718852,0.02333120774271303
2024-11-30,NXPI,Technology,-0.08969515409144158,0.04313520964766185
2024-11-30,ONTO,Technology,0.015166315045958445,0.002747452826138194
2024-11-30,QRVO,Technology,0.012744347784580778,0.04535435741776043
2024-11-30,STX,Technology,-0.14190091530612414,-0.0033688119115589167
2024-11-30,SWKS,Technology,0.02051708445330025,0.05908845442546119
2024-11-30,TER,Technology,0.1447272955853698,0.017538119080361413
2024-11-30,VRSN,Technology,0.105673646416651,0.042955180707618834
2024-11-30,WDC,Technology,-0.18303869567551267,0.03771492103459451
2024-11-30,AXP,Financials,-0.02589583606038759,0.0465301550593726
2024-11-30,BAC,Financials,-0.06978569929047163,0.003039010289821744
2024-11-30,BK,Financials,-0.06156095162889008,-3.492724365433978e-05
2024-11-30,BLK,Financials,0.0072216693527895615,-0.021560887584344733
2024-11-30,C,Financials,-0.006772845461100685,0.001505206565378295
2024-11-30,CFG,Financials,-0.09098452647570643,0.023967755228446477
2024-11-30,CME,Financials,0.0048301584304364376,0.003159401362658291
2024-11-30,COF,Financials,-0.07129823952500536,0.004111517664667926
2024-11-30,FITB,Financials,-0.11258050666959862,0.023786342344444805
2024-11-30,GS,Financials,-0.05441154667927717,0.03185867739815685
2024-11-30,HBAN,Financials,-0.0882706876380076,0.02074896119969363
2024-11-30,ICE,Financials,-0.07155669246776586,-0.002818085659073859
2024-11-30,JPM,Financials,-0.040084832370766654,0.00341173545036665
2024-11-30,KEY,Financials,-0.11058205781163666,0.03945280604148076
2024-11-30,MCO,Financials,-0.05322204506674311,-0.014441701680433227
2024-11-30,MS,Financials,-0.044753486741316406,0.0032568985633470056
2024-11-30,MTB,Financials,-0.14009333140250524,-0.002370398407094744
2024-11-30,PNC,Financials,-0.10185355631503112,0.010541227487452683
2024-11-30,RF,Financials,-0.1292114419636866,0.008244556861219962
2024-11-30,SCHW,Financials,-0.10572726780738129,0.006958550971626924
2024-11-30,SPGI,Financials,-0.0468509292528434,0.0008241933298097838
2024-11-30,STT,Financials,-0.003654376592826525,0.015190474141180445
2024-11-30,TFC,Financials,-0.09018442431092755,0.01677054443920737
2024-11-30,USB,Financials,-0.09305992655800233,-0.001612029055875158
2024-11-30,WFC,Financials,-0.0778522012869679,0.01637813951913842
2024-11-30,AFL,Financials,-0.09263164206000152,0.02286879386358863
2024-11-30,AJG,Financials,-0.08912334377549724,0.0031058245597336163
2024-11-30,ALL,Financials,-0.07039878661729226,0.010830302657808006
2024-11-30,AMTD,Financials,-0.024390220263873164,-0.007920024314544104
2024-11-30,AON,Financials,-0.08269907339306515,-0.0007909520022673465
2024-11-30,CB,Financials,-0.039877820453405044,-0.0026745825542008055
2024-11-30,FDS,Financials,-0.02117514366405837,0.017845728306750862
2024-11-30,FNF,Financials,-0.10691783263347665,0.0021289539290922773
2024-11-30,GL,Financials,0.002516948560367327,0.11357697302934866
2024-11-30,HIG,Financials,-0.10904797202880623,0.01105660320981937
2024-11-30,IBKR,Financials,-0.07546172145163621,0.021136449043189967
2024-11-30,LPLA,Financials,0.004182728250769818,0.0012842945635139083
2024-11-30,MET,Financials,-0.071971023217971,0.0037208443579314745
2024-11-30,MSCI,Financials,-0.015780026068134445,0.014192472415338242
2024-11-30,NDAQ,Financials,-0.06568293994751861,0.0023016052877705053
2024-11-30,PGR,Financials,-0.1088589859811172,0.002798779756135382
2024-11-30,PRU,Financials,-0.08407388957421569,0.010228308972009128
2024-11-30,RJF,Financials,-0.08240788164690682,-0.0005128944519455835
2024-11-30,SEIC,Financials,0.004004707683687547,-0.008746236523899916
2024-11-30,SF,Financials,-0.08060311608219006,0.03596073671980194
2024-11-30,SYF,Financials,-0.037322261625276076,0.015563903553150226
2024-11-30,TRV,Financials,-0.0907448963801889,-0.004805367443891364
2024-11-30,UNM,Financials,-0.050325179711875556,0.023961280735429333
2024-11-30,WTW,Financials,-0.024464441057922892,-0.003272424528676282
2024-11-30,ABBV,Healthcare,-0.028590241404448213,-0.003832243617006426
2024-11-30,ABT,Healthcare,-0.047654939638188565,0.011332839140700135
2024-11-30,AMGN,Healthcare,-0.07858714907467756,0.012464045734387455
2024-11-30,BAX,Healthcare,-0.13497472391218068,0.01570914987475674
2024-11-30,BIIB,Healthcare,-0.04799854622112487,0.023593053824978588
2024-11-30,BMY,Healthcare,-0.044917230720675105,0.00322954823729379
2024-11-30,BSX,Healthcare,-0.014780541729066843,0.004934307537046693
2024-11-30,CI,Healthcare,-0.1791022196825588,0.009610548375131506
2024-11-30,CVS,Healthcare,-0.24995825806829286,0.06194683100787516
2024-11-30,DHR,Healthcare,-0.041185438045544864,0.012783526101077119
2024-11-30,EW,Healthcare,0.03756132252964006,0.011339652305094861
2024-11-30,GILD,Healthcare,0.006117886473958167,0.010936353695237952
2024-11-30,HUM,Healthcare,-0.14098064942778077,0.06794008988236762
2024-11-30,ISRG,Healthcare,-0.03697412920174126,-0.009681183130339365
2024-11-30,JNJ,Healthcare,-0.06702794251148991,0.009567041971350857
2024-11-30,LLY,Healthcare,-0.02935804540933018,0.04278399888771513
2024-11-30,MDT,Healthcare,-0.06897182480038644,-2.6225082561633894e-05
2024-11-30,MRK,Healthcare,-0.013416712953966514,0.014816155746569044
2024-11-30,PFE,Healthcare,0.012209047869776057,0.00277273895727028
2024-11-30,REGN,Healthcare,-0.05050502403039303,0.01904568854708829
2024-11-30,SYK,Healthcare,-0.07972256998110261,0.002379604247703493
2024-11-30,TMO,Healthcare,-0.017017994370199352,0.01547056636309324
2024-11-30,UNH,Healthcare,-0.1678134653676815,0.00600006516924998
2024-11-30,VRTX,Healthcare,-0.13976885051869392,0.0011353858504024575
2024-11-30,ZBH,Healthcare,-0.05559544898132007,0.019621834662983194
2024-11-30,A,Healthcare,-0.024510613336258813,0.0366185737422902
2024-11-30,ACAD,Healthcare,0.12438729930180759,0.05564622953263664
2024-11-30,ALGN,Healthcare,-0.1042230928398673,0.053585094583355426
2024-11-30,ALKS,Healthcare,-0.008959346133031398,0.020276182488242235
2024-11-30,BDX,Healthcare,0.027253135137914164,0.02327615426254503
2024-11-30,DGX,Healthcare,-0.07254396575492472,-0.0011115109044541613
2024-11-30,DXCM,Healthcare,-0.0028208902003999947,0.07025370817946767
2024-11-30,FOLD,Healthcare,-0.05611217350986952,0.013968055924722353
2024-11-30,HOLX,Healthcare,-0.09320759323408023,0.0044305367877809625
2024-11-30,IDXX,Healthcare,-0.019703610097436264,0.04755006746068871
2024-11-30,INSP,Healthcare,-0.03828589870478394,-0.007689816028862762
2024-11-30,IQV,Healthcare,-0.02155945981880003,0.07305616381100945
2024-11-30,MASI,Healthcare,-0.04196122937346192,0.009749230868561654
2024-11-30,MTD,Healthcare,-0.0219948038162584,0.017490535128079732
2024-11-30,NBIX,Healthcare,0.07692307692307687,0.025417656067060864
2024-11-30,NTRA,Healthcare,-0.05650253782639103,0.06707763337829048
2024-11-30,NVCR,Healthcare,0.4870258420981901,0.13548758952047868
2024-11-30,PODD,Healthcare,-0.02140337162158068,0.05172873748346655
2024-11-30,RARE,Healthcare,-0.11673317758989143,0.027214301865090995
2024-11-30,RMD,Healthcare,-0.08163995222537723,0.029316337089230215
2024-11-30,WAT,Healthcare,-0.035714260217245,0.03131984924859708
2024-11-30,AMZN,Consumer,0.05531771626226978,0.029142019943413314
2024-11-30,AZO,Consumer,0.010241221293137981,0.013591536924374993
2024-11-30,BKNG,Consumer,-0.043315243317779806,0.005806018493620448
2024-11-30,CMG,Consumer,-0.01983096897960379,0.036511323971811345
2024-11-30,COST,Consumer,-0.057218962766233616,0.012612256108438155
2024-11-30,DG,Consumer,-0.0187653771954448,0.09841065656558766
2024-11-30,DLTR,Consumer,0.05149440116743542,0.09142490838605784
2024-11-30,DRI,Consumer,0.05911385848019002,0.01751763961059442
2024-11-30,EBAY,Consumer,-0.021172473138613923,0.017628360562298544
2024-11-30,HD,Consumer,-0.09353807384605628,-0.003958926870781207
2024-11-30,HLT,Consumer,-0.024778963871109783,0.019759330540937637
2024-11-30,KR,Consumer,0.0011461032521449255,0.017126480378780094
2024-11-30,LOW,Consumer,-0.0940791418322745,0.015119420798075708
2024-11-30,LULU,Consumer,0.19257156893526428,0.010018986684653895
2024-11-30,MAR,Consumer,-0.035109999433955985,0.013522691030395719
2024-11-30,MCD,Consumer,-0.014783841365341388,0.007047210821449254
2024-11-30,MGM,Consumer,-0.09624409525360722,0.029307711135583822
2024-11-30,NKE,Consumer,-0.034451973682692816,0.056613850952567046
2024-11-30,ORLY,Consumer,-0.04618655153044782,0.006495927173810689
2024-11-30,ROST,Consumer,-0.020939148074443192,-0.013120663580018623
2024-11-30,SBUX,Consumer,-0.10940851953131459,0.02092107416561171
2024-11-30,TGT,Consumer,0.02169144282329949,0.027352762742350295
2024-11-30,TJX,Consumer,-0.0388257661544108,0.011392763098297782
2024-11-30,WMT,Consumer,-0.02107915309081243,0.01674506234021743
2024-11-30,YUM,Consumer,-0.029724320219926326,0.011231045159154409
2024-11-30,BBY,Consumer,-0.036439198949923424,0.015748702888844834
2024-11-30,CCL,Consumer,-0.020055010448488897,0.0017696915686213
2024-11-30,CHDN,Consumer,-0.057570876208557276,-0.0023830483902764084
2024-11-30,CMCSA,Consumer,-0.13104904540781748,-0.0036321850386481004
2024-11-30,CZR,Consumer,-0.13172261076719816,0.021739365496749218
2024-11-30,DIS,Consumer,-0.047898249182415586,0.0342236440835494
2024-11-30,DKNG,Consumer,-0.14776633533713446,0.10913791865005529
2024-11-30,F,Consumer,-0.11051212662172594,0.051707220074360336
2024-11-30,FOX,Consumer,0.022579952764693045,0.03365465834327802
2024-11-30,GM,Consumer,-0.03957542941984615,-0.008163936345573289
2024-11-30,GRMN,Consumer,-0.026440475335940072,-0.0024147817908386974
2024-11-30,H,Consumer,-0.006078436132866516,0.00300897845135408
2024-11-30,IHG,Consumer,-0.01053468561301063,0.028198025307314342
2024-11-30,LVS,Consumer,-0.032039193796018384,0.016470899924921515
2024-11-30,NCLH,Consumer,-0.043138708580955254,0.02959652838198793
2024-11-30,NFLX,Consumer,0.005085689488863787,0.001267289192379936
2024-11-30,PENN,Consumer,-0.08198241988208188,0.015943473256707988
2024-11-30,POOL,Consumer,-0.09586576147150339,0.024422877251513857
2024-11-30,RCL,Consumer,-0.05258998213919841,0.00543318624130205
2024-11-30,SIRI,Consumer,-0.15398878007751438,0.0796519727643871
2024-11-30,TSLA,Consumer,0.17000808915631316,0.025216129758805588
2024-11-30,WBD,Consumer,0.008587801194568145,0.048171750738188863
2024-11-30,WYNN,Consumer,-0.08709464841758008,0.015075251268775031
2024-11-30,APA,Energy,0.01942600595918398,0.021676039048973517
2024-11-30,BA,Energy,0.1387030186564806,0.07118567495511247
2024-11-30,CAT,Energy,-0.10674443495905317,0.032766866597452475
2024-11-30,COP,Energy,-0.08464089095520111,0.004501503906758137
2024-11-30,CVX,Energy,-0.10553945723526348,0.019872536725543587
2024-11-30,DE,Energy,-0.08709455075059014,0.016793478226181085
2024-11-30,DVN,Energy,-0.13195400638325183,0.02497357066225958
2024-11-30,EOG,Energy,-0.08014398224573305,0.012613980551494956
2024-11-30,FDX,Energy,-0.06591330235324977,0.03582545522436628
2024-11-30,GD,Energy,-0.07225106304839357,0.008010066588479421
2024-11-30,GE,Energy,-0.08288469795414832,0.021042497521469063
2024-11-30,HAL,Energy,-0.14198037120103912,-0.001100339302122485
2024-11-30,HON,Energy,-0.030223792071821798,-0.000257332428116874
2024-11-30,LMT,Energy,-0.07635278085218233,-0.01026242970216804
2024-11-30,MMM,Energy,-0.03325099114121666,0.046263282295141955
2024-11-30,MPC,Energy,-0.10662810783689447,0.01764981161052492
2024-11-30,NOC,Energy,-0.03753149172950643,-0.00023927385705921895
2024-11-30,OXY,Energy,-0.018700515111183202,0.015555779119969328
2024-11-30,PSX,Energy,-0.1496492087092024,0.03646688348131167
2024-11-30,RTX,Energy,-0.05015181441264083,0.01307068776439923
2024-11-30,SLB,Energy,-0.12191441217232024,0.03821806300708934
2024-11-30,UNP,Energy,-0.06255284608167344,0.0070614586187648576
2024-11-30,UPS,Energy,-0.07088118602656379,0.015136298067659818
2024-11-30,VLO,Energy,-0.11856495645431431,0.03824276429656984
2024-11-30,XOM,Energy,-0.08808087345207394,0.013564020067554076
2024-11-30,AME,Energy,-0.07130057038966076,-0.001835314386366293
2024-11-30,BE,Energy,-0.19089258771684192,0.1302197555110593
2024-11-30,BKR,Energy,-0.06666685118645632,0.009004644347704987
2024-11-30,CTRA,Energy,-0.044161642718761995,0.019059507382795653
2024-11-30,EMR,Energy,-0.06538471614945851,0.022951441964033602
2024-11-30,ENPH,Energy,-0.03742113841689476,0.06952327528442082
2024-11-30,ETN,Energy,-0.11600340745106541,0.030888759368953637
2024-11-30,FSLR,Energy,-0.1155718286020011,-0.007471720300560559
2024-11-30,FTV,Energy,-0.05458217076532912,0.010096458647521688
2024-11-30,GNRC,Energy,-0.1761423721255485,-0.002330886737700563
2024-11-30,HUBB,Energy,-0.08954763594408244,0.0193770871493487
2024-11-30,MTDR,Energy,-0.062489626391778685,0.02678948417782285
2024-11-30,PH,Energy,-0.09513448604366082,0.039809493386268366
2024-11-30,PLUG,Energy,-0.04910709581584971,0.05591843099820882
2024-11-30,PR,Energy,-0.08173685100907724,0.02156933464269328
2024-11-30,ROK,Energy,-0.03167958347868527,0.028771987213821546
2024-11-30,ROP,Energy,-0.08225063715773195,-0.010947506465659274
2024-11-30,SM,Energy,-0.14228797377556024,0.0005664859524109686
2024-11-30,VRSK,Energy,-0.06255061842943299,-0.01070132420515162
2024-11-30,WMB,Energy,-0.06715943006075953,0.0050529789077872434
2024-11-30,XYL,Energy,-0.08465484256485967,-0.01010332724446198
2024-12-31,AAPL,Technology,-0.057583336136236674,0.08058755289014619
2024-12-31,ADBE,Technology,-0.016258839137881842,0.10385728304442798
2024-12-31,AMAT,Technology,0.10895916377330161,0.07100767332064226
2024-12-31,AMD,Technology,-0.040069574721420365,0.07859649935981407
2024-12-31,AVGO,Technology,-0.045591729369042655,0.10978493497172949
2024-12-31,CDNS,Technology,-0.00945216141469285,0.055438198218607425
2024-12-31,CRM,Technology,0.022044161823836284,0.05684722310703469
2024-12-31,CRWD,Technology,0.1634030952294523,0.08078373920778438
2024-12-31,FTNT,Technology,0.06773913705639911,0.08437811207944172
2024-12-31,GOOGL,Technology,0.07776020712495724,0.05654104281075482
2024-12-31,INTC,Technology,-0.030922641170916143,0.08221134077624097
2024-12-31,INTU,Technology,-0.04135110148478016,0.07047091672021379
2024-12-31,KLAC,Technology,0.17158638758256184,0.07263572176604567
2024-12-31,LRCX,Technology,0.12210991688641504,0.05255921827733167
2024-12-31,META,Technology,0.17705923841777338,0.11823656447175042
2024-12-31,MSFT,Technology,-0.015278652169679385,0.057741960923089274
2024-12-31,MU,Technology,0.08412548151253896,0.04489035066295816
2024-12-31,NET,Technology,0.2852896870750845,0.10114370263714033
2024-12-31,NOW,Technology,-0.039372934764186684,0.0982177010893892
2024-12-31,NVDA,Technology,-0.10589027190093325,0.11782341132545836
2024-12-31,ORCL,Technology,0.0230316001541222,0.08557512356446147
2024-12-31,PANW,Technology,0.013519407365963021,0.08170663895231262
2024-12-31,QCOM,Technology,0.12569968578527924,0.0579589034060787
2024-12-31,SNPS,Technology,0.08266028582501961,0.032878518183184234
2024-12-31,TXN,Technology,-0.008185283777384922,0.07197219950120842
2024-12-31,ACN,Technology,0.09891121459087082,0.10540527411405398
2024-12-31,ADI,Technology,-0.0026828750842082805,0.070817484330121
2024-12-31,ANET,Technology,0.04252243399569333,0.09196865201838948
2024-12-31,CGNX,Technology,0.11266029117328191,0.07336623637485046
2024-12-31,COHU,Technology,-0.1419475957764016,0.09837902585939934
2024-12-31,CSCO,Technology,0.030624050337412,0.07436782552934207
2024-12-31,DELL,Technology,-0.0974059136736164,0.038118586889078286
2024-12-31,ENTG,Technology,0.026089356400144315,0.03680815694740409
2024-12-31,FORM,Technology,-0.08977274461226026,0.02968550381091688
2024-12-31,HPQ,Technology,-0.003984113175017567,0.08685775654073444
2024-12-31,IBM,Technology,0.16317157586333897,0.08970559701621383
2024-12-31,IPGP,Technology,0.008388347086246917,0.07042029247855992
2024-12-31,KEYS,Technology,0.11031563644432896,0.0678604843618372
2024-12-31,MCHP,Technology,-0.05318212180472659,0.048162201846387295
2024-12-31,MKSI,Technology,0.08516154723985037,0.08477069401410046
2024-12-31,MPWR,Technology,0.07718432335426684,0.08115423471832958
2024-12-31,MRVL,Technology,0.022338649353698337,0.059243593354655275
2024-12-31,NXPI,Technology,0.0033677635203910317,0.0721660626499752
2024-12-31,ONTO,Technology,0.22853540982991216,0.05758667073294633
2024-12-31,QRVO,Technology,0.18661522944097464,0.08638268560656628
2024-12-31,STX,Technology,0.11644082121646471,0.08965036860242205
2024-12-31,SWKS,Technology,0.0009022154179034736,0.09284755723952008
2024-12-31,TER,Technology,-0.08044787850787438,0.04930440195148562
2024-12-31,VRSN,Technology,0.038848072130380995,0.08403889383059276
2024-12-31,WDC,Technology,0.09223544379997395,0.04295106516281039
2024-12-31,AXP,Financials,0.07212632577243827,0.05002940467129631
2024-12-31,BAC,Financials,0.05346977305791745,0.06933908228755847
2024-12-31,BK,Financials,0.12460434373363594,0.07523728079200417
2024-12-31,BLK,Financials,0.0491556258980006,0.0952404433870041
2024-12-31,C,Financials,0.15684027060559536,0.0687443423089857
2024-12-31,CFG,Financials,0.09658963890753358,0.08304979906197325
2024-12-31,CME,Financials,0.01847300620134007,0.062001962329839684
2024-12-31,COF,Financials,0.1423844746707068,0.07074142852018517
2024-12-31,FITB,Financials,0.048013301899753724,0.06720263515951072
2024-12-31,GS,Financials,0.11836832918654605,0.052635863443795186
2024-12-31,HBAN,Financials,0.05716049476879892,0.05419931584231552
2024-12-31,ICE,Financials,0.07261259471637138,0.07946180822586356
2024-12-31,JPM,Financials,0.12085664076815572,0.06985836246576027
2024-12-31,KEY,Financials,0.04900811579637154,0.08052251297677925
2024-12-31,MCO,Financials,0.05507310100084628,0.06937813112674289
2024-12-31,MS,Financials,0.10842432216627795,0.07670376333855525
2024-12-31,MTB,Financials,0.07036863985875574,0.06506303698385225
2024-12-31,PNC,Financials,0.05059047394966898,0.0704384093983464
2024-12-31,RF,Financials,0.04761901507405808,0.08065506259166054
2024-12-31,SCHW,Financials,0.11768652490096088,0.032926315704626445
2024-12-31,SPGI,Financials,0.04694483642809466,0.07696678111873709
2024-12-31,STT,Financials,0.04343359183586948,0.08111604930248226
2024-12-31,TFC,Financials,0.097740661109047,0.07304174620140134
2024-12-31,USB,Financials,-0.0010453713020043276,0.07796162090464
2024-12-31,WFC,Financials,0.12186794048685434,0.059770932211493814
2024-12-31,AFL,Financials,0.038089669537721305,0.07526790362736117
2024-12-31,AJG,Financials,0.06330808230526097,0.07109648564511777
2024-12-31,ALL,Financials,-0.0023860670812693163,0.05591220673465927
2024-12-31,AMTD,Financials,-0.15833337472544606,0.023356148189582912
2024-12-31,AON,Financials,0.03246461784166366,0.10505311599121281
2024-12-31,CB,Financials,-0.015997086694910734,0.07316563811932218
2024-12-31,FDS,Financials,-0.012222016972335048,0.0820913033075316
2024-12-31,FNF,Financials,0.03615962904366388,0.09396513923082649
2024-12-31,GL,Financials,0.09714256891517059,0.14011709755061397
2024-12-31,HIG,Financials,0.019652683535495985,0.08004313841757602
2024-12-31,IBKR,Financials,0.23076925751326738,0.06446296792061253
2024-12-31,LPLA,Financials,0.12367143572852823,0.05661202158082024
2024-12-31,MET,Financials,0.05654628954204788,0.056960342711500786
2024-12-31,MSCI,Financials,-0.0053999140365704745,0.10114362352537204
2024-12-31,NDAQ,Financials,0.0650628249295333,0.06893271481220069
2024-12-31,PGR,Financials,0.04830096515083815,0.05763300113733712
2024-12-31,PRU,Financials,0.018813762948865387,0.06724535717850277
2024-12-31,RJF,Financials,0.0881610684440659,0.07466020056788951
2024-12-31,SEIC,Financials,0.049709030786881936,0.06271067722761929
2024-12-31,SF,Financials,0.09210016026506684,0.05878640631878437
2024-12-31,SYF,Financials,0.06123080160013039,0.060410108727773956
2024-12-31,TRV,Financials,0.017808938570875954,0.0863088622600675
2024-12-31,UNM,Financials,0.049927563544805986,0.06900725230356737
2024-12-31,WTW,Financials,0.05213245640100683,0.09031970098638357
2024-12-31,ABBV,Healthcare,0.044649509224753636,0.07169124084445844
2024-12-31,ABT,Healthcare,0.13695818667154547,0.07248245074346013
2024-12-31,AMGN,Healthcare,0.09507351394412988,0.06840512561192752
2024-12-31,BAX,Healthcare,0.11659793442839872,0.07738173489000726
2024-12-31,BIIB,Healthcare,-0.05878894585933714,0.047548441569032
2024-12-31,BMY,Healthcare,0.05376035683912339,0.12632616167864685
2024-12-31,BSX,Healthcare,0.14599194984416197,0.06232844518073952
2024-12-31,CI,Healthcare,0.06543774255081236,0.05292228642174788
2024-12-31,CVS,Healthcare,0.2741770233469627,0.09785463147770068
2024-12-31,DHR,Healthcare,-0.029666698261451185,0.07310285327777444
2024-12-31,EW,Healthcare,-0.02134272399173065,0.07026078789518159
2024-12-31,GILD,Healthcare,0.052289557885072835,0.09478433609930934
2024-12-31,HUM,Healthcare,0.15576844881378094,0.0797300047973246
2024-12-31,ISRG,Healthcare,0.09563947583857568,0.08052776251519593
2024-12-31,JNJ,Healthcare,0.052067518758854625,0.08837983103283288
2024-12-31,LLY,Healthcare,0.05062181438556368,0.0963013925242743
2024-12-31,MDT,Healthcare,0.13695526351678122,0.07078063050260368
2024-12-31,MRK,Healthcare,-0.0066344840213631295,0.06812945094398885
2024-12-31,PFE,Healthcare,0.01614906150668438,0.07569997050274403
2024-12-31,REGN,Healthcare,-0.05524131981884839,0.07369260651945263
2024-12-31,SYK,Healthcare,0.08676591189866323,0.06800230088518457
2024-12-31,TMO,Healthcare,0.14901089260325007,0.08299678000448957
2024-12-31,UNH,Healthcare,0.07241132710638998,0.06555452170308876
2024-12-31,VRTX,Healthcare,0.14646133270646122,0.07238860091499645
2024-12-31,ZBH,Healthcare,0.03644805614974955,0.05446808516593424
2024-12-31,A,Healthcare,0.12788476821268047,0.07594231109921971
2024-12-31,ACAD,Healthcare,0.016893703514874403,0.08889041780229993
2024-12-31,ALGN,Healthcare,0.050836920928354346,0.0551326553053083
2024-12-31,ALKS,Healthcare,0.0963143406021929,0.07737090413530398
2024-12-31,BDX,Healthcare,0.09137393304352526,0.07202936377052131
2024-12-31,DGX,Healthcare,0.08642514848584004,0.059284299378073876
2024-12-31,DXCM,Healthcare,0.11649743576009297,0.054184981949719234
2024-12-31,FOLD,Healthcare,0.01698512166839139,0.0976860192261526
2024-12-31,HOLX,Healthcare,0.0006936198404483562,0.06047357895562248
2024-12-31,IDXX,Healthcare,0.020825235344232862,0.05851727918993829
2024-12-31,INSP,Healthcare,0.04380189288656311,0.07777912951417991
2024-12-31,IQV,Healthcare,0.02468070957758295,0.09737252496789281
2024-12-31,MASI,Healthcare,0.05402294319973566,0.08242565908015698
2024-12-31,MTD,Healthcare,0.11502997639656165,0.07372685529221479
2024-12-31,NBIX,Healthcare,0.11223448589171237,0.04989589026992294
2024-12-31,NTRA,Healthcare,0.11762472999510609,0.036454406054276293
2024-12-31,NVCR,Healthcare,-0.17718117162669067,0.013944843388713806
2024-12-31,PODD,Healthcare,0.0663040451716721,0.07505724734141794
2024-12-31,RARE,Healthcare,0.022819089408996573,0.12523321016216993
2024-12-31,RMD,Healthcare,0.03275165550022541,0.0785019542231171
2024-12-31,WAT,Healthcare,0.11995255453706899,0.06052901118478569
2024-12-31,AMZN,Consumer,0.08336748865953902,0.04052202064111534
2024-12-31,AZO,Consumer,0.04628668361570898,0.0712481863667934
2024-12-31,BKNG,Consumer,-0.04646533777577,0.06928191560703678
2024-12-31,CMG,Consumer,-0.0323383215192643,0.02916225059911435
2024-12-31,COST,Consumer,0.06942279262456941,0.073419988198814
2024-12-31,DG,Consumer,-0.05543302205925771,0.09994774911740335
2024-12-31,DLTR,Consumer,-0.02121702582713869,0.007307711601761009
2024-12-31,DRI,Consumer,0.05382781009909099,0.04660726859239914
2024-12-31,EBAY,Consumer,0.08926559002364942,0.09179035376237002
2024-12-31,HD,Consumer,0.05910175818280039,0.0824455423959789
2024-12-31,HLT,Consumer,0.0360495584389986,0.07494590543294427
2024-12-31,KR,Consumer,0.008013026669681844,0.069452392052582
2024-12-31,LOW,Consumer,0.05825038227937229,0.08551242445084081
2024-12-31,LULU,Consumer,0.08313069281788699,0.10348618936026495
2024-12-31,MAR,Consumer,0.04176507199578672,0.04636560248167454
2024-12-31,MCD,Consumer,-0.0041050646969635896,0.06808699036069282
2024-12-31,MGM,Consumer,-0.004906261938130374,0.0589389472727765
2024-12-31,NKE,Consumer,0.016254726319372637,0.045871995463430175
2024-12-31,ORLY,Consumer,0.09160070405584886,0.06635891537868953
2024-12-31,ROST,Consumer,-0.004693562168592957,0.06205639911062336
2024-12-31,SBUX,Consumer,0.18005474960134205,0.08867639992846726
2024-12-31,TGT,Consumer,0.020195363884790485,0.059785934327853535
2024-12-31,TJX,Consumer,0.03294431632370487,0.0713854340475731
2024-12-31,WMT,Consumer,0.08644161895416302,0.06603781919818683
2024-12-31,YUM,Consumer,-0.02728111219546514,0.05647634586433523
2024-12-31,BBY,Consumer,0.0006992867294386418,0.09394806519172173
2024-12-31,CCL,Consumer,0.1103531288126749,0.11403078172949419
2024-12-31,CHDN,Consumer,-0.07458439227349545,0.059154443076605286
2024-12-31,CMCSA,Consumer,-0.0955764201843281,0.05868233315807513
2024-12-31,CZR,Consumer,0.07869542825286846,0.1130998426321605
2024-12-31,DIS,Consumer,0.015357017296232067,0.031043397233138214
2024-12-31,DKNG,Consumer,0.12768816942423822,0.07223569503810193
2024-12-31,F,Consumer,0.018181797263965738,0.03247533191535816
2024-12-31,FOX,Consumer,0.06252713792648379,0.05690341699885256
2024-12-31,GM,Consumer,-0.07152259813969986,0.08171199736495838
2024-12-31,GRMN,Consumer,0.04649474453171698,0.10290935510836964
2024-12-31,H,Consumer,0.007962905950655186,0.059558481879236715
2024-12-31,IHG,Consumer,0.07845022689944314,0.07973464553464925
2024-12-31,LVS,Consumer,-0.10767122644599392,0.10056672242272695
2024-12-31,NCLH,Consumer,0.10182669591317373,0.10681619877007692
2024-12-31,NFLX,Consumer,0.09585781038817198,0.08357683881510343
2024-12-31,PENN,Consumer,0.0393542229392263,0.09315859180301742
2024-12-31,POOL,Consumer,0.009708496178835402,0.05546928856824839
2024-12-31,RCL,Consumer,0.155663431031013,0.07538435542890197
2024-12-31,SIRI,Consumer,0.05307018043002487,0.11008823374729686
2024-12-31,TSLA,Consumer,0.0018819576379678349,0.09029409056721874
2024-12-31,WBD,Consumer,-0.012298970500876583,0.07522468717134036
2024-12-31,WYNN,Consumer,0.008008389211980882,0.10765004421131685
2024-12-31,APA,Energy,-0.040112846687444303,0.05670271607146612
2024-12-31,BA,Energy,-0.0027118402685822884,0.06279490015102879
2024-12-31,CAT,Energy,0.027681453475054463,0.09444398325890509
2024-12-31,COP,Energy,-0.003428474255962044,0.0547576033741868
2024-12-31,CVX,Energy,0.030033231984407438,0.03858076136728122
2024-12-31,DE,Energy,0.12475795380421495,0.06160182626565308
2024-12-31,DVN,Energy,0.04185736601190193,0.05909915184717673
2024-12-31,EOG,Energy,0.03348612046190813,0.03298303095980447
2024-12-31,FDX,Energy,-0.05850781420549356,0.09625844101749247
2024-12-31,GD,Energy,-0.01952750647960877,0.06342677932835927
2024-12-31,GE,Energy,0.22051691863377187,0.08615962895602441
2024-12-31,HAL,Energy,-0.04303055927039534,0.03384176365134633
2024-12-31,HON,Energy,-0.009606374456953226,0.06693388117941787
2024-12-31,LMT,Energy,-0.047310349049895395,0.06961941711695159
2024-12-31,MMM,Energy,0.17902255871496697,0.059022101605022394
2024-12-31,MPC,Energy,0.044516052329891975,0.053619898615340646
2024-12-31,NOC,Energy,0.0383132109508415,0.0619667388179318
2024-12-31,OXY,Energy,-0.05585914004060233,0.040637033129969684
2024-12-31,PSX,Energy,0.034582712951608974,0.03389566575438818
2024-12-31,RTX,Energy,0.11432777222662116,0.05637392476934456
2024-12-31,SLB,Energy,0.050599784554790084,0.05513904809840612
2024-12-31,UNP,Energy,0.08660773493295038,0.06378936251011642
2024-12-31,UPS,Energy,-0.0941315255945927,0.05325338212645278
2024-12-31,VLO,Energy,0.09377857200617035,0.05079253012602434
2024-12-31,XOM,Energy,-0.006879165135417864,0.05421192986812238
2024-12-31,AME,Energy,0.023854539867744107,0.07564381536874554
2024-12-31,BE,Energy,0.0616839664883726,0.05383240601564536
2024-12-31,BKR,Energy,0.12579246933986798,0.07546653399365721
2024-12-31,CTRA,Energy,0.085356346094696,0.035510571057059084
2024-12-31,EMR,Energy,0.048575738019463355,0.06433677947936867
2024-12-31,ENPH,Energy,-0.09318581097030942,0.14559302174516095
2024-12-31,ETN,Energy,-0.016361764851799854,0.039011410050944
2024-12-31,FSLR,Energy,-0.04947798995070596,0.04288708495413023
2024-12-31,FTV,Energy,0.08439995946724532,0.0505199916745039
2024-12-31,GNRC,Energy,-0.03689133252576404,0.05368796422807867
2024-12-31,HUBB,Energy,0.009835421462969451,0.07771462647835767
2024-12-31,MTDR,Energy,0.030927914848085658,0.030023940520808826
2024-12-31,PH,Energy,0.11166147326630105,0.060895744253586785
2024-12-31,PLUG,Energy,-0.12676060358178565,0.04586853060190883
2024-12-31,PR,Energy,0.018775980366207534,0.02238902337352217
2024-12-31,ROK,Energy,-0.025753395954378866,0.0782306645572026
2024-12-31,ROP,Energy,0.10911957716766141,0.07471436517353158
2024-12-31,SM,Energy,-0.015864937789273337,0.037057826835132396
2024-12-31,VRSK,Energy,0.04360470382983017,0.07870859411542871
2024-12-31,WMB,Energy,0.024205598635390624,0.04868681104384444
2024-12-31,XYL,Energy,0.06912599722914847,0.05800765193266338
2025-01-31,AAPL,Technology,0.02587251133027113,-0.0022525074326708826
2025-01-31,ADBE,Technology,0.002537399292692699,0.01790288871961865
2025-01-31,AMAT,Technology,-0.12151893687218729,0.027450707051578205
2025-01-31,AMD,Technology,-0.13876668185746377,0.01366419734408601
2025-01-31,AVGO,Technology,-0.09870300987281122,0.00955027681551771
2025-01-31,CDNS,Technology,-0.15832267955865686,-0.006644854389186281
2025-01-31,CRM,Technology,-0.12832895851114923,0.02819974051362248
2025-01-31,CRWD,Technology,-0.02112694628424905,0.015532992471045382
2025-01-31,FTNT,Technology,0.07067808363338268,-0.005345774346774966
2025-01-31,GOOGL,Technology,-0.16537593568322484,0.011913785712915109
2025-01-31,INTC,Technology,0.22130721407735177,0.07394768623346352
2025-01-31,INTU,Technology,0.020498426303733108,0.000345057081170216
2025-01-31,KLAC,Technology,-0.03765546240026829,0.01430735983988463
2025-01-31,LRCX,Technology,-0.0531770673730515,0.025008062695363216
2025-01-31,META,Technology,-0.030441913778291085,-0.008177794241133607
2025-01-31,MSFT,Technology,-0.041618084643111564,0.00840351606544382
2025-01-31,MU,Technology,0.026194680996241893,0.020686645999091025
2025-01-31,NET,Technology,0.04985555967895672,0.018352215403072417
2025-01-31,NOW,Technology,-0.08702055946497289,0.019805707952931833
2025-01-31,NVDA,Technology,0.0403931058066469,0.022813442552471704
2025-01-31,ORCL,Technology,-0.023521014249490824,0.008804377965446317
2025-01-31,PANW,Technology,0.032588626865348136,0.013981428610231215
2025-01-31,QCOM,Technology,-0.09113508663792758,0.022660559540890475
2025-01-31,SNPS,Technology,-0.12978607030588662,0.016539229926408373
2025-01-31,TXN,Technology,0.06164354506687353,0.020049473104326306
2025-01-31,ACN,Technology,-0.09468760239767826,0.006791230292934787
2025-01-31,ADI,Technology,0.08575193200539388,0.015651641582380717
2025-01-31,ANET,Technology,-0.19248459306619614,0.0012059457016165799
2025-01-31,CGNX,Technology,-0.17595865049725234,0.02609845864756975
2025-01-31,COHU,Technology,-0.14185945096665364,0.006988470978157468
2025-01-31,CSCO,Technology,0.05792079654012161,-0.0003039169687160184
2025-01-31,DELL,Technology,-0.008108079434800075,-0.009306206766685435
2025-01-31,ENTG,Technology,-0.0031515863420032986,0.03275132534329513
2025-01-31,FORM,Technology,-0.16853932905331592,0.006669649104106283
2025-01-31,HPQ,Technology,-0.05015383848827215,0.0129967559884461
2025-01-31,IBM,Technology,-0.006172058917145118,0.010510384201483074
2025-01-31,IPGP,Technology,-0.20646396872083572,-0.010204634943642401
2025-01-31,KEYS,Technology,-0.10552288578726199,0.01156132395820258
2025-01-31,MCHP,Technology,0.09211475501613631,0.012188753371090393
2025-01-31,MKSI,Technology,-0.18770863857517184,-0.011667189992715812
2025-01-31,MPWR,Technology,-0.04135734434361493,0.004570329984914243
2025-01-31,MRVL,Technology,-0.18642558077718896,0.022007840025801192
2025-01-31,NXPI,Technology,0.0337567870417097,0.0027830286901521324
2025-01-31,ONTO,Technology,-0.2886305549434536,0.003700138581173492
2025-01-31,QRVO,Technology,-0.12400579054287952,0.0313139864097871
2025-01-31,STX,Technology,0.05759647803623835,0.011365408826323559
2025-01-31,SWKS,Technology,-0.24108179318114287,0.0015055277446422118
2025-01-31,TER,Technology,-0.05020330755284019,-0.01381332765398423
2025-01-31,VRSN,Technology,0.10641872204148695,-0.005425173997343945
2025-01-31,WDC,Technology,-0.0060741831534590895,0.0013966095601427547
2025-01-31,AXP,Financials,-0.051945398911428464,0.01637143346499817
2025-01-31,BAC,Financials,-0.0043197439639303115,0.008226902070343912
2025-01-31,BK,Financials,0.035144867090450393,0.009433002557109767
2025-01-31,BLK,Financials,-0.090860045417269,0.015081456443591707
2025-01-31,C,Financials,-0.011376226053684602,0.021942184612731654
2025-01-31,CFG,Financials,-0.03783909954052911,0.026765230073993045
2025-01-31,CME,Financials,0.07293257320967306,-0.0071721177770626195
2025-01-31,COF,Financials,-0.01258173754585179,0.022064550979505545
2025-01-31,FITB,Financials,-0.018957252519693824,0.02608723653845465
2025-01-31,GS,Financials,-0.023460799322529535,0.019608740728077226
2025-01-31,HBAN,Financials,-0.04244197385704884,0.0245398265284814
2025-01-31,ICE,Financials,0.08383911509855912,0.013823326602706083
2025-01-31,JPM,Financials,-0.00991404695312681,0.007665363863188034
2025-01-31,KEY,Financials,-0.03670728709646598,0.02304065082129612
2025-01-31,MCO,Financials,0.010907047542912496,-0.006899325592543622
2025-01-31,MS,Financials,-0.038430997966733105,0.02136301285544233
2025-01-31,MTB,Financials,-0.04730668891566869,0.01228270930245823
2025-01-31,PNC,Financials,-0.04493655988950718,0.026671468662143455
2025-01-31,RF,Financials,-0.03774355759300807,0.023246659292375026
2025-01-31,SCHW,Financials,-0.035370817710055125,0.03024283793751764
2025-01-31,SPGI,Financials,0.025493321129042013,0.0013057076130427476
2025-01-31,STT,Financials,-0.02351891593021105,0.008486247955094459
2025-01-31,TFC,Financials,-0.01565222412287348,0.011656945330851832
2025-01-31,USB,Financials,-0.01841778834265506,0.02657901325783503
2025-01-31,WFC,Financials,-0.0011844680500803229,0.025686846096255257
2025-01-31,AFL,Financials,0.025166732412617465,-0.002892217979380267
2025-01-31,AJG,Financials,0.1190111921898167,-0.027979146584764858
2025-01-31,ALL,Financials,0.03545993193143526,0.019320928587387362
2025-01-31,AMTD,Financials,0.019801961500356402,0.0024004811376817435
2025-01-31,AON,Financials,0.10529651598849932,0.004210167348931017
2025-01-31,CB,Financials,0.050021994239571654,0.014746411757948722
2025-01-31,FDS,Financials,-0.024475683657960268,-0.001491822496540124
2025-01-31,FNF,Financials,0.10933475890064392,0.012184300527288026
2025-01-31,GL,Financials,0.043738288672199976,0.09509594225310997
2025-01-31,HIG,Financials,0.06033164699661864,-0.0018631051824276076
2025-01-31,IBKR,Financials,-0.05881434453146517,0.021087827916490328
2025-01-31,LPLA,Financials,0.01321915981193622,0.01158411249595365
2025-01-31,MET,Financials,0.002576684043807287,-0.01551820302885828
2025-01-31,MSCI,Financials,-0.007367774720118403,0.009196622832251014
2025-01-31,NDAQ,Financials,0.005343769319292813,0.01555250319522502
2025-01-31,PGR,Financials,0.14429475618834364,-0.012162888166813568
2025-01-31,PRU,Financials,-0.03519471494923443,-0.001389004728105783
2025-01-31,RJF,Financials,-0.08196813420334448,0.01878901195549751
2025-01-31,SEIC,Financials,-0.07542159961512862,-0.003365897408030816
2025-01-31,SF,Financials,-0.08338361084128765,0.02228677057438299
2025-01-31,SYF,Financials,-0.1171249635424173,0.01082501019689865
2025-01-31,TRV,Financials,0.05428664073538636,0.019002704315644225
2025-01-31,UNM,Financials,0.07921305912120791,0.013341122573372702
2025-01-31,WTW,Financials,0.030585363630854623,-0.006959588429900235
2025-01-31,ABBV,Healthcare,0.13665034521991326,0.01679243355280659
2025-01-31,ABT,Healthcare,0.07879294170815054,0.00726934120326147
2025-01-31,AMGN,Healthcare,0.08804146795106038,0.011106762338722457
2025-01-31,BAX,Healthcare,0.06504788339624179,0.03442055122009301
2025-01-31,BIIB,Healthcare,-0.023830979297745802,0.006319536000220938
2025-01-31,BMY,Healthcare,0.011365547714744295,0.01674960549035141
2025-01-31,BSX,Healthcare,0.013970303796883465,-0.0006345519552373976
2025-01-31,CI,Healthcare,0.049760328983635915,-0.01908394401810149
2025-01-31,CVS,Healthcare,0.16359785674190364,0.04613425445804363
2025-01-31,DHR,Healthcare,-0.06725334053999088,0.02324730767783686
2025-01-31,EW,Healthcare,-0.011456097123828668,0.030849546550684243
2025-01-31,GILD,Healthcare,0.1760289198274061,0.005322770432362728
2025-01-31,HUM,Healthcare,-0.07778869178968262,0.025576602078689992
2025-01-31,ISRG,Healthcare,0.0022207797447126865,0.005635862407125576
2025-01-31,JNJ,Healthcare,0.09326934177003965,0.012751727557604108
2025-01-31,LLY,Healthcare,0.1370229260668725,0.018988577921071056
2025-01-31,MDT,Healthcare,0.013213020700104883,0.014964462797744783
2025-01-31,MRK,Healthcare,-0.06648458962617632,0.026047938410370352
2025-01-31,PFE,Healthcare,-0.0033936925593639478,0.0026143779484973898
2025-01-31,REGN,Healthcare,0.039611709701733444,0.06695024783422121
2025-01-31,SYK,Healthcare,-0.013033919920240056,-0.003978213906918684
2025-01-31,TMO,Healthcare,-0.11508141282757833,0.01736371966160123
2025-01-31,UNH,Healthcare,-0.12448160715403911,0.02282464258855786
2025-01-31,VRTX,Healthcare,0.03922633892835492,0.02357158999965417
2025-01-31,ZBH,Healthcare,-0.047131943444744584,0.038736645848881285
2025-01-31,A,Healthcare,-0.15575514036416505,0.012567834649789292
2025-01-31,ACAD,Healthcare,0.05037516300880274,0.044376876928285805
2025-01-31,ALGN,Healthcare,-0.14641048670390588,0.08514760361986937
2025-01-31,ALKS,Healthcare,0.08880434771430612,0.01775877072240888
2025-01-31,BDX,Healthcare,-0.08913574557389581,0.004190131110219496
2025-01-31,DGX,Healthcare,0.060085741201611365,0.0025279817873230014
2025-01-31,DXCM,Healthcare,0.017735815767040197,0.03576806392648382
2025-01-31,FOLD,Healthcare,-0.009394588027624273,0.044602752715182256
2025-01-31,HOLX,Healthcare,-0.12129193337996569,-0.011740386378429231
2025-01-31,IDXX,Healthcare,0.035682971198144564,0.026038042792351876
2025-01-31,INSP,Healthcare,-0.04087857189720612,0.11049539279925005
2025-01-31,IQV,Healthcare,-0.06237583194538421,0.06275702528163399
2025-01-31,MASI,Healthcare,0.08345295816720077,0.018873473580108643
2025-01-31,MTD,Healthcare,-0.06722169874959427,0.013057455131425283
2025-01-31,NBIX,Healthcare,-0.21802137074614292,-0.002974349354555057
2025-01-31,NTRA,Healthcare,-0.12056297790985804,0.050548641305529995
2025-01-31,NVCR,Healthcare,-0.2222675636702054,0.05828998757904278
2025-01-31,PODD,Healthcare,-0.02194847245481124,0.021649291413464163
2025-01-31,RARE,Healthcare,-0.002556370287523424,0.06382958479321299
2025-01-31,RMD,Healthcare,-0.009042704465675233,0.021216931502553577
2025-01-31,WAT,Healthcare,-0.09179747193588228,0.018458349023705165
2025-01-31,AMZN,Consumer,-0.10686635257151178,-0.0008214506706972171
2025-01-31,AZO,Consumer,0.04262420877889239,-0.004776286409337117
2025-01-31,BKNG,Consumer,0.05877479984266132,0.009417084778762684
2025-01-31,CMG,Consumer,-0.07506422224433384,0.004326373159807931
2025-01-31,COST,Consumer,0.07132359561821655,0.004404796917637968
2025-01-31,DG,Consumer,0.04390669316405882,0.07764671261102847
2025-01-31,DLTR,Consumer,-0.006680270947004963,0.011304750326857878
2025-01-31,DRI,Consumer,0.02673629727447513,0.0071443510253673456
2025-01-31,EBAY,Consumer,-0.040604785599803184,0.0026684276532508606
2025-01-31,HD,Consumer,-0.037331888912701006,-0.024890227014654955
2025-01-31,HLT,Consumer,0.035296769252978866,-0.0011668187085267037
2025-01-31,KR,Consumer,0.056742406257113576,-0.005111506930730163
2025-01-31,LOW,Consumer,-0.043839392778709185,0.00913581601912467
2025-01-31,LULU,Consumer,-0.11731053940959757,-0.024140923493315543
2025-01-31,MAR,Consumer,-0.032734713280002437,-0.0029495861321239035
2025-01-31,MCD,Consumer,0.0679944898055529,0.00604677545187956
2025-01-31,MGM,Consumer,0.008120614356560196,0.005569353934640165
2025-01-31,NKE,Consumer,0.03289991491498245,0.01790461953791112
2025-01-31,ORLY,Consumer,0.06120107171764366,0.006034333935564668
2025-01-31,ROST,Consumer,-0.06801283369127387,-0.0020292689805063782
2025-01-31,SBUX,Consumer,0.08133886110646471,0.04578703464066426
2025-01-31,TGT,Consumer,-0.09143984991536969,0.0149410128673907
2025-01-31,TJX,Consumer,0.002782257213546746,-0.016400905825860228
2025-01-31,WMT,Consumer,0.004584311249753448,0.0046797154096339345
2025-01-31,YUM,Consumer,0.2038998133036254,-0.0007491140635640217
2025-01-31,BBY,Consumer,0.04716977275801648,0.016168386283414396
2025-01-31,CCL,Consumer,-0.13516444500214297,0.009508423594022404
2025-01-31,CHDN,Consumer,-0.041106973102295385,0.0074635364532113216
2025-01-31,CMCSA,Consumer,0.06595359039122539,0.008567474351998512
2025-01-31,CZR,Consumer,-0.07850202708043597,0.02404985931558406
2025-01-31,DIS,Consumer,0.0065452417757716486,0.010019938766033958
2025-01-31,DKNG,Consumer,0.04553038885995653,0.016276649812250663
2025-01-31,F,Consumer,-0.02161796584321951,0.008405113493650676
2025-01-31,FOX,Consumer,0.11255155420368368,-0.0008499629676478681
2025-01-31,GM,Consumer,-0.006671933372680017,0.009482676959228577
2025-01-31,GRMN,Consumer,0.06059755997305838,0.019863682822409107
2025-01-31,H,Consumer,-0.10824724030740396,-0.0043438904200699055
2025-01-31,IHG,Consumer,-0.058491764349344666,-0.018419753209703578
2025-01-31,LVS,Consumer,-0.018730669316585624,0.006645942568102748
2025-01-31,NCLH,Consumer,-0.19858910025959453,0.004392332161431519
2025-01-31,NFLX,Consumer,0.0038903849838498594,0.015064334312692941
2025-01-31,PENN,Consumer,0.04417474905634844,-0.023799448316915602
2025-01-31,POOL,Consumer,0.007988331300568419,0.033413182391800515
2025-01-31,RCL,Consumer,-0.07689408977179979,0.03121810879016744
2025-01-31,SIRI,Consumer,0.01810616813169519,0.0859148426451975
2025-01-31,TSLA,Consumer,-0.2758773935575025,0.03612066937746537
2025-01-31,WBD,Consumer,0.09770119719930315,0.05939142601031978
2025-01-31,WYNN,Consumer,0.031280365451697545,0.020562395620635384
2025-01-31,APA,Energy,-0.056087470177063725,-0.009699559708197766
2025-01-31,BA,Energy,-0.010706998322587813,-0.021409531815202595
2025-01-31,CAT,Energy,-0.07400929891619457,-0.0052810127218415135
2025-01-31,COP,Energy,0.011378998823891928,0.010894293073757768
2025-01-31,CVX,Energy,0.07500063758776565,-0.008753216081806103
2025-01-31,DE,Energy,0.008876229074300301,0.00927281048205942
2025-01-31,DVN,Energy,0.06217042782010229,0.03670579144226833
2025-01-31,EOG,Energy,0.009142198989651629,-0.0009714589736166445
2025-01-31,FDX,Energy,-0.007437582088318573,0.028877838255099313
2025-01-31,GD,Energy,-0.01704415450962149,0.010614776867205128
2025-01-31,GE,Energy,0.016750973386857826,0.031443463281760065
2025-01-31,HAL,Energy,0.013451270998269926,0.040281691251916205
2025-01-31,HON,Energy,-0.04331595612120176,-0.007902026793370836
2025-01-31,LMT,Energy,-0.02717363867792799,0.011809892447514406
2025-01-31,MMM,Energy,0.024212657928602166,0.002521867059621837
2025-01-31,MPC,Energy,0.03660897616993819,0.04069451345505951
2025-01-31,NOC,Energy,-0.05239400024315666,0.00775242048556419
2025-01-31,OXY,Energy,0.04694529760641708,0.012344525219990136
2025-01-31,PSX,Energy,0.11019407319436358,0.03730628880122321
2025-01-31,RTX,Energy,0.03654968558958349,-0.0006465929893972083
2025-01-31,SLB,Energy,0.04146092386303346,0.03919927447749194
2025-01-31,UNP,Energy,0.0010342723204350701,0.01786298109804504
2025-01-31,UPS,Energy,0.05693491917568516,0.031549869084238236
2025-01-31,VLO,Energy,-0.017067786225355985,0.023384127451320173
2025-01-31,XOM,Energy,0.05144457041801931,0.0059249556597804195
2025-01-31,AME,Energy,0.025682588571638743,0.020025268822746578
2025-01-31,BE,Energy,0.018659903964429736,0.23502567590903492
2025-01-31,BKR,Energy,-0.029723403195876963,0.002857541643288059
2025-01-31,CTRA,Energy,-0.026334901888026785,-0.0006769398037853489
2025-01-31,EMR,Energy,-0.06021839762739334,-0.007990840885600618
2025-01-31,ENPH,Energy,-0.07947972134334191,0.04201970019658672
2025-01-31,ETN,Energy,-0.10145838569399412,0.02161570812433304
2025-01-31,FSLR,Energy,-0.18708220390030017,-0.014554661272708
2025-01-31,FTV,Energy,-0.021025277625269623,-0.006247228215708229
2025-01-31,GNRC,Energy,-0.08826095073300533,0.0442992083487287
2025-01-31,HUBB,Energy,-0.11840598545271697,-0.005468124579243688
2025-01-31,MTDR,Energy,-0.09217483122231829,0.025441682279721982
2025-01-31,PH,Energy,-0.05227450935529643,0.02405129922132683
2025-01-31,PLUG,Energy,-0.13440860111681163,0.11576912286096601
2025-01-31,PR,Energy,-0.03822519565783522,0.001689009990988281
2025-01-31,ROK,Energy,0.035928068074493114,0.01588437990355456
2025-01-31,ROP,Energy,0.015373931726817336,-0.008090392385086437
2025-01-31,SM,Energy,-0.13830344633320613,0.059743942747118
2025-01-31,VRSK,Energy,0.032945980666873265,0.005599757496373424
2025-01-31,WMB,Energy,0.049612064662774014,0.019009850954818993
2025-01-31,XYL,Energy,0.05849681646091032,0.0014565867310870556
2025-02-28,AAPL,Technology,-0.08150009429390093,-0.006973683076737584
2025-02-28,ADBE,Technology,-0.12547883775456425,0.02969742851200219
2025-02-28,AMAT,Technology,-0.08192580729109855,0.0042815303683831915
2025-02-28,AMD,Technology,0.02884034884653741,0.04113579063988272
2025-02-28,AVGO,Technology,-0.15791690404933312,0.026436233305833133
2025-02-28,CDNS,Technology,0.015289428467284205,-0.0053129058728712325
2025-02-28,CRM,Technology,-0.0990096102799134,0.016866801314010665
2025-02-28,CRWD,Technology,-0.0951599259389152,0.027072518627992488
2025-02-28,FTNT,Technology,-0.10878622134624161,0.025751370349415045
2025-02-28,GOOGL,Technology,-0.09080288682617288,0.02500625271503042
2025-02-28,INTC,Technology,-0.04298358522713841,0.10326660550250964
2025-02-28,INTU,Technology,0.00024441213509263093,0.02018660487342364
2025-02-28,KLAC,Technology,-0.04096841954759933,-0.0035847130785244693
2025-02-28,LRCX,Technology,-0.049786253656108115,0.0102178123302773
2025-02-28,META,Technology,-0.1366765895943155,-0.01107076298545834
2025-02-28,MSFT,Technology,-0.05440940078093004,-0.0015879801993949492
2025-02-28,MU,Technology,-0.07077719344476174,0.03487360074296614
2025-02-28,NET,Technology,-0.22443220870914538,0.01747178266768297
2025-02-28,NOW,Technology,-0.1437145049255122,0.02753918986096279
2025-02-28,NVDA,Technology,-0.13232496449965547,-0.03223558178643522
2025-02-28,ORCL,Technology,-0.15807546758226976,-0.006381884047737664
2025-02-28,PANW,Technology,-0.1039226699957212,0.0015819173335806398
2025-02-28,QCOM,Technology,-0.017380652053409107,-0.010615039682178666
2025-02-28,SNPS,Technology,-0.06217195755702143,-0.0022762164364932822
2025-02-28,TXN,Technology,-0.08311657595589372,0.008418637440641329
2025-02-28,ACN,Technology,-0.10461989035891428,0.021519528520376807
2025-02-28,ADI,Technology,-0.11958864094773114,0.015435508312540902
2025-02-28,ANET,Technology,-0.16732938403197706,-0.0016418282571737891
2025-02-28,CGNX,Technology,-0.09054880171936952,-0.012319851674962466
2025-02-28,COHU,Technology,-0.25178025674891935,0.005769386566748092
2025-02-28,CSCO,Technology,-0.03743569370887412,-0.006011909129618546
2025-02-28,DELL,Technology,-0.1129817464375813,0.03350696320693495
2025-02-28,ENTG,Technology,-0.13574380360922889,-0.018768210352463392
2025-02-28,FORM,Technology,-0.15045040349302563,0.006555542602053634
2025-02-28,HPQ,Technology,-0.0938625779808453,-0.0027422203664500063
2025-02-28,IBM,Technology,-0.014973957768705026,-0.012791250549658066
2025-02-28,IPGP,Technology,0.08506617768963864,-0.030457833195139665
2025-02-28,KEYS,Technology,-0.061179681448744194,0.012502965107998896
2025-02-28,MCHP,Technology,-0.1775399702438364,0.00840557796089877
2025-02-28,MKSI,Technology,-0.1270964102667108,-0.013062633388236196
2025-02-28,MPWR,Technology,-0.048224339245894865,0.00024143378267290407
2025-02-28,MRVL,Technology,-0.32944899650194903,-0.0024176123001993753
2025-02-28,NXPI,Technology,-0.11408152511500913,0.010405534844578094
2025-02-28,ONTO,Technology,-0.1669642092048439,0.014610575030862232
2025-02-28,QRVO,Technology,-0.0038519572140965908,-0.03932733555873475
2025-02-28,STX,Technology,-0.1595950111536606,0.008380018781612451
2025-02-28,SWKS,Technology,-0.030453194304289166,0.01903636456072215
2025-02-28,TER,Technology,-0.24813402613450797,0.058416802267088945
2025-02-28,VRSN,Technology,0.06721870547395437,0.01301390088003373
2025-02-28,WDC,Technology,-0.1737176095232711,0.005631297249082843
2025-02-28,AXP,Financials,-0.10602725555996584,0.011227670568931133
2025-02-28,BAC,Financials,-0.08908126202704614,0.014694390819688923
2025-02-28,BK,Financials,-0.05711059878296221,-0.0024016699064136463
2025-02-28,BLK,Financials,-0.026727274264626177,-0.004618654123257866
2025-02-28,C,Financials,-0.1120700416610636,-0.0033860004836024486
2025-02-28,CFG,Financials,-0.1048722001777519,0.015813471716262614
2025-02-28,CME,Financials,0.05056479299915928,-0.0034092510303359008
2025-02-28,COF,Financials,-0.10595849521857714,0.015292201764258297
2025-02-28,FITB,Financials,-0.0895488580894288,0.005773807134558679
2025-02-28,GS,Financials,-0.12212963394007104,0.014905271685753261
2025-02-28,HBAN,Financials,-0.07906577854188324,0.01933735493369494
2025-02-28,ICE,Financials,-0.0014120376928269396,-0.0017958130314304486
2025-02-28,JPM,Financials,-0.07311545904513539,0.035878670140539616
2025-02-28,KEY,Financials,-0.06550778699990678,0.009270628680748384
2025-02-28,MCO,Financials,-0.0759019252069929,-0.002868887506098073
2025-02-28,MS,Financials,-0.12350677855642711,0.008842007337504837
2025-02-28,MTB,Financials,-0.06103905991185843,0.028933426269246918
2025-02-28,PNC,Financials,-0.08414951625219258,0.005378468467031125
2025-02-28,RF,Financials,-0.0737425006139848,0.011909885438339622
2025-02-28,SCHW,Financials,-0.015717374132528605,-0.002971144569959572
2025-02-28,SPGI,Financials,-0.04803848412926737,-0.007448043418233978
2025-02-28,STT,Financials,-0.09775281687086912,-0.007045090195078504
2025-02-28,TFC,Financials,-0.11218974539553472,-0.0014655043628500847
2025-02-28,USB,Financials,-0.08900836268934975,-0.0031486762231753775
2025-02-28,WFC,Financials,-0.08337585654792312,0.00761246686172111
2025-02-28,AFL,Financials,0.015712021395674736,0.002415154201274263
2025-02-28,AJG,Financials,0.02416524183755997,-0.011287663518954773
2025-02-28,ALL,Financials,0.0449749454333539,-0.008718918933798519
2025-02-28,AMTD,Financials,0.048543760111089185,-0.06625904468072215
2025-02-28,AON,Financials,-0.024515969131977733,-0.01011661120085878
2025-02-28,CB,Financials,0.06117908367402358,0.002263424412050789
2025-02-28,FDS,Financials,-0.015376640284258891,0.011578568433804502
2025-02-28,FNF,Financials,0.016366678790607603,0.003781078231602863
2025-02-28,GL,Financials,0.03366543043870118,0.0769204027518997
2025-02-28,HIG,Financials,0.050696340113828064,-0.00620871387231897
2025-02-28,IBKR,Financials,-0.18987283454549586,-0.019820646601351015
2025-02-28,LPLA,Financials,-0.11912672671672364,0.013566182889823064
2025-02-28,MET,Financials,-0.06834530209803902,0.015873850816517245
2025-02-28,MSCI,Financials,-0.042353369559421705,0.0070850180176203975
2025-02-28,NDAQ,Financials,-0.08053737696693786,0.001764717877169673
2025-02-28,PGR,Financials,0.0035816410805515897,0.006586485391909146
2025-02-28,PRU,Financials,-0.02971323142693505,-0.006097075822763003
2025-02-28,RJF,Financials,-0.10189424624559063,0.018654986103787255
2025-02-28,SEIC,Financials,-0.0302311448488366,-0.007551781530142242
2025-02-28,SF,Financials,-0.10848390661967433,0.013865906305928207
2025-02-28,SYF,Financials,-0.12755441333017892,0.013086481474737214
2025-02-28,TRV,Financials,0.02728134136548266,-0.005646010758625546
2025-02-28,UNM,Financials,-0.010086248063668535,0.018585066219356242
2025-02-28,WTW,Financials,-0.002282595496509665,-0.00017512588735323867
2025-02-28,ABBV,Healthcare,0.0023441836744553246,-0.0037279909740116474
2025-02-28,ABT,Healthcare,-0.0388378235748561,-0.0017776055338857898
2025-02-28,AMGN,Healthcare,0.011328995534282127,0.0054612631528169414
2025-02-28,BAX,Healthcare,-0.008113546398849758,-0.015720648239974423
2025-02-28,BIIB,Healthcare,-0.026049848128892328,0.01743583605830053
2025-02-28,BMY,Healthcare,0.022978919675203047,0.013563072470862617
2025-02-28,BSX,Healthcare,-0.02803741821408956,-0.006442258057087557
2025-02-28,CI,Healthcare,0.0704756800154609,0.017010566810477006
2025-02-28,CVS,Healthcare,0.03088854347827419,-0.007220165086250311
2025-02-28,DHR,Healthcare,-0.011779459276263116,0.030530144779649243
2025-02-28,EW,Healthcare,0.012007827106549573,0.05117264816640868
2025-02-28,GILD,Healthcare,-0.012891000152693843,0.01574481353090219
2025-02-28,HUM,Healthcare,-0.018308913474618715,-0.024404594896437835
2025-02-28,ISRG,Healthcare,-0.13588071548982006,-0.013315574428823368
2025-02-28,JNJ,Healthcare,0.004969111634077761,0.00262508327258574
2025-02-28,LLY,Healthcare,-0.10288609795052905,0.0033756943421634003
2025-02-28,MDT,Healthcare,-0.015729854614104144,-0.0012628384677275861
2025-02-28,MRK,Healthcare,-0.01858602337888604,0.0328083455343877
2025-02-28,PFE,Healthcare,-0.04124110730617203,0.010494597480931442
2025-02-28,REGN,Healthcare,-0.0923233702036379,0.061518572430849856
2025-02-28,SYK,Healthcare,-0.033869742671619796,-0.01115983039078854
2025-02-28,TMO,Healthcare,-0.05849071540805051,0.0032958820061629265
2025-02-28,UNH,Healthcare,0.10743713263191612,0.0035293784395465768
2025-02-28,VRTX,Healthcare,0.010483750577781947,-0.0068474905878951236
2025-02-28,ZBH,Healthcare,0.08725553704035183,0.009096506242918943
2025-02-28,A,Healthcare,-0.08552217931095984,0.0046670911813473815
2025-02-28,ACAD,Healthcare,-0.15255100576145786,-0.010306111143615106
2025-02-28,ALGN,Healthcare,-0.15061753917983545,-0.012877873167548572
2025-02-28,ALKS,Healthcare,-0.03815908253479894,0.01570278601668981
2025-02-28,BDX,Healthcare,0.020274706411173016,0.01507964722814507
2025-02-28,DGX,Healthcare,-0.021399629115347985,-0.004525867417851686
2025-02-28,DXCM,Healthcare,-0.22722644796829927,0.1121292190721672
2025-02-28,FOLD,Healthcare,-0.140147519049871,-0.01408041255819652
2025-02-28,HOLX,Healthcare,-0.025556064797017664,0.01919007724007248
2025-02-28,IDXX,Healthcare,-0.039257792591330776,-0.0010230323317115886
2025-02-28,INSP,Healthcare,-0.1417640933118668,0.12748885281425615
2025-02-28,IQV,Healthcare,-0.06620762604846586,0.00670853221631218
2025-02-28,MASI,Healthcare,-0.11744449683301528,0.019502099112522143
2025-02-28,MTD,Healthcare,-0.07213679256774475,-0.00947320888102926
2025-02-28,NBIX,Healthcare,-0.06839624884678674,0.014673752359161553
2025-02-28,NTRA,Healthcare,-0.09113691760096798,0.01845821023557151
2025-02-28,NVCR,Healthcare,-0.06554798217114088,0.10920143831254717
2025-02-28,PODD,Healthcare,-0.0354795021555766,0.02418027599480407
2025-02-28,RARE,Healthcare,-0.15633735719326436,0.018320559049501868
2025-02-28,RMD,Healthcare,-0.04140972334576898,0.02082596163189169
2025-02-28,WAT,Healthcare,-0.023241609950668374,0.037749095484609724
2025-02-28,AMZN,Consumer,-0.1037309421475675,0.020477337656079796
2025-02-28,AZO,Consumer,0.09154569229325116,0.013432641615406157
2025-02-28,BKNG,Consumer,-0.07967737939911446,0.01121947653335604
2025-02-28,CMG,Consumer,-0.06966837226581557,0.009807037492038926
2025-02-28,COST,Consumer,-0.09806309051457307,-0.006337245807944239
2025-02-28,DG,Consumer,0.18535986139873728,0.05298941250546871
2025-02-28,DLTR,Consumer,0.030332131017834163,0.04466253188452603
2025-02-28,DRI,Consumer,0.03641615048906344,0.0217337298122394
2025-02-28,EBAY,Consumer,0.05092848194986921,0.00026372290002501104
2025-02-28,HD,Consumer,-0.07005618928914159,-0.022953539305673034
2025-02-28,HLT,Consumer,-0.14119103251152054,0.011954530606791872
2025-02-28,KR,Consumer,0.04427656949383385,0.015185396970908805
2025-02-28,LOW,Consumer,-0.06197720123709072,0.009122945985041516
2025-02-28,LULU,Consumer,-0.22578701649406674,0.0476344876725303
2025-02-28,MAR,Consumer,-0.1506507779237498,0.011438660526217517
2025-02-28,MCD,Consumer,0.01895220368243744,-7.573529922401597e-05
2025-02-28,MGM,Consumer,-0.14729571861667834,0.014487477734155943
2025-02-28,NKE,Consumer,-0.19676069945821983,0.0179186490511709
2025-02-28,ORLY,Consumer,0.04290793114316194,0.017962941766164035
2025-02-28,ROST,Consumer,-0.08634841156169026,-0.01140614022311198
2025-02-28,SBUX,Consumer,-0.15300928210675135,0.0072557675938125996
2025-02-28,TGT,Consumer,-0.16001284955932715,0.007390761082347894
2025-02-28,TJX,Consumer,-0.023725565882148802,-0.01199392039144296
2025-02-28,WMT,Consumer,-0.10728035563503635,0.0068887059554460055
2025-02-28,YUM,Consumer,0.006331256067615421,-1.22002346261602e-05
2025-02-28,BBY,Consumer,-0.17088330257569817,0.010503487284918706
2025-02-28,CCL,Consumer,-0.18386963541771761,0.011221768697454724
2025-02-28,CHDN,Consumer,-0.06270041078150868,0.011852017566869518
2025-02-28,CMCSA,Consumer,0.02842805008640159,0.02839697120710407
2025-02-28,CZR,Consumer,-0.24744132807497665,0.003216566089924871
2025-02-28,DIS,Consumer,-0.1326889602273189,-0.0017999511173236167
2025-02-28,DKNG,Consumer,-0.24281808886626777,-0.004323144174622368
2025-02-28,F,Consumer,0.05026174855235377,0.00015200976615762268
2025-02-28,FOX,Consumer,-0.02012375858942006,0.016075644295948172
2025-02-28,GM,Consumer,-0.04030394229968515,0.009927910817195185
2025-02-28,GRMN,Consumer,-0.048134302733935486,0.01098531091540807
2025-02-28,H,Consumer,-0.13089744273988946,0.007854176623738805
2025-02-28,IHG,Consumer,-0.1359981190569155,0.0041589696159114115
2025-02-28,LVS,Consumer,-0.13598743425960114,0.019744252573999893
2025-02-28,NCLH,Consumer,-0.16549297282204412,0.011613672929841461
2025-02-28,NFLX,Consumer,-0.04898222868327429,0.0015738793253899416
2025-02-28,PENN,Consumer,-0.24174805707148828,-0.003172926388680082
2025-02-28,POOL,Consumer,-0.0793490603669329,0.007873562628916142
2025-02-28,RCL,Consumer,-0.16230256652625297,0.02637767521655626
2025-02-28,SIRI,Consumer,-0.0677966663916233,-0.015245616212149947
2025-02-28,TSLA,Consumer,-0.11543452131892018,0.021293941977528593
2025-02-28,WBD,Consumer,-0.06369986854107224,-0.004561561873379618
2025-02-28,WYNN,Consumer,-0.06515895148710404,0.015788506917186952
2025-02-28,APA,Energy,0.015458952372999546,-0.00876322221997114
2025-02-28,BA,Energy,-0.023363693048011003,-0.002856041005062566
2025-02-28,CAT,Energy,-0.04113971904898628,-0.019330749786483414
2025-02-28,COP,Energy,0.0592032040998931,0.0258253352220436
2025-02-28,CVX,Energy,0.05465900710679983,0.006929407450468723
2025-02-28,DE,Energy,-0.02038365884601634,-0.0021877627944614075
2025-02-28,DVN,Energy,0.039965055496381297,0.009018155945208
2025-02-28,EOG,Energy,0.010241162514753377,0.008044070248899905
2025-02-28,FDX,Energy,-0.06766025122873243,0.002763055884527733
2025-02-28,GD,Energy,0.07909723379063105,0.013399813080760053
2025-02-28,GE,Energy,-0.0311992066030089,0.002083220989716396
2025-02-28,HAL,Energy,-0.031101510294961887,0.06156862926096827
2025-02-28,HON,Energy,-0.0053549010417580645,0.01030807242834527
2025-02-28,LMT,Energy,-0.0008051891149539747,0.01503449002225402
2025-02-28,MMM,Energy,-0.053249074959464515,0.007576939653723099
2025-02-28,MPC,Energy,-0.0298974949258074,-0.022492495707049653
2025-02-28,NOC,Energy,0.11384006416374981,-0.006400965277102147
2025-02-28,OXY,Energy,0.015807781128657217,0.009858149164447196
2025-02-28,PSX,Energy,-0.047883515194724335,-0.009527665833686796
2025-02-28,RTX,Energy,-0.003985322513840317,-0.003719546705645202
2025-02-28,SLB,Energy,0.0033605759671635482,0.00995311423153119
2025-02-28,UNP,Energy,-0.0423609087735386,0.0050430971035809145
2025-02-28,UPS,Energy,-0.0759473777844003,-0.0013696716220748936
2025-02-28,VLO,Energy,0.01025013683690279,0.014514693836220241
2025-02-28,XOM,Energy,0.06826542606135932,0.012318653948528208
2025-02-28,AME,Energy,-0.0890165510949914,0.007402098371198321
2025-02-28,BE,Energy,-0.1815154257810323,0.12012506456431656
2025-02-28,BKR,Energy,-0.014352813275233522,0.00730585160286007
2025-02-28,CTRA,Energy,0.07948865413600603,0.008995297284699541
2025-02-28,EMR,Energy,-0.09842944352664307,0.0017494189407713215
2025-02-28,ENPH,Energy,0.08233032016840292,0.07614742643007645
2025-02-28,ETN,Energy,-0.06987023184648633,0.00014406650746343617
2025-02-28,FSLR,Energy,-0.07159636433391758,-0.09791719911154585
2025-02-28,FTV,Energy,-0.07995964546572498,-0.0012867648050425542
2025-02-28,GNRC,Energy,-0.0697759294637087,0.0339152443505963
2025-02-28,HUBB,Energy,-0.10947556873176145,-0.00013326300568476305
2025-02-28,MTDR,Energy,-0.0238823657757391,-0.0019381409724998021
2025-02-28,PH,Energy,-0.09073922649754818,0.0006724538368579905
2025-02-28,PLUG,Energy,-0.16149067587149946,0.0793100126397797
2025-02-28,PR,Energy,-0.0060952019555508,-0.003463907907634368
2025-02-28,ROK,Energy,-0.10019149146014561,0.0010784775677205075
2025-02-28,ROP,Energy,0.008691304059173621,-0.00014385225644523758
2025-02-28,SM,Energy,-0.084377819744332,0.017172138034243306
2025-02-28,VRSK,Energy,0.0039517646308195875,-0.010669902291948578
2025-02-28,WMB,Energy,0.036380842517961476,-0.009669449558078934
2025-02-28,XYL,Energy,-0.08732532863298803,0.0023808125463567285
2025-03-31,AAPL,Technology,-0.04335306057398958,-0.046117037083434745
2025-03-31,ADBE,Technology,-0.02229287883654929,-0.0823863711225295
2025-03-31,AMAT,Technology,0.03852006156844645,-0.03419184084298887
2025-03-31,AMD,Technology,-0.05246252191668754,0.028732032263197177
2025-03-31,AVGO,Technology,0.14955505535394376,-0.05987081993012768
2025-03-31,CDNS,Technology,0.17068371049734243,-0.03822976707495632
2025-03-31,CRM,Technology,0.002877522335882121,-0.056094422272277907
2025-03-31,CRWD,Technology,0.21637645768440494,-0.043742904954508104
2025-03-31,FTNT,Technology,0.07791398123371884,-0.08956648219745353
2025-03-31,GOOGL,Technology,0.026901221618923055,-0.052259113324245154
2025-03-31,INTC,Technology,-0.11492729230391929,-0.07586060833729365
2025-03-31,INTU,Technology,0.023739629955678243,-0.014765764153923224
2025-03-31,KLAC,Technology,0.03367169554059557,-0.07933787942361109
2025-03-31,LRCX,Technology,-0.014167689346605061,-0.07937507583894726
2025-03-31,META,Technology,-0.04747021711836763,-0.05281886179886071
2025-03-31,MSFT,Technology,0.052931580014458524,-0.027043919951063044
2025-03-31,MU,Technology,-0.11439755669290996,-0.06240197772517587
2025-03-31,NET,Technology,0.0717898319515704,-0.09140629407931028
2025-03-31,NOW,Technology,0.19955034735432098,-0.09086225375803905
2025-03-31,NVDA,Technology,0.004982454875415376,-0.06331423831260802
2025-03-31,ORCL,Technology,0.010124455933293364,-0.11566072798341052
2025-03-31,PANW,Technology,0.0954640960173434,-0.028597540102152617
2025-03-31,QCOM,Technology,-0.03352652515983823,-0.04962117731898993
2025-03-31,SNPS,Technology,0.07032762791853475,-0.0369354838437651
2025-03-31,TXN,Technology,-0.10175044398061595,-0.03413101426106154
2025-03-31,ACN,Technology,-0.03655489963898739,-0.03507689924461297
2025-03-31,ADI,Technology,-0.033470502065212626,0.0031679948828707183
2025-03-31,ANET,Technology,0.06182231645068925,-0.09107314741948686
2025-03-31,CGNX,Technology,-0.08481396755915838,-0.0755849368781282
2025-03-31,COHU,Technology,0.08769544245463701,-0.06959319002474262
2025-03-31,CSCO,Technology,-0.05824933557990841,-0.03134552024224833
2025-03-31,DELL,Technology,0.013148316589248976,-0.06920545734246826
2025-03-31,ENTG,Technology,-0.09441389756641483,-0.06562524111848479
2025-03-31,FORM,Technology,-0.005302280700760775,-0.06347023436569448
2025-03-31,HPQ,Technology,-0.07656187077509113,-0.05366397207537628
2025-03-31,IBM,Technology,-0.027507298797483704,-0.06558655747144446
2025-03-31,IPGP,Technology,-0.05147291782414598,-0.049022058036476156
2025-03-31,KEYS,Technology,-0.029178141492382292,-0.042701415570225325
2025-03-31,MCHP,Technology,-0.04813053693718028,-0.05924524023050667
2025-03-31,MKSI,Technology,-0.12489096258393895,-0.054136823919291
2025-03-31,MPWR,Technology,0.022621364133915023,-0.0936276439388571
2025-03-31,MRVL,Technology,-0.050896229175738106,-0.1315585590066336
2025-03-31,NXPI,Technology,-0.030253678828168207,-0.03627602489500652
2025-03-31,ONTO,Technology,0.0051920628137993585,-0.11211229313561108
2025-03-31,QRVO,Technology,-0.010219658275632648,-0.031493608932635676
2025-03-31,STX,Technology,0.07157157953923465,-0.049796096524146745
2025-03-31,SWKS,Technology,-0.0054153522510623775,-0.08242248493680882
2025-03-31,TER,Technology,-0.10157383716246327,-0.07789927530331718
2025-03-31,VRSN,Technology,0.11127743366157317,-0.027066374350544573
2025-03-31,WDC,Technology,0.08483795495658542,-0.08440395964076079
2025-03-31,AXP,Financials,-0.006525138030439193,-0.05379700170705175
2025-03-31,BAC,Financials,-0.04433266901176358,-0.06108039805207593
2025-03-31,BK,Financials,-0.035315140676628665,-0.04613048468161183
2025-03-31,BLK,Financials,-0.03404192892482938,-0.034447735327564226
2025-03-31,C,Financials,-0.03676570377806221,-0.01995434132163635
2025-03-31,CFG,Financials,-0.08939982638601984,-0.033134870749713136
2025-03-31,CME,Financials,0.04444185131004508,-0.027460765982821517
2025-03-31,COF,Financials,0.005354008217162143,-0.015238879313295185
2025-03-31,FITB,Financials,-0.08316325862008134,-0.04273167744423353
2025-03-31,GS,Financials,0.0023064853121077533,-0.0503669424110784
2025-03-31,HBAN,Financials,-0.03197870057233765,-0.0467312329349163
2025-03-31,ICE,Financials,-0.02626085551047852,-0.03372375026438955
2025-03-31,JPM,Financials,0.0033702417372099003,-0.05408816810509162
2025-03-31,KEY,Financials,-0.07191994509288901,-0.08389285367000997
2025-03-31,MCO,Financials,-0.026992214990823937,-0.056691265273980024
2025-03-31,MS,Financials,-0.00277642835482228,-0.056187835661428466
2025-03-31,MTB,Financials,-0.05029368210818996,-0.04154225168042871
2025-03-31,PNC,Financials,-0.0762827600369369,-0.04519085122952541
2025-03-31,RF,Financials,-0.06074544591684006,-0.03397974384860412
2025-03-31,SCHW,Financials,0.039856904503715596,-0.02258137445613228
2025-03-31,SPGI,Financials,-0.01584333411891148,-0.050112257570715496
2025-03-31,STT,Financials,-0.00754751389006203,-0.04429958537428979
2025-03-31,TFC,Financials,-0.06828674070689145,-0.04463730948349578
2025-03-31,USB,Financials,-0.04452869924599223,-0.037981897865110935
2025-03-31,WFC,Financials,-0.010865129930949124,-0.045335880467369305
2025-03-31,AFL,Financials,-0.022574034399376552,-0.044171519869509776
2025-03-31,AJG,Financials,-0.07110977284344644,-0.04178925518287663
2025-03-31,ALL,Financials,-0.041918252221083585,-0.04658823135864372
2025-03-31,AMTD,Financials,-0.07222228293065436,-0.0623600408904222
2025-03-31,AON,Financials,-0.11100260341478951,-0.03221981138543375
2025-03-31,CB,Financials,-0.0526838176707769,-0.029365332946563474
2025-03-31,FDS,Financials,-0.04931375146813932,-0.029315715469396132
2025-03-31,FNF,Financials,-0.01582669542518389,-0.016086507178103823
2025-03-31,GL,Financials,-0.06171624529650599,-0.006808438816900713
2025-03-31,HIG,Financials,-0.008567051971262729,-0.03390863225532592
2025-03-31,IBKR,Financials,0.03780427782543594,-0.08699647857301761
2025-03-31,LPLA,Financials,-0.02246748666369136,-0.047487374847792155
2025-03-31,MET,Financials,-0.06127784823008153,-0.03992628549674455
2025-03-31,MSCI,Financials,-0.03605638991770477,-0.037620592675801805
2025-03-31,NDAQ,Financials,0.004613662397750629,-0.057388584470015415
2025-03-31,PGR,Financials,-0.004133457028037135,-0.052071899467607506
2025-03-31,PRU,Financials,-0.08031873519060717,-0.02208241748944243
2025-03-31,RJF,Financials,-0.009898279045402969,-0.037764489450664074
2025-03-31,SEIC,Financials,0.008501924434852759,-0.04374823296466342
2025-03-31,SF,Financials,-0.09091873709009146,-0.048647885250263215
2025-03-31,SYF,Financials,-0.018700399993546668,-0.10042313403925253
2025-03-31,TRV,Financials,-0.0012477447342159609,-0.03806804687652748
2025-03-31,UNM,Financials,-0.041575084917313876,-0.05219149667135324
2025-03-31,WTW,Financials,-0.08921447207771449,-0.044914990645340845
2025-03-31,ABBV,Healthcare,-0.06021850445153942,-0.012014988107559346
2025-03-31,ABT,Healthcare,-0.009757625971782646,-0.028635799382318087
2025-03-31,AMGN,Healthcare,-0.06621710279729898,-0.03149040573677111
2025-03-31,BAX,Healthcare,-0.08939525612177546,-0.030902347422979662
2025-03-31,BIIB,Healthcare,-0.11517096557004247,-0.032307968181732115
2025-03-31,BMY,Healthcare,-0.16799276367786897,-0.09221315619324928
2025-03-31,BSX,Healthcare,0.01972646260254174,-0.053621076969336365
2025-03-31,CI,Healthcare,0.033556253609473785,-0.028632685164896088
2025-03-31,CVS,Healthcare,-0.005199552844823763,-0.09221825992956761
2025-03-31,DHR,Healthcare,-0.0276585386180489,-0.030102279597212393
2025-03-31,EW,Healthcare,0.04152861985964562,-0.07206214036114031
2025-03-31,GILD,Healthcare,-0.0491746006826258,-0.03922246803611194
2025-03-31,HUM,Healthcare,-0.00891918745898812,-0.04877420232804664
2025-03-31,ISRG,Healthcare,0.04145213567287276,-0.05679734189994013
2025-03-31,JNJ,Healthcare,-0.05746508236048031,-0.02785084317481619
2025-03-31,LLY,Healthcare,0.08843585831269585,-0.07475233419622655
2025-03-31,MDT,Healthcare,-0.05675502508732999,-0.0069165295186272525
2025-03-31,MRK,Healthcare,-0.050802101118323284,-0.032379473577689
2025-03-31,PFE,Healthcare,-0.03670081925522661,-0.029059889150737657
2025-03-31,REGN,Healthcare,-0.05592593459856532,-0.02819748999226306
2025-03-31,SYK,Healthcare,0.004486339720069177,-0.03153172272264354
2025-03-31,TMO,Healthcare,-0.13786170845147572,-0.03296313029858352
2025-03-31,UNH,Healthcare,-0.2144343436679339,-0.06154468419954715
2025-03-31,VRTX,Healthcare,0.050905474821456353,-0.03394878595612869
2025-03-31,ZBH,Healthcare,-0.08950346803367293,-0.01981804631948775
2025-03-31,A,Healthcare,-0.07823042736917074,-0.04161954145630493
2025-03-31,ACAD,Healthcare,-0.12101144822530463,-0.08345930075576989
2025-03-31,ALGN,Healthcare,0.09089766074484906,-0.06161502179507547
2025-03-31,ALKS,Healthcare,-0.12870987102002718,-0.08158021529757255
2025-03-31,BDX,Healthcare,-0.09591371869160947,-0.013228389917504756
2025-03-31,DGX,Healthcare,0.05846726781228084,-0.03987523041104542
2025-03-31,DXCM,Healthcare,0.045248151947059556,-0.03251299886735597
2025-03-31,FOLD,Healthcare,-0.05882353284917219,-0.08040647232350738
2025-03-31,HOLX,Healthcare,-0.057795040770078465,-0.027297437291924864
2025-03-31,IDXX,Healthcare,0.030241650959143662,-0.009724164477047596
2025-03-31,INSP,Healthcare,-0.005650388645039084,0.008470664472741782
2025-03-31,IQV,Healthcare,-0.12041971276260499,-0.015367902234745413
2025-03-31,MASI,Healthcare,-0.033853536512742144,-0.08996714290662622
2025-03-31,MTD,Healthcare,-0.09343648939969595,-0.0902298118562785
2025-03-31,NBIX,Healthcare,-0.026310995233835732,-0.10719232534652376
2025-03-31,NTRA,Healthcare,0.06732189213727269,-0.0768170559011731
2025-03-31,NVCR,Healthcare,0.0179573344727475,0.15424854989867964
2025-03-31,PODD,Healthcare,-0.039297790034960256,-0.08821760860340999
2025-03-31,RARE,Healthcare,0.07649821949184976,-0.07527719934021719
2025-03-31,RMD,Healthcare,0.056912993091305486,-0.07657859115662713
2025-03-31,WAT,Healthcare,-0.05654284375765384,-0.11124356862326669
2025-03-31,AMZN,Consumer,-0.030694820280155133,-0.04482870813138719
2025-03-31,AZO,Consumer,-0.013160982604569216,-0.031000522087570186
2025-03-31,BKNG,Consumer,0.10687647988524218,-0.048196419718583614
2025-03-31,CMG,Consumer,0.0061740963741001575,-0.03878249807287742
2025-03-31,COST,Consumer,0.05151294074789492,-0.05091750609047555
2025-03-31,DG,Consumer,0.0723824431495852,-0.01273761879334377
2025-03-31,DLTR,Consumer,0.08924999301290959,-0.03908839320349457
2025-03-31,DRI,Consumer,-0.027334887015017628,-0.03958269986863158
2025-03-31,EBAY,Consumer,0.006348703009711132,-0.04627861388920116
2025-03-31,HD,Consumer,-0.016371539112159383,-0.029039211027462025
2025-03-31,HLT,Consumer,-0.009096995324890056,-0.05406872988181215
2025-03-31,KR,Consumer,0.06677498654915026,-0.02655695255939258
2025-03-31,LOW,Consumer,-0.036402899736859395,-0.017561147021698243
2025-03-31,LULU,Consumer,-0.04341838709433965,-0.1006978790967564
2025-03-31,MAR,Consumer,0.0015952691572136413,-0.031095539807657606
2025-03-31,MCD,Consumer,0.023305573942090207,-0.025575791021559827
2025-03-31,MGM,Consumer,0.061403499740281475,-0.07774568282563712
2025-03-31,NKE,Consumer,-0.11153121631194751,-0.08339512122961704
2025-03-31,ORLY,Consumer,-0.01213197716102521,-0.03405138106927795
2025-03-31,ROST,Consumer,0.08772207831049239,-0.03560650861142987
2025-03-31,SBUX,Consumer,-0.18391272759824262,-0.07655037629478742
2025-03-31,TGT,Consumer,-0.07339980525112455,-0.0504617055487229
2025-03-31,TJX,Consumer,0.05648595571977144,-0.02941368332527978
2025-03-31,WMT,Consumer,0.10775711658935383,-0.041122991718261184
2025-03-31,YUM,Consumer,-0.04397562378558739,-0.018637751210512497
2025-03-31,BBY,Consumer,-0.09400895295728429,-0.05735331746217983
2025-03-31,CCL,Consumer,-0.06093189999324,-0.09786151109077405
2025-03-31,CHDN,Consumer,-0.18600880038047496,-0.02299404195275298
2025-03-31,CMCSA,Consumer,-0.06476590959842565,-0.02480104778043985
2025-03-31,CZR,Consumer,0.08239997863769521,-0.07651118622379108
2025-03-31,DIS,Consumer,-0.07852077883904407,-0.01841093917300283
2025-03-31,DKNG,Consumer,0.0024089681800711915,-0.1065719821836926
2025-03-31,F,Consumer,-0.0019939376139246345,-0.06832836445671321
2025-03-31,FOX,Consumer,-0.12274705730933944,-0.03666342481458892
2025-03-31,GM,Consumer,-0.03806063563744211,-0.07824981768966516
2025-03-31,GRMN,Consumer,-0.13936356458804322,-0.08547599607688137
2025-03-31,H,Consumer,-0.08016326167142851,-0.05242610209319279
2025-03-31,IHG,Consumer,0.006301260006712273,-0.0586663462536039
2025-03-31,LVS,Consumer,-0.05073768768162856,-0.07408523192654856
2025-03-31,NCLH,Consumer,-0.15453578793823253,-0.0777791206547632
2025-03-31,NFLX,Consumer,0.21360169721367117,-0.061458820190918
2025-03-31,PENN,Consumer,-0.06683011861463573,-0.08817381439476135
2025-03-31,POOL,Consumer,-0.07918957288340212,-0.041810019233484506
2025-03-31,RCL,Consumer,0.04609622723942586,-0.09560666278665146
2025-03-31,SIRI,Consumer,-0.05011073140550826,-0.0988658549328792
2025-03-31,TSLA,Consumer,0.08874826236685496,-0.006827067877873451
2025-03-31,WBD,Consumer,-0.19198504695490803,-0.04643838671119079
2025-03-31,WYNN,Consumer,-0.038203647673691,-0.08546774000385748
2025-03-31,APA,Energy,-0.24858450974230617,-0.013777952034799347
2025-03-31,BA,Energy,0.07440634543732694,-0.06856700411337668
2025-03-31,CAT,Energy,-0.057734675231995936,-0.02146233606535779
2025-03-31,COP,Energy,-0.15139970034516437,-0.028727795599180643
2025-03-31,CVX,Energy,-0.18668183466720556,0.004157763835158744
2025-03-31,DE,Energy,-0.012336187592893455,-0.047004074611089144
2025-03-31,DVN,Energy,-0.18689840534645696,0.018458897554485317
2025-03-31,EOG,Energy,-0.13178404613216343,-0.03205951860441279
2025-03-31,FDX,Energy,-0.1372137718026487,-0.01657523851617809
2025-03-31,GD,Energy,0.0038520820664651456,-0.02322956749586457
2025-03-31,GE,Energy,0.006944760053424481,-0.06024246115999769
2025-03-31,HAL,Energy,-0.2187623539596859,-0.047876944126550046
2025-03-31,HON,Energy,-0.005903141896883679,-0.0392414157334811
2025-03-31,LMT,Energy,0.06948587369272397,-0.03385210294792592
2025-03-31,MMM,Energy,-0.054133220774474244,-0.09390424546843426
2025-03-31,MPC,Energy,-0.056832856465055426,-0.013038129528459333
2025-03-31,NOC,Energy,-0.04982322161795516,-0.024053140360124986
2025-03-31,OXY,Energy,-0.20158010234242385,-0.04230440491685678
2025-03-31,PSX,Energy,-0.15727249038466218,-0.04111767028251617
2025-03-31,RTX,Energy,-0.04778809182653154,-0.03668413608925297
2025-03-31,SLB,Energy,-0.2045453583576179,-0.03323327379841149
2025-03-31,UNP,Energy,-0.08711479760325125,-0.030891801928170676
2025-03-31,UPS,Energy,-0.13355742262876025,-0.015010698101500736
2025-03-31,VLO,Energy,-0.12099647069667319,-0.07534778517435228
2025-03-31,XOM,Energy,-0.11183048188330935,-0.020411670594945516
2025-03-31,AME,Energy,-0.014871528264459921,-0.032782729696645446
2025-03-31,BE,Energy,-0.06815870615402253,0.18497646136009976
2025-03-31,BKR,Energy,-0.1945393122215977,-0.05211853095549749
2025-03-31,CTRA,Energy,-0.15017298628908315,-0.011073608021989135
2025-03-31,EMR,Energy,-0.041317048023910785,-0.06700568632318096
2025-03-31,ENPH,Energy,-0.2813859677542806,-0.054325131762751486
2025-03-31,ETN,Energy,0.0829194907144537,-0.030525798461920828
2025-03-31,FSLR,Energy,-0.004824809055438917,-0.05836749264500378
2025-03-31,FTV,Energy,-0.04769077390120435,-0.04523672206325418
2025-03-31,GNRC,Energy,-0.09688120114198151,-0.0949987533008567
2025-03-31,HUBB,Energy,0.09751888748848425,-0.031755309043606676
2025-03-31,MTDR,Energy,-0.2260716379687766,-0.04310270321093956
2025-03-31,PH,Energy,-0.004589999065643835,-0.04663862699032331
2025-03-31,PLUG,Energy,-0.3555555634047267,-0.030126081218712627
2025-03-31,PR,Energy,-0.14801452508942647,-0.011149544534084933
2025-03-31,ROK,Energy,-0.04141200232073039,-0.025350013657305916
2025-03-31,ROP,Energy,-0.0486818372006651,-0.03970583655768275
2025-03-31,SM,Energy,-0.2321850570776628,-0.04777158370200336
2025-03-31,VRSK,Energy,-0.003998315193556423,-0.04166860448247744
2025-03-31,WMB,Energy,-0.019912983785175697,-0.0579169068760379
2025-03-31,XYL,Energy,0.009291783530470443,-0.03072319470773598
2025-04-30,AAPL,Technology,-0.053584005614899066,-0.014914763035075312
2025-04-30,ADBE,Technology,0.10696566263908114,-0.042357199361301605
2025-04-30,AMAT,Technology,0.04303428713448687,-0.03693755881035554
2025-04-30,AMD,Technology,0.13744227110973561,-0.041507580716006555
2025-04-30,AVGO,Technology,0.2577024810403048,-0.019873894767367062
2025-04-30,CDNS,Technology,-0.035836579767995036,-0.04806363709617401
2025-04-30,CRM,Technology,-0.012429710020725682,0.0037201304765309695
2025-04-30,CRWD,Technology,0.09909762978029502,0.029849517055300867
2025-04-30,FTNT,Technology,-0.019082530032468292,0.0037228584151330697
2025-04-30,GOOGL,Technology,0.08148619898169485,-0.005358795223286898
2025-04-30,INTC,Technology,-0.02736324049606631,0.05001443553676345
2025-04-30,INTU,Technology,0.2008064922617263,-0.0221709898207781
2025-04-30,KLAC,Technology,0.07971091102584937,-0.035240508488760126
2025-04-30,LRCX,Technology,0.12724990837052674,-0.013456617603330242
2025-04-30,META,Technology,0.17939883405997348,-0.0315692661421718
2025-04-30,MSFT,Technology,0.16683990123140213,-0.030908468050742006
2025-04-30,MU,Technology,0.22755044894580112,-0.07292959171925231
2025-04-30,NET,Technology,0.3734889970712929,-0.04844350898608567
2025-04-30,NOW,Technology,0.058721916432721066,-0.018298146381524313
2025-04-30,NVDA,Technology,0.24063549928333217,-0.0014595211817457845
2025-04-30,ORCL,Technology,0.17630776182863395,-0.04742109995884746
2025-04-30,PANW,Technology,0.029369313156108356,-0.016395809721047674
2025-04-30,QCOM,Technology,-0.021958874169719422,-0.023846460850847864
2025-04-30,SNPS,Technology,0.010827653242770907,-0.002031379964208108
2025-04-30,TXN,Technology,0.14245563082747092,-0.04086504562892477
2025-04-30,ACN,Technology,0.05906752090755085,-0.023399302998088702
2025-04-30,ADI,Technology,0.09778363432469872,-0.04788839871677429
2025-04-30,ANET,Technology,0.05311781846231933,-0.026883750772335478
2025-04-30,CGNX,Technology,0.10054754208229677,-0.08237423823805162
2025-04-30,COHU,Technology,0.06687498092651367,-0.013321927457055538
2025-04-30,CSCO,Technology,0.09197986219903576,-0.024876766877338967
2025-04-30,DELL,Technology,0.21261976945953798,-0.024284330119827686
2025-04-30,ENTG,Technology,-0.13119317892563975,-0.04308770120140868
2025-04-30,FORM,Technology,0.06076762718233497,0.013011771217637814
2025-04-30,HPQ,Technology,-0.02620258332569292,-0.05981163246769637
2025-04-30,IBM,Technology,0.07842149224018646,-0.024281754049450606
2025-04-30,IPGP,Technology,0.10636170999332228,-0.061124964266659414
2025-04-30,KEYS,Technology,0.08005501979549856,-0.04007745920132817
2025-04-30,MCHP,Technology,0.2692960356631815,-0.020810364570202973
2025-04-30,MKSI,Technology,0.17488294737603272,-0.12234248622320248
2025-04-30,MPWR,Technology,0.11600085316703002,-0.02572021265889217
2025-04-30,MRVL,Technology,0.031180353457941568,0.039607453049016354
2025-04-30,NXPI,Technology,0.037002971569883414,-0.05258319290577666
2025-04-30,ONTO,Technology,-0.24620807148274093,0.005213122486172115
2025-04-30,QRVO,Technology,0.0606948316625735,-0.08335591219194265
2025-04-30,STX,Technology,0.2956168263246286,-0.030252573081361294
2025-04-30,SWKS,Technology,0.08483926471679348,-0.03281959793525327
2025-04-30,TER,Technology,0.060768136487153956,0.026598842005583427
2025-04-30,VRSN,Technology,-0.03157157711454661,-0.022952303294520537
2025-04-30,WDC,Technology,0.17533067807315716,-0.050424931672155636
2025-04-30,AXP,Financials,0.10374994530722059,-0.032890785569609185
2025-04-30,BAC,Financials,0.10656976712910904,-0.026626127605941862
2025-04-30,BK,Financials,0.10197735140526909,-0.019178870170393873
2025-04-30,BLK,Financials,0.07178482451684687,-0.02049386215499802
2025-04-30,C,Financials,0.11029966460355856,-0.030777961922349835
2025-04-30,CFG,Financials,0.09379230376630221,-0.05556510499489893
2025-04-30,CME,Financials,0.043020131104505754,-0.01984981185910457
2025-04-30,COF,Financials,0.0526672179665888,-0.04133850948790664
2025-04-30,FITB,Financials,0.06260430000226491,-0.022165133176457498
2025-04-30,GS,Financials,0.10207830762575587,-0.01886362023169687
2025-04-30,HBAN,Financials,0.07570550790734853,-0.017266658126576993
2025-04-30,ICE,Financials,0.0704292135343676,-0.016598650047912448
2025-04-30,JPM,Financials,0.07922503863767472,-0.016845567426389017
2025-04-30,KEY,Financials,0.08291832470183924,-0.020091999151912513
2025-04-30,MCO,Financials,0.05986572973403015,-0.026610209738456347
2025-04-30,MS,Financials,0.10925318524384564,-0.025973180407436795
2025-04-30,MTB,Financials,0.07587177959079972,-0.01560187465986861
2025-04-30,PNC,Financials,0.0816477664889721,-0.019632106525649454
2025-04-30,RF,Financials,0.05046537210529922,-0.03664191913658764
2025-04-30,SCHW,Financials,0.08874222063624337,-0.037436183500349565
2025-04-30,SPGI,Financials,0.02752651195870004,-0.01837505072148991
2025-04-30,STT,Financials,0.09284885077015947,-0.015253270822229997
2025-04-30,TFC,Financials,0.04397820419230358,-0.018219812960206118
2025-04-30,USB,Financials,0.08056509877478346,-0.015631470585495168
2025-04-30,WFC,Financials,0.058868633374655754,0.0015315277435771657
2025-04-30,AFL,Financials,-0.042034241941375505,-0.0340215697183062
2025-04-30,AJG,Financials,0.08341390914162616,-0.019086290661181726
2025-04-30,ALL,Financials,0.05786574735656136,-0.015322242032837254
2025-04-30,AMTD,Financials,0.007984048321403536,-0.03626092944015089
2025-04-30,AON,Financials,0.050939810098013405,-0.010585764975110072
2025-04-30,CB,Financials,0.03887030186129592,-0.016037244659931626
2025-04-30,FDS,Financials,0.06275814347297248,-0.03752887388435207
2025-04-30,FNF,Financials,-0.14488679731787446,-0.043058596668856586
2025-04-30,GL,Financials,-0.011918158877301854,-0.03399621567237211
2025-04-30,HIG,Financials,0.05844946582290378,-0.02043623196432
2025-04-30,IBKR,Financials,0.2220021510118868,-0.08174296059292431
2025-04-30,LPLA,Financials,0.2116075691271444,-0.03617495150883271
2025-04-30,MET,Financials,0.050296556813822724,-0.03307015763237603
2025-04-30,MSCI,Financials,0.03793707037666416,-0.01011144250126629
2025-04-30,NDAQ,Financials,0.09618164890932923,-0.03052344980266494
2025-04-30,PGR,Financials,0.011322455357230421,-0.017326589165599926
2025-04-30,PRU,Financials,0.024294734002409557,-0.01089142982375295
2025-04-30,RJF,Financials,0.0725336019662739,-0.04443909354141462
2025-04-30,SEIC,Financials,0.08902797191349521,-0.022296318549303567
2025-04-30,SF,Financials,0.09954492776742296,-0.023295880696026006
2025-04-30,SYF,Financials,0.11589962660149244,-0.009902029594650794
2025-04-30,TRV,Financials,0.043804145730014454,-0.01778508750524587
2025-04-30,UNM,Financials,0.052150360817228014,-0.00724039168818317
2025-04-30,WTW,Financials,0.02842766114422135,-0.021797716631642962
2025-04-30,ABBV,Healthcare,-0.04607891512896656,-0.014201066605966694
2025-04-30,ABT,Healthcare,0.021644485500022626,-0.026076263480095365
2025-04-30,AMGN,Healthcare,-0.0006644022246277137,-0.032099421564581045
2025-04-30,BAX,Healthcare,-0.016046453639401825,-0.03813966508521623
2025-04-30,BIIB,Healthcare,0.0719358384816624,-0.04055120777761982
2025-04-30,BMY,Healthcare,-0.03824696039259057,-0.024287615975072903
2025-04-30,BSX,Healthcare,0.0232332004066933,-0.023510507563564317
2025-04-30,CI,Healthcare,-0.06881542952192865,-0.04028780506800035
2025-04-30,CVS,Healthcare,-0.040023975453611915,0.01902066229243405
2025-04-30,DHR,Healthcare,-0.04730849338432597,-0.04807701748954417
2025-04-30,EW,Healthcare,0.03616377578735941,-0.05689154489433338
2025-04-30,GILD,Healthcare,0.03322702129367627,-0.025319718066251166
2025-04-30,HUM,Healthcare,-0.11100510289482424,-0.036995593379623014
2025-04-30,ISRG,Healthcare,0.07084148880818963,-0.021953092317550823
2025-04-30,JNJ,Healthcare,0.0014753789613810575,-0.019758012765205633
2025-04-30,LLY,Healthcare,-0.17772740741064996,-0.016833388735717977
2025-04-30,MDT,Healthcare,-0.021000428420961836,-0.01767050415903583
2025-04-30,MRK,Healthcare,-0.09812215870178265,-0.042665879295374215
2025-04-30,PFE,Healthcare,-0.019331228143457557,-0.0307148920220296
2025-04-30,REGN,Healthcare,-0.17996480805085535,-0.02091372632617631
2025-04-30,SYK,Healthcare,0.023320425243470888,-0.015318437716193107
2025-04-30,TMO,Healthcare,-0.06102556245088686,-0.02863710877199786
2025-04-30,UNH,Healthcare,-0.2662113747825423,-0.046257927511592765
2025-04-30,VRTX,Healthcare,-0.13238471483224978,-0.01423090293446996
2025-04-30,ZBH,Healthcare,-0.10557993070954452,-0.04483485801690649
2025-04-30,A,Healthcare,0.04014868469362898,-0.037386058683656305
2025-04-30,ACAD,Healthcare,0.47739720076999403,-0.06256199552789923
2025-04-30,ALGN,Healthcare,0.04408539674039513,-0.02367817602610225
2025-04-30,ALKS,Healthcare,0.0639555134970935,-0.01945511568421536
2025-04-30,BDX,Healthcare,-0.16659422658114031,-0.022227916466289167
2025-04-30,DGX,Healthcare,-0.027381843401655614,-0.02177784813991194
2025-04-30,DXCM,Healthcare,0.20201746081811955,0.04159647924339616
2025-04-30,FOLD,Healthcare,-0.20963537664889886,-0.06260299027811125
2025-04-30,HOLX,Healthcare,0.06821301295469873,-0.0585303249441526
2025-04-30,IDXX,Healthcare,0.18654800090991963,-0.02080673153600753
2025-04-30,INSP,Healthcare,-0.12741512383145692,0.00745988665419844
2025-04-30,IQV,Healthcare,-0.09505387758411477,-0.04998429999679795
2025-04-30,MASI,Healthcare,0.009567552322922168,0.009732466320353298
2025-04-30,MTD,Healthcare,0.079350325064375,-0.04965228749279269
2025-04-30,NBIX,Healthcare,0.14235299335238794,-0.00021436375111562745
2025-04-30,NTRA,Healthcare,0.04505402094840871,-0.060579708144929544
2025-04-30,NVCR,Healthcare,0.05347305696474591,0.1442891588034216
2025-04-30,PODD,Healthcare,0.2883190274243914,-0.02776326784873777
2025-04-30,RARE,Healthcare,-0.12698822014032962,-0.09026210233604484
2025-04-30,RMD,Healthcare,0.03690496835944468,-0.031437591969845816
2025-04-30,WAT,Healthcare,0.004342389786155865,-0.00840501646562015
2025-04-30,AMZN,Consumer,0.1116473080052216,-0.04029863801513082
2025-04-30,AZO,Consumer,-0.007856284969578131,-0.020278328252647485
2025-04-30,BKNG,Consumer,0.08229592762855176,-0.02449586545444262
2025-04-30,CMG,Consumer,-0.008709394749052635,-0.02945111300801947
2025-04-30,COST,Consumer,0.04729539364995916,-0.033318083528977735
2025-04-30,DG,Consumer,0.037997692038813424,-0.1159903180180656
2025-04-30,DLTR,Consumer,0.10382788115087882,-0.03812466983099764
2025-04-30,DRI,Consumer,0.06763352800354139,-0.057614999398695
2025-04-30,EBAY,Consumer,0.07780034227764587,-0.0260183296259993
2025-04-30,HD,Consumer,0.02163729645326784,-0.043128152398285116
2025-04-30,HLT,Consumer,0.10249774936292422,-0.04291479704505237
2025-04-30,KR,Consumer,-0.05053723364054319,-0.023686548710643476
2025-04-30,LOW,Consumer,0.009706649978428628,-0.025605227631200662
2025-04-30,LULU,Consumer,0.1695166609167491,-0.08037171563120911
2025-04-30,MAR,Consumer,0.10868392025512064,-0.02078948803546096
2025-04-30,MCD,Consumer,-0.018144640984119276,-0.02057891232134166
2025-04-30,MGM,Consumer,0.006039432281846224,-0.05036270940354052
2025-04-30,NKE,Consumer,0.07429072455178742,-0.05707800059637139
2025-04-30,ORLY,Consumer,-0.03370548735804657,-0.017553362874698795
2025-04-30,ROST,Consumer,0.00784154637019574,-0.061442875254174245
2025-04-30,SBUX,Consumer,0.05610228682361096,-0.010999283483128282
2025-04-30,TGT,Consumer,-0.016703904539026815,-0.1002716530998649
2025-04-30,TJX,Consumer,-0.010628999069980605,-0.03289786920999574
2025-04-30,WMT,Consumer,0.017570031086760807,-0.042989327754771656
2025-04-30,YUM,Consumer,-0.03851314861235966,-0.012363935772140126
2025-04-30,BBY,Consumer,-0.006147788009051913,-0.09046028784428198
2025-04-30,CCL,Consumer,0.26608505371166147,-0.10759247836907282
2025-04-30,CHDN,Consumer,0.05596719595249122,-0.031116578287817623
2025-04-30,CMCSA,Consumer,0.010818760908626324,-0.04212046803942537
2025-04-30,CZR,Consumer,-0.006651896109692412,-0.06654570970750255
2025-04-30,DIS,Consumer,0.24288077184171386,-0.012077497062525444
2025-04-30,DKNG,Consumer,0.07780114392787074,-0.07293022260435968
2025-04-30,F,Consumer,0.05209370056782392,-0.04045941477254364
2025-04-30,FOX,Consumer,0.0873701905827653,-0.03798511211349243
2025-04-30,GM,Consumer,0.09659587513180412,-0.012709647849091194
2025-04-30,GRMN,Consumer,0.08615629473352926,-0.013116262092333452
2025-04-30,H,Consumer,0.17306795428470112,-0.04329267935881924
2025-04-30,IHG,Consumer,0.07368614017568431,-0.00734291423504092
2025-04-30,LVS,Consumer,0.1298162186133769,-0.031504829972138035
2025-04-30,NCLH,Consumer,0.10106044057966734,-0.0854732629251219
2025-04-30,NFLX,Consumer,0.06672147437453146,-0.01933637586747514
2025-04-30,PENN,Consumer,-0.025624200819996945,-0.04977918324740293
2025-04-30,POOL,Consumer,0.029579196604670344,-0.025980011127583344
2025-04-30,RCL,Consumer,0.19570978785246318,-0.026192404709499545
2025-04-30,SIRI,Consumer,0.02487838857628999,0.0021307073769853647
2025-04-30,TSLA,Consumer,0.2278848417863253,-0.04498435386328995
2025-04-30,WBD,Consumer,0.14994235055307614,-0.13596657588874336
2025-04-30,WYNN,Consumer,0.13027218270077445,-0.07830016039119936
2025-04-30,APA,Energy,0.09459443132745071,-0.08119473477799752
2025-04-30,BA,Energy,0.13141236143410295,-0.021901691981271072
2025-04-30,CAT,Energy,0.1253274723696356,-0.030242621494219052
2025-04-30,COP,Energy,-0.034151956648524995,-0.04526540529142021
2025-04-30,CVX,Energy,0.0169414991549115,-0.016405261247981806
2025-04-30,DE,Energy,0.09211327280593751,-0.02112158685572957
2025-04-30,DVN,Energy,-0.004932530559271453,-0.07256456207676504
2025-04-30,EOG,Energy,-0.015952275661052617,-0.02537481773433424
2025-04-30,FDX,Energy,0.03694191816792203,-0.08162368266276564
2025-04-30,GD,Energy,0.02340880058520578,-0.043914090391386426
2025-04-30,GE,Energy,0.22015480818249644,-0.016369001680639872
2025-04-30,HAL,Energy,-0.011604491590503252,-0.025817591928564712
2025-04-30,HON,Energy,0.08231906468916916,-0.01696775511528733
2025-04-30,LMT,Energy,0.009691183431436157,-0.045479944172031876
2025-04-30,MMM,Energy,0.07318825995966605,-0.0059412007370817565
2025-04-30,MPC,Energy,0.1764113190224863,-0.04408370143941114
2025-04-30,NOC,Energy,-0.0035560067558519926,-0.03528047117576331
2025-04-30,OXY,Energy,0.034762543177271565,-0.06860235625403399
2025-04-30,PSX,Energy,0.10103339446015558,0.0008656690392383303
2025-04-30,RTX,Energy,0.08757441872051785,-0.014438352074567064
2025-04-30,SLB,Energy,-0.006015189610008798,-0.013347184980317678
2025-04-30,UNP,Energy,0.034048854577936716,-0.013046381276890985
2025-04-30,UPS,Energy,0.040344059248433206,-0.04050685412031467
2025-04-30,VLO,Energy,0.12037318479943115,-0.047667221932452444
2025-04-30,XOM,Energy,-0.02260521823012651,-0.03622713394754228
2025-04-30,AME,Energy,0.0540158250916829,-0.027632554418304422
2025-04-30,BE,Energy,0.00818775223957302,0.21259602802140004
2025-04-30,BKR,Energy,0.05320155811102856,-0.019626605081237557
2025-04-30,CTRA,Energy,-0.0013844210066369378,-0.03707271863465508
2025-04-30,EMR,Energy,0.1407715303188588,-0.029452699435980317
2025-04-30,ENPH,Energy,-0.07176498658867425,0.002540772129403665
2025-04-30,ETN,Energy,0.09153448243472617,-0.026503057808160844
2025-04-30,FSLR,Energy,0.2563980465305751,0.02271509351587623
2025-04-30,FTV,Energy,0.00830967666988891,-0.018079553794343894
2025-04-30,GNRC,Energy,0.06775660243136095,-0.09903248042283688
2025-04-30,HUBB,Energy,0.07627039124148016,-0.012191452626827201
2025-04-30,MTDR,Energy,0.09579723292247988,-0.09993251403475462
2025-04-30,PH,Energy,0.1016601229935663,-0.00813263461382478
2025-04-30,PLUG,Energy,0.011494241848790887,-0.11781184209275118
2025-04-30,PR,Energy,0.06864404489944631,-0.09249277437737592
2025-04-30,ROK,Energy,0.2794462001572666,-0.035011987153071834
2025-04-30,ROP,Energy,0.01819375853158456,-0.02242911665318319
2025-04-30,SM,Energy,0.027643733830795325,-0.10199898621339151
2025-04-30,VRSK,Energy,0.059744247583412236,-0.014420796620061613
2025-04-30,WMB,Energy,0.03312277747811754,-0.022056924489072077
2025-04-30,XYL,Energy,0.048706287088299716,-0.0299414644397844
2025-05-31,AAPL,Technology,0.021508466222438072,0.060417487459641886
2025-05-31,ADBE,Technology,-0.06796114506241846,0.06321237212875158
2025-05-31,AMAT,Technology,0.16791081064008262,0.06038286880665891
2025-05-31,AMD,Technology,0.28149543569574,0.039950958960686137
2025-05-31,AVGO,Technology,0.14140030200566311,0.03272564792231824
2025-05-31,CDNS,Technology,0.07343151856493924,0.0005084938171518547
2025-05-31,CRM,Technology,0.02921355838888351,0.034113304302111125
2025-05-31,CRWD,Technology,0.08048879401408215,0.027095441699709264
2025-05-31,FTNT,Technology,0.03871096962724363,-0.0027819696542264027
2025-05-31,GOOGL,Technology,0.02738639908611251,0.017420076300088468
2025-05-31,INTC,Technology,0.1457800763524859,0.013258731641984768
2025-05-31,INTU,Technology,0.04533688541411718,-0.004404605387341503
2025-05-31,KLAC,Technology,0.18346367798553875,0.026998271347818972
2025-05-31,LRCX,Technology,0.20784997817791062,0.06554090931169261
2025-05-31,META,Technology,0.1408020796780629,0.039632807553216895
2025-05-31,MSFT,Technology,0.08048059364909244,0.0127553902432809
2025-05-31,MU,Technology,0.30478502361171467,0.051722119179870706
2025-05-31,NET,Technology,0.1804810570351627,-0.01817355104311774
2025-05-31,NOW,Technology,0.016803622606018864,-0.00918826576948592
2025-05-31,NVDA,Technology,0.16925162252476178,0.06042350091835234
2025-05-31,ORCL,Technology,0.320787608080058,0.06735298125049939
2025-05-31,PANW,Technology,0.06350691891169191,0.0026266936211415907
2025-05-31,QCOM,Technology,0.1034207578020534,0.05125431465991822
2025-05-31,SNPS,Technology,0.10496137880148493,0.053384108224492806
2025-05-31,TXN,Technology,0.13546612840626482,0.04329162474774378
2025-05-31,ACN,Technology,-0.05659369770529832,0.056795113140292966
2025-05-31,ADI,Technology,0.117411541619735,0.023852470453866785
2025-05-31,ANET,Technology,0.180863322707012,0.05457897592307596
2025-05-31,CGNX,Technology,0.05839173300163769,0.003696229897184585
2025-05-31,COHU,Technology,0.1271236154123605,0.013587883187479997
2025-05-31,CSCO,Technology,0.10057113708651988,0.04213903798505559
2025-05-31,DELL,Technology,0.10182435626924335,0.04733337663258412
2025-05-31,ENTG,Technology,0.1732615935169035,-0.01530961551010063
2025-05-31,FORM,Technology,0.15276379925184647,0.013722946085349425
2025-05-31,HPQ,Technology,-0.006436867334900009,-0.041050238533561684
2025-05-31,IBM,Technology,0.1378831900911648,0.03508116319682418
2025-05-31,IPGP,Technology,0.036070016791345694,-0.029460139862420767
2025-05-31,KEYS,Technology,0.043428474374629156,-0.0027681092504935486
2025-05-31,MCHP,Technology,0.21243961076022844,0.02842634838192338
2025-05-31,MKSI,Technology,0.20890622151412108,0.01811663143503455
2025-05-31,MPWR,Technology,0.1073173704914907,-0.05522829711319884
2025-05-31,MRVL,Technology,0.285927946311318,0.023091380496297487
2025-05-31,NXPI,Technology,0.14847810576174436,-0.005004648999166232
2025-05-31,ONTO,Technology,0.09778113579558467,0.0053904287941853165
2025-05-31,QRVO,Technology,0.11694300725615459,0.00112496826512983
2025-05-31,STX,Technology,0.2302563103597599,-0.025184617818710755
2025-05-31,SWKS,Technology,0.0795306462958989,0.005876540204481736
2025-05-31,TER,Technology,0.144020419006766,0.05501506596471926
2025-05-31,VRSN,Technology,0.05993303340447231,0.034174377766728214
2025-05-31,WDC,Technology,0.24363203797898003,-0.05688670712795078
2025-05-31,AXP,Financials,0.084781477679307,0.008260284493296804
2025-05-31,BAC,Financials,0.07860533112249146,-0.010351732470738215
2025-05-31,BK,Financials,0.02821360611301671,-0.011401183975157263
2025-05-31,BLK,Financials,0.07645444782037059,0.014048832381514349
2025-05-31,C,Financials,0.13011165085856025,-0.013044439357043318
2025-05-31,CFG,Financials,0.1090458844998663,-0.031243279870774087
2025-05-31,CME,Financials,-0.041930869827302875,0.01388211815684043
2025-05-31,COF,Financials,0.12482170086695366,-0.005532944305965054
2025-05-31,FITB,Financials,0.08666959696226018,-0.03398908767442348
2025-05-31,GS,Financials,0.17869932115387122,0.03011815035239128
2025-05-31,HBAN,Financials,0.08298877153599671,-0.031057042893651302
2025-05-31,ICE,Financials,0.023154045215579178,-0.004493566597150101
2025-05-31,JPM,Financials,0.09814391751226359,0.008566232643601731
2025-05-31,KEY,Financials,0.0983607656131893,-0.023623406473645674
2025-05-31,MCO,Financials,0.04646167178038385,0.021622163042249155
2025-05-31,MS,Financials,0.10021107488294323,0.02356794416752708
2025-05-31,MTB,Financials,0.0700536046230007,-0.03900377639149937
2025-05-31,PNC,Financials,0.07255043573509634,0.0043508841337127555
2025-05-31,RF,Financials,0.10995756468274775,-0.030560321622771003
2025-05-31,SCHW,Financials,0.032827681383235996,-0.007840395012671315
2025-05-31,SPGI,Financials,0.02813635086074595,0.014783410136401567
2025-05-31,STT,Financials,0.10448694236013023,-0.03223715102476799
2025-05-31,TFC,Financials,0.08835459873113849,-0.02890208074558531
2025-05-31,USB,Financials,0.049550237443102274,0.013127936862563576
2025-05-31,WFC,Financials,0.07140957751478427,-0.0034961513774956167
2025-05-31,AFL,Financials,0.018543497261491737,0.00739139185472281
2025-05-31,AJG,Financials,-0.07680349513712226,-0.0006047202586260521
2025-05-31,ALL,Financials,-0.03615458769440838,-0.0005484876819833205
2025-05-31,AMTD,Financials,-0.02574253814756311,-0.05340226636341189
2025-05-31,AON,Financials,-0.041173919338720055,0.05291906974515478
2025-05-31,CB,Financials,-0.021888667112790694,-0.007093249970178684
2025-05-31,FDS,Financials,-0.02396022479877169,-0.0027561621822048497
2025-05-31,FNF,Financials,0.03289711886928526,-0.02707434483269646
2025-05-31,GL,Financials,0.019857190263642854,-0.025151887037309213
2025-05-31,HIG,Financials,-0.018945196127462482,-0.03552369986129807
2025-05-31,IBKR,Financials,0.05703932171839665,-0.06651146392814869
2025-05-31,LPLA,Financials,-0.03148585575732543,-0.013154974258639165
2025-05-31,MET,Financials,0.023415641809507504,0.01685666396476985
2025-05-31,MSCI,Financials,0.0225523654586135,0.008402216822003532
2025-05-31,NDAQ,Financials,0.07372150931773591,-0.009820160046390199
2025-05-31,PGR,Financials,-0.06341914249238578,0.0017510699803419882
2025-05-31,PRU,Financials,0.034170753091151695,0.017258727579412846
2025-05-31,RJF,Financials,0.04347529233366276,-0.019243282417773566
2025-05-31,SEIC,Financials,0.06001758191764606,-0.017064994704478195
2025-05-31,SF,Financials,0.10686879324515752,-0.026816316195937287
2025-05-31,SYF,Financials,0.15767565570424402,-0.028550609990171016
2025-05-31,TRV,Financials,-0.025594625799884807,0.0003963359005609217
2025-05-31,UNM,Financials,-0.01162642265690883,-0.05357951186257975
2025-05-31,WTW,Financials,-0.028814235896363338,-0.010765678221823786
2025-05-31,ABBV,Healthcare,-0.00263298027698744,0.047705941280680675
2025-05-31,ABT,Healthcare,0.018191420862277985,0.0056781635113060105
2025-05-31,AMGN,Healthcare,-0.031126410858186793,0.045777308850504225
2025-05-31,BAX,Healthcare,-0.007213055187354933,-0.025287696993521725
2025-05-31,BIIB,Healthcare,-0.032359944259978124,-0.030048428579480018
2025-05-31,BMY,Healthcare,-0.04121793937431051,0.05005103521262163
2025-05-31,BSX,Healthcare,0.020425626850133494,-0.014201693719702637
2025-05-31,CI,Healthcare,0.04905357099095964,0.006637633095546971
2025-05-31,CVS,Healthcare,0.07713937819227246,-0.043401857362219236
2025-05-31,DHR,Healthcare,0.04188659794398286,0.02992655033389518
2025-05-31,EW,Healthcare,-0.00012787184958296116,-0.04129111571271261
2025-05-31,GILD,Healthcare,0.014328016346415673,0.04750959120187818
2025-05-31,HUM,Healthcare,0.052568172996795504,-0.015066604533007871
2025-05-31,ISRG,Healthcare,-0.01616767439755773,0.017135515654071034
2025-05-31,JNJ,Healthcare,-0.015849582359687586,0.03725993122635166
2025-05-31,LLY,Healthcare,0.05674641131609248,0.005179902631398529
2025-05-31,MDT,Healthcare,0.059220443424290226,-0.005383344080379195
2025-05-31,MRK,Healthcare,0.04050735651303672,0.027473841079299927
2025-05-31,PFE,Healthcare,0.03192838022597133,0.034266517158436295
2025-05-31,REGN,Healthcare,0.07081684117931486,0.07276580684940687
2025-05-31,SYK,Healthcare,0.03615994398056843,-0.004333665694314902
2025-05-31,TMO,Healthcare,0.007596941240557653,0.014769285575995016
2025-05-31,UNH,Healthcare,0.04065655116906908,-0.01739072612549168
2025-05-31,VRTX,Healthcare,0.007125946162310104,0.009127559457411541
2025-05-31,ZBH,Healthcare,-0.007849262707115279,-0.010706379611759005
2025-05-31,A,Healthcare,0.054413807033866224,0.007727140446888671
2025-05-31,ACAD,Healthcare,0.0,-0.00973819498344777
2025-05-31,ALGN,Healthcare,0.046368958088001344,0.03470934317220977
2025-05-31,ALKS,Healthcare,-0.0653381234930015,-0.014449995616467107
2025-05-31,BDX,Healthcare,0.004050294135216959,-0.030940902595721586
2025-05-31,DGX,Healthcare,0.03628720735714763,-0.0364188705731339
2025-05-31,DXCM,Healthcare,0.01736594185049989,-0.016767159771512975
2025-05-31,FOLD,Healthcare,-0.05601320312563218,-0.00022384240741209674
2025-05-31,HOLX,Healthcare,0.048094025755619274,-0.011533001700884319
2025-05-31,IDXX,Healthcare,0.04476399049327706,-0.008592525533383114
2025-05-31,INSP,Healthcare,-0.060998501171735886,0.030891225147180446
2025-05-31,IQV,Healthcare,0.12299575487510861,-0.00951393277377269
2025-05-31,MASI,Healthcare,0.03520000751201913,-0.007993133913053266
2025-05-31,MTD,Healthcare,0.016615853336460207,-0.029414539968232917
2025-05-31,NBIX,Healthcare,0.021703835727509224,-0.0030036337410242276
2025-05-31,NTRA,Healthcare,0.0710708617099769,-0.01776020675703371
2025-05-31,NVCR,Healthcare,-0.06855056679492777,0.022337647684384506
2025-05-31,PODD,Healthcare,-0.03338155291592959,-0.029370930420337612
2025-05-31,RARE,Healthcare,0.06846905420614391,-0.030232248741118708
2025-05-31,RMD,Healthcare,0.05396463433622212,-0.028295992992045733
2025-05-31,WAT,Healthcare,-0.0005726196742787959,-0.013622715175343301
2025-05-31,AMZN,Consumer,0.07014294555445688,0.05842026344763282
2025-05-31,AZO,Consumer,-0.005574560780488236,0.015337799056448187
2025-05-31,BKNG,Consumer,0.05078946869873757,0.004289531194108782
2025-05-31,CMG,Consumer,0.12120605976216647,0.053393309927738226
2025-05-31,COST,Consumer,-0.04829930078116884,-0.004906771528655897
2025-05-31,DG,Consumer,0.17614386098010737,-0.07202097139091214
2025-05-31,DLTR,Consumer,0.09727452439060569,-0.07928675452863204
2025-05-31,DRI,Consumer,0.01755280185435093,-0.014593654349949461
2025-05-31,EBAY,Consumer,0.017630252212351705,0.017981690027921028
2025-05-31,HD,Consumer,0.0017066249808845857,0.017820619537073132
2025-05-31,HLT,Consumer,0.07204951964239203,-0.00917705999743494
2025-05-31,KR,Consumer,0.05129712763065464,0.014855582799422779
2025-05-31,LOW,Consumer,-0.017100133346438673,0.0209139385377716
2025-05-31,LULU,Consumer,-0.24975529176439815,-0.012448413576031481
2025-05-31,MAR,Consumer,0.03555333547706274,-0.0002397735373324814
2025-05-31,MCD,Consumer,-0.06379774651121306,0.0010904954422222264
2025-05-31,MGM,Consumer,0.086571873748585,-0.04027022609172073
2025-05-31,NKE,Consumer,0.18026261016041234,0.0675205445109036
2025-05-31,ORLY,Consumer,-0.011371117722509316,0.00675183838828296
2025-05-31,ROST,Consumer,-0.08669762511455958,-0.04195821178339332
2025-05-31,SBUX,Consumer,0.09148304447782274,-0.016561720479319128
2025-05-31,TGT,Consumer,0.04935645817160639,-0.008071288022398823
2025-05-31,TJX,Consumer,-0.026871679641023438,0.005500618266461058
2025-05-31,WMT,Consumer,-0.009521857594097405,-0.007563719364347686
2025-05-31,YUM,Consumer,0.029456581693380057,-0.00963665273100867
2025-05-31,BBY,Consumer,0.02688309102378006,-0.046982300272509825
2025-05-31,CCL,Consumer,0.2110250147879773,-0.011812157943647475
2025-05-31,CHDN,Consumer,0.057924007722067294,-0.03224439526853343
2025-05-31,CMCSA,Consumer,0.032398029083692714,0.02007286346490541
2025-05-31,CZR,Consumer,0.056175605506930015,-0.06077761672783027
2025-05-31,DIS,Consumer,0.10172355377921116,0.03430669421360783
2025-05-31,DKNG,Consumer,0.19537341451649626,0.0003460403924185312
2025-05-31,F,Consumer,0.04527951633401872,-0.04504589700528828
2025-05-31,FOX,Consumer,0.02684967086765755,-0.03670402610120548
2025-05-31,GM,Consumer,-0.004903839095789619,-0.04505016516047291
2025-05-31,GRMN,Consumer,0.03294706436270056,0.016948536456351526
2025-05-31,H,Consumer,0.05771413662121416,-0.018815192889866435
2025-05-31,IHG,Consumer,-0.004316337896148714,0.01577329589800087
2025-05-31,LVS,Consumer,0.057094167675144414,-0.028093333332844077
2025-05-31,NCLH,Consumer,0.14900856232053772,-0.01689201346630267
2025-05-31,NFLX,Consumer,0.10925834231001486,-0.006029201450428387
2025-05-31,PENN,Consumer,0.20498994815690064,-0.03719289964063616
2025-05-31,POOL,Consumer,-0.030307023296079927,0.009045562809887159
2025-05-31,RCL,Consumer,0.22202159387147336,-0.005388836578881352
2025-05-31,SIRI,Consumer,0.059501750352491944,-0.06913216639925854
2025-05-31,TSLA,Consumer,-0.08312644606383923,0.03294706108321801
2025-05-31,WBD,Consumer,0.14944831807534187,-0.03447541829467984
2025-05-31,WYNN,Consumer,0.03457029394601485,-0.012502188357400796
2025-05-31,APA,Energy,0.07525002359374278,-0.006011182898267134
2025-05-31,BA,Energy,0.010659807915316177,-0.01980371250026774
2025-05-31,CAT,Energy,0.11544967734415756,0.06190313567527118
2025-05-31,COP,Energy,0.051435362946455454,0.002741858952016173
2025-05-31,CVX,Energy,0.04747635608989942,-0.025755438368704985
2025-05-31,DE,Energy,0.007584464282170078,0.017772725176766622
2025-05-31,DVN,Energy,0.05862347669199819,-0.03395699841171562
2025-05-31,EOG,Energy,0.10168560361406098,0.012497986849997936
2025-05-31,FDX,Energy,0.048957081408475656,-0.0021255468111988376
2025-05-31,GD,Energy,0.047290885026660456,-0.005545240940829822
2025-05-31,GE,Energy,0.046683871553699685,0.004725204213303259
2025-05-31,HAL,Energy,0.04905603151109772,-0.03651583553328641
2025-05-31,HON,Energy,0.027396595086792264,0.015231274857997575
2025-05-31,LMT,Energy,-0.033272060101884326,-0.005597448375011167
2025-05-31,MMM,Energy,0.026221659317634538,0.03591926631966589
2025-05-31,MPC,Energy,0.03340795784131512,0.03962072735955988
2025-05-31,NOC,Energy,0.03631388491937004,-0.004548749968926997
2025-05-31,OXY,Energy,0.03591159191380644,-0.03871950615213418
2025-05-31,PSX,Energy,0.05128654738626115,-0.028844149004169775
2025-05-31,RTX,Energy,0.06990035758428093,-0.00877572198227337
2025-05-31,SLB,Energy,0.03130983194716719,-0.03934146637368564
2025-05-31,UNP,Energy,0.037986123664437876,0.05177792560559106
2025-05-31,UPS,Energy,0.0348575576254746,-0.015102440449826643
2025-05-31,VLO,Energy,0.04225791973319404,-0.02342681516986445
2025-05-31,XOM,Energy,0.05376341127165962,-0.028122569529451944
2025-05-31,AME,Energy,0.014167212078296298,-0.011110558832663963
2025-05-31,BE,Energy,0.2950731437763996,0.2691257376567295
2025-05-31,BKR,Energy,0.03481786990818447,-0.04096375795151507
2025-05-31,CTRA,Energy,0.04401493669855716,-0.010347240089201562
2025-05-31,EMR,Energy,0.11685367354703802,0.03746225304862513
2025-05-31,ENPH,Energy,-0.04203908889654884,0.045968471408926806
2025-05-31,ETN,Energy,0.11489680750486686,0.027819117536973283
2025-05-31,FSLR,Energy,0.04719124094552374,0.0435494427510434
2025-05-31,FTV,Energy,-0.014439224380083049,-0.0381004834414032
2025-05-31,GNRC,Energy,0.17260304539849058,0.0112316317286168
2025-05-31,HUBB,Energy,0.04833413442974854,-0.012478465436136824
2025-05-31,MTDR,Energy,0.10950956533111844,-0.031135289761728833
2025-05-31,PH,Energy,0.050804739443183644,0.008699359957847654
2025-05-31,PLUG,Energy,0.6931818381937083,0.005319131002607568
2025-05-31,PR,Energy,0.09105703044347302,-0.03706199714360495
2025-05-31,ROK,Energy,0.05267003175758522,0.0035733792537882983
2025-05-31,ROP,Energy,-0.006014642659148306,-0.033825190198920815
2025-05-31,SM,Energy,0.05508100137329386,-0.0017821034241947227
2025-05-31,VRSK,Energy,-0.0069802673174717,0.0242512883648058
2025-05-31,WMB,Energy,0.04672129599909369,0.01641733419120316
2025-05-31,XYL,Energy,0.026340819985819053,-0.03126842034013072
2025-06-30,AAPL,Technology,0.01169767583943182,0.022936178682114682
2025-06-30,ADBE,Technology,-0.07544975721929081,0.032936888160330725
2025-06-30,AMAT,Technology,-0.01644185953489241,0.06557954993812905
2025-06-30,AMD,Technology,0.24249475082579197,0.0019058063915815544
2025-06-30,AVGO,Technology,0.0654817637567533,0.06952849966977126
2025-06-30,CDNS,Technology,0.1830926968854243,0.03761533625670599
2025-06-30,CRM,Technology,-0.052660580470431206,0.032588018683640765
2025-06-30,CRWD,Technology,-0.1074787270950388,0.12001537639219698
2025-06-30,FTNT,Technology,-0.055051074797797916,0.08513423320318608
2025-06-30,GOOGL,Technology,0.08891785209165959,0.03606258438245458
2025-06-30,INTC,Technology,-0.11607144757801202,0.05385781009763831
2025-06-30,INTU,Technology,-0.0018251806177270735,0.0353794601671257
2025-06-30,KLAC,Technology,-0.018654924915245674,0.08634598460042033
2025-06-30,LRCX,Technology,-0.02568309608795971,0.04834827893007265
2025-06-30,META,Technology,0.04789385548533054,0.06298201229503994
2025-06-30,MSFT,Technology,0.07255583849300784,0.03527894222653222
2025-06-30,MU,Technology,-0.11364920938738887,0.014271707317955865
2025-06-30,NET,Technology,0.06051162096678997,0.05152511310325309
2025-06-30,NOW,Technology,-0.082639505760561,0.04174581889641302
2025-06-30,NVDA,Technology,0.12583062355243713,0.002597926543235965
2025-06-30,ORCL,Technology,0.16319461749490394,0.04789816550146728
2025-06-30,PANW,Technology,-0.1516809684260727,0.045156340150198836
2025-06-30,QCOM,Technology,-0.07848797201286761,0.02186703871568928
2025-06-30,SNPS,Technology,0.23560501629274877,0.026611705824164316
2025-06-30,TXN,Technology,-0.12162268143680655,0.03648696073866331
2025-06-30,ACN,Technology,-0.10189085761237837,0.016775871790437644
2025-06-30,ADI,Technology,-0.05625576187869463,0.026517586289368112
2025-06-30,ANET,Technology,0.20437888926870573,0.02811252157591495
2025-06-30,CGNX,Technology,0.2853090401107117,-0.0445331190970259
2025-06-30,COHU,Technology,-0.07172552895962958,-0.0046898654015709185
2025-06-30,CSCO,Technology,-0.012836519045085204,0.034126366126680664
2025-06-30,DELL,Technology,0.08672429978190954,0.005934545908017152
2025-06-30,ENTG,Technology,-0.02610545085627014,0.01926569246302234
2025-06-30,FORM,Technology,-0.17436791707661825,-0.00541484324316757
2025-06-30,HPQ,Technology,0.013900223444176296,0.0018299752235519337
2025-06-30,IBM,Technology,-0.1412240190721178,0.07775812331182924
2025-06-30,IPGP,Technology,0.09089581536887881,0.00982006047476727
2025-06-30,KEYS,Technology,0.00030515715593537607,0.011177576920927308
2025-06-30,MCHP,Technology,-0.039505490511715036,0.012335738593157466
2025-06-30,MKSI,Technology,-0.04206923874652069,0.04439990746371878
2025-06-30,MPWR,Technology,-0.027536996905726308,0.05597588497377301
2025-06-30,MRVL,Technology,0.03922216884998653,0.059891302403587844
2025-06-30,NXPI,Technology,-0.02160276020708074,0.02944968555022548
2025-06-30,ONTO,Technology,-0.06123055866927274,0.030128564015743604
2025-06-30,QRVO,Technology,-0.015428160775982414,0.04666825610278773
2025-06-30,STX,Technology,0.08785411141685473,0.006505354432445326
2025-06-30,SWKS,Technology,-0.08024695405910742,-0.005114048574220288
2025-06-30,TER,Technology,0.19472863879785796,-0.03537026699565266
2025-06-30,VRSN,Technology,-0.06900956502941769,0.08917697234787682
2025-06-30,WDC,Technology,0.22972339517689533,0.00026529577858688423
2025-06-30,AXP,Financials,-0.05929623717760135,0.021550699371374542
2025-06-30,BAC,Financials,-0.001056683467619668,0.022588724076002396
2025-06-30,BK,Financials,0.1194237629614261,0.03318813835173357
2025-06-30,BLK,Financials,0.05409570951092624,0.04009959448348857
2025-06-30,C,Financials,0.10079877963433215,0.027501177881457332
2025-06-30,CFG,Financials,0.07564724160826652,0.020896722532021433
2025-06-30,CME,Financials,0.009650990149430383,0.07559251794042486
2025-06-30,COF,Financials,0.010528250175415366,0.031224325112978037
2025-06-30,FITB,Financials,0.01069778199320015,0.009612438667162824
2025-06-30,GS,Financials,0.022380827129672376,0.04667133693799876
2025-06-30,HBAN,Financials,-0.01968966283486262,0.009534205142401081
2025-06-30,ICE,Financials,0.007412665721512779,0.06863418650808475
2025-06-30,JPM,Financials,0.026757077071267732,0.04268957250463239
2025-06-30,KEY,Financials,0.02870254813835782,0.0031643856523236396
2025-06-30,MCO,Financials,0.028190208102847114,0.035669135156901524
2025-06-30,MS,Financials,0.018384952293911683,0.02611872785041798
2025-06-30,MTB,Financials,-0.027269434638993895,0.007204337811852677
2025-06-30,PNC,Financials,0.029519036429829892,0.028425350894000202
2025-06-30,RF,Financials,0.07695578124731095,0.01110145782636888
2025-06-30,SCHW,Financials,0.07113117294120119,0.03746256672317618
2025-06-30,SPGI,Financials,0.045155331718605085,0.046884667050295946
2025-06-30,STT,Financials,0.058439177196965675,0.011243371394145739
2025-06-30,TFC,Financials,0.016747927229231907,0.005932465807635223
2025-06-30,USB,Financials,-0.006408897462594987,0.02307893271405566
2025-06-30,WFC,Financials,0.006365314724289695,0.035889030448104195
2025-06-30,AFL,Financials,-0.057841762176865874,0.05359029484462072
2025-06-30,AJG,Financials,-0.1026802276103137,0.05827324369482028
2025-06-30,ALL,Financials,0.009636964518857871,0.035971964424397755
2025-06-30,AMTD,Financials,0.02642272618432573,0.023547436028667646
2025-06-30,AON,Financials,-0.0029431550116358896,0.03566932603527135
2025-06-30,CB,Financials,-0.0817340513577478,0.023230598825630843
2025-06-30,FDS,Financials,-0.09922196118099591,0.0051355030209759844
2025-06-30,FNF,Financials,0.0066001366271708495,0.0598654806538354
2025-06-30,GL,Financials,0.13272187171737038,0.0369519186718285
2025-06-30,HIG,Financials,-0.019547574645896182,0.03939729008068195
2025-06-30,IBKR,Financials,0.18317981822495666,0.005382378605461504
2025-06-30,LPLA,Financials,0.05536455142489061,-0.0018505756347288363
2025-06-30,MET,Financials,-0.05558330129912148,0.03479054354423166
2025-06-30,MSCI,Financials,-0.02666716990218232,0.039214924521438356
2025-06-30,NDAQ,Financials,0.0760455723834228,-0.005692733148619054
2025-06-30,PGR,Financials,-0.09265558726330159,0.07216791624300328
2025-06-30,PRU,Financials,-0.03592704553841042,0.033710693570320756
2025-06-30,RJF,Financials,0.09328186176779418,0.004032887224459055
2025-06-30,SEIC,Financials,-0.01936340397206615,0.004787303778581947
2025-06-30,SF,Financials,0.09963376768458398,0.033995876749282214
2025-06-30,SYF,Financials,0.0439016373665595,0.03499374718168495
2025-06-30,TRV,Financials,-0.027285781069129156,0.04203880718651833
2025-06-30,UNM,Financials,-0.10568051103992915,0.04720332601870999
2025-06-30,WTW,Financials,0.030375159155568543,0.009241882946002429
2025-06-30,ABBV,Healthcare,0.02711232478020298,0.07911212862341052
2025-06-30,ABT,Healthcare,-0.06803595696401732,0.06335288351643219
2025-06-30,AMGN,Healthcare,0.05691059817658406,0.0724082976193449
2025-06-30,BAX,Healthcare,-0.28137385301279927,0.021317359613135533
2025-06-30,BIIB,Healthcare,0.019189455628499497,-0.01638248691925005
2025-06-30,BMY,Healthcare,-0.052037014636297285,0.05134230821221072
2025-06-30,BSX,Healthcare,-0.023182249401993538,0.06846428268772814
2025-06-30,CI,Healthcare,-0.19117909193698068,0.06903438454738847
2025-06-30,CVS,Healthcare,-0.08992075511933162,0.06908957103634356
2025-06-30,DHR,Healthcare,-0.0019236154154494978,0.028571389489060687
2025-06-30,EW,Healthcare,0.014064678263619568,0.02344362307330956
2025-06-30,GILD,Healthcare,0.012807800294021954,0.06872450021190424
2025-06-30,HUM,Healthcare,0.022046792490967526,0.030816185182864216
2025-06-30,ISRG,Healthcare,-0.11468316719697991,0.036199079479372544
2025-06-30,JNJ,Healthcare,0.07849441139931801,0.05884652090603644
2025-06-30,LLY,Healthcare,-0.05062028797684626,0.06945199604642203
2025-06-30,MDT,Healthcare,0.035218566187468214,0.04696487637988859
2025-06-30,MRK,Healthcare,-0.013137888944674048,0.025251784662278818
2025-06-30,PFE,Healthcare,-0.022612359504035062,0.04065777443500854
2025-06-30,REGN,Healthcare,0.03897134974862548,0.03415693305054918
2025-06-30,SYK,Healthcare,-0.007329959381709217,0.04492033615909341
2025-06-30,TMO,Healthcare,0.15345537129192754,0.052469031701017216
2025-06-30,UNH,Healthcare,-0.2000512640948796,0.026886581305506824
2025-06-30,VRTX,Healthcare,0.026212898899763193,0.07271224378611939
2025-06-30,ZBH,Healthcare,0.004824121958632022,0.03591033155152882
2025-06-30,A,Healthcare,-0.025067465664894484,0.035154978496980474
2025-06-30,ACAD,Healthcare,0.10477516276572452,0.06336403206744344
2025-06-30,ALGN,Healthcare,-0.31859719400438313,0.01502231759891777
2025-06-30,ALKS,Healthcare,-0.0740999927999424,0.011236058657284052
2025-06-30,BDX,Healthcare,0.03483320341159213,0.035702487256015734
2025-06-30,DGX,Healthcare,-0.06379548694700021,0.041014558131898894
2025-06-30,DXCM,Healthcare,-0.07469359839703182,0.053855083132782575
2025-06-30,FOLD,Healthcare,0.045375174725866385,0.03934573448932468
2025-06-30,HOLX,Healthcare,0.025475689678024604,0.1053433469361329
2025-06-30,IDXX,Healthcare,-0.003784966989648253,0.01942936370377105
2025-06-30,INSP,Healthcare,-0.04030209743965829,0.018905251801145714
2025-06-30,IQV,Healthcare,0.17938958645475744,9.427032027577953e-06
2025-06-30,MASI,Healthcare,-0.08578057204766198,-0.001732611559871774
2025-06-30,MTD,Healthcare,0.050190755650916685,0.049923952550767585
2025-06-30,NBIX,Healthcare,0.02020839555092624,0.017992702392905374
2025-06-30,NTRA,Healthcare,-0.20883152758052725,0.05202873269627449
2025-06-30,NVCR,Healthcare,-0.3499999892845578,-0.023491566624198015
2025-06-30,PODD,Healthcare,-0.08205487103025244,0.058214013958120175
2025-06-30,RARE,Healthcare,-0.24862488349226508,0.05360020061567436
2025-06-30,RMD,Healthcare,0.05403105699387334,0.0050693590526937945
2025-06-30,WAT,Healthcare,-0.17270226135563127,0.004072169566430422
2025-06-30,AMZN,Consumer,0.06709513314943583,0.03781149913177818
2025-06-30,AZO,Consumer,0.01512565294692747,0.06979436436334366
2025-06-30,BKNG,Consumer,-0.04926022989499235,0.045781248820880714
2025-06-30,CMG,Consumer,-0.23633125729565074,0.0400656354980072
2025-06-30,COST,Consumer,-0.050811153600719416,0.05062333916220989
2025-06-30,DG,Consumer,-0.07820528028560936,0.041165901258057594
2025-06-30,DLTR,Consumer,0.14650648225060348,0.023177254820676677
2025-06-30,DRI,Consumer,-0.06830579705199236,0.03210630539065392
2025-06-30,EBAY,Consumer,0.23220512954255867,0.07697324165091243
2025-06-30,HD,Consumer,0.0023728047082578474,0.01685341796208646
2025-06-30,HLT,Consumer,0.006533101145263842,0.013500570002868197
2025-06-30,KR,Consumer,-0.022724169828186924,0.043735950787392855
2025-06-30,LOW,Consumer,0.013021403109568785,0.026389507962326034
2025-06-30,LULU,Consumer,-0.15594748196906072,0.006159914418213525
2025-06-30,MAR,Consumer,-0.03433269370011138,0.0109693370395748
2025-06-30,MCD,Consumer,0.02703894307877852,0.06424640620044045
2025-06-30,MGM,Consumer,0.059901175046577215,-0.0011970211284532467
2025-06-30,NKE,Consumer,0.05137952002239787,-0.002484890717493692
2025-06-30,ORLY,Consumer,0.09086877500260515,0.06379922328499082
2025-06-30,ROST,Consumer,0.07023039585186774,0.021393279087981016
2025-06-30,SBUX,Consumer,-0.02695609035202362,0.03706126612151014
2025-06-30,TGT,Consumer,0.018753120222206654,-0.009546310303966748
2025-06-30,TJX,Consumer,0.00842175469325368,0.07401047435525372
2025-06-30,WMT,Consumer,0.002045434931147394,0.07502428841080032
2025-06-30,YUM,Consumer,-0.027196626717981953,0.04540687981759115
2025-06-30,BBY,Consumer,-0.030835614988180993,-0.013045429573927403
2025-06-30,CCL,Consumer,0.058677111357620104,0.030276779647061262
2025-06-30,CHDN,Consumer,0.059801933437586774,-0.016021259746021293
2025-06-30,CMCSA,Consumer,-0.06039202250604503,0.01524714647824096
2025-06-30,CZR,Consumer,-0.06023244527071592,0.016977798547088
2025-06-30,DIS,Consumer,-0.03951296636408386,0.0628968014744257
2025-06-30,DKNG,Consumer,0.050128271309740624,0.03323028359911585
2025-06-30,F,Consumer,0.02027636665434618,0.0007655412654010668
2025-06-30,FOX,Consumer,-0.009490625020530996,0.038043089474196906
2025-06-30,GM,Consumer,0.08392596189655599,-0.017510168497607174
2025-06-30,GRMN,Consumer,0.04810263449871943,0.007004329480917118
2025-06-30,H,Consumer,0.009452267119501645,-0.013173036896518754
2025-06-30,IHG,Consumer,0.007109513261725153,0.047000580187376205
2025-06-30,LVS,Consumer,0.2043210569360534,-0.04239020921024966
2025-06-30,NCLH,Consumer,0.2603549605781712,0.03503503487719161
2025-06-30,NFLX,Consumer,-0.1342139500795454,0.09465544638988617
2025-06-30,PENN,Consumer,0.010632267363515968,0.017912182817149847
2025-06-30,POOL,Consumer,0.05715662343388517,-0.007917270394725671
2025-06-30,RCL,Consumer,0.015104936094235688,0.02675274685561505
2025-06-30,SIRI,Consumer,-0.08053977914675958,0.02067667165095143
2025-06-30,TSLA,Consumer,-0.02955995259140498,0.014627595752003657
2025-06-30,WBD,Consumer,0.1492146625178783,0.021699527544220852
2025-06-30,WYNN,Consumer,0.163979900473056,0.021142065319445506
2025-06-30,APA,Energy,0.06904347365132524,-0.060119674257648255
2025-06-30,BA,Energy,0.058750525606408255,0.03766758155181378
2025-06-30,CAT,Energy,0.13244023579491393,0.007338974499060713
2025-06-30,COP,Energy,0.0624024218348056,0.021677755761042392
2025-06-30,CVX,Energy,0.05901237974406137,0.028327454265178877
2025-06-30,DE,Energy,0.031229882905440487,0.06002124686600674
2025-06-30,DVN,Energy,0.0443257917811295,-0.00480744646527568
2025-06-30,EOG,Energy,0.011731195386660342,0.01630417038217673
2025-06-30,FDX,Energy,-0.01680520268921426,-0.0007129357486820768
2025-06-30,GD,Energy,0.07388189216257612,0.008893991914624649
2025-06-30,GE,Energy,0.054725713486780014,0.08281635887386223
2025-06-30,HAL,Energy,0.0991167079807902,0.002243126966390506
2025-06-30,HON,Energy,-0.04521640566665375,0.03762674317673766
2025-06-30,LMT,Energy,-0.09103079531596026,0.00833328733737053
2025-06-30,MMM,Energy,-0.019837176487892405,0.06579130993731884
2025-06-30,MPC,Energy,0.024562018314847167,-0.005115531013370036
2025-06-30,NOC,Energy,0.15326602490470287,0.042954843985001254
2025-06-30,OXY,Energy,0.045941473763531526,-0.004835482906391458
2025-06-30,PSX,Energy,0.03587589885598508,-0.012148963736410055
2025-06-30,RTX,Energy,0.0790987581567919,0.05494988774584855
2025-06-30,SLB,Energy,0.0,0.0018284661894457615
2025-06-30,UNP,Energy,-0.03524864675862405,0.03295543661956595
2025-06-30,UPS,Energy,-0.14642366870674373,-0.004223570676752628
2025-06-30,VLO,Energy,0.02984964637159382,-0.01778535211426181
2025-06-30,XOM,Energy,0.03562152093207471,0.026566446661656615
2025-06-30,AME,Energy,0.021496453788343306,0.0038074066081200983
2025-06-30,BE,Energy,0.5631270597989677,0.04962617627721958
2025-06-30,BKR,Energy,0.1750129098484685,0.008287655992448196
2025-06-30,CTRA,Energy,-0.03900713099269948,0.02158376248563147
2025-06-30,EMR,Energy,0.09135237898425097,0.02708220772807215
2025-06-30,ENPH,Energy,-0.18385878020128898,0.10173425127229947
2025-06-30,ETN,Energy,0.07767734128300985,0.021852681598241386
2025-06-30,FSLR,Energy,0.05551530031490026,0.06290867168611833
2025-06-30,FTV,Energy,-0.08056774423591961,0.01118070556954459
2025-06-30,GNRC,Energy,0.3594720572173131,-0.008737308597215146
2025-06-30,HUBB,Energy,0.07117851849360912,-0.010194108991636022
2025-06-30,MTDR,Energy,0.04526397683314243,-0.038367845121265606
2025-06-30,PH,Energy,0.04786190073026675,0.029312233750297505
2025-06-30,PLUG,Energy,0.006711402952518153,0.0832649730013512
2025-06-30,PR,Energy,0.039647570414124145,0.03650370113560094
2025-06-30,ROK,Energy,0.058825294255119065,0.049306689298622614
2025-06-30,ROP,Energy,-0.02758552590530905,0.01299574695995186
2025-06-30,SM,Energy,0.12499483936420974,0.003958965741459896
2025-06-30,VRSK,Energy,-0.10526491177494779,0.062416056652061
2025-06-30,WMB,Energy,-0.04553416009019162,0.05947382496624389
2025-06-30,XYL,Energy,0.1179653459389649,0.018476750321694792
2025-07-31,AAPL,Technology,0.11963895984061979,-0.0206496212488754
2025-07-31,ADBE,Technology,-0.0027677324711841145,0.055796293614740436
2025-07-31,AMAT,Technology,-0.10462765921166606,0.0161627875000852
2025-07-31,AMD,Technology,-0.07759056698548772,0.0497532858312438
2025-07-31,AVGO,Technology,0.012563903739962523,0.03914128072867951
2025-07-31,CDNS,Technology,-0.038785457839000226,0.002158994849063132
2025-07-31,CRM,Technology,-0.008051616662767103,0.004339021284775397
2025-07-31,CRWD,Technology,-0.06791032100622008,0.05327815155289611
2025-07-31,FTNT,Technology,-0.21151155715787262,0.010514156315575805
2025-07-31,GOOGL,Technology,0.10948414150921826,-0.007624534611506282
2025-07-31,INTC,Technology,0.22979804645106938,0.04757651098402266
2025-07-31,INTU,Technology,-0.150459176142407,-0.00946987742831915
2025-07-31,KLAC,Technology,-0.005838611552823836,0.03804368293087085
2025-07-31,LRCX,Technology,0.05598902350038881,0.047897202592211745
2025-07-31,META,Technology,-0.04491617460361408,0.03371155705450688
2025-07-31,MSFT,Technology,-0.048691766218305066,0.025037021335586253
2025-07-31,MU,Technology,0.0904343605023945,0.055022161221997566
2025-07-31,NET,Technology,0.004959620928405739,0.046808644371356734
2025-07-31,NOW,Technology,-0.027207506563437844,-0.0004977785606087885
2025-07-31,NVDA,Technology,-0.020745518363826654,0.03443463611322031
2025-07-31,ORCL,Technology,-0.10891754180797497,0.001943348288655472
2025-07-31,PANW,Technology,0.09746542381373025,0.014017222389068594
2025-07-31,QCOM,Technology,0.09518929919754138,6.885195087613649e-05
2025-07-31,SNPS,Technology,-0.04727919642131073,-0.010601110989034004
2025-07-31,TXN,Technology,0.11830323561736389,0.015049352473022016
2025-07-31,ACN,Technology,-0.026694100775527807,0.024996708416961878
2025-07-31,ADI,Technology,0.1187730259978208,0.03417776715793434
2025-07-31,ANET,Technology,0.10818050396849865,0.02426973937661169
2025-07-31,CGNX,Technology,0.0797083382335646,0.006233853261259974
2025-07-31,COHU,Technology,0.11422166508753295,-0.046257614994145206
2025-07-31,CSCO,Technology,0.014835447354002218,-0.004083946263018144
2025-07-31,DELL,Technology,-0.07943320471652326,0.005251357885057412
2025-07-31,ENTG,Technology,0.0672954230993017,-0.019279383182815572
2025-07-31,FORM,Technology,0.0274551457527219,0.006626124261362241
2025-07-31,HPQ,Technology,0.1508065372937124,-0.019662401675066027
2025-07-31,IBM,Technology,-0.03165598392218827,0.012926016354549872
2025-07-31,IPGP,Technology,0.0925357238837643,0.0034155079641680157
2025-07-31,KEYS,Technology,-0.0029285032981735126,0.0036855261876419564
2025-07-31,MCHP,Technology,-0.03165362440453845,0.07829530791469168
2025-07-31,MKSI,Technology,0.08800653871085928,0.0012449976370506152
2025-07-31,MPWR,Technology,0.17507454933889233,0.028081458341848924
2025-07-31,MRVL,Technology,-0.21774300237149713,-0.0427052563915524
2025-07-31,NXPI,Technology,0.09861063808097281,-0.017450429224231536
2025-07-31,ONTO,Technology,0.1187335092348285,-0.03428270366149062
2025-07-31,QRVO,Technology,0.0849282129630533,0.018807337730361157
2025-07-31,STX,Technology,0.06617408964165516,0.056757398702646907
2025-07-31,SWKS,Technology,0.10358392281878492,-0.0012451501155931856
2025-07-31,TER,Technology,0.10062364705953519,-0.017612488212772115
2025-07-31,VRSN,Technology,0.019670184711689576,0.014214456645803505
2025-07-31,WDC,Technology,0.020968305338335824,0.03651927307144108
2025-07-31,AXP,Financials,0.1068122931515938,0.005060739562243118
2025-07-31,BAC,Financials,0.07340820602735887,0.02311142121379092
2025-07-31,BK,Financials,0.0409068925829974,0.013537449895389174
2025-07-31,BLK,Financials,0.019104610400924704,0.020398112435933053
2025-07-31,C,Financials,0.03740795689431997,0.02107551202620752
2025-07-31,CFG,Financials,0.09555735216467665,0.010116426039125288
2025-07-31,CME,Financials,-0.042295384911124834,0.009313517758664026
2025-07-31,COF,Financials,0.05971323877407597,-0.00574430301002357
2025-07-31,FITB,Financials,0.1010344596608026,0.010073026141472844
2025-07-31,GS,Financials,0.035447457509792946,0.020624343463834557
2025-07-31,HBAN,Financials,0.08399256141135747,0.00756206958571492
2025-07-31,ICE,Financials,-0.044527340742353094,0.01854191334946533
2025-07-31,JPM,Financials,0.017485898915339693,0.027010500027298132
2025-07-31,KEY,Financials,0.08035729095916078,0.0045633733097705485
2025-07-31,MCO,Financials,-0.009790263155920909,0.00020497198000959968
2025-07-31,MS,Financials,0.056296392484256774,0.021754187381175082
2025-07-31,MTB,Financials,0.06868042955997344,0.00034347690381082973
2025-07-31,PNC,Financials,0.09024014484575016,0.01878000445134626
2025-07-31,RF,Financials,0.0813264781387304,0.007413859969662153
2025-07-31,SCHW,Financials,-0.016572873505269925,0.009387591034938109
2025-07-31,SPGI,Financials,-0.003091935441279392,0.01703777380275931
2025-07-31,STT,Financials,0.02881425638963031,-0.0063930180130947496
2025-07-31,TFC,Financials,0.08430923792555323,0.0034600024991350807
2025-07-31,USB,Financials,0.08607663458869497,0.008234863181412335
2025-07-31,WFC,Financials,0.02521127741010476,0.022049049180173707
2025-07-31,AFL,Financials,0.08135065915069495,0.006479806306441933
2025-07-31,AJG,Financials,0.053960043470257846,0.0010956556131037397
2025-07-31,ALL,Financials,0.0059206926134642845,0.00843351785236441
2025-07-31,AMTD,Financials,0.029702942250534603,-0.0004779824255936413
2025-07-31,AON,Financials,0.03390472919790888,0.014477736982206944
2025-07-31,CB,Financials,0.03394224994650208,0.01601650381169591
2025-07-31,FDS,Financials,-0.07069739101449435,-0.01044400897860804
2025-07-31,FNF,Financials,0.060960492112988485,-0.010107410521805776
2025-07-31,GL,Financials,-0.0037017904265880253,0.0031145810987498143
2025-07-31,HIG,Financials,0.0636706036711987,-0.0015863084181819804
2025-07-31,IBKR,Financials,-0.04942917109544287,-0.01883545535273379
2025-07-31,LPLA,Financials,-0.07819105485975886,-0.021438079294078167
2025-07-31,MET,Financials,0.07942447895889426,0.004439970459759088
2025-07-31,MSCI,Financials,0.014557750853033014,0.001061745793196925
2025-07-31,NDAQ,Financials,-0.015381417601331604,0.026094584367894993
2025-07-31,PGR,Financials,0.020740432737373693,-0.00230148928309024
2025-07-31,PRU,Financials,0.07227555278591935,0.019464228703805406
2025-07-31,RJF,Financials,0.013821580703180736,0.008076762880114007
2025-07-31,SEIC,Financials,0.0018156189398970124,0.0012340787760290058
2025-07-31,SF,Financials,0.010252311562324534,0.009177999647389148
2025-07-31,SYF,Financials,0.10050461730849403,-0.03558463139168797
2025-07-31,TRV,Financials,0.04330632014618896,0.01264959701921819
2025-07-31,UNM,Financials,-0.02715498459790333,-0.01674316859300095
2025-07-31,WTW,Financials,0.03476783602534317,0.0017276014743673775
2025-07-31,ABBV,Healthcare,0.11310974125729234,0.00037724330998948507
2025-07-31,ABT,Healthcare,0.05127187935594835,0.0037189066106809816
2025-07-31,AMGN,Healthcare,-0.01713316855832292,0.008791807982068585
2025-07-31,BAX,Healthcare,0.14261155540946868,0.012126614167378405
2025-07-31,BIIB,Healthcare,0.032968759536743164,0.03167519480617892
2025-07-31,BMY,Healthcare,0.08935575247280925,-0.01926681335081566
2025-07-31,BSX,Healthcare,0.005528038897987253,0.012287115637150183
2025-07-31,CI,Healthcare,0.12525236942499318,0.011433443309181784
2025-07-31,CVS,Healthcare,0.17793883266609023,-0.0021747225962259523
2025-07-31,DHR,Healthcare,0.04392377473943565,-0.013658806379860037
2025-07-31,EW,Healthcare,0.02559574885621596,-0.02081101162253584
2025-07-31,GILD,Healthcare,0.006055683672183898,-0.0007887291434978181
2025-07-31,HUM,Healthcare,0.2152721314539181,-0.008557216072006636
2025-07-31,ISRG,Healthcare,-0.01619241431794527,0.006207048128929545
2025-07-31,JNJ,Healthcare,0.08334605304331455,0.01904076390887889
2025-07-31,LLY,Healthcare,-0.007946447604362583,-0.00254408025391979
2025-07-31,MDT,Healthcare,0.0284796273392518,-0.000779180320359923
2025-07-31,MRK,Healthcare,0.0768048019159564,-0.021622858126015197
2025-07-31,PFE,Healthcare,0.06311716817410673,-0.0028798426001361505
2025-07-31,REGN,Healthcare,0.0662224961371185,0.027254061869957037
2025-07-31,SYK,Healthcare,-0.0033611562509027193,0.007817032345076434
2025-07-31,TMO,Healthcare,0.05354089242497295,0.036152423957937725
2025-07-31,UNH,Healthcare,0.2416652584908321,0.027761037766598273
2025-07-31,VRTX,Healthcare,-0.1441329192271098,0.006742652431688849
2025-07-31,ZBH,Healthcare,0.1576649057380064,0.0016364613055346393
2025-07-31,A,Healthcare,0.09450397986374015,-0.014820244323169529
2025-07-31,ACAD,Healthcare,0.09064204172587287,-0.02057555993257484
2025-07-31,ALGN,Healthcare,0.10037991441310434,-0.015362039211532515
2025-07-31,ALKS,Healthcare,0.09362021757887118,-0.017975536200095687
2025-07-31,BDX,Healthcare,0.08263656693427324,-0.015316420987528423
2025-07-31,DGX,Healthcare,0.08500090984750597,0.01855680237726905
2025-07-31,DXCM,Healthcare,-0.06722793773499447,0.03416760707029982
2025-07-31,FOLD,Healthcare,0.26711192697943154,0.024766323235912276
2025-07-31,HOLX,Healthcare,0.0044897194422024445,-0.0019518001955802784
2025-07-31,IDXX,Healthcare,0.2110760229308779,-0.01765104424589716
2025-07-31,INSP,Healthcare,-0.24771156453616816,-0.051664950506150685
2025-07-31,IQV,Healthcare,0.026632933024786087,-0.021920814186466426
2025-07-31,MASI,Healthcare,-0.09155333368192042,-0.01622651939334939
2025-07-31,MTD,Healthcare,0.05460085469400444,-0.02672410388130704
2025-07-31,NBIX,Healthcare,0.08866888212439283,-0.008197035459913902
2025-07-31,NTRA,Healthcare,0.2587909276535234,-0.008922403399006884
2025-07-31,NVCR,Healthcare,0.06568714338184622,-0.05106974839065911
2025-07-31,PODD,Healthcare,0.17850212231559848,-0.019441204404716653
2025-07-31,RARE,Healthcare,0.09663248239891398,-0.013144660542734206
2025-07-31,RMD,Healthcare,0.01155604234247809,-0.009471280424366162
2025-07-31,WAT,Healthcare,0.04515853160528627,-0.04219686377985593
2025-07-31,AMZN,Consumer,-0.021827348669553603,0.008238146458369332
2025-07-31,AZO,Consumer,0.11414717085866388,0.0007172977155139891
2025-07-31,BKNG,Consumer,0.017258223371512393,0.005669258272078323
2025-07-31,CMG,Consumer,-0.017257501400041897,-0.04386747362124079
2025-07-31,COST,Consumer,0.005307179111530447,0.00842278577086877
2025-07-31,DG,Consumer,0.0367970301192726,-0.005760840477491028
2025-07-31,DLTR,Consumer,-0.03857335768468473,-0.04038062195701838
2025-07-31,DRI,Consumer,0.026131806009609182,-0.020592798751227662
2025-07-31,EBAY,Consumer,-0.00932915908141263,0.00778874290483836
2025-07-31,HD,Consumer,0.1068270401098601,0.0018510121774143616
2025-07-31,HLT,Consumer,0.03032647998364535,0.015285362695487617
2025-07-31,KR,Consumer,-0.02732216460121495,0.0019699417172760613
2025-07-31,LOW,Consumer,0.1542693522882188,0.014601423970354806
2025-07-31,LULU,Consumer,0.008327921902514523,-0.007349570532603249
2025-07-31,MAR,Consumer,0.017862793481183914,-0.015076729053310114
2025-07-31,MCD,Consumer,0.04488956142733347,0.010488512294668195
2025-07-31,MGM,Consumer,0.08888882842119994,-0.0022966743862831945
2025-07-31,NKE,Consumer,0.03588160142931418,0.0089323775007823
2025-07-31,ORLY,Consumer,0.05451587293519622,0.0005515621367246697
2025-07-31,ROST,Consumer,0.07777948723547179,0.013506766600747648
2025-07-31,SBUX,Consumer,-0.0043530544202528,0.015862382745057624
2025-07-31,TGT,Consumer,-0.034617962579601036,-0.001109624969199408
2025-07-31,TJX,Consumer,0.10049254902542537,0.010466388474476443
2025-07-31,WMT,Consumer,-0.00789443285551128,0.02203813481186232
2025-07-31,YUM,Consumer,0.019563055647232153,-0.015014795361703526
2025-07-31,BBY,Consumer,0.13187827635697058,-0.007577586429356298
2025-07-31,CCL,Consumer,0.0712125419293912,0.00911679263302489
2025-07-31,CHDN,Consumer,-0.03092297019933532,-0.010857009969799396
2025-07-31,CMCSA,Consumer,0.022269057415343463,0.001558592400958479
2025-07-31,CZR,Consumer,0.0033733190239293442,-0.03706243985253746
2025-07-31,DIS,Consumer,-0.006128818557371241,0.004467845230524072
2025-07-31,DKNG,Consumer,0.06527527901748842,0.036295498474651286
2025-07-31,F,Consumer,0.0775121314684537,-0.00766248210455638
2025-07-31,FOX,Consumer,0.06667965604037907,-0.007080326602405965
2025-07-31,GM,Consumer,0.09842520110323849,-0.029671086008391086
2025-07-31,GRMN,Consumer,0.10541237244379387,-0.008287358539306736
2025-07-31,H,Consumer,0.02455952448543286,-0.0034682401785212625
2025-07-31,IHG,Consumer,0.060965226091168834,0.0060447903468872
2025-07-31,LVS,Consumer,0.10508143105262624,-0.023398107606951036
2025-07-31,NCLH,Consumer,-0.028168987809012336,0.007695685191468104
2025-07-31,NFLX,Consumer,0.04213381407598904,0.02642580170580881
2025-07-31,PENN,Consumer,0.12015504653730136,0.010446269962542712
2025-07-31,POOL,Consumer,0.01216569000248846,-0.0065355929676216475
2025-07-31,RCL,Consumer,0.1426685164232604,-0.0049949276131969105
2025-07-31,SIRI,Consumer,0.13368201142949765,-0.038549670538690024
2025-07-31,TSLA,Consumer,0.08304410748975077,0.011883278992849917
2025-07-31,WBD,Consumer,-0.11617309978040147,-0.026801446350604812
2025-07-31,WYNN,Consumer,0.16518562302511275,-0.009153164063625019
2025-07-31,APA,Energy,0.2037323542370153,0.00825301938916558
2025-07-31,BA,Energy,0.05787953727845219,0.006177201019046332
2025-07-31,CAT,Energy,-0.04333137960454503,0.02003333273164991
2025-07-31,COP,Energy,0.04663800117928152,-0.01893603434233063
2025-07-31,CVX,Energy,0.0708771857649726,0.000669413396668866
2025-07-31,DE,Energy,-0.08720951077261807,0.015420412039651563
2025-07-31,DVN,Energy,0.08669466584529917,-0.03336958930700577
2025-07-31,EOG,Energy,0.039993337512514104,0.0033486362816011702
2025-07-31,FDX,Energy,0.0339165251282203,0.0008588462592017459
2025-07-31,GD,Energy,0.04159057255614984,0.009883275082302625
2025-07-31,GE,Energy,0.015198526729472306,0.010322168380359155
2025-07-31,HAL,Energy,0.014732207691751098,-0.019827410615985867
2025-07-31,HON,Energy,-0.0076786717038942465,0.007075568911975465
2025-07-31,LMT,Energy,0.08230790742554328,0.015179457206608736
2025-07-31,MMM,Energy,0.04710262041294566,0.0013991455375193438
2025-07-31,MPC,Energy,0.06181577539702765,0.014894444055483336
2025-07-31,NOC,Energy,0.023291413534420435,0.0017552819218004461
2025-07-31,OXY,Energy,0.08352309687753445,-0.025042923726804632
2025-07-31,PSX,Energy,0.09158268893191557,0.00046100793767615703
2025-07-31,RTX,Energy,0.010969689773105307,0.027374791415352425
2025-07-31,SLB,Energy,0.08994096721859424,-0.017188012232254857
2025-07-31,UNP,Energy,0.013498443307762065,-0.005501738168646528
2025-07-31,UPS,Energy,0.03402197603375989,-0.03858956396658356
2025-07-31,VLO,Energy,0.10705691864796152,0.011149536103477622
2025-07-31,XOM,Energy,0.033263200038046836,-0.008504422531300255
2025-07-31,AME,Energy,-0.00027055727250402395,0.01681102711702439
2025-07-31,BE,Energy,0.4158865870793682,0.04703876385221703
2025-07-31,BKR,Energy,0.013095227738091353,0.0015611774254241676
2025-07-31,CTRA,Energy,0.011235525386356526,-0.011375672373322515
2025-07-31,EMR,Energy,-0.08926713771339778,0.009477167275094619
2025-07-31,ENPH,Energy,0.16501854301200747,0.07083676355695331
2025-07-31,ETN,Energy,-0.08983994012959329,0.009931667221394151
2025-07-31,FSLR,Energy,0.1170949877762888,0.017923877383227035
2025-07-31,FTV,Energy,-0.00146044721294325,0.005731999776288316
2025-07-31,GNRC,Energy,-0.04848735077830879,0.010477527460541541
2025-07-31,HUBB,Energy,-0.011909320374408616,-0.0007005732594851682
2025-07-31,MTDR,Energy,0.01628339528013889,0.011341595429664801
2025-07-31,PH,Energy,0.03750506504236162,0.02030717613393567
2025-07-31,PLUG,Energy,0.04666670163472486,0.03941251410641249
2025-07-31,PR,Energy,0.009180704605329826,-0.018923819723619686
2025-07-31,ROK,Energy,-0.019790631408657333,-0.008602416358415814
2025-07-31,ROP,Energy,-0.04376808350070571,0.007178328963795478
2025-07-31,SM,Energy,0.03479520191842478,0.005968071206789575
2025-07-31,VRSK,Energy,-0.03799650256797904,0.007855018483077864
2025-07-31,WMB,Energy,-0.034528767608212996,-0.009375130443045273
2025-07-31,XYL,Energy,-0.018443966150042734,0.00786311066862385
2025-08-31,AAPL,Technology,0.09688121209766343,0.01720824444494783
2025-08-31,ADBE,Technology,-0.011073765270124603,0.06078788718903885
2025-08-31,AMAT,Technology,0.27357559014795285,0.03985673549509525
2025-08-31,AMD,Technology,-0.00516516984233617,0.04873492818589771
2025-08-31,AVGO,Technology,0.11125194221876589,0.020761845216597328
2025-08-31,CDNS,Technology,0.0023685674947682145,-0.009192890781869219
2025-08-31,CRM,Technology,-0.07351148527675133,0.017682726850479856
2025-08-31,CRWD,Technology,0.15737547971369792,0.025279858934342873
2025-08-31,FTNT,Technology,0.06741151979540794,0.02941945182724441
2025-08-31,GOOGL,Technology,0.14281827292390226,0.008791463647293956
2025-08-31,INTC,Technology,0.37782335570688486,0.09127013576339067
2025-08-31,INTU,Technology,0.02385303182661347,-0.011810839519158928
2025-08-31,KLAC,Technology,0.23692665921953382,0.019760817888346043
2025-08-31,LRCX,Technology,0.3396345597906154,0.011493537216654089
2025-08-31,META,Technology,-0.005177189887054623,0.008313639468616857
2025-08-31,MSFT,Technology,0.022222676492286153,0.0028559193332256504
2025-08-31,MU,Technology,0.40593227727445536,0.03897078571568194
2025-08-31,NET,Technology,0.028173012480827708,0.005917430068817487
2025-08-31,NOW,Technology,0.0030736781321296647,0.05194896752797048
2025-08-31,NVDA,Technology,0.07125115097366086,0.02500986952881081
2025-08-31,ORCL,Technology,0.24370927280114452,0.005225816008160547
2025-08-31,PANW,Technology,0.06875913579128623,0.023881073045187114
2025-08-31,QCOM,Technology,0.04091790545522822,0.002625715405651366
2025-08-31,SNPS,Technology,-0.18247945605574067,0.0023455423785418727
2025-08-31,TXN,Technology,-0.0926016901952722,0.02999152593224637
2025-08-31,ACN,Technology,-0.0514289996416506,0.03694494501823824
2025-08-31,ADI,Technology,-0.01845637841291803,0.012587775005310324
2025-08-31,ANET,Technology,0.06708168039100948,0.0022836690668942444
2025-08-31,CGNX,Technology,0.03095133736204847,0.005932177995405844
2025-08-31,COHU,Technology,0.02160805595068349,0.03748067212477436
2025-08-31,CSCO,Technology,-0.009697542325052044,-0.0013865822073356304
2025-08-31,DELL,Technology,0.16062219945987133,-0.010310542615967217
2025-08-31,ENTG,Technology,0.1041319131265479,0.052328490592488994
2025-08-31,FORM,Technology,0.24768747867791396,0.03040504137309487
2025-08-31,HPQ,Technology,-0.03631012143680601,0.026817240047449113
2025-08-31,IBM,Technology,0.15881553561963546,0.037903691514002504
2025-08-31,IPGP,Technology,-0.03214369669063122,0.018995086238176282
2025-08-31,KEYS,Technology,0.07030536626137152,0.0013577155417499156
2025-08-31,MCHP,Technology,-0.012000040028129266,0.04819083090908337
2025-08-31,MKSI,Technology,0.197696866743452,0.013264053946711696
2025-08-31,MPWR,Technology,0.10350187106822517,0.033675392699033815
2025-08-31,MRVL,Technology,0.33720364459308594,-0.007121843443774415
2025-08-31,NXPI,Technology,-0.025847454806661063,-0.012357833118567094
2025-08-31,ONTO,Technology,0.21905661528965203,0.014108709418988508
2025-08-31,QRVO,Technology,0.004189690138902025,0.02434811620962075
2025-08-31,STX,Technology,0.41460023990133577,-0.05377188390267006
2025-08-31,SWKS,Technology,0.027221768828838977,0.02887677923621169
2025-08-31,TER,Technology,0.16524423250860587,-0.0015326494243443206
2025-08-31,VRSN,Technology,0.0226798058967832,0.0228421466602393
2025-08-31,WDC,Technology,0.49613845436504866,-0.02415359823969412
2025-08-31,AXP,Financials,0.0026563851713001796,0.012946486215581908
2025-08-31,BAC,Financials,0.022407434933442216,-0.001307850496737094
2025-08-31,BK,Financials,0.03181819779246586,-0.01531910905538953
2025-08-31,BLK,Financials,0.03924466580186858,-0.003759517689548712
2025-08-31,C,Financials,0.05105100790453232,0.0018024665371664686
2025-08-31,CFG,Financials,0.01683239208108467,-0.012200634872190214
2025-08-31,CME,Financials,0.018657320530129917,0.005905444092256806
2025-08-31,COF,Financials,-0.06443090716853461,-0.0007097254611498974
2025-08-31,FITB,Financials,-0.018003141963350622,0.0025833200232787084
2025-08-31,GS,Financials,0.06856751860675714,0.01029398900628708
2025-08-31,HBAN,Financials,-0.021619530011366184,-0.011843029845435449
2025-08-31,ICE,Financials,-0.04331341533140376,0.009823605899554623
2025-08-31,JPM,Financials,0.04647996380962094,-0.0056773802552665875
2025-08-31,KEY,Financials,-0.024275745017995343,-0.01736975890930241
2025-08-31,MCO,Financials,-0.06528559181420746,-0.013398241864383669
2025-08-31,MS,Financials,0.05635305054466966,-0.0010248348521240444
2025-08-31,MTB,Financials,-0.01268999418690886,0.013914376099241649
2025-08-31,PNC,Financials,-0.031382520085559085,-0.005555660224012015
2025-08-31,RF,Financials,-0.027834043858248947,-0.015453789455472666
2025-08-31,SCHW,Financials,-0.0038606355193847586,0.0021298944774558763
2025-08-31,SPGI,Financials,-0.11255557737489374,0.0027548159418989402
2025-08-31,STT,Financials,0.009045948917711488,-0.02082925044292974
2025-08-31,TFC,Financials,-0.023494164526170147,-0.020617676478502874
2025-08-31,USB,Financials,0.0003787302452347152,0.01146714076213007
2025-08-31,WFC,Financials,0.01995609952587296,0.022356648486628612
2025-08-31,AFL,Financials,0.04529291974581584,0.0334615749534737
2025-08-31,AJG,Financials,0.025308143957346818,0.030258560240118276
2025-08-31,ALL,Financials,0.055050396917331046,0.006565056777543795
2025-08-31,AMTD,Financials,0.08173080890841877,0.002563074335653209
2025-08-31,AON,Financials,-0.028392356514566064,0.012274279016169882
2025-08-31,CB,Financials,0.02610247465106119,0.02021239064950888
2025-08-31,FDS,Financials,-0.23258869160028817,0.014832779602478948
2025-08-31,FNF,Financials,0.018843285954427413,-0.0060682008155192235
2025-08-31,GL,Financials,0.02157903513891868,-0.014431731152787581
2025-08-31,HIG,Financials,0.012140681718752822,-0.001810783571933791
2025-08-31,IBKR,Financials,0.10555903804111044,-0.04005562602959676
2025-08-31,LPLA,Financials,-0.08722017405669802,-0.029476449039312035
2025-08-31,MET,Financials,0.012414033349390952,0.016604494603121484
2025-08-31,MSCI,Financials,-0.0005460201433035161,0.006349840772948338
2025-08-31,NDAQ,Financials,-0.06375569908968948,-0.014094983472147654
2025-08-31,PGR,Financials,-0.00044522491024168165,0.01412032991944826
2025-08-31,PRU,Financials,-0.053985107935848986,0.04648793079094952
2025-08-31,RJF,Financials,0.018649765119000516,-0.023899011584476722
2025-08-31,SEIC,Financials,-0.03885367139116691,-0.009799038522850863
2025-08-31,SF,Financials,-0.011843599404196992,-0.0267991805853071
2025-08-31,SYF,Financials,-0.06929514615399712,-0.038631171439139626
2025-08-31,TRV,Financials,0.03254877175969506,0.006411359601390869
2025-08-31,UNM,Financials,0.11336947928261121,0.009837305793153839
2025-08-31,WTW,Financials,0.059950498948441844,8.477572371160891e-05
2025-08-31,ABBV,Healthcare,0.10047522204944781,-0.01363187920432752
2025-08-31,ABT,Healthcare,0.009648755661527897,0.01998379331195936
2025-08-31,AMGN,Healthcare,-0.019151187990231633,5.098566202728391e-05
2025-08-31,BAX,Healthcare,-0.07776431020381902,0.024902676307608423
2025-08-31,BIIB,Healthcare,0.05944638131738911,0.0402195904153646
2025-08-31,BMY,Healthcare,-0.044086504599438414,0.0007397461403642298
2025-08-31,BSX,Healthcare,-0.07459718243205715,0.00778294060731028
2025-08-31,CI,Healthcare,-0.03710620425853617,0.01597009762575467
2025-08-31,CVS,Healthcare,0.030622025022854382,-0.01894017278347815
2025-08-31,DHR,Healthcare,-0.03502946909276061,0.016707927468722794
2025-08-31,EW,Healthcare,-0.043889843318829946,-0.029431320923452294
2025-08-31,GILD,Healthcare,-0.01061489100001567,0.004224671706597887
2025-08-31,HUM,Healthcare,-0.1402288134851949,0.04200931256097997
2025-08-31,ISRG,Healthcare,-0.05508129617371593,0.07048741717399898
2025-08-31,JNJ,Healthcare,0.04656546376472903,0.0058733258994965445
2025-08-31,LLY,Healthcare,0.041524460468933544,0.015419019803506784
2025-08-31,MDT,Healthcare,0.03396731918659257,0.0027880083327649053
2025-08-31,MRK,Healthcare,0.007597099223399795,0.0032790407317705435
2025-08-31,PFE,Healthcare,0.02907917100882118,0.03451644521847958
2025-08-31,REGN,Healthcare,-0.031737488855064555,0.008113857777130178
2025-08-31,SYK,Healthcare,-0.05339303318447641,0.016016565695664578
2025-08-31,TMO,Healthcare,-0.01474396366027575,0.027954777429528423
2025-08-31,UNH,Healthcare,0.1213685045078381,0.036874886100876025
2025-08-31,VRTX,Healthcare,0.0015856622479315519,-0.02148839867812702
2025-08-31,ZBH,Healthcare,-0.06935789034354456,0.020718134659928947
2025-08-31,A,Healthcare,0.02345801859650276,0.017762720367589403
2025-08-31,ACAD,Healthcare,-0.1789149541931765,0.01767416961304208
2025-08-31,ALGN,Healthcare,-0.11792057411567336,0.02569110617343051
2025-08-31,ALKS,Healthcare,0.035554045946100565,0.004854564345053218
2025-08-31,BDX,Healthcare,-0.024835306827304837,0.016094511723964963
2025-08-31,DGX,Healthcare,0.04921826267521712,0.015196847489344256
2025-08-31,DXCM,Healthcare,-0.10684889585420265,-0.0035226170744293316
2025-08-31,FOLD,Healthcare,0.038208162848870186,0.041648856528775875
2025-08-31,HOLX,Healthcare,0.005512441925612732,0.013498915594176968
2025-08-31,IDXX,Healthcare,-0.012672135045689314,-0.019979943585162977
2025-08-31,INSP,Healthcare,-0.20802652348475614,-0.03101046686466696
2025-08-31,IQV,Healthcare,-0.004559483928091024,0.029998220101781103
2025-08-31,MASI,Healthcare,0.05611621187555538,0.0001044155690473974
2025-08-31,MTD,Healthcare,-0.05643950340210091,-0.0005933788708380474
2025-08-31,NBIX,Healthcare,0.005587383561562964,-0.0051429065662729955
2025-08-31,NTRA,Healthcare,-0.04326893776699481,0.01990032717099333
2025-08-31,NVCR,Healthcare,0.04785078314992819,-0.06544159349977695
2025-08-31,PODD,Healthcare,-0.09164997484104609,0.022626697450782073
2025-08-31,RARE,Healthcare,0.004005368588131608,0.05626083532226738
2025-08-31,RMD,Healthcare,-0.0028414862805022922,-0.022060000868271437
2025-08-31,WAT,Healthcare,-0.006593738617842848,0.009604935738047764
2025-08-31,AMZN,Consumer,-0.04117900731782209,-3.556915876101217e-05
2025-08-31,AZO,Consumer,0.021843467573575248,0.0033423778365040506
2025-08-31,BKNG,Consumer,-0.03402098391188646,0.011363645783418844
2025-08-31,CMG,Consumer,-0.07000476520329779,-0.022618872759671355
2025-08-31,COST,Consumer,-0.0187529243574438,0.013172832153146291
2025-08-31,DG,Consumer,-0.04974259261698866,0.009362827418686862
2025-08-31,DLTR,Consumer,-0.13556833993401418,0.03598574105235775
2025-08-31,DRI,Consumer,-0.08011971883385449,-0.005494085507384935
2025-08-31,EBAY,Consumer,0.0037522734789234846,0.013204782152991493
2025-08-31,HD,Consumer,0.0017670372896467779,0.02634576650388029
2025-08-31,HLT,Consumer,-0.06020417343687012,-0.0008699450013917741
2025-08-31,KR,Consumer,-0.006338422107641795,-0.002996894198597329
2025-08-31,LOW,Consumer,-0.026156708153731945,0.03298960502725671
2025-08-31,LULU,Consumer,-0.12002969653196094,0.08332861890330251
2025-08-31,MAR,Consumer,-0.027700969534505848,0.024524181322638176
2025-08-31,MCD,Consumer,-0.025275066847534333,0.006752269293690365
2025-08-31,MGM,Consumer,-0.126732147980272,-0.03045271998596703
2025-08-31,NKE,Consumer,-0.09406254669372294,0.002337309673772397
2025-08-31,ORLY,Consumer,0.039834078330069245,0.006125163454906875
2025-08-31,ROST,Consumer,0.03831387417431542,0.00042704436788192025
2025-08-31,SBUX,Consumer,-0.040707566934910844,0.05873373176978978
2025-08-31,TGT,Consumer,-0.06543040761764196,0.022796824155394607
2025-08-31,TJX,Consumer,0.05804841668622229,-0.0021412585934268646
2025-08-31,WMT,Consumer,0.06269327841183281,0.015546763664011401
2025-08-31,YUM,Consumer,0.03924507423956847,-0.005198646867667647
2025-08-31,BBY,Consumer,0.04014768378622824,0.04193443626205072
2025-08-31,CCL,Consumer,-0.09344620342971388,0.023804287485066737
2025-08-31,CHDN,Consumer,-0.06478357739214868,-0.01594770518029762
2025-08-31,CMCSA,Consumer,-0.07506624678866824,0.05333930092724551
2025-08-31,CZR,Consumer,0.009525556832504556,0.02853815151405114
2025-08-31,DIS,Consumer,-0.03277576661395676,0.01384170813404364
2025-08-31,DKNG,Consumer,-0.2205085059878742,0.03239808168485033
2025-08-31,F,Consumer,0.016142695927403583,-0.014141824866607417
2025-08-31,FOX,Consumer,0.055542958120638364,-0.0013491199820676403
2025-08-31,GM,Consumer,0.04331248333908322,-0.030937000950161383
2025-08-31,GRMN,Consumer,0.022009162561494655,-0.004568073139795356
2025-08-31,H,Consumer,-0.01628788709585305,-0.0003575719445315267
2025-08-31,IHG,Consumer,-0.011252419777366685,0.011225057244057883
2025-08-31,LVS,Consumer,-0.06663195241015452,-0.027375589990398696
2025-08-31,NCLH,Consumer,-0.008454146156654185,0.01850070236160922
2025-08-31,NFLX,Consumer,-0.007721900937653126,0.034311266262266826
2025-08-31,PENN,Consumer,-0.047948558344221515,0.004718819547810262
2025-08-31,POOL,Consumer,-0.0020597250767456776,0.005406256599049638
2025-08-31,RCL,Consumer,-0.1064025684134925,0.006306668622130763
2025-08-31,SIRI,Consumer,-0.015228365915665343,0.02604100418044043
2025-08-31,TSLA,Consumer,0.33201547825406585,0.019635523673335917
2025-08-31,WBD,Consumer,0.677835061048673,-0.018493363634468223
2025-08-31,WYNN,Consumer,0.011992098359095982,-0.039196164291094834
2025-08-31,APA,Energy,0.045650441789497176,0.03902310583533222
2025-08-31,BA,Energy,-0.08032210428252606,0.02367476709565266
2025-08-31,CAT,Energy,0.13867411909872263,0.010503355320212654
2025-08-31,COP,Energy,-0.04425582970634301,-0.007501166990283361
2025-08-31,CVX,Energy,-0.033063655929208347,-0.002872868160559049
2025-08-31,DE,Energy,-0.04133181886377435,-0.0025081818772295034
2025-08-31,DVN,Energy,-0.022058483168310827,0.007408148216885101
2025-08-31,EOG,Energy,-0.10174651463954665,0.005695798568753577
2025-08-31,FDX,Energy,0.02705294685729842,0.04046690356967862
2025-08-31,GD,Energy,0.05062078872987197,0.011351868319034704
2025-08-31,GE,Energy,0.09443155767532341,0.00023657761420509054
2025-08-31,HAL,Energy,0.09044009632370464,0.015764748218237097
2025-08-31,HON,Energy,-0.041002317310902314,0.016341466932456028
2025-08-31,LMT,Energy,0.10364114456317175,0.021832438107303925
2025-08-31,MMM,Energy,-0.0022504255054029976,0.018128447688535065
2025-08-31,MPC,Energy,0.07250567515254458,-0.019403901679588144
2025-08-31,NOC,Energy,0.03673466996810326,0.0033816975277729776
2025-08-31,OXY,Energy,-0.002256622810637876,0.009147260586871715
2025-08-31,PSX,Energy,0.018266249339117913,0.027175998598544557
2025-08-31,RTX,Energy,0.055044095166713936,0.011136530774102066
2025-08-31,SLB,Energy,-0.059580979471200446,0.002618859202759371
2025-08-31,UNP,Energy,0.05725271885304917,0.024662077357225705
2025-08-31,UPS,Energy,-0.04471642955501931,0.044316241986854965
2025-08-31,VLO,Energy,0.12005805565981187,0.0348362855533812
2025-08-31,XOM,Energy,-0.013474443229769317,0.010302922154483514
2025-08-31,AME,Energy,0.01897914560575975,-0.0007634205786691638
2025-08-31,BE,Energy,0.5974688683153355,0.10243757668157327
2025-08-31,BKR,Energy,0.07312772760911801,0.01623209703927766
2025-08-31,CTRA,Energy,-0.03232412888839098,-0.010521685523829951
2025-08-31,EMR,Energy,-0.006212177630310012,0.0059825473996005605
2025-08-31,ENPH,Energy,-0.061273244735894905,0.04519785166230076
2025-08-31,ETN,Energy,0.07191944893703917,0.011129215479648093
2025-08-31,FSLR,Energy,0.12982220411364254,0.05535850644255412
2025-08-31,FTV,Energy,0.024850958393118017,0.016676655992011697
2025-08-31,GNRC,Energy,-0.09635630825109653,-0.00619772583439653
2025-08-31,HUBB,Energy,-0.0015777462833239664,-0.01088312324577771
2025-08-31,MTDR,Energy,-0.1078236993103846,-0.018882205975013108
2025-08-31,PH,Energy,0.0007921127188048604,-0.006936647410747323
2025-08-31,PLUG,Energy,0.4840763349446835,0.1300207418561774
2025-08-31,PR,Energy,-0.09400439323022836,-0.027724647385711343
2025-08-31,ROK,Energy,0.017762060082149533,-0.01159983777339772
2025-08-31,ROP,Energy,-0.05247864971363547,-0.008128390288608239
2025-08-31,SM,Energy,-0.12539398766236143,0.05446997486636088
2025-08-31,VRSK,Energy,-0.0603371344942496,0.01868204979254977
2025-08-31,WMB,Energy,0.10380816996839015,0.005893651892147308
2025-08-31,XYL,Energy,0.041960972696636345,0.01611697839067953
2025-09-30,AAPL,Technology,0.061815166304167946,0.060942107777438886
2025-09-30,ADBE,Technology,-0.03526577587925228,0.07752202248901405
2025-09-30,AMAT,Technology,0.138517118993698,0.1230400873373313
2025-09-30,AMD,Technology,0.5830397783886911,0.15895866687185867
2025-09-30,AVGO,Technology,0.12039647230553285,0.12776247504200372
2025-09-30,CDNS,Technology,-0.03578547792162845,0.11929404535667869
2025-09-30,CRM,Technology,0.0987764342787174,0.07562068586492296
2025-09-30,CRWD,Technology,0.10732494057417696,0.10772196120584089
2025-09-30,FTNT,Technology,0.027949553079732903,0.033478702920712866
2025-09-30,GOOGL,Technology,0.15668450932195155,0.09388227233433359
2025-09-30,INTC,Technology,0.19195238711935314,0.07359627654880341
2025-09-30,INTU,Technology,-0.020705519678301476,0.1062768563101302
2025-09-30,KLAC,Technology,0.12065640790933219,0.11713765663047573
2025-09-30,LRCX,Technology,0.17595224335264725,0.11252383857043824
2025-09-30,META,Technology,-0.11714643166595518,0.13192012739427347
2025-09-30,MSFT,Technology,-0.00027038377100996325,0.1373514765481238
2025-09-30,MU,Technology,0.3382149441860687,0.1484838829597121
2025-09-30,NET,Technology,0.1803905465048563,0.1643388462069932
2025-09-30,NOW,Technology,-0.0010866092303835062,0.10812202189834302
2025-09-30,NVDA,Technology,0.08527179462348733,0.15743486164225964
2025-09-30,ORCL,Technology,-0.0646219540443842,0.20219709280209924
2025-09-30,PANW,Technology,0.08162268330480704,0.049488582219712654
2025-09-30,QCOM,Technology,0.08740080668446604,0.05808122828800488
2025-09-30,SNPS,Technology,-0.0802002597324839,0.12200840895170253
2025-09-30,TXN,Technology,-0.11336653931866136,0.06193298263058153
2025-09-30,ACN,Technology,0.01419301431151454,0.07089555918118388
2025-09-30,ADI,Technology,-0.04708998314519641,0.053883903329549857
2025-09-30,ANET,Technology,0.08221807134402481,0.14890872668227828
2025-09-30,CGNX,Technology,-0.08631353209570736,0.10809142777438323
2025-09-30,COHU,Technology,0.17019188415179043,0.08640449171931025
2025-09-30,CSCO,Technology,0.07499948689670255,0.10360240360613195
2025-09-30,DELL,Technology,0.14683806469115734,0.1311217590876508
2025-09-30,ENTG,Technology,-0.00854484197122063,0.07222528662950224
2025-09-30,FORM,Technology,0.5087864779135092,0.05895591713565741
2025-09-30,HPQ,Technology,0.01615865521541826,0.05988591404427852
2025-09-30,IBM,Technology,0.08948821129888329,0.11285484881527318
2025-09-30,IPGP,Technology,0.07488319386735043,0.09029304594215848
2025-09-30,KEYS,Technology,0.04596391852895221,0.11296255829724566
2025-09-30,MCHP,Technology,-0.028028662663266757,0.14339712192139653
2025-09-30,MKSI,Technology,0.16110544204970623,0.17264406339067354
2025-09-30,MPWR,Technology,0.09163188717037007,0.08411496430215716
2025-09-30,MRVL,Technology,0.11576151965339299,0.11255520455672471
2025-09-30,NXPI,Technology,-0.08171956983084394,0.06267253854641719
2025-09-30,ONTO,Technology,0.04442041045457312,0.09117077047395568
2025-09-30,QRVO,Technology,0.042160696757708394,0.09908490145786322
2025-09-30,STX,Technology,0.08396179542568016,0.17520136000485909
2025-09-30,SWKS,Technology,0.009612894449579024,0.0859008820416921
2025-09-30,TER,Technology,0.32054632535520233,0.07049153951915123
2025-09-30,VRSN,Technology,-0.14225411909364494,0.09605021425089051
2025-09-30,WDC,Technology,0.25112445080244195,0.18655069111608086
2025-09-30,AXP,Financials,0.08876457747681443,0.08192129846133132
2025-09-30,BAC,Financials,0.036053471617290445,0.11382048953558244
2025-09-30,BK,Financials,-0.004567548522131593,0.10780678437608837
2025-09-30,BLK,Financials,-0.07124284960395366,0.10490848272248449
2025-09-30,C,Financials,-0.0026600609098351713,0.1197211137035857
2025-09-30,CFG,Financials,-0.03442437073626281,0.11037691206352036
2025-09-30,CME,Financials,-0.01739509187542798,0.10299715735448912
2025-09-30,COF,Financials,0.034857478581771906,0.11251958026418674
2025-09-30,FITB,Financials,-0.065768760982169,0.05942986991227496
2025-09-30,GS,Financials,-0.00876488039355594,0.12076680178225677
2025-09-30,HBAN,Financials,-0.10596413592719045,0.10257146945196828
2025-09-30,ICE,Financials,-0.131707010339718,0.10378965780607921
2025-09-30,JPM,Financials,-0.008868559313091606,0.10529976116794378
2025-09-30,KEY,Financials,-0.058854951657708265,0.10319233402736945
2025-09-30,MCO,Financials,0.00801703698339451,0.10708550647960155
2025-09-30,MS,Financials,0.037986958973525775,0.12236062379513617
2025-09-30,MTB,Financials,-0.06957792736014634,0.062075323877975694
2025-09-30,PNC,Financials,-0.08313600301814417,0.10129468307506
2025-09-30,RF,Financials,-0.08229047673866008,0.11284497278998493
2025-09-30,SCHW,Financials,-0.009950774432038845,0.11386530928604467
2025-09-30,SPGI,Financials,0.001027310243726376,0.10975352581090818
2025-09-30,STT,Financials,0.004254539650123901,0.08687141748356784
2025-09-30,TFC,Financials,-0.023840824838879504,0.060027009393085376
2025-09-30,USB,Financials,-0.034140209668844346,0.06081833674462138
2025-09-30,WFC,Financials,0.037580655750306446,0.104892359610512
2025-09-30,AFL,Financials,-0.04037594149996415,0.0627183317132707
2025-09-30,AJG,Financials,-0.19451794730426275,0.0704797185294245
2025-09-30,ALL,Financials,-0.10775670419177352,0.09627943459253288
2025-09-30,AMTD,Financials,0.14666663275824643,0.0974165766412784
2025-09-30,AON,Financials,-0.04459024496145847,0.059004820436327626
2025-09-30,CB,Financials,-0.018813114417040255,0.06169304155388228
2025-09-30,FDS,Financials,-0.06872836127409931,0.039251645362787455
2025-09-30,FNF,Financials,-0.0867911928115197,0.046519162951188325
2025-09-30,GL,Financials,-0.07837217439417588,0.09201556949589293
2025-09-30,HIG,Financials,-0.06904572312963186,0.0952544385102112
2025-09-30,IBKR,Financials,0.022525805424178813,0.16234794094261
2025-09-30,LPLA,Financials,0.1341188178586541,0.0960459800772695
2025-09-30,MET,Financials,-0.03095788997450366,0.0589923670748317
2025-09-30,MSCI,Financials,0.03725690291716499,0.058760060602506534
2025-09-30,NDAQ,Financials,-0.0334652472339827,0.1075645760117895
2025-09-30,PGR,Financials,-0.16548439644035018,0.05562077738870151
2025-09-30,PRU,Financials,0.002506331536493489,0.0668318018540574
2025-09-30,RJF,Financials,-0.07803616034363381,0.0938312592793517
2025-09-30,SEIC,Financials,-0.04997050202468922,0.10508698028798563
2025-09-30,SF,Financials,0.04371191553820619,0.08646222698917984
2025-09-30,SYF,Financials,0.046868343815468005,0.14125060405877382
2025-09-30,TRV,Financials,-0.037962905451807916,0.08777371391584984
2025-09-30,UNM,Financials,-0.050338364566435034,0.06233841348826155
2025-09-30,WTW,Financials,-0.09364601555654828,0.06103044172804936
2025-09-30,ABBV,Healthcare,-0.05151649060407304,0.050677299926847774
2025-09-30,ABT,Healthcare,-0.07294534126440932,0.06167087491034712
2025-09-30,AMGN,Healthcare,0.05751223342538103,0.05688305909878384
2025-09-30,BAX,Healthcare,-0.18884508587008153,0.05621667112827348
2025-09-30,BIIB,Healthcare,0.10129927367162872,0.06699204571167451
2025-09-30,BMY,Healthcare,0.035547524936981434,0.052913663320683424
2025-09-30,BSX,Healthcare,0.03165014907523189,0.10173662428063146
2025-09-30,CI,Healthcare,-0.15209013232303714,0.056007267193623596
2025-09-30,CVS,Healthcare,0.04508394519646153,0.07682216195768472
2025-09-30,DHR,Healthcare,0.08635133679163065,0.0601559135563249
2025-09-30,EW,Healthcare,0.06017745283769438,0.07996991046568895
2025-09-30,GILD,Healthcare,0.07918926572738072,0.07628168470654345
2025-09-30,HUM,Healthcare,0.06926238850842226,0.04397157143916663
2025-09-30,ISRG,Healthcare,0.19464261380528858,0.07390698781826284
2025-09-30,JNJ,Healthcare,0.018606353454776903,0.09583013854244711
2025-09-30,LLY,Healthcare,0.13087812486433603,0.07381616042214338
2025-09-30,MDT,Healthcare,-0.04766902278661933,0.061107909648992556
2025-09-30,MRK,Healthcare,0.02442514390970585,0.0627268214841923
2025-09-30,PFE,Healthcare,-0.03257457604001546,0.06739154989618916
2025-09-30,REGN,Healthcare,0.15922948902688483,0.05670204886015171
2025-09-30,SYK,Healthcare,-0.036329860709449546,0.10897509189485163
2025-09-30,TMO,Healthcare,0.16982815803944007,0.07099055799437222
2025-09-30,UNH,Healthcare,-0.01083109467636012,0.06844404593608858
2025-09-30,VRTX,Healthcare,0.08663566389210531,0.06862360440015346
2025-09-30,ZBH,Healthcare,0.020913610207659694,0.07137950431151102
2025-09-30,A,Healthcare,0.14031933565254273,0.05511375107569549
2025-09-30,ACAD,Healthcare,0.06373011249424176,0.1412806842730233
2025-09-30,ALGN,Healthcare,0.10110208863355497,0.06778970548090545
2025-09-30,ALKS,Healthcare,0.023333358764648482,0.04942776802288255
2025-09-30,BDX,Healthcare,-0.04519959799821749,0.09474464975386157
2025-09-30,DGX,Healthcare,-0.07266605903425072,0.06022207559821208
2025-09-30,DXCM,Healthcare,-0.1347897097848202,0.06624444694119735
2025-09-30,FOLD,Healthcare,0.14593903576508582,0.04667760762106336
2025-09-30,HOLX,Healthcare,0.09512529265890346,0.10097958379585634
2025-09-30,IDXX,Healthcare,-0.014681720903047868,0.1058295295052193
2025-09-30,INSP,Healthcare,-0.028571363940436467,0.06017451973967901
2025-09-30,IQV,Healthcare,0.13962305955346066,0.05698119337495825
2025-09-30,MASI,Healthcare,-0.046763869959752125,0.06103845945462645
2025-09-30,MTD,Healthcare,0.15369706662731608,0.05026113205792669
2025-09-30,NBIX,Healthcare,0.020159579232221336,0.09388259114268908
2025-09-30,NTRA,Healthcare,0.23582028432137392,0.10334091373080845
2025-09-30,NVCR,Healthcare,-0.008513905265300825,0.055641418075301693
2025-09-30,PODD,Healthcare,0.013863241754901612,0.10819943918256295
2025-09-30,RARE,Healthcare,0.15026590963694875,0.05377366273235709
2025-09-30,RMD,Healthcare,-0.09808934541464065,0.08879680379403415
2025-09-30,WAT,Healthcare,0.16607187535562784,0.03706148819052572
2025-09-30,AMZN,Consumer,0.11226484981660545,0.1279521427380767
2025-09-30,AZO,Consumer,-0.14353748720182935,0.08318257441733101
2025-09-30,BKNG,Consumer,-0.059550624774737715,0.09895849788297575
2025-09-30,CMG,Consumer,-0.19137530889169074,0.056516295382534575
2025-09-30,COST,Consumer,-0.013926211283457945,0.077542741500835
2025-09-30,DG,Consumer,-0.039605425023740315,0.11222065729798576
2025-09-30,DLTR,Consumer,0.050333791053874366,0.11633086961190908
2025-09-30,DRI,Consumer,-0.045969932775129174,0.0782285681488788
2025-09-30,EBAY,Consumer,-0.1059923267081706,0.11956584023911643
2025-09-30,HD,Consumer,-0.0631802473273535,0.05897252344183451
2025-09-30,HLT,Consumer,-0.009559144920409768,0.09720264858500302
2025-09-30,KR,Consumer,-0.05607478292033319,0.09483640742817205
2025-09-30,LOW,Consumer,-0.04778639998113077,0.05693815381549537
2025-09-30,LULU,Consumer,-0.04153318548781304,0.058294563214961195
2025-09-30,MAR,Consumer,0.0005374483337041713,0.06246984884766482
2025-09-30,MCD,Consumer,-0.017967017968541832,0.06646312014533352
2025-09-30,MGM,Consumer,-0.07588000806963657,0.07660522232114424
2025-09-30,NKE,Consumer,-0.07371304072839657,0.07350833669507235
2025-09-30,ORLY,Consumer,-0.1240144274182089,0.09432892713467955
2025-09-30,ROST,Consumer,0.04285058704938183,0.05204286249740152
2025-09-30,SBUX,Consumer,-0.044089772250853754,0.08268826986787667
2025-09-30,TGT,Consumer,0.033667841028106604,0.06695617365295417
2025-09-30,TJX,Consumer,-0.030441333886277455,0.07032575660301003
2025-09-30,WMT,Consumer,-0.018241695835708893,0.07910546675633297
2025-09-30,YUM,Consumer,-0.09072355192543624,0.061089159138939794
2025-09-30,BBY,Consumer,0.0862205185699243,0.05050711109662138
2025-09-30,CCL,Consumer,-0.0027672053227907334,0.1581907612541666
2025-09-30,CHDN,Consumer,0.022574935495278003,0.04951154194790178
2025-09-30,CMCSA,Consumer,-0.10453521647073472,0.06006771713714497
2025-09-30,CZR,Consumer,-0.25624419370249585,0.06200167773608409
2025-09-30,DIS,Consumer,-0.016419190433199837,0.1640775662207514
2025-09-30,DKNG,Consumer,-0.18208559078744524,0.16194877740527314
2025-09-30,F,Consumer,0.09782598237975826,0.09511743414291689
2025-09-30,FOX,Consumer,0.0195496035265883,0.06284656434978696
2025-09-30,GM,Consumer,0.13318017516938707,0.08474570497683427
2025-09-30,GRMN,Consumer,-0.1311022455656411,0.050942371981679266
2025-09-30,H,Consumer,-0.03184652796844145,0.09417076738196366
2025-09-30,IHG,Consumer,0.0016493593117581362,0.07355141480391231
2025-09-30,LVS,Consumer,0.10336488117166476,0.09278771620362984
2025-09-30,NCLH,Consumer,-0.0897279399015567,0.14544122261504616
2025-09-30,NFLX,Consumer,-0.06677673921714511,0.11023041891161041
2025-09-30,PENN,Consumer,-0.14537908157500257,0.06312101918933477
2025-09-30,POOL,Consumer,-0.13871057000828713,0.04324971368627663
2025-09-30,RCL,Consumer,-0.11357316158219444,0.1488432242533858
2025-09-30,SIRI,Consumer,-0.06829898769512355,0.06617851219956374
2025-09-30,TSLA,Consumer,0.026623485126352042,0.13234911027340984
2025-09-30,WBD,Consumer,0.14951356751823486,0.1526086859759964
2025-09-30,WYNN,Consumer,-0.07234740814574658,0.08296389697305473
2025-09-30,APA,Energy,-0.05668938029636217,0.05677484475952855
2025-09-30,BA,Energy,-0.06861880847402568,0.10274333567924579
2025-09-30,CAT,Energy,0.21328407703147612,0.14037352319995364
2025-09-30,COP,Energy,-0.06057725233898492,0.057222708807192144
2025-09-30,CVX,Energy,0.015648265431278174,0.06396504587239987
2025-09-30,DE,Energy,0.009556901026772868,0.11763112790104872
2025-09-30,DVN,Energy,-0.07330295862274017,0.04881787586650158
2025-09-30,EOG,Energy,-0.04694743145758884,0.06684331418856981
2025-09-30,FDX,Energy,0.07637506136064864,0.0615348473972659
2025-09-30,GD,Energy,0.015882481965140638,0.10752625725721181
2025-09-30,GE,Energy,0.02702608138093887,0.14047052731851437
2025-09-30,HAL,Energy,0.09105686378081845,0.058648272322050714
2025-09-30,HON,Energy,0.014779803231943722,0.11116684545612666
2025-09-30,LMT,Energy,-0.014683144783365631,0.052513750632571445
2025-09-30,MMM,Energy,0.07294758354942199,0.06676322635896126
2025-09-30,MPC,Energy,0.011258604043130616,0.10155148079245704
2025-09-30,NOC,Energy,-0.042457223033100955,0.10224495183310733
2025-09-30,OXY,Energy,-0.12804240013413215,0.05265176133228768
2025-09-30,PSX,Energy,0.0008821746986502621,0.0655148836609358
2025-09-30,RTX,Energy,0.06675427728678596,0.09835626091775278
2025-09-30,SLB,Energy,0.049170905227391204,0.041216036753665135
2025-09-30,UNP,Energy,-0.06769046964310976,0.06671149936759581
2025-09-30,UPS,Energy,0.1543157868950078,0.06983461144863383
2025-09-30,VLO,Energy,-0.004111393717192269,0.09013877776130871
2025-09-30,XOM,Energy,0.014279376957383905,0.08577741340906819
2025-09-30,AME,Energy,0.07505314442639555,0.0742759509021874
2025-09-30,BE,Energy,0.5627291490956186,0.16758864960047262
2025-09-30,BKR,Energy,-0.006362901025862122,0.09333218289997997
2025-09-30,CTRA,Energy,0.000422822519325905,0.05053772260004413
2025-09-30,EMR,Energy,0.06395795429678208,0.14845193937751996
2025-09-30,ENPH,Energy,-0.13789203856821763,0.08385439718294779
2025-09-30,ETN,Energy,0.01953247971028027,0.14397836335464842
2025-09-30,FSLR,Energy,0.21044757592619323,0.15030889974619951
2025-09-30,FTV,Energy,0.02755663618449189,0.06219462863938795
2025-09-30,GNRC,Energy,0.003703765821879035,0.1512265496588243
2025-09-30,HUBB,Energy,0.09223581414334325,0.09780430854466714
2025-09-30,MTDR,Energy,-0.12174494444977557,0.04772306576138577
2025-09-30,PH,Energy,0.019362868502220687,0.11750316741786282
2025-09-30,PLUG,Energy,0.15450650012974876,0.11325600855758552
2025-09-30,PR,Energy,-0.018749965350270625,0.08964562642868061
2025-09-30,ROK,Energy,0.05387231797397107,0.1170185095223671
2025-09-30,ROP,Energy,-0.10387029978571027,0.061196401915291146
2025-09-30,SM,Energy,-0.15564625029232704,0.06148704915801745
2025-09-30,VRSK,Energy,-0.13021348888550688,0.0596989477456058
2025-09-30,WMB,Energy,-0.08650358006683456,0.0974136371172916
2025-09-30,XYL,Energy,0.02271200170463894,0.10875304961446997
2025-10-31,AAPL,Technology,0.03236424005075422,0.017246536564792695
2025-10-31,ADBE,Technology,-0.05929885345876951,0.01385386772177582
2025-10-31,AMAT,Technology,0.08427480587177305,0.045958263480596034
2025-10-31,AMD,Technology,-0.15067154878022626,0.10973375228480338
2025-10-31,AVGO,Technology,0.09017126646865492,0.07121080101913685
2025-10-31,CDNS,Technology,-0.07927605158100504,0.037227800761957794
2025-10-31,CRM,Technology,-0.11470374000807237,0.0498990726852675
2025-10-31,CRWD,Technology,-0.06233772029013984,0.002503132619441716
2025-10-31,FTNT,Technology,-0.0613213355668637,0.025298282559898445
2025-10-31,GOOGL,Technology,0.13866057550838806,0.0563666661419294
2025-10-31,INTC,Technology,0.014253555161292786,0.06198085076829299
2025-10-31,INTU,Technology,-0.05013856424817287,0.0035789116481353676
2025-10-31,KLAC,Technology,-0.025892917193715448,0.04153248117863733
2025-10-31,LRCX,Technology,-0.00927219791547318,0.04660463374338257
2025-10-31,META,Technology,-0.0006168887195739936,0.033092623845858836
2025-10-31,MSFT,Technology,-0.048046756730589224,0.03447819000351974
2025-10-31,MU,Technology,0.05679935450377682,0.03662914657077434
2025-10-31,NET,Technology,-0.20959335056558426,0.06339991488761716
2025-10-31,NOW,Technology,-0.11625406759808776,0.05066742770187428
2025-10-31,NVDA,Technology,-0.1258828143464189,0.07192293961030782
2025-10-31,ORCL,Technology,-0.23098892436329066,0.07646871375891899
2025-10-31,PANW,Technology,-0.13671449264146573,0.019068605390575526
2025-10-31,QCOM,Technology,-0.07081253367656593,-0.00882053827928302
2025-10-31,SNPS,Technology,-0.07890793041438193,0.044282633624393816
2025-10-31,TXN,Technology,0.042177593055693796,0.035508122307032146
2025-10-31,ACN,Technology,-0.00039980987803578394,0.01756416071722446
2025-10-31,ADI,Technology,0.13330195119278931,0.019379927141980904
2025-10-31,ANET,Technology,-0.17128549272273152,0.04894906943127069
2025-10-31,CGNX,Technology,-0.07743388087169256,0.022129675821917768
2025-10-31,COHU,Technology,0.02227821601095248,0.014619494612968739
2025-10-31,CSCO,Technology,0.052386849824040294,0.001045822156939711
2025-10-31,DELL,Technology,-0.1769025787125481,-0.007191645323838104
2025-10-31,ENTG,Technology,-0.1575843407314147,-0.00870318321974271
2025-10-31,FORM,Technology,0.0012738797789322298,0.0854105537008321
2025-10-31,HPQ,Technology,-0.11745572435721408,0.009374196921195154
2025-10-31,IBM,Technology,0.009340558178738245,0.02266284664164015
2025-10-31,IPGP,Technology,-0.06437973660842766,0.02030369975184524
2025-10-31,KEYS,Technology,0.0819304202246669,0.008713531064520262
2025-10-31,MCHP,Technology,-0.13387889998350688,0.08363840102530841
2025-10-31,MKSI,Technology,0.08989823329543611,0.05241702676369117
2025-10-31,MPWR,Technology,-0.07644777138730263,0.006676530097083271
2025-10-31,MRVL,Technology,-0.046298185615829324,0.02772004502244624
2025-10-31,NXPI,Technology,-0.06780789461353687,0.007362834811338733
2025-10-31,ONTO,Technology,0.060758717696474784,0.014096692173328484
2025-10-31,QRVO,Technology,-0.09513273233765396,0.010680941812919573
2025-10-31,STX,Technology,0.08132707112519877,0.05189442933945819
2025-10-31,SWKS,Technology,-0.1417937493400081,0.010616038260207142
2025-10-31,TER,Technology,0.0014715259971693762,0.05609943400285303
2025-10-31,VRSN,Technology,0.054078133909065906,0.019325461501759796
2025-10-31,WDC,Technology,0.08734433275410947,0.02547534997129814
2025-10-31,AXP,Financials,0.012585488192471628,0.00486399503026568
2025-10-31,BAC,Financials,0.0037418469724912473,0.0048886847930586985
2025-10-31,BK,Financials,0.038636124999278154,0.002321457153333902
2025-10-31,BLK,Financials,-0.0327942840622053,0.007787160350447519
2025-10-31,C,Financials,0.029514062638188454,0.00779174326852994
2025-10-31,CFG,Financials,0.06349517466639765,-0.004690763946534067
2025-10-31,CME,Financials,0.06015282338995975,0.0026598450503644063
2025-10-31,COF,Financials,-0.00039474709592146606,0.010830796364081713
2025-10-31,FITB,Financials,0.044209536886624656,-0.005578796918375424
2025-10-31,GS,Financials,0.04645471214899444,0.02246785118494983
2025-10-31,HBAN,Financials,0.05569942927561611,-0.00922549082297329
2025-10-31,ICE,Financials,0.07526146702812886,0.004178840253895827
2025-10-31,JPM,Financials,0.006299787319908878,-0.0030054164947649997
2025-10-31,KEY,Financials,0.04491171455987275,-0.009653285788591712
2025-10-31,MCO,Financials,0.02384795861680966,0.016781736270855326
2025-10-31,MS,Financials,0.03451226659385398,0.04915120465739633
2025-10-31,MTB,Financials,0.03453529120184706,-0.009018117210337274
2025-10-31,PNC,Financials,0.044754947394151756,0.005461139493920718
2025-10-31,RF,Financials,0.0516529214700876,-0.013627155074434122
2025-10-31,SCHW,Financials,-0.016152018770869914,0.014281513634711883
2025-10-31,SPGI,Financials,0.02586304672710593,0.0023714419016532843
2025-10-31,STT,Financials,0.02905063839818922,-0.002057417931430439
2025-10-31,TFC,Financials,0.05399091109094778,-0.004759306576886849
2025-10-31,USB,Financials,0.0507711247569369,-0.007131445047205664
2025-10-31,WFC,Financials,-0.007688148049157406,0.031180040936870365
2025-10-31,AFL,Financials,0.03447571961618179,-0.0014843316079229372
2025-10-31,AJG,Financials,-0.007495280811767424,0.005486690409888024
2025-10-31,ALL,Financials,0.11205089065812013,-0.005182477275189343
2025-10-31,AMTD,Financials,-0.17054257047025012,0.04043537674946462
2025-10-31,AON,Financials,0.03886346632800519,-0.002582689530909858
2025-10-31,CB,Financials,0.06947345618839851,0.0013421943632983967
2025-10-31,FDS,Financials,0.0433800335282859,0.010862855751861604
2025-10-31,FNF,Financials,0.07585080546232681,-0.01998626458130271
2025-10-31,GL,Financials,0.02448490458787833,-0.01900720501201975
2025-10-31,HIG,Financials,0.10347882185469826,-0.006932716980851383
2025-10-31,IBKR,Financials,-0.07589547914160599,0.04080994256858571
2025-10-31,LPLA,Financials,-0.055620496423714916,0.01398702566659975
2025-10-31,MET,Financials,-0.03391427271296632,-0.01422694503687649
2025-10-31,MSCI,Financials,-0.039171808813850184,0.013178573897741184
2025-10-31,NDAQ,Financials,0.06351623525017125,0.002286573657543923
2025-10-31,PGR,Financials,0.11063092996588075,-0.011322970307211008
2025-10-31,PRU,Financials,0.054619934287865934,0.008035618504437271
2025-10-31,RJF,Financials,-0.01342404667360586,-0.011240430317501398
2025-10-31,SEIC,Financials,0.003101334906268516,-0.017599686343521846
2025-10-31,SF,Financials,0.030144463924750786,-0.031447104133441074
2025-10-31,SYF,Financials,0.04433872105222503,0.004810130372180721
2025-10-31,TRV,Financials,0.09023887984484724,0.007829724361612994
2025-10-31,UNM,Financials,0.03473167774722441,-0.00012455148333827596
2025-10-31,WTW,Financials,0.025231471788620397,0.011924218619708436
2025-10-31,ABBV,Healthcare,0.04430383483406786,0.020588514166100687
2025-10-31,ABT,Healthcare,0.04271145769348084,0.009845091017623993
2025-10-31,AMGN,Healthcare,0.16584780713402836,-0.008911093557512642
2025-10-31,BAX,Healthcare,0.01515517705487568,0.030509312067706726
2025-10-31,BIIB,Healthcare,0.18033312565607984,0.02403100620037481
2025-10-31,BMY,Healthcare,0.06794015017981891,-0.0093490343648866
2025-10-31,BSX,Healthcare,0.008538528593412975,0.010565304952053713
2025-10-31,CI,Healthcare,0.13448699143957277,0.012493945561707664
2025-10-31,CVS,Healthcare,0.028279001823897643,0.05100826845967054
2025-10-31,DHR,Healthcare,0.05292959129931307,0.03414310515782762
2025-10-31,EW,Healthcare,0.05118255156943463,-0.002974406477855175
2025-10-31,GILD,Healthcare,0.0505049931943955,0.01204940657944574
2025-10-31,HUM,Healthcare,-0.11653906913898193,-0.025098705419710418
2025-10-31,ISRG,Healthcare,0.07336967324693577,0.05128457061279318
2025-10-31,JNJ,Healthcare,0.10252438770214112,0.020053417957279076
2025-10-31,LLY,Healthcare,0.2482319043293313,0.022955281633715352
2025-10-31,MDT,Healthcare,0.16130107262333127,0.005870677098463709
2025-10-31,MRK,Healthcare,0.2192370638386838,0.03265218546455074
2025-10-31,PFE,Healthcare,0.06260622288261763,0.002022954101487702
2025-10-31,REGN,Healthcare,0.19847836796426588,0.05486946731931965
2025-10-31,SYK,Healthcare,0.04193814777436011,0.010577675990976676
2025-10-31,TMO,Healthcare,0.041311928210027604,0.030897229047346743
2025-10-31,UNH,Healthcare,-0.0345181705927069,0.023106205727074405
2025-10-31,VRTX,Healthcare,0.018892257182068217,0.0016429258699519364
2025-10-31,ZBH,Healthcare,-0.03023068703901799,-0.004007808724013055
2025-10-31,A,Healthcare,0.048783840112853305,0.012334423858955942
2025-10-31,ACAD,Healthcare,0.10308370369785314,-0.0074625990313234025
2025-10-31,ALGN,Healthcare,0.06752246322087485,0.12740061809320855
2025-10-31,ALKS,Healthcare,-0.03648211112051325,-0.019971091254281724
2025-10-31,BDX,Healthcare,0.08566960527675027,-0.0195910275021444
2025-10-31,DGX,Healthcare,0.0751917790671548,0.004790553535431767
2025-10-31,DXCM,Healthcare,0.09017519563591314,0.03561733076597141
2025-10-31,FOLD,Healthcare,0.09966784040075027,-0.04111581595898477
2025-10-31,HOLX,Healthcare,0.014341733271177937,0.03587693052319573
2025-10-31,IDXX,Healthcare,0.1959778132251142,0.024012667204445247
2025-10-31,INSP,Healthcare,0.725998897082561,-0.04085901357817904
2025-10-31,IQV,Healthcare,0.0625981122271706,0.01898681879257482
2025-10-31,MASI,Healthcare,0.012655519776324509,-0.004681794773907068
2025-10-31,MTD,Healthcare,0.04266776576401399,0.034162149674701374
2025-10-31,NBIX,Healthcare,0.062495611540080764,0.007263070568156515
2025-10-31,NTRA,Healthcare,0.2004725599513264,0.04357162221616292
2025-10-31,NVCR,Healthcare,0.0,-0.04677353384098711
2025-10-31,PODD,Healthcare,0.04530204221391809,-0.005512751014575798
2025-10-31,RARE,Healthcare,0.004335304407342644,-0.007032910317199395
2025-10-31,RMD,Healthcare,0.038717179940949364,-0.013111790296764564
2025-10-31,WAT,Healthcare,0.15394738668363406,-0.014950642939483087
2025-10-31,AMZN,Consumer,-0.04504135592915348,0.03781723245735356
2025-10-31,AZO,Consumer,0.07617512149956829,0.0070454567650454734
2025-10-31,BKNG,Consumer,-0.03211077382967298,0.023407623681652997
2025-10-31,CMG,Consumer,0.08930261521026539,0.01444634955570888
2025-10-31,COST,Consumer,0.002347961375350316,0.03146123452202441
2025-10-31,DG,Consumer,0.10977082015631545,-0.005002803773410037
2025-10-31,DLTR,Consumer,0.1179377974988487,0.052331257040195235
2025-10-31,DRI,Consumer,-0.003164069869569408,0.004246968850369874
2025-10-31,EBAY,Consumer,0.021794282283968736,0.021626997534835646
2025-10-31,HD,Consumer,-0.05972224100261325,0.029106103245644402
2025-10-31,HLT,Consumer,0.10986867095097486,0.0101214463289429
2025-10-31,KR,Consumer,0.0630025574638895,-5.6414070575708396e-05
2025-10-31,LOW,Consumer,0.018267319954678785,0.008438761499055062
2025-10-31,LULU,Consumer,0.07998123564343751,0.06681968015136307
2025-10-31,MAR,Consumer,0.17242400961265236,0.014328991973551084
2025-10-31,MCD,Consumer,0.044868099231758496,0.03047652758675815
2025-10-31,MGM,Consumer,0.1017796522158354,-0.009228039046823473
2025-10-31,NKE,Consumer,0.0006193783946670806,0.040660743397826625
2025-10-31,ORLY,Consumer,0.07687414569202589,0.0053493749860883824
2025-10-31,ROST,Consumer,0.10974067323716907,-0.01053949136662349
2025-10-31,SBUX,Consumer,0.08494268497378576,0.029362187010876045
2025-10-31,TGT,Consumer,-0.010329284503396652,0.03710082873054723
2025-10-31,TJX,Consumer,0.08718864970564355,0.0004928215396259819
2025-10-31,WMT,Consumer,0.09221185602638315,0.009357615056941842
2025-10-31,YUM,Consumer,0.10853036691070628,-0.007413935162836672
2025-10-31,BBY,Consumer,-0.03481856998042343,0.013363679868284555
2025-10-31,CCL,Consumer,-0.10579253544905998,0.08192085046156769
2025-10-31,CHDN,Consumer,0.09969754627525007,-0.019498991202347535
2025-10-31,CMCSA,Consumer,-0.041307542078357296,0.0024854331221815045
2025-10-31,CZR,Consumer,0.15771144358864686,0.03790851017697493
2025-10-31,DIS,Consumer,-0.0723672629489569,0.02082203945797168
2025-10-31,DKNG,Consumer,0.08401437339014861,0.06159427245233189
2025-10-31,F,Consumer,0.023121570165255845,-0.0006073594137837734
2025-10-31,FOX,Consumer,-0.002568092501231578,-0.01453578963466664
2025-10-31,GM,Consumer,0.06411935264878688,0.0008675565908608729
2025-10-31,GRMN,Consumer,-0.08703373628547317,-0.014181787120614646
2025-10-31,H,Consumer,0.1974799138847827,0.00596713328685274
2025-10-31,IHG,Consumer,0.10472573476012004,0.021803259336367918
2025-10-31,LVS,Consumer,0.15311151769192022,0.0212952020474164
2025-10-31,NCLH,Consumer,-0.17662805434191076,0.021198843673702672
2025-10-31,NFLX,Consumer,-0.03848559868782542,0.05633113520657533
2025-10-31,PENN,Consumer,-0.09842035370542468,-0.004918025423714309
2025-10-31,POOL,Consumer,-0.08333986030207508,-0.014487320845026184
2025-10-31,RCL,Consumer,-0.07174980348282944,0.051740655868107416
2025-10-31,SIRI,Consumer,-0.007549875521426164,-0.0019157023538907145
2025-10-31,TSLA,Consumer,-0.05780178787448975,0.08944847853099148
2025-10-31,WBD,Consumer,0.0690422799280832,-0.01552206480744328
2025-10-31,WYNN,Consumer,0.08367943029817804,-0.02857657711651373
2025-10-31,APA,Energy,0.1024282397104197,-0.021831275023889783
2025-10-31,BA,Energy,-0.059795065252158275,0.00988894998502446
2025-10-31,CAT,Energy,-0.002598371746500572,0.0513837966929743
2025-10-31,COP,Energy,0.007347825973048394,-0.00825516096902219
2025-10-31,CVX,Energy,-0.031081055450757233,0.02158179270302703
2025-10-31,DE,Energy,0.0061954341763810206,0.014373308481782313
2025-10-31,DVN,Energy,0.1406586457048482,-0.008946222471026673
2025-10-31,EOG,Energy,0.018990976101718182,0.00854178363879416
2025-10-31,FDX,Energy,0.08612389623639238,0.01414585717928058
2025-10-31,GD,Energy,-0.009481006345871013,0.0024306674288541853
2025-10-31,GE,Energy,-0.033985976588032596,0.04995194105408257
2025-10-31,HAL,Energy,-0.02309987024611848,0.02923478092671199
2025-10-31,HON,Energy,-0.03968052743193606,0.007443530069089335
2025-10-31,LMT,Energy,-0.06916324804731944,0.001635441223095162
2025-10-31,MMM,Energy,0.037773506329159545,-0.0017962531705274507
2025-10-31,MPC,Energy,-0.0010495599803008737,0.013790933266994475
2025-10-31,NOC,Energy,-0.01919609806346756,0.009289762433057023
2025-10-31,OXY,Energy,0.01941751842507,-0.022303192872711836
2025-10-31,PSX,Energy,0.01457781201761188,0.012722647189758898
2025-10-31,RTX,Energy,-0.016239135857609055,0.01389638232203555
2025-10-31,SLB,Energy,0.004991615039132036,-0.008541628701050036
2025-10-31,UNP,Energy,0.05200345040684251,0.006840604367735618
2025-10-31,UPS,Energy,0.01073644482416336,0.044027202321255926
2025-10-31,VLO,Energy,0.04903637420202012,0.011379810146538551
2025-10-31,XOM,Energy,0.0225070230499389,0.009457938644778603
2025-10-31,AME,Energy,-0.020879653272323107,0.010858786106860103
2025-10-31,BE,Energy,-0.17342618918912056,0.2800091887172694
2025-10-31,BKR,Energy,0.041902550032178576,0.008882156466984622
2025-10-31,CTRA,Energy,0.1440362918455047,-0.010427571395138101
2025-10-31,EMR,Energy,-0.040203789967856673,0.005023489267992794
2025-10-31,ENPH,Energy,-0.0544083852821704,-0.023003958133204334
2025-10-31,ETN,Energy,-0.09098177561540732,0.03145723257030512
2025-10-31,FSLR,Energy,0.02240207886279899,0.11461953369843439
2025-10-31,FTV,Energy,0.06357462410323467,0.00502009052029442
2025-10-31,GNRC,Energy,-0.09754790484989184,0.03648428013338994
2025-10-31,HUBB,Energy,-0.07901152163033776,0.00322209254879825
2025-10-31,MTDR,Energy,0.08484438531451799,-0.051943820418610655
2025-10-31,PH,Energy,0.11740418452774604,0.002243329014282422
2025-10-31,PLUG,Energy,-0.25278812352882885,0.15059060809906089
2025-10-31,PR,Energy,0.15366235672783324,0.0068409243042541245
2025-10-31,ROK,Energy,0.07860197005566127,0.011386990351286451
2025-10-31,ROP,Energy,0.00015688070311692393,0.003162755272190783
2025-10-31,SM,Energy,-0.08808037376219191,-0.004554288744633804
2025-10-31,VRSK,Energy,0.028844447163278497,-0.0014514490794533723
2025-10-31,WMB,Energy,0.052877157153260024,-0.00901497306719401
2025-10-31,XYL,Energy,-0.06484697323081168,0.006111974475377146
2025-11-30,AAPL,Technology,-0.025067328015739188,0.016970546451904673
2025-11-30,ADBE,Technology,0.09327456001037171,0.04160320326859767
2025-11-30,AMAT,Technology,0.018790900342950057,0.035513345334486815
2025-11-30,AMD,Technology,-0.015492093670292584,0.04073775964701629
2025-11-30,AVGO,Technology,-0.13946237922093252,0.04853955277789205
2025-11-30,CDNS,Technology,0.0023729805126511128,0.00010848034294626864
2025-11-30,CRM,Technology,0.15093950895512576,0.009569690250614622
2025-11-30,CRWD,Technology,-0.07934636186249766,-0.019588128693091088
2025-11-30,FTNT,Technology,-0.0212004640643092,0.013623907791718171
2025-11-30,GOOGL,Technology,-0.021785412139472493,0.03141003915334702
2025-11-30,INTC,Technology,-0.09023667957324677,0.044131666765607994
2025-11-30,INTU,Technology,0.04469466722887949,-0.0010473849443659456
2025-11-30,KLAC,Technology,0.03369715608497237,0.012797955128230938
2025-11-30,LRCX,Technology,0.09911415830226944,0.045555190281128116
2025-11-30,META,Technology,0.019566839474451037,0.06992341871092547
2025-11-30,MSFT,Technology,-0.017052532502935924,0.017607534027859473
2025-11-30,MU,Technology,0.2073973394835542,0.037697133119833394
2025-11-30,NET,Technology,-0.015284015357714176,0.035021370597734545
2025-11-30,NOW,Technology,-0.05718782692643598,0.022283881952859817
2025-11-30,NVDA,Technology,0.0537310630129606,0.0475957986716732
2025-11-30,ORCL,Technology,-0.03486007733371632,0.07274275144078064
2025-11-30,PANW,Technology,-0.031189227277542586,-0.007764396420589262
2025-11-30,QCOM,Technology,0.02280922010654529,0.008176258971608974
2025-11-30,SNPS,Technology,0.12370515118542613,0.031618365277346884
2025-11-30,TXN,Technology,0.031021551456442698,0.06889352210991724
2025-11-30,ACN,Technology,0.07319994974833244,0.0008032209146205881
2025-11-30,ADI,Technology,0.02569486961700651,0.014932532252099302
2025-11-30,ANET,Technology,0.00267834498876951,-0.0014507842580997255
2025-11-30,CGNX,Technology,-0.05564298693028236,0.02556797586756549
2025-11-30,COHU,Technology,-0.04317431127616367,0.007921641629472224
2025-11-30,CSCO,Technology,0.0011696970875445523,0.018795727033749942
2025-11-30,DELL,Technology,-0.05601805098267065,-0.0007555227231724968
2025-11-30,ENTG,Technology,0.09217012780723643,-0.03029897035451741
2025-11-30,FORM,Technology,0.013813128229917426,0.02988104813154833
2025-11-30,HPQ,Technology,-0.07676720329376818,0.01486847838353377
2025-11-30,IBM,Technology,-0.040086829168831994,0.032928820379863416
2025-11-30,IPGP,Technology,-0.10095430659398497,0.01799098812897216
2025-11-30,KEYS,Technology,0.0264713593025927,0.006187258150376256
2025-11-30,MCHP,Technology,0.18924975460949578,0.06225495618900494
2025-11-30,MKSI,Technology,0.021804534922922336,0.004001449143144923
2025-11-30,MPWR,Technology,-0.02184623654097162,-0.015380103776262788
2025-11-30,MRVL,Technology,-0.049440793796482696,0.05214825618869012
2025-11-30,NXPI,Technology,0.11844377950508167,0.0011759271908779634
2025-11-30,ONTO,Technology,0.10268228955160952,0.0526398778603197
2025-11-30,QRVO,Technology,-0.016067030658103443,0.00827809019589986
2025-11-30,STX,Technology,-0.0020870476097212265,0.07943930557162393
2025-11-30,SWKS,Technology,-0.03851399257182431,-0.02108760902529718
2025-11-30,TER,Technology,0.06415961715301788,0.048318355144589153
2025-11-30,VRSN,Technology,-0.035874456359916596,0.018390453992981084
2025-11-30,WDC,Technology,0.05558396142738298,0.04039871027275665
2025-11-30,AXP,Financials,0.012812514673455233,0.028721696813527917
2025-11-30,BAC,Financials,0.03049048755353656,-0.011067359027345458
2025-11-30,BK,Financials,0.035593197422991274,0.017647639425963906
2025-11-30,BLK,Financials,0.0269738875300094,0.00950745043114804
2025-11-30,C,Financials,0.12635136195507535,0.030266332128195274
2025-11-30,CFG,Financials,0.07966740156110785,0.02061452754495076
2025-11-30,CME,Financials,-0.02530075117530073,0.004465735233908596
2025-11-30,COF,Financials,0.10631301501085799,-0.008348773748478549
2025-11-30,FITB,Financials,0.08622386879750854,0.028854056868998706
2025-11-30,GS,Financials,0.06938849211660325,0.0550105041986936
2025-11-30,HBAN,Financials,0.07379402452912309,0.031339368444204214
2025-11-30,ICE,Financials,0.03269615138380355,0.010275584323260247
2025-11-30,JPM,Financials,0.029193865604507208,0.01876063818762844
2025-11-30,KEY,Financials,0.13546081524367581,0.023290677309226886
2025-11-30,MCO,Financials,0.0408940602457899,0.0033478233770508903
2025-11-30,MS,Financials,0.046386905738204254,0.03398325751961953
2025-11-30,MTB,Financials,0.06761344822569249,0.03240524716457047
2025-11-30,PNC,Financials,0.09443158285456787,0.018285547733291288
2025-11-30,RF,Financials,0.07603722241673205,0.03082680673758903
2025-11-30,SCHW,Financials,0.07742903912782206,0.01788367388618678
2025-11-30,SPGI,Financials,0.047631574525835996,0.014951287514597896
2025-11-30,STT,Financials,0.08393545308324435,-0.014177267638146612
2025-11-30,TFC,Financials,0.05827951245790186,0.03251030795879314
2025-11-30,USB,Financials,0.09838620656717789,-0.0005208355815516142
2025-11-30,WFC,Financials,0.08561440114697061,0.014123886827541034
2025-11-30,AFL,Financials,-0.0003626025560317103,0.0008848097849051687
2025-11-30,AJG,Financials,0.04788497659972535,0.012525864638668236
2025-11-30,ALL,Financials,-0.018067727844264136,-0.01492640973603647
2025-11-30,AMTD,Financials,-0.07943928409366019,0.05361735232660118
2025-11-30,AON,Financials,-0.0029385123911782607,0.010497361067482381
2025-11-30,CB,Financials,0.053818672971872594,0.014075072425161143
2025-11-30,FDS,Financials,0.04659727799941149,-0.0012285505500567446
2025-11-30,FNF,Financials,-0.03842808227436856,-0.008945794122512788
2025-11-30,GL,Financials,0.03807610648820803,-0.021455463609263935
2025-11-30,HIG,Financials,0.010041802842934766,-0.0045013814454961
2025-11-30,IBKR,Financials,-0.009701174288301084,0.02525884035841015
2025-11-30,LPLA,Financials,0.0031738585181333434,0.00626289945936522
2025-11-30,MET,Financials,0.031086750573821043,0.0072458047991212264
2025-11-30,MSCI,Financials,0.01775703900939729,0.0114537592327981
2025-11-30,NDAQ,Financials,0.0715059528840234,-0.0005084626505132963
2025-11-30,PGR,Financials,-0.00467667399203664,0.03834543016185669
2025-11-30,PRU,Financials,0.042771385657110805,0.0034555603584611513
2025-11-30,RJF,Financials,0.025872007866193147,0.0015862679986561369
2025-11-30,SEIC,Financials,0.020600503402041337,-0.011531894514650346
2025-11-30,SF,Financials,0.030278109248725205,0.009200722508590633
2025-11-30,SYF,Financials,0.07846440512043928,0.025641198975420127
2025-11-30,TRV,Financials,-0.0056426215111348155,0.0008794057487199021
2025-11-30,UNM,Financials,0.020139445774193465,0.013849759288258165
2025-11-30,WTW,Financials,0.026507160374795724,0.002139222422831086
2025-11-30,ABBV,Healthcare,0.003469503170660637,0.017990502968164044
2025-11-30,ABT,Healthcare,-0.028006087915607214,0.0045467037950961105
2025-11-30,AMGN,Healthcare,-0.05253860165694524,0.0063736147574160185
2025-11-30,BAX,Healthcare,0.01974393734793667,0.04462462192578019
2025-11-30,BIIB,Healthcare,-0.03349986801805005,-0.01973149903202321
2025-11-30,BMY,Healthcare,0.09634140503311617,0.009958027225420305
2025-11-30,BSX,Healthcare,-0.061331002605170104,-0.007401834331744583
2025-11-30,CI,Healthcare,-0.0018173408819567305,0.05639192758343796
2025-11-30,CVS,Healthcare,-0.01244407278998505,0.05110581506385801
2025-11-30,DHR,Healthcare,0.010833930840747685,0.011642960451532366
2025-11-30,EW,Healthcare,-0.016383964450735533,-0.01501942169112301
2025-11-30,GILD,Healthcare,-0.01819239807371653,0.014275076874554345
2025-11-30,HUM,Healthcare,0.04572294908503949,-0.050088109631522305
2025-11-30,ISRG,Healthcare,-0.012415420519767406,0.014459150261769273
2025-11-30,JNJ,Healthcare,0.00014500704277553567,0.0035437187168710733
2025-11-30,LLY,Healthcare,-0.0007344606432556633,0.03965898081297866
2025-11-30,MDT,Healthcare,-0.08130335835874092,0.006888939248907582
2025-11-30,MRK,Healthcare,0.01268390996555735,0.023989628245572412
2025-11-30,PFE,Healthcare,-0.032634012964370296,0.01020973857597276
2025-11-30,REGN,Healthcare,-0.01066406104669948,0.052449779341644735
2025-11-30,SYK,Healthcare,-0.05074198786250517,0.010801793354803118
2025-11-30,TMO,Healthcare,-0.01852352790942091,-0.006497153946381368
2025-11-30,UNH,Healthcare,0.007761481132494419,0.07895706937484516
2025-11-30,VRTX,Healthcare,0.045547844070027876,0.01525636000896754
2025-11-30,ZBH,Healthcare,-0.07548178229363056,0.006847397080833749
2025-11-30,A,Healthcare,-0.11355042890150246,-0.002276937416187024
2025-11-30,ACAD,Healthcare,0.06669321517116011,-0.007328898192825606
2025-11-30,ALGN,Healthcare,0.06087364159563036,0.02622478772868328
2025-11-30,ALKS,Healthcare,-0.05409061479366173,-0.015941766721571174
2025-11-30,BDX,Healthcare,0.005702041098100796,0.0037088095502091365
2025-11-30,DGX,Healthcare,-0.08272538872078627,0.009734430950158515
2025-11-30,DXCM,Healthcare,0.04569090074214399,0.00957701073425467
2025-11-30,FOLD,Healthcare,0.43403820075371957,-0.02329202892603603
2025-11-30,HOLX,Healthcare,-0.006402605697184427,-0.010873359369884381
2025-11-30,IDXX,Healthcare,-0.10141055027463708,0.03144861926294859
2025-11-30,INSP,Healthcare,-0.258660874189626,0.03613802605871577
2025-11-30,IQV,Healthcare,-0.01999909114640608,-0.01661268058140275
2025-11-30,MASI,Healthcare,-0.0868496507287323,-0.01239274837989828
2025-11-30,MTD,Healthcare,-0.055887392961564086,0.012537836957861955
2025-11-30,NBIX,Healthcare,-0.067889074542833,-0.01560056854252109
2025-11-30,NTRA,Healthcare,-0.04070181868461453,0.04985828837768879
2025-11-30,NVCR,Healthcare,0.009367672258255189,0.012780860745947921
2025-11-30,PODD,Healthcare,-0.13126932940049962,-0.011728255680563052
2025-11-30,RARE,Healthcare,-0.3381294964028777,0.006439363502446406
2025-11-30,RMD,Healthcare,-0.058476344817295356,-0.012171257295839325
2025-11-30,WAT,Healthcare,-0.05847510304466952,-0.01765998744691643
2025-11-30,AMZN,Consumer,-0.010290686407351424,0.02434891398145204
2025-11-30,AZO,Consumer,-0.14233259920271335,0.006833213402400678
2025-11-30,BKNG,Consumer,0.09174256221543553,0.02174987549428279
2025-11-30,CMG,Consumer,0.07184239598347308,0.06504792257815646
2025-11-30,COST,Consumer,-0.05609740737415736,0.025465237015545046
2025-11-30,DG,Consumer,0.21262225980850458,0.017975783346598877
2025-11-30,DLTR,Consumer,0.11009841030982459,0.017433651692738323
2025-11-30,DRI,Consumer,0.0247244561799711,-0.028328885709784844
2025-11-30,EBAY,Consumer,0.052059421402745,0.052323647642077226
2025-11-30,HD,Consumer,-0.029683041756791706,0.024420828788199723
2025-11-30,HLT,Consumer,0.0077886937487245955,0.0023012480175819278
2025-11-30,KR,Consumer,-0.07134362578735087,0.0008684985845074475
2025-11-30,LOW,Consumer,-0.0054437270460167,0.01576693366498012
2025-11-30,LULU,Consumer,0.12829843534856278,0.05339154349990151
2025-11-30,MAR,Consumer,0.0178811426331138,-0.004133860440219126
2025-11-30,MCD,Consumer,-0.013969521440156618,0.010592849594011732
2025-11-30,MGM,Consumer,0.034003987866474183,0.0013002696262712386
2025-11-30,NKE,Consumer,-0.007941516931205483,0.07565832662749224
2025-11-30,ORLY,Consumer,-0.10314649143114696,0.00864990244692436
2025-11-30,ROST,Consumer,0.02376033309220893,-0.00601128594132285
2025-11-30,SBUX,Consumer,-0.03329131011425601,0.06406658371912335
2025-11-30,TGT,Consumer,0.07868016764527774,0.028497797212931903
2025-11-30,TJX,Consumer,0.01112431709400341,-0.003498299711847854
2025-11-30,WMT,Consumer,0.010199161981450544,0.02073484863267356
2025-11-30,YUM,Consumer,-0.007921207921630091,-0.008774208688048138
2025-11-30,BBY,Consumer,-0.14462867715441252,0.0134134091829344
2025-11-30,CCL,Consumer,0.18463925177683826,0.04781234541024073
2025-11-30,CHDN,Consumer,0.04704081967216567,0.030634150454432258
2025-11-30,CMCSA,Consumer,0.11989513653212902,0.006555551649653034
2025-11-30,CZR,Consumer,0.005156808316466144,0.06692490196283311
2025-11-30,DIS,Consumer,0.09638889413765939,0.0048674849387110525
2025-11-30,DKNG,Consumer,0.03920383724495102,0.11543013090436711
2025-11-30,F,Consumer,-0.012048221632399603,0.020986723525088704
2025-11-30,FOX,Consumer,0.11448686707784783,0.0038064638412751376
2025-11-30,GM,Consumer,0.10830166500651361,0.019941800038246405
2025-11-30,GRMN,Consumer,0.04300538954488786,0.03009483289585992
2025-11-30,H,Consumer,-0.02475812601454408,0.014803385572608468
2025-11-30,IHG,Consumer,0.049560391336895604,0.009507092363406964
2025-11-30,LVS,Consumer,-0.045041209422361894,0.000915669513633358
2025-11-30,NCLH,Consumer,0.20910080183039348,0.058276897401053844
2025-11-30,NFLX,Consumer,-0.12846253448226708,0.047296774742808516
2025-11-30,PENN,Consumer,-0.0060647002467986155,0.05290424510489872
2025-11-30,POOL,Consumer,-0.060960599785544245,-0.01574137145698291
2025-11-30,RCL,Consumer,0.051160856822975775,0.09414219362673876
2025-11-30,SIRI,Consumer,-0.05926625048067591,0.01788417863786867
2025-11-30,TSLA,Consumer,0.045447119005781245,0.016897383251506033
2025-11-30,WBD,Consumer,0.20083332061767578,0.049691167885806825
2025-11-30,WYNN,Consumer,-0.06488963101880152,0.011391259947062497
2025-11-30,APA,Energy,-0.020424582407229774,-0.0038019654735178287
2025-11-30,BA,Energy,0.1487830429480821,0.011789458071186348
2025-11-30,CAT,Energy,-0.00501950848206445,0.03546598822044601
2025-11-30,COP,Energy,0.05547416564651142,0.02510699511254113
2025-11-30,CVX,Energy,0.00846948556691518,0.03550662619128286
2025-11-30,DE,Energy,0.0057923633268195385,0.005591521560628025
2025-11-30,DVN,Energy,-0.005239744665022306,0.029791054345279337
2025-11-30,EOG,Energy,-0.02633282544362625,0.03664816965047676
2025-11-30,FDX,Energy,0.05317979583571897,0.004163581172375052
2025-11-30,GD,Energy,-0.0145478583756381,0.0095202331776809
2025-11-30,GE,Energy,0.03327940801067841,0.022324416712710102
2025-11-30,HAL,Energy,0.08465544829355731,0.024895620149616243
2025-11-30,HON,Energy,0.015089195524824683,0.016225219056911436
2025-11-30,LMT,Energy,0.06439124374790928,0.007919194714390194
2025-11-30,MMM,Energy,-0.06945656880949225,0.0015134812592380647
2025-11-30,MPC,Energy,-0.1605326819588634,0.007354687820394332
2025-11-30,NOC,Energy,0.0004736741796327326,0.005888750191408978
2025-11-30,OXY,Energy,-0.015264452775490267,0.020607100575596626
2025-11-30,PSX,Energy,-0.05782718370241757,0.026168262327118424
2025-11-30,RTX,Energy,0.04853918461823259,0.004470655659382064
2025-11-30,SLB,Energy,0.06741745823033596,0.003625345851578419
2025-11-30,UNP,Energy,0.003637016793060388,0.015462997771131982
2025-11-30,UPS,Energy,0.03549435046613003,0.04260921998365325
2025-11-30,VLO,Energy,-0.0790336681626782,0.027452504744912398
2025-11-30,XOM,Energy,0.03812972462417674,0.005947570402772344
2025-11-30,AME,Energy,0.039112440434541096,0.021183993606380565
2025-11-30,BE,Energy,-0.20459537633819092,0.22612320413057663
2025-11-30,BKR,Energy,-0.09282868727135196,0.0173953393847618
2025-11-30,CTRA,Energy,-0.019374108452287486,0.030319977382893566
2025-11-30,EMR,Energy,-0.004948361972638149,-0.020423970885359227
2025-11-30,ENPH,Energy,0.11091850305992268,-0.022119087594785952
2025-11-30,ETN,Energy,-0.0791581156807234,0.004736651040781879
2025-11-30,FSLR,Energy,-0.04283307147242832,0.07932237501358219
2025-11-30,FTV,Energy,0.0323485861605457,0.021624976358226074
2025-11-30,GNRC,Energy,-0.10063977625944631,0.029456665977640486
2025-11-30,HUBB,Energy,0.029390582263656206,0.005826113271054796
2025-11-30,MTDR,Energy,0.0009432588764695105,0.04647797959043484
2025-11-30,PH,Energy,0.02003018770450682,-0.008833802363098298
2025-11-30,PLUG,Energy,-0.019900478628265272,0.18945493657370513
2025-11-30,PR,Energy,-0.02125954422011367,0.022476842106647424
2025-11-30,ROK,Energy,-0.01715246917763391,-0.013477296522691713
2025-11-30,ROP,Energy,-0.002442709049737868,0.009182927621467711
2025-11-30,SM,Energy,-0.00788516975332898,0.11427417365476196
2025-11-30,VRSK,Energy,-0.004067507229886691,0.016016980569669242
2025-11-30,WMB,Energy,-0.005293988168271868,-0.003865188018414197
2025-11-30,XYL,Energy,-0.031918743542386996,0.0010072217984788646
2025-12-31,AAPL,Technology,-0.045538079860853675,0.11113737250007275
2025-12-31,ADBE,Technology,-0.16211889430431536,0.06537219740916483
2025-12-31,AMAT,Technology,0.25421223488236633,0.13624780078173657
2025-12-31,AMD,Technology,0.10538845573162892,0.19795523559164474
2025-12-31,AVGO,Technology,-0.04276227516100406,0.1269776511138785
2025-12-31,CDNS,Technology,-0.05189072211106904,0.09923786313314673
2025-12-31,CRM,Technology,-0.1986335470437116,0.08268447997088574
2025-12-31,CRWD,Technology,-0.058356110624721014,0.11303726271036035
2025-12-31,FTNT,Technology,0.02329679371370963,0.05766650817782973
2025-12-31,GOOGL,Technology,0.07987223159262968,0.10737397365940353
2025-12-31,INTC,Technology,0.2593495745010346,0.1167855283725567
2025-12-31,INTU,Technology,-0.2454350382906586,0.06776757281644692
2025-12-31,KLAC,Technology,0.17518185763268912,0.14805093837147174
2025-12-31,LRCX,Technology,0.3638276819859514,0.17871839077791207
2025-12-31,META,Technology,0.08545806027820779,0.10438926748793269
2025-12-31,MSFT,Technology,-0.11027253387667912,0.10640188963468439
2025-12-31,MU,Technology,0.45362804795864275,0.1738659195851464
2025-12-31,NET,Technology,-0.10043108499087727,0.19318559789824574
2025-12-31,NOW,Technology,-0.2361772943963122,0.07248134594600392
2025-12-31,NVDA,Technology,0.02482571515839349,0.17142093076373702
2025-12-31,ORCL,Technology,-0.15337820870909336,0.16216405198750475
2025-12-31,PANW,Technology,-0.0392507917878554,0.10221056499779922
2025-12-31,QCOM,Technology,-0.11376794139275959,0.09691777903746115
2025-12-31,SNPS,Technology,-0.00979308117934341,0.09690322425359046
2025-12-31,TXN,Technology,0.250544398871003,0.0757837537538264
2025-12-31,ACN,Technology,-0.01736852217751761,0.06646651492709586
2025-12-31,ADI,Technology,0.14631271473357477,0.08383098351987521
2025-12-31,ANET,Technology,0.08173705879297777,0.1856136392541079
2025-12-31,CGNX,Technology,0.0767092387867927,0.1421156326415759
2025-12-31,COHU,Technology,0.2264718673868964,0.12623781897545025
2025-12-31,CSCO,Technology,0.022187366973509537,0.1020626057672781
2025-12-31,DELL,Technology,-0.0869029199410899,0.1723461165738079
2025-12-31,ENTG,Technology,0.4025891117022178,0.09817839174353674
2025-12-31,FORM,Technology,0.2637145824021132,0.14762783791927844
2025-12-31,HPQ,Technology,-0.12746857512768783,0.08787120540279904
2025-12-31,IBM,Technology,0.035414104156972215,0.11308162410635819
2025-12-31,IPGP,Technology,0.2906425367524246,0.10406856871600109
2025-12-31,KEYS,Technology,0.06466853305657905,0.11214717966490001
2025-12-31,MCHP,Technology,0.19146257575331482,0.16451329519147836
2025-12-31,MKSI,Technology,0.47315392846202475,0.16987144694599066
2025-12-31,MPWR,Technology,0.240290868419071,0.11866402291466394
2025-12-31,MRVL,Technology,-0.07064265894562305,0.19093831801707142
2025-12-31,NXPI,Technology,0.04183171045379397,0.09992559861442586
2025-12-31,ONTO,Technology,0.2799315993320002,0.11025353943079261
2025-12-31,QRVO,Technology,-0.07573069890072981,0.09543469576363345
2025-12-31,STX,Technology,0.48040954829708626,0.1681907794070251
2025-12-31,SWKS,Technology,-0.12064345073252702,0.09554551138592711
2025-12-31,TER,Technology,0.2453502984184508,0.1597496586913004
2025-12-31,VRSN,Technology,0.0052685624077370985,0.04887004780762391
2025-12-31,WDC,Technology,0.45254537955915763,0.1541172239751708
2025-12-31,AXP,Financials,-0.04594587914908632,0.09858658082976621
2025-12-31,BAC,Financials,-0.032727224789844356,0.10254493231345109
2025-12-31,BK,Financials,0.03756732735557189,0.09890684384961489
2025-12-31,BLK,Financials,0.045406128342753815,0.1082160784247372
2025-12-31,C,Financials,-0.008398394410614407,0.1271326252469973
2025-12-31,CFG,Financials,0.07824001353430154,0.11962750320814126
2025-12-31,CME,Financials,0.058517644991100015,0.050196483948714274
2025-12-31,COF,Financials,-0.09667439856581295,0.11016308882954744
2025-12-31,FITB,Financials,0.07284765652463321,0.0952022114990529
2025-12-31,GS,Financials,0.06417520251964581,0.13028686778512097
2025-12-31,HBAN,Financials,0.00749279577309081,0.09425014455598646
2025-12-31,ICE,Financials,0.07298096329189141,0.04678554321035096
2025-12-31,JPM,Financials,-0.04639747673767136,0.10285194494727803
2025-12-31,KEY,Financials,0.04263574066476705,0.09258114235460822
2025-12-31,MCO,Financials,0.009219962054502373,0.0870541209837003
2025-12-31,MS,Financials,0.03536145846574823,0.1312991775273695
2025-12-31,MTB,Financials,0.09971217682235656,0.0926097908515442
2025-12-31,PNC,Financials,0.07801453185669094,0.10212559758176377
2025-12-31,RF,Financials,0.05166051975166752,0.09827981762733207
2025-12-31,SCHW,Financials,0.04013606276141979,0.10324459119815123
2025-12-31,SPGI,Financials,0.009950295349274718,0.06233760905417675
2025-12-31,STT,Financials,0.020987780677799828,0.08866902778320493
2025-12-31,TFC,Financials,0.044909522758803,0.0975270028641801
2025-12-31,USB,Financials,0.05153670500890395,0.10013207210556806
2025-12-31,WFC,Financials,-0.02907718257173897,0.10690624611154854
2025-12-31,AFL,Financials,0.006166688101480355,0.0930924074009803
2025-12-31,AJG,Financials,-0.03640026481565395,0.07353655504837565
2025-12-31,ALL,Financials,-0.04400668963394816,0.03610222336369433
2025-12-31,AMTD,Financials,-0.005076137217272736,0.1265696085419396
2025-12-31,AON,Financials,-0.009181593146750489,0.05310465801969384
2025-12-31,CB,Financials,-0.00820195647046884,0.05864321061191739
2025-12-31,FDS,Financials,-0.12347081911136526,0.07221170033028444
2025-12-31,FNF,Financials,-0.0036637088305202514,0.08834353784060556
2025-12-31,GL,Financials,0.0045335068063963035,0.08780355037688586
2025-12-31,HIG,Financials,-0.019883935129556884,0.05176744233600826
2025-12-31,IBKR,Financials,0.1643600695280727,0.18587874916072894
2025-12-31,LPLA,Financials,0.020522433055931044,0.07364547088453591
2025-12-31,MET,Financials,-0.0007601327920546685,0.10646905511820172
2025-12-31,MSCI,Financials,0.061858304927474794,0.09975878836230258
2025-12-31,NDAQ,Financials,-0.0024709171989799605,0.08145953536599085
2025-12-31,PGR,Financials,-0.02858211129863719,0.04373766193407101
2025-12-31,PRU,Financials,-0.015680395138860326,0.08839627024622566
2025-12-31,RJF,Financials,0.0363011460951177,0.09787852284377405
2025-12-31,SEIC,Financials,0.07108024956920711,0.0581771715481018
2025-12-31,SF,Financials,-0.015333119346817137,0.109096986556307
2025-12-31,SYF,Financials,-0.1294499330643739,0.13457230414398713
2025-12-31,TRV,Financials,-0.019133910765578133,0.05403867507851537
2025-12-31,UNM,Financials,-0.01379541762108405,0.06595275003980526
2025-12-31,WTW,Financials,-0.0338709337762253,0.05698984061017266
2025-12-31,ABBV,Healthcare,-0.016130780632501618,0.09003454733136618
2025-12-31,ABT,Healthcare,-0.12320487477749642,0.06091727208697059
2025-12-31,AMGN,Healthcare,0.04451443779498221,0.08131813253274707
2025-12-31,BAX,Healthcare,0.05023545011929542,0.0750971329721368
2025-12-31,BIIB,Healthcare,0.022160314647162505,0.08387689213174787
2025-12-31,BMY,Healthcare,0.03263932346038301,0.06338070661566653
2025-12-31,BSX,Healthcare,-0.0190875692076512,0.06485768385546826
2025-12-31,CI,Healthcare,-0.00406942506047836,0.05067764770653794
2025-12-31,CVS,Healthcare,-0.0532620634164328,0.1143692815000226
2025-12-31,DHR,Healthcare,-0.04381444176979277,0.09708989949848021
2025-12-31,EW,Healthcare,-0.045630491374175186,0.08435873354575592
2025-12-31,GILD,Healthcare,0.15650972758583848,0.09548563678135193
2025-12-31,HUM,Healthcare,-0.2378870117064238,0.08721090857224445
2025-12-31,ISRG,Healthcare,-0.10971817525612548,0.06615583166728385
2025-12-31,JNJ,Healthcare,0.09809126944006041,0.08322672924722664
2025-12-31,LLY,Healthcare,-0.034922079710004716,0.08687519054399978
2025-12-31,MDT,Healthcare,0.07183014809498656,0.09458922737541903
2025-12-31,MRK,Healthcare,0.04759637718377574,0.08085528377540276
2025-12-31,PFE,Healthcare,0.07963445854974882,0.09475293428496835
2025-12-31,REGN,Healthcare,-0.03941074444364567,0.08684629792252001
2025-12-31,SYK,Healthcare,0.05146949866314232,0.06129120428406688
2025-12-31,TMO,Healthcare,-0.001449759303052689,0.11599009511451644
2025-12-31,UNH,Healthcare,-0.13080488015295522,0.14336647986707055
2025-12-31,VRTX,Healthcare,0.036483168076899775,0.06804328026401711
2025-12-31,ZBH,Healthcare,-0.03169479520932106,0.10402624225422892
2025-12-31,A,Healthcare,-0.014556975779133507,0.1106458098647389
2025-12-31,ACAD,Healthcare,-0.059153874124411976,0.12791996558759305
2025-12-31,ALGN,Healthcare,0.04406023151927507,0.06948560975641155
2025-12-31,ALKS,Healthcare,0.2112222996462474,0.09001233197627809
2025-12-31,BDX,Healthcare,0.04848760873339586,0.09473436690885575
2025-12-31,DGX,Healthcare,0.0827194149962569,0.08042517339503188
2025-12-31,DXCM,Healthcare,0.10049718084859971,0.03380680638042507
2025-12-31,FOLD,Healthcare,0.0035112494057951693,0.10041027610838321
2025-12-31,HOLX,Healthcare,0.005906866076314632,0.09585475905510384
2025-12-31,IDXX,Healthcare,-0.008972265917785438,0.10255125835975855
2025-12-31,INSP,Healthcare,-0.17835849483789545,0.018411621836498755
2025-12-31,IQV,Healthcare,0.021028304677552123,0.09742716044920643
2025-12-31,MASI,Healthcare,0.055897312078494465,0.05683953212824411
2025-12-31,MTD,Healthcare,-0.015026611905364806,0.09837609921628886
2025-12-31,NBIX,Healthcare,-0.04068253682555867,0.08775382156838075
2025-12-31,NTRA,Healthcare,0.00894846167239094,0.0964412565246493
2025-12-31,NVCR,Healthcare,-0.04098999799971792,0.06373355673495279
2025-12-31,PODD,Healthcare,-0.10002108659073206,0.06837286501423698
2025-12-31,RARE,Healthcare,0.0465217258619226,0.10799062696241682
2025-12-31,RMD,Healthcare,0.07240423704733745,0.08255168101061236
2025-12-31,WAT,Healthcare,-0.02398437636210493,0.05764108950917401
2025-12-31,AMZN,Consumer,0.036738564502459825,0.11714052972643185
2025-12-31,AZO,Consumer,0.09222763941102752,0.05599081448581489
2025-12-31,BKNG,Consumer,-0.06600715956187608,0.07069891478752614
2025-12-31,CMG,Consumer,0.05054051167256124,0.04392892029556977
2025-12-31,COST,Consumer,0.09183674193653713,0.06885584046945441
2025-12-31,DG,Consumer,0.08489638216887574,0.08758914979146303
2025-12-31,DLTR,Consumer,-0.04406150478997084,0.08779054774412186
2025-12-31,DRI,Consumer,0.09139055331320445,0.05070744068819595
2025-12-31,EBAY,Consumer,0.04730200812368568,0.09445205739868728
2025-12-31,HD,Consumer,0.08860795319102044,0.10587909239033129
2025-12-31,HLT,Consumer,0.039199350861793825,0.08032652531268411
2025-12-31,KR,Consumer,0.005921878016271087,0.06412628332333314
2025-12-31,LOW,Consumer,0.11237087561111658,0.10261281099307576
2025-12-31,LULU,Consumer,-0.1602906402479588,0.05619110151539236
2025-12-31,MAR,Consumer,0.016309920621623064,0.04639678039506346
2025-12-31,MCD,Consumer,0.03065803455662164,0.06513944166027325
2025-12-31,MGM,Consumer,-0.08084408405714827,0.06373278732650145
2025-12-31,NKE,Consumer,-0.0298226093916788,0.13329258485492732
2025-12-31,ORLY,Consumer,0.07893876384066778,0.08234092278743314
2025-12-31,ROST,Consumer,0.04724098114029496,0.08778114258291288
2025-12-31,SBUX,Consumer,0.09191310028186761,0.08056964293573043
2025-12-31,TGT,Consumer,0.07897695977086072,0.08187381491684535
2025-12-31,TJX,Consumer,-0.02473800141932081,0.09097927157674461
2025-12-31,WMT,Consumer,0.06938325273239743,0.08164305146097932
2025-12-31,YUM,Consumer,0.027895280501118558,0.043625092184301835
2025-12-31,BBY,Consumer,-0.02734206835256703,0.09770280383517647
2025-12-31,CCL,Consumer,-0.017026829200652904,0.17946118084995896
2025-12-31,CHDN,Consumer,-0.1355246821443199,0.07778854495283266
2025-12-31,CMCSA,Consumer,0.07445213570766751,0.06691365054259937
2025-12-31,CZR,Consumer,-0.1150063572853054,0.0347206698971514
2025-12-31,DIS,Consumer,-0.008525917376545067,0.11823075533488425
2025-12-31,DKNG,Consumer,-0.20168308300165982,0.09682218765811336
2025-12-31,F,Consumer,0.05792687787882911,0.09187220320066132
2025-12-31,FOX,Consumer,0.009856690102742816,0.10400021122383526
2025-12-31,GM,Consumer,0.032956204753668894,0.10447605212100325
2025-12-31,GRMN,Consumer,-0.005965088709900868,0.09439698797545037
2025-12-31,H,Consumer,-0.024638245711406492,0.07463464490885635
2025-12-31,IHG,Consumer,-0.025491741213654162,0.08088940859044769
2025-12-31,LVS,Consumer,-0.1898908972140404,0.10613092320828728
2025-12-31,NCLH,Consumer,-0.016129059824093184,0.1771067023419767
2025-12-31,NFLX,Consumer,-0.1095350260075606,0.07216969440535392
2025-12-31,PENN,Consumer,-0.1294915150787871,0.10680300327418052
2025-12-31,POOL,Consumer,0.11077592494895816,0.056477910488755924
2025-12-31,RCL,Consumer,0.16395371885263343,0.1525559563347011
2025-12-31,SIRI,Consumer,0.017500087654981566,0.0871799836142341
2025-12-31,TSLA,Consumer,-0.04293782243658151,0.14198292408491067
2025-12-31,WBD,Consumer,-0.0444135597796953,0.1403061063313553
2025-12-31,WYNN,Consumer,-0.10703902235472329,0.09738659935699448
2025-12-31,APA,Energy,0.089989555283299,0.09527981465911711
2025-12-31,BA,Energy,0.07645544619027844,0.06964481283169652
2025-12-31,CAT,Energy,0.15017022961203486,0.15937006858427735
2025-12-31,COP,Energy,0.11344943664442853,0.09750671999534051
2025-12-31,CVX,Energy,0.16068496243117503,0.10811428389005485
2025-12-31,DE,Energy,0.13409366242534837,0.0658086960760997
2025-12-31,DVN,Energy,0.09773406632565784,0.08527754851933723
2025-12-31,EOG,Energy,0.07798202672050514,0.06690441835871871
2025-12-31,FDX,Energy,0.11559237877346518,0.09742541140877323
2025-12-31,GD,Energy,0.04712236113451751,0.09389532427174015
2025-12-31,GE,Energy,-0.004025560468486233,0.1321039963958964
2025-12-31,HAL,Energy,0.18612880549910504,0.11329865766472663
2025-12-31,HON,Energy,0.16623106516887143,0.0704915744626648
2025-12-31,LMT,Energy,0.311265877790873,0.09020073682412538
2025-12-31,MMM,Energy,-0.043347894067499615,0.09311058764544071
2025-12-31,MPC,Energy,0.08337946734989332,0.1064860062586389
2025-12-31,NOC,Energy,0.21404392700345065,0.0959420596563629
2025-12-31,OXY,Energy,0.10384248494326576,0.07842992347646374
2025-12-31,PSX,Energy,0.11252326665818213,0.09954383807312057
2025-12-31,RTX,Energy,0.09558343481909493,0.1064943311231011
2025-12-31,SLB,Energy,0.26055237977929435,0.09817485947829044
2025-12-31,UNP,Energy,0.01634098374395765,0.08216887062440618
2025-12-31,UPS,Energy,0.07087408193542788,0.1007402024049707
2025-12-31,VLO,Energy,0.11450331646697953,0.11307820773204792
2025-12-31,XOM,Energy,0.17500408136799028,0.08641603608000172
2025-12-31,AME,Energy,0.09093561139650919,0.09323413982595136
2025-12-31,BE,Energy,0.7420876531300888,0.19858334973650205
2025-12-31,BKR,Energy,0.23056659726964135,0.10355174471828818
2025-12-31,CTRA,Energy,0.09612465628131983,0.05930992523924158
2025-12-31,EMR,Energy,0.10729365475153552,0.11289258285227259
2025-12-31,ENPH,Energy,0.15382216606966548,0.13459296931306314
2025-12-31,ETN,Energy,0.10332488089520564,0.1129811367879332
2025-12-31,FSLR,Energy,-0.1366994801976873,0.16000289220072977
2025-12-31,FTV,Energy,-0.04347039354229565,0.07773700807521704
2025-12-31,GNRC,Energy,0.232235823882887,0.14648479926050215
2025-12-31,HUBB,Energy,0.09869185059036711,0.10169711941192223
2025-12-31,MTDR,Energy,0.0659755893118128,0.07113576510127805
2025-12-31,PH,Energy,0.06471281803400175,0.09901456983340637
2025-12-31,PLUG,Energy,0.0761420582590917,0.17781216935934557
2025-12-31,PR,Energy,0.14967925404116333,0.07201476146810817
2025-12-31,ROK,Energy,0.08373813688672627,0.10179008134233979
2025-12-31,ROP,Energy,-0.1643104859369211,0.05351507683821981
2025-12-31,SM,Energy,0.04117637740131497,0.05341225864321271
2025-12-31,VRSK,Energy,-0.027851012286620014,0.0521181281919182
2025-12-31,WMB,Energy,0.11894858361031835,0.06584165699852108
2025-12-31,XYL,Energy,0.012410090869270807,0.09736884868481696
2026-01-31,AAPL,Technology,0.019065788377024218,0.023185967275049093
2026-01-31,ADBE,Technology,-0.10516622792119568,0.003167269081968416
2026-01-31,AMAT,Technology,0.15650379490181954,0.04155357871235206
2026-01-31,AMD,Technology,-0.15426853239039473,0.046360528757129524
2026-01-31,AVGO,Technology,-0.035466343490675456,0.040789917753334154
2026-01-31,CDNS,Technology,0.01700637330961885,0.02070917359814265
2026-01-31,CRM,Technology,-0.08243435187154735,0.01613114020595465
2026-01-31,CRWD,Technology,-0.15728183410918128,-0.015134643509416018
2026-01-31,FTNT,Technology,-0.027442816863271102,0.006853855149569599
2026-01-31,GOOGL,Technology,-0.07763309270420937,0.030260699490071024
2026-01-31,INTC,Technology,-0.018506576022391363,0.05944407023933601
2026-01-31,INTU,Technology,-0.18016916423634355,-0.009018556481803566
2026-01-31,KLAC,Technology,0.06904427338522634,0.025150890998829334
2026-01-31,LRCX,Technology,0.0018418076596844468,0.007532490407000008
2026-01-31,META,Technology,-0.09535246285859755,-0.01944808955433511
2026-01-31,MSFT,Technology,-0.08518347861481179,0.0012012537047684374
2026-01-31,MU,Technology,-0.006049931713547285,0.11362266730280168
2026-01-31,NET,Technology,-0.02909502951523768,0.0063001951218113125
2026-01-31,NOW,Technology,-0.0769165014587525,0.05606472761056166
2026-01-31,NVDA,Technology,-0.07293461878268304,0.024271130978833037
2026-01-31,ORCL,Technology,-0.11653910474839224,0.07015179202684578
2026-01-31,PANW,Technology,-0.1585014570733717,0.0010067342358950145
2026-01-31,QCOM,Technology,-0.06088788989085847,-0.005608500629806809
2026-01-31,SNPS,Technology,-0.10990711139887199,-0.002863021075361885
2026-01-31,TXN,Technology,-0.01595916461986735,0.054283922399406215
2026-01-31,ACN,Technology,-0.2083144074503015,0.02175439984983825
2026-01-31,ADI,Technology,0.14446083792814246,0.016789255650973084
2026-01-31,ANET,Technology,-0.05813464917328137,0.05522590064614185
2026-01-31,CGNX,Technology,0.4063152185436014,0.02151968388235833
2026-01-31,COHU,Technology,0.058163973166131866,0.03322021033371614
2026-01-31,CSCO,Technology,0.014555691334370069,0.012659637164344218
2026-01-31,DELL,Technology,0.29395314616650126,0.01351514399940916
2026-01-31,ENTG,Technology,0.1217921630274652,-0.00010776632403103014
2026-01-31,FORM,Technology,0.40275216697432104,0.05221782495138135
2026-01-31,HPQ,Technology,-0.02314827001170161,0.016904514586524234
2026-01-31,IBM,Technology,-0.21232619408182007,0.021034707614419057
2026-01-31,IPGP,Technology,0.42376368477697657,0.04454238741532435
2026-01-31,KEYS,Technology,0.42065355693140694,0.016141154782263495
2026-01-31,MCHP,Technology,-0.0110710514188338,0.04584219213132884
2026-01-31,MKSI,Technology,0.03944584535839146,0.028889600143306774
2026-01-31,MPWR,Technology,0.0165368936426995,0.0313677031781627
2026-01-31,MRVL,Technology,0.03509885407978919,0.0780428428730863
2026-01-31,NXPI,Technology,0.0038471780058781935,-0.004381639519223302
2026-01-31,ONTO,Technology,0.0684978774008993,0.10863544653215239
2026-01-31,QRVO,Technology,0.06132378540645589,0.03854287631984288
2026-01-31,STX,Technology,0.00036787854878883586,0.08094529784839606
2026-01-31,SWKS,Technology,0.08135102308346376,0.0364363674186069
2026-01-31,TER,Technology,0.3282050047970819,0.06738593695821314
2026-01-31,VRSN,Technology,-0.06322752477403248,0.00963243109462906
2026-01-31,WDC,Technology,0.11777165200801298,0.03992977420804442
2026-01-31,AXP,Financials,-0.1228668740231268,-0.0033666217168564798
2026-01-31,BAC,Financials,-0.06334584805733334,-0.00047654355446987524
2026-01-31,BK,Financials,-0.0068378861329145835,0.013748064226245192
2026-01-31,BLK,Financials,-0.04978822588814413,0.015668170418092025
2026-01-31,C,Financials,-0.042741653055675566,0.022178840668511418
2026-01-31,CFG,Financials,-0.037589070234169575,0.010617533808998504
2026-01-31,CME,Financials,0.10530689820340378,0.0035915409703524623
2026-01-31,COF,Financials,-0.1029617355387975,0.014475917778711806
2026-01-31,FITB,Financials,-0.01493429952127745,0.023756005066406242
2026-01-31,GS,Financials,-0.08107671471311839,0.020069597974775276
2026-01-31,HBAN,Financials,-0.0389016885991067,0.02198381165405207
2026-01-31,ICE,Financials,-0.055529980424894876,0.011483902356242496
2026-01-31,JPM,Financials,-0.018274596364674878,0.008137930241321041
2026-01-31,KEY,Financials,-0.03624540964367995,0.0032250806446449307
2026-01-31,MCO,Financials,-0.07364809215351609,-0.010430377180215387
2026-01-31,MS,Financials,-0.08911387221072264,0.009201914318340469
2026-01-31,MTB,Financials,-0.02071588854950157,0.011929871836433644
2026-01-31,PNC,Financials,-0.04903713019434219,0.011362607887459155
2026-01-31,RF,Financials,-0.02350876460404161,0.029771554276581534
2026-01-31,SCHW,Financials,-0.08081710129509345,0.017925548357899848
2026-01-31,SPGI,Financials,-0.1608269001375524,0.0028191658798760403
2026-01-31,STT,Financials,-0.017117495703781627,0.0015150726528776006
2026-01-31,TFC,Financials,-0.031361133862327195,0.024206143113255557
2026-01-31,USB,Financials,-0.025842093177676162,0.017392779216551794
2026-01-31,WFC,Financials,-0.09547673722370409,0.014566797518271408
2026-01-31,AFL,Financials,0.023253818840736518,0.014158097613617339
2026-01-31,AJG,Financials,-0.08489392647605887,0.026994219082588276
2026-01-31,ALL,Financials,0.07804411347852236,0.009084770808361415
2026-01-31,AMTD,Financials,0.04081628681073313,0.05804044845610281
2026-01-31,AON,Financials,-0.04052741002579974,0.021293146703463838
2026-01-31,CB,Financials,0.10111119394617618,0.016112018351614254
2026-01-31,FDS,Financials,-0.14322703109473134,0.017852874997733904
2026-01-31,FNF,Financials,-0.027762432555176297,0.027114506194146445
2026-01-31,GL,Financials,0.03594337786860713,0.0183313763068057
2026-01-31,HIG,Financials,0.04272179492081585,0.011899353751062205
2026-01-31,IBKR,Financials,-0.04825757282127752,-0.006580250606912535
2026-01-31,LPLA,Financials,-0.17591220132678187,0.011427274664572436
2026-01-31,MET,Financials,-0.0797862060070551,0.023750856973962106
2026-01-31,MSCI,Financials,-0.05767431343946661,-0.0028752604878556206
2026-01-31,NDAQ,Financials,-0.0960883373055883,-0.001735488358502356
2026-01-31,PGR,Financials,0.027211544432144574,0.024564580575210302
2026-01-31,PRU,Financials,-0.10256069054356165,0.013955219711430869
2026-01-31,RJF,Financials,-0.07705298846772757,0.02009936375145926
2026-01-31,SEIC,Financials,-0.07433123383855822,0.004696912598938767
2026-01-31,SF,Financials,-0.09914832643940141,0.006782984163549903
2026-01-31,SYF,Financials,-0.044591000997898145,0.035916983098815115
2026-01-31,TRV,Financials,0.08481246635805784,0.01249098222289679
2026-01-31,UNM,Financials,-0.05581153361044222,0.005335906547574243
2026-01-31,WTW,Financials,-0.03874382775257135,0.005985333645156712
2026-01-31,ABBV,Healthcare,0.040670838653871444,0.009631938168694582
2026-01-31,ABT,Healthcare,0.0645013332651534,0.00016240096634068108
2026-01-31,AMGN,Healthcare,0.14323625451243993,0.014421764320570171
2026-01-31,BAX,Healthcare,0.015446466637990097,0.016189545102899328
2026-01-31,BIIB,Healthcare,0.06631834996413266,0.0036069838942671445
2026-01-31,BMY,Healthcare,0.132970001991074,0.006541433288628246
2026-01-31,BSX,Healthcare,-0.17833850660616013,-0.0011214882982937182
2026-01-31,CI,Healthcare,0.05731288172410398,0.025982933728670103
2026-01-31,CVS,Healthcare,0.07219550735863667,0.01999175481179858
2026-01-31,DHR,Healthcare,-0.0376901695401658,-0.0009541646851378399
2026-01-31,EW,Healthcare,0.06280728333354268,-0.0005229316137969632
2026-01-31,GILD,Healthcare,0.04931309269686546,0.029575245222672936
2026-01-31,HUM,Healthcare,-0.02387298539399596,-0.015047224988750257
2026-01-31,ISRG,Healthcare,-0.0014080985549149716,-0.005485464548250371
2026-01-31,JNJ,Healthcare,0.09901290651513017,0.027023892765245902
2026-01-31,LLY,Healthcare,0.016001318529584863,0.022169084638515076
2026-01-31,MDT,Healthcare,-0.05147624937975692,0.022183223739000293
2026-01-31,MRK,Healthcare,0.12288022536210241,0.013149164810503003
2026-01-31,PFE,Healthcare,0.04576395839758196,0.006646044269460317
2026-01-31,REGN,Healthcare,0.055513156248552464,0.005316983500032334
2026-01-31,SYK,Healthcare,0.04843603117744766,0.007497750512965305
2026-01-31,TMO,Healthcare,-0.09937603630103875,0.016307691577724038
2026-01-31,UNH,Healthcare,0.022095931107805278,0.08115498895614055
2026-01-31,VRTX,Healthcare,0.05731005112912113,0.012430239821392845
2026-01-31,ZBH,Healthcare,0.1305846172553924,0.015477442655913371
2026-01-31,A,Healthcare,-0.0931641069540029,0.01771454527044445
2026-01-31,ACAD,Healthcare,-0.02268204193632095,0.016276624603852527
2026-01-31,ALGN,Healthcare,0.16604310572844305,0.01675254705795366
2026-01-31,ALKS,Healthcare,-0.11183237168591842,0.029589177771393686
2026-01-31,BDX,Healthcare,0.1032168045640034,0.01839368379835202
2026-01-31,DGX,Healthcare,0.13302684824153466,0.008627427505831451
2026-01-31,DXCM,Healthcare,0.005339531554763743,0.0024084887831808894
2026-01-31,FOLD,Healthcare,0.005598315179818902,0.006167132624419798
2026-01-31,HOLX,Healthcare,0.0057386934929197775,0.018989725428633104
2026-01-31,IDXX,Healthcare,-0.0204785386957288,0.03515022206333789
2026-01-31,INSP,Healthcare,-0.14871993698349562,-0.037059289548928384
2026-01-31,IQV,Healthcare,-0.22307189962812712,0.013039813072777287
2026-01-31,MASI,Healthcare,0.27685140730744107,-0.007537869868422848
2026-01-31,MTD,Healthcare,-0.004769777223722627,0.02835127643190266
2026-01-31,NBIX,Healthcare,-0.028002334462434386,-0.013377238823210786
2026-01-31,NTRA,Healthcare,-0.09993945731813547,0.0120634085926097
2026-01-31,NVCR,Healthcare,0.1024193949059331,0.03471724946446343
2026-01-31,PODD,Healthcare,-0.03596418058733186,0.005182931352697953
2026-01-31,RARE,Healthcare,-0.028250947810439797,0.04356501531249515
2026-01-31,RMD,Healthcare,-0.005638183574842581,0.0029579605184026744
2026-01-31,WAT,Healthcare,-0.13848725768461045,0.01125379214158263
2026-01-31,AMZN,Consumer,-0.12244046250772744,0.01098901610454034
2026-01-31,AZO,Consumer,0.013846118560273624,0.0069732022198556115
2026-01-31,BKNG,Consumer,-0.15244180652168116,0.010982801789857876
2026-01-31,CMG,Consumer,-0.04244913188891708,0.050668639077371416
2026-01-31,COST,Consumer,0.07502261463907423,0.027126861473556106
2026-01-31,DG,Consumer,0.08931197854002759,-0.0004926533307201996
2026-01-31,DLTR,Consumer,0.07560172885368455,0.00021831967964477234
2026-01-31,DRI,Consumer,0.07273638271530958,0.008427164214549553
2026-01-31,EBAY,Consumer,-0.003946527816647616,0.01364887630511486
2026-01-31,HD,Consumer,0.016364572366529773,0.04128571348530747
2026-01-31,HLT,Consumer,0.0449472024023827,0.011341740008744853
2026-01-31,KR,Consumer,0.09120491706029243,0.026496922540775708
2026-01-31,LOW,Consumer,-0.009323686540786191,0.01984689886563755
2026-01-31,LULU,Consumer,0.06114612131200747,0.057450900358390525
2026-01-31,MAR,Consumer,0.08591911849559919,0.026926618371812105
2026-01-31,MCD,Consumer,0.08273012631788146,0.011292006782976226
2026-01-31,MGM,Consumer,0.0989862732319493,-0.03139366952659638
2026-01-31,NKE,Consumer,0.0059861032495642785,0.06273146290777872
2026-01-31,ORLY,Consumer,-0.046031970735873284,0.0018942138844158466
2026-01-31,ROST,Consumer,0.09006101653810239,0.010410823879879476
2026-01-31,SBUX,Consumer,0.07288879313260432,0.04146399062127939
2026-01-31,TGT,Consumer,0.08985769948400368,0.0332876909966149
2026-01-31,TJX,Consumer,0.08215106244782455,0.013519057784743188
2026-01-31,WMT,Consumer,0.07394659949492866,0.01575318397918575
2026-01-31,YUM,Consumer,0.08639893455256487,0.0029953523375943875
2026-01-31,BBY,Consumer,-0.04807982091217955,0.013712838286936745
2026-01-31,CCL,Consumer,0.055824047772132346,0.08444690824355264
2026-01-31,CHDN,Consumer,-0.065372105177672,0.007877141326488105
2026-01-31,CMCSA,Consumer,0.04067222781262636,-0.006297913925484835
2026-01-31,CZR,Consumer,0.21014484607697104,0.03175176270167674
2026-01-31,DIS,Consumer,-0.05992909533104063,-0.0010668558949015004
2026-01-31,DKNG,Consumer,-0.1334060358327781,0.008430256813823506
2026-01-31,F,Consumer,0.026123853397384433,0.022379010494577245
2026-01-31,FOX,Consumer,-0.21107209038739072,0.02464260717471582
2026-01-31,GM,Consumer,-0.06297619090971995,0.017370993004017506
2026-01-31,GRMN,Consumer,0.25386832465501574,0.017340547213549565
2026-01-31,H,Consumer,0.032806763905029124,0.0226070118943717
2026-01-31,IHG,Consumer,0.013115683453108318,0.011453455262426684
2026-01-31,LVS,Consumer,0.08128077556621194,-0.0028615017740703024
2026-01-31,NCLH,Consumer,0.12887076270671205,0.022445042361682373
2026-01-31,NFLX,Consumer,0.15271290365588652,0.015331280638638114
2026-01-31,PENN,Consumer,0.21806854808880405,-0.016020855136457325
2026-01-31,POOL,Consumer,-0.10590735305560162,0.0020720265796872416
2026-01-31,RCL,Consumer,-0.042168517005257256,0.05013185164992758
2026-01-31,SIRI,Consumer,0.09294359334404811,0.01724945621427633
2026-01-31,TSLA,Consumer,-0.06482189925675397,0.06797157982159295
2026-01-31,WBD,Consumer,0.022875785759738365,0.0783953622758642
2026-01-31,WYNN,Consumer,0.009083091303764723,-0.0048734956462308625
2026-01-31,APA,Energy,0.1499431962846458,-0.004339631779849208
2026-01-31,BA,Energy,-0.026484692833631307,0.0028919241566997085
2026-01-31,CAT,Energy,0.13002011866168428,0.03934604774247821
2026-01-31,COP,Energy,0.09702533317006168,0.021238727612253677
2026-01-31,CVX,Energy,0.0660652850398924,0.036347848885633485
2026-01-31,DE,Energy,0.1926325867274845,0.018099867144820755
2026-01-31,DVN,Energy,0.0825665282064032,0.02687210430738993
2026-01-31,EOG,Energy,0.10657281685676145,0.021197094838708793
2026-01-31,FDX,Energy,0.20093098218573058,0.012432429173425592
2026-01-31,GD,Energy,0.016975674522262896,0.015878412508772505
2026-01-31,GE,Energy,0.11561651248342342,0.03755210717872377
2026-01-31,HAL,Energy,0.07398559722218101,-0.00399925679051977
2026-01-31,HON,Energy,0.075946501365598,0.012594278912756905
2026-01-31,LMT,Energy,0.037621032478328154,0.01572763906272449
2026-01-31,MMM,Energy,0.0842374639935568,0.008415848021949038
2026-01-31,MPC,Energy,0.13061655240003445,0.03020078812510047
2026-01-31,NOC,Energy,0.04975013661156269,0.018616377926914746
2026-01-31,OXY,Energy,0.16942056432736097,0.03663584140361148
2026-01-31,PSX,Energy,0.08385886668686315,0.02269223733746686
2026-01-31,RTX,Energy,0.011760245451350793,0.017297554145231313
2026-01-31,SLB,Energy,0.0674401277393335,0.030184983088141097
2026-01-31,UNP,Energy,0.1329849162432153,0.0029950943093041736
2026-01-31,UPS,Energy,0.10692075774332821,0.03178569934241607
2026-01-31,VLO,Energy,0.13482644448654613,0.031613728656419315
2026-01-31,XOM,Energy,0.08568940599419994,0.012985473886935314
2026-01-31,AME,Energy,0.06804182870781816,0.0057288405855095694
2026-01-31,BE,Energy,0.02840723518837951,0.23988899254648188
2026-01-31,BKR,Energy,0.16891840798959978,0.03840533745196065
2026-01-31,CTRA,Energy,0.06031192939024921,0.024758593621058266
2026-01-31,EMR,Energy,0.029731188365761163,0.013943803447018443
2026-01-31,ENPH,Energy,0.14305032398622464,-0.00573029113595389
2026-01-31,ETN,Energy,0.06971710354843608,0.038641479974868616
2026-01-31,FSLR,Energy,-0.12557647564605434,0.05597622706015811
2026-01-31,FTV,Energy,0.12099980243973896,0.003281114670845618
2026-01-31,GNRC,Energy,0.34116879386822574,0.10691056092301797
2026-01-31,HUBB,Energy,0.051399184196475156,0.004569985790051536
2026-01-31,MTDR,Energy,0.14481457918286922,0.032083331078547994
2026-01-31,PH,Energy,0.08037784201543619,0.001355502303485673
2026-01-31,PLUG,Energy,-0.1556603497735698,0.17708205930689264
2026-01-31,PR,Energy,0.13391201614232173,0.013548263873991832
2026-01-31,ROK,Energy,-0.030321636248290096,-0.009070640927340256
2026-01-31,ROP,Energy,-0.057915608099008864,0.02535637593582929
2026-01-31,SM,Energy,0.1879814606913086,-0.019891506205596224
2026-01-31,VRSK,Energy,-0.045479652530854064,0.018428559739380186
2026-01-31,WMB,Energy,0.11091290489639549,0.008465778674001865
2026-01-31,XYL,Energy,-0.057088137837568276,0.017328511142294292
2026-02-28,AAPL,Technology,-0.039329243991613416,0.12069257576309318
2026-02-28,ADBE,Technology,-0.07366335719405293,0.08211505947114822
2026-02-28,AMAT,Technology,-0.08194998723720903,0.14660879828207507
2026-02-28,AMD,Technology,0.016083042075494047,0.14870462469658327
2026-02-28,AVGO,Technology,-0.02938732971611413,0.16158941090549234
2026-02-28,CDNS,Technology,-0.07806900881152057,0.07406782992366122
2026-02-28,CRM,Technology,-0.0416859393540554,0.10217138094472022
2026-02-28,CRWD,Technology,0.04954565334549299,0.10057547445532648
2026-02-28,FTNT,Technology,0.034037738617692215,0.05747360067656369
2026-02-28,GOOGL,Technology,-0.07697457213873138,0.15811159844666928
2026-02-28,INTC,Technology,-0.03244901386606058,0.15233267651073834
2026-02-28,INTU,Technology,0.05708630788823932,0.052449346255139605
2026-02-28,KLAC,Technology,-0.03420026432619638,0.1536553624822074
2026-02-28,LRCX,Technology,-0.085399146380845,0.1624772299150903
2026-02-28,META,Technology,-0.11657274885643698,0.1270444593994809
2026-02-28,MSFT,Technology,-0.05746798739077108,0.0944134177241365
2026-02-28,MU,Technology,-0.18039158750816064,0.1973219703639652
2026-02-28,NET,Technology,0.19832739074444872,0.15109922344387014
2026-02-28,NOW,Technology,-0.032034061809466885,0.06655616029303338
2026-02-28,NVDA,Technology,-0.015692625780075575,0.1406197697673707
2026-02-28,ORCL,Technology,0.011760711533736812,0.09531593980940496
2026-02-28,PANW,Technology,0.0765512308316072,0.11590903756843983
2026-02-28,QCOM,Technology,-0.08958396304022376,0.11722250034743356
2026-02-28,SNPS,Technology,-0.04231881404268567,0.0950428921748666
2026-02-28,TXN,Technology,-0.08472017090839445,0.07677053018287269
2026-02-28,ACN,Technology,-0.04997128354093483,0.10967017356091807
2026-02-28,ADI,Technology,-0.10302099373127283,0.08024243253663194
2026-02-28,ANET,Technology,-0.0802996346120084,0.1608474914791175
2026-02-28,CGNX,Technology,-0.09944852381738423,0.08347959466685358
2026-02-28,COHU,Technology,0.013907286943163122,0.1625418794586345
2026-02-28,CSCO,Technology,-0.02353388648353827,0.10260562747820824
2026-02-28,DELL,Technology,0.10838743700538189,0.11101322528184358
2026-02-28,ENTG,Technology,-0.11483575804003687,0.09771198362508422
2026-02-28,FORM,Technology,-0.019114072028183715,0.19612932825990417
2026-02-28,HPQ,Technology,0.027998009240943533,0.06188332183011711
2026-02-28,IBM,Technology,0.009075361620459077,0.1013397013262911
2026-02-28,IPGP,Technology,-0.12905685217821317,0.09847595195776528
2026-02-28,KEYS,Technology,-0.08121560715068399,0.10156512495726158
2026-02-28,MCHP,Technology,-0.13437833415480838,0.12449655951673537
2026-02-28,MKSI,Technology,-0.05992804038666666,0.17999383996117208
2026-02-28,MPWR,Technology,-0.04130777926212992,0.11867398591223463
2026-02-28,MRVL,Technology,0.21251065813922088,0.16536842303528038
2026-02-28,NXPI,Technology,-0.1283130263836747,0.12115497758956367
2026-02-28,ONTO,Technology,-0.05011807909592536,0.1450204264978855
2026-02-28,QRVO,Technology,-0.06634499274747374,0.1093628653353699
2026-02-28,STX,Technology,-0.037751552021242474,0.18226746696095936
2026-02-28,SWKS,Technology,-0.101208499642092,0.10024494217204628
2026-02-28,TER,Technology,-0.07364936854083293,0.19195797576362184
2026-02-28,VRSN,Technology,0.08958496951053796,0.062168210886222874
2026-02-28,WDC,Technology,-0.03246530743683018,0.20197060805720599
2026-02-28,AXP,Financials,-0.020783367042822798,0.12764789000618315
2026-02-28,BAC,Financials,-0.016143096044515692,0.10976248079393473
2026-02-28,BK,Financials,-0.003946246159066358,0.09857661956264377
2026-02-28,BLK,Financials,-0.09044704430127881,0.05917930336295639
2026-02-28,C,Financials,0.029222266759959314,0.12523452017727713
2026-02-28,CFG,Financials,-0.0036550450460571815,0.11651732994081442
2026-02-28,CME,Financials,-0.05348803479648445,0.0644646714643425
2026-02-28,COF,Financials,-0.06752201367347865,0.10878148784910598
2026-02-28,FITB,Financials,-0.052361216962278356,0.09663229649966645
2026-02-28,GS,Financials,-0.010619033543531664,0.12244220429894265
2026-02-28,HBAN,Financials,-0.058974843015424994,0.10608214831771719
2026-02-28,ICE,Financials,-0.03863963734406983,0.05970302646177946
2026-02-28,JPM,Financials,-0.02044621075906372,0.10928699116055542
2026-02-28,KEY,Financials,-0.02369740786005403,0.10516621497910118
2026-02-28,MCO,Financials,-0.084585357069626,0.054125481123631254
2026-02-28,MS,Financials,-0.011650838040554223,0.11449311332883083
2026-02-28,MTB,Financials,-0.04065340022519959,0.10360372028737652
2026-02-28,PNC,Financials,-0.0200612867909008,0.10503065312161255
2026-02-28,RF,Financials,-0.05242153697907115,0.10279343209868748
2026-02-28,SCHW,Financials,-0.012815059143036267,0.09403454000818155
2026-02-28,SPGI,Financials,-0.037430995659802124,0.06292582262034403
2026-02-28,STT,Financials,-0.01601615803768508,0.09484364060926856
2026-02-28,TFC,Financials,-0.06773474061181062,0.11006425656661883
2026-02-28,USB,Financials,-0.038656501824909206,0.10562498325658992
2026-02-28,WFC,Financials,-0.02259050223242931,0.11248308969042045
2026-02-28,AFL,Financials,-0.028513249021531628,0.10875021229480283
2026-02-28,AJG,Financials,-0.04801844486911866,0.09763556538993087
2026-02-28,ALL,Financials,-0.028579488538893805,0.10663837385139997
2026-02-28,AMTD,Financials,-0.02941173720662238,0.073363791175992
2026-02-28,AON,Financials,-0.037827540520321556,0.08699390038207103
2026-02-28,CB,Financials,-0.040978231344439564,0.11096059644929729
2026-02-28,FDS,Financials,0.0008302566145348411,0.07897680892392615
2026-02-28,FNF,Financials,-0.11329171326935272,0.09437187268554283
2026-02-28,GL,Financials,-0.0419247902686507,0.08816985666973945
2026-02-28,HIG,Financials,-0.035655709565268645,0.11268392275256844
2026-02-28,IBKR,Financials,-0.05787333340763745,0.07613800567377788
2026-02-28,LPLA,Financials,0.0024594718496488976,0.06679785387018919
2026-02-28,MET,Financials,-0.01873176744606042,0.10399559626484586
2026-02-28,MSCI,Financials,-0.05739469133020736,0.07694917512101775
2026-02-28,NDAQ,Financials,-0.027645256753270675,0.09981097706498246
2026-02-28,PGR,Financials,-0.07217070448540142,0.08694899084543306
2026-02-28,PRU,Financials,-0.007013568116233548,0.11129514703913386
2026-02-28,RJF,Financials,-0.054154670887513356,0.0634795116651628
2026-02-28,SEIC,Financials,-0.03504671033960283,0.07545999312609614
2026-02-28,SF,Financials,0.0028488866632896404,0.14220931150762095
2026-02-28,SYF,Financials,-0.015771941260822042,0.1350029512474646
2026-02-28,TRV,Financials,-0.05150958789293014,0.10989309050892866
2026-02-28,UNM,Financials,0.018123453043955795,0.10510697384578575
2026-02-28,WTW,Financials,-0.044249256221432276,0.10969205513990328
2026-02-28,ABBV,Healthcare,-0.06286625460440987,0.10883041131384637
2026-02-28,ABT,Healthcare,-0.1175762772111314,0.08167383438158723
2026-02-28,AMGN,Healthcare,-0.09354389225068471,0.10467819031001425
2026-02-28,BAX,Healthcare,-0.17525780339178443,0.08310867992077708
2026-02-28,BIIB,Healthcare,-0.04426027092582707,0.12662846798874414
2026-02-28,BMY,Healthcare,-0.02757729719562274,0.11322843041756141
2026-02-28,BSX,Healthcare,-0.1834742843732028,0.06892638006969339
2026-02-28,CI,Healthcare,-0.07453081020736085,0.12189162825785696
2026-02-28,CVS,Healthcare,-0.10112649066375845,0.12463787350707783
2026-02-28,DHR,Healthcare,-0.09796728729924253,0.10386627335064051
2026-02-28,EW,Healthcare,-0.07389845379253346,0.10742929960640434
2026-02-28,GILD,Healthcare,-0.059003058065538405,0.09765002888289151
2026-02-28,HUM,Healthcare,-0.08538569702667309,0.0970244183310131
2026-02-28,ISRG,Healthcare,-0.08444721794317911,0.10505359036432493
2026-02-28,JNJ,Healthcare,-0.016060823378851175,0.11374518723819915
2026-02-28,LLY,Healthcare,-0.12568557869421115,0.14049207415838627
2026-02-28,MDT,Healthcare,-0.1054939159208832,0.10573430269106847
2026-02-28,MRK,Healthcare,-0.021313516091732265,0.12715057502343172
2026-02-28,PFE,Healthcare,0.0155515483221782,0.10483361053734569
2026-02-28,REGN,Healthcare,-0.011552149192297523,0.12968875118497591
2026-02-28,SYK,Healthcare,-0.14964356420630254,0.06329326704685256
2026-02-28,TMO,Healthcare,-0.055830961351011066,0.11796295485676017
2026-02-28,UNH,Healthcare,-0.07016175047612994,0.1480898825200877
2026-02-28,VRTX,Healthcare,-0.1012217043788054,0.06844763015138959
2026-02-28,ZBH,Healthcare,-0.07897668479851039,0.09111225357697797
2026-02-28,A,Healthcare,-0.05882280677759555,0.14903078690613283
2026-02-28,ACAD,Healthcare,-0.09364817944112669,0.1810401059392183
2026-02-28,ALGN,Healthcare,-0.098211535130451,0.1162490157825005
2026-02-28,ALKS,Healthcare,0.17475083595414231,0.07620089141569941
2026-02-28,BDX,Healthcare,-0.10338765707449893,0.10384934408799439
2026-02-28,DGX,Healthcare,-0.0751734596909619,0.0959303749338227
2026-02-28,DXCM,Healthcare,-0.1447637344945778,0.054696456729282916
2026-02-28,FOLD,Healthcare,0.006263058685082923,0.1542718006463134
2026-02-28,HOLX,Healthcare,0.003051960266405196,0.1065472914529476
2026-02-28,IDXX,Healthcare,-0.144412420082633,0.11265818995555928
2026-02-28,INSP,Healthcare,-0.20043403932727455,0.03471054125591442
2026-02-28,IQV,Healthcare,-0.046250234245157174,0.10315076747103523
2026-02-28,MASI,Healthcare,0.014371194331092463,0.04682344567614814
2026-02-28,MTD,Healthcare,-0.07718648322371602,0.1114144628277368
2026-02-28,NBIX,Healthcare,-0.003856291167001369,0.14207851012421793
2026-02-28,NTRA,Healthcare,-0.03869442440279747,0.12670187643472425
2026-02-28,NVCR,Healthcare,-0.20263353637922166,0.12270726308375285
2026-02-28,PODD,Healthcare,-0.1491018376442821,0.06726689834692326
2026-02-28,RARE,Healthcare,-0.10431802866095152,0.1039323487477977
2026-02-28,RMD,Healthcare,-0.12401472265279267,0.06099970709830143
2026-02-28,WAT,Healthcare,-0.06756846627816271,0.1215927426509341
2026-02-28,AMZN,Consumer,-0.008238074893043179,0.07637584976965828
2026-02-28,AZO,Consumer,-0.10059698927169314,0.05213438639991156
2026-02-28,BKNG,Consumer,-0.004582198914348856,0.07324048765305706
2026-02-28,CMG,Consumer,-0.13997857948139802,0.06227253045184979
2026-02-28,COST,Consumer,-0.014206749218772075,0.06724487953384971
2026-02-28,DG,Consumer,-0.24007932867164705,0.10017493231982062
2026-02-28,DLTR,Consumer,-0.13417141658996357,0.11543007092913479
2026-02-28,DRI,Consumer,-0.0832827442263886,0.06445618121841447
2026-02-28,EBAY,Consumer,0.005109809813739652,0.06493917725580257
2026-02-28,HD,Consumer,-0.13036130245991528,0.06462314853962228
2026-02-28,HLT,Consumer,-0.024696940910830967,0.10799041935893189
2026-02-28,KR,Consumer,0.0603751886805004,0.06854833113104024
2026-02-28,LOW,Consumer,-0.1069282571864163,0.09065422289861041
2026-02-28,LULU,Consumer,-0.17319216062296272,0.11543670956086523
2026-02-28,MAR,Consumer,-0.04289937433296098,0.11209126706925421
2026-02-28,MCD,Consumer,-0.08366224962366509,0.08856188334205582
2026-02-28,MGM,Consumer,0.004069389818173619,0.08595340078497488
2026-02-28,NKE,Consumer,-0.1448923538386433,0.09005670448281174
2026-02-28,ORLY,Consumer,-0.016723474017433015,0.05286497083498656
2026-02-28,ROST,Consumer,0.05568169760168673,0.1134025159059951
2026-02-28,SBUX,Consumer,-0.08600286261866641,0.0557920571873026
2026-02-28,TGT,Consumer,0.06511992242812004,0.08401922441009797
2026-02-28,TJX,Consumer,-0.012124252563818216,0.11978425279380671
2026-02-28,WMT,Consumer,-0.026689628313617875,0.10543471371383878
2026-02-28,YUM,Consumer,-0.07540442232654065,0.10439562690227822
2026-02-28,BBY,Consumer,0.051759011978057545,0.13161555750418502
2026-02-28,CCL,Consumer,-0.17971474527433962,0.18856672667794055
2026-02-28,CHDN,Consumer,-0.022843451181875585,0.11666099756656405
2026-02-28,CMCSA,Consumer,-0.07267437276808819,0.07993462358361528
2026-02-28,CZR,Consumer,0.055089864676465705,0.11644102537528431
2026-02-28,DIS,Consumer,-0.09109773273016697,0.12632937721892254
2026-02-28,DKNG,Consumer,-0.09312077597086366,0.09072157985369696
2026-02-28,F,Consumer,-0.18097942960394564,0.10181860353923958
2026-02-28,FOX,Consumer,0.03200021945075027,0.11497429037104623
2026-02-28,GM,Consumer,-0.05124633379085952,0.13423789507588985
2026-02-28,GRMN,Consumer,-0.07883089548258393,0.08788926482114748
2026-02-28,H,Consumer,-0.10883172330324098,0.14162061709301244
2026-02-28,IHG,Consumer,-0.04013228994442963,0.11644902870306735
2026-02-28,LVS,Consumer,-0.050070504258497794,0.1263325328852753
2026-02-28,NCLH,Consumer,-0.24566357110432324,0.17259019945551096
2026-02-28,NFLX,Consumer,-0.0009351240636769065,0.07973524060465437
2026-02-28,PENN,Consumer,-0.0390025957136243,0.09063590413926585
2026-02-28,POOL,Consumer,-0.10407395405580566,0.058330313470229156
2026-02-28,RCL,Consumer,-0.11034853594381755,0.12031168972929221
2026-02-28,SIRI,Consumer,0.05100186183638433,0.09304200281125238
2026-02-28,TSLA,Consumer,-0.07642048401115797,0.20900011002642238
2026-02-28,WBD,Consumer,-0.025204152996037066,0.19994739990848984
2026-02-28,WYNN,Consumer,-0.061373502540075675,0.09989903325565554
2026-02-28,APA,Energy,0.3974316354843388,0.11894098744986029
2026-02-28,BA,Energy,-0.12525820838088642,0.06915831148678546
2026-02-28,CAT,Energy,-0.046268992025537026,0.1487513156396898
2026-02-28,COP,Energy,0.16340561488744632,0.05587807664587683
2026-02-28,CVX,Energy,0.10783893757777574,0.09932455594662748
2026-02-28,DE,Energy,-0.1028449178148787,0.056943007937956765
2026-02-28,DVN,Energy,0.1620221467239178,0.11016520293911505
2026-02-28,EOG,Energy,0.16513535380499555,0.08245279432292027
2026-02-28,FDX,Energy,-0.075906901427085,0.12086628023960533
2026-02-28,GD,Energy,-0.03873405519503692,0.09568488638708876
2026-02-28,GE,Energy,-0.16968572342439792,0.12481116699265443
2026-02-28,HAL,Energy,0.08830269417071523,0.10887374769953392
2026-02-28,HON,Energy,-0.07208833623132771,0.05034714111534278
2026-02-28,LMT,Energy,-0.07674562708650767,0.07779106384906645
2026-02-28,MMM,Energy,-0.12152196169021445,0.11731503733674348
2026-02-28,MPC,Energy,0.23192565665100662,0.05968508114958776
2026-02-28,NOC,Energy,-0.05817390646399023,0.06205433495363968
2026-02-28,OXY,Energy,0.23038095079237264,0.0584026202733241
2026-02-28,PSX,Energy,0.18045739982050923,0.08376602985916955
2026-02-28,RTX,Energy,-0.047971579582170354,0.0994266025894462
2026-02-28,SLB,Energy,0.0009738846301508008,0.1011866130715021
2026-02-28,UNP,Energy,-0.08438378346317721,0.09940176103243062
2026-02-28,UPS,Energy,-0.15160401836712933,0.11153937189863439
2026-02-28,VLO,Energy,0.2073885973806988,0.10991590789404232
2026-02-28,XOM,Energy,0.11252461417776649,0.08894803523593552
2026-02-28,AME,Energy,-0.10249841704332763,0.10063940543584533
2026-02-28,BE,Energy,-0.12963315290773203,0.2005380578742987
2026-02-28,BKR,Energy,-0.06451129708673675,0.09412941408110113
2026-02-28,CTRA,Energy,0.1571124732005087,0.1112493974245338
2026-02-28,EMR,Energy,-0.13087891029876664,0.04313746974519923
2026-02-28,ENPH,Energy,-0.10551216078005732,0.10201377476280153
2026-02-28,ETN,Energy,-0.0455807462237342,0.050232197951301
2026-02-28,FSLR,Energy,0.00030424725924049767,0.19805905005889668
2026-02-28,FTV,Energy,-0.0651943970185449,0.11128452676959516
2026-02-28,GNRC,Energy,-0.13329189305130285,0.04780371322199433
2026-02-28,HUBB,Energy,-0.0408303157537101,0.09738488588494423
2026-02-28,MTDR,Energy,0.22918284882473938,0.06961626882739215
2026-02-28,PH,Energy,-0.11290354869135,0.10755894601941754
2026-02-28,PLUG,Energy,0.26256985398127064,0.2013822564066233
2026-02-28,PR,Energy,0.17544436361250226,0.10270983756517761
2026-02-28,ROK,Energy,-0.11920482481060679,0.1296360634928397
2026-02-28,ROP,Energy,0.011809046303180804,0.07456203005074831
2026-02-28,SM,Energy,0.35955012166864564,0.07834061444300622
2026-02-28,VRSK,Energy,-0.08353674484925633,0.06691243210682248
2026-02-28,WMB,Energy,-0.018958090714665587,0.09774705821718602
2026-02-28,XYL,Energy,-0.07764740466318776,0.07426440905419081
2026-03-31,AAPL,Technology,0.06919111581198156,0.0646420516624557
2026-03-31,ADBE,Technology,0.012423910851209863,0.05814373371366937
2026-03-31,AMAT,Technology,0.1541881868162529,0.15025904159802103
2026-03-31,AMD,Technology,0.7425650248110034,0.19452467915671687
2026-03-31,AVGO,Technology,0.34868010566727126,0.12134975322344936
2026-03-31,CDNS,Technology,0.18613021243582262,0.035495301671092314
2026-03-31,CRM,Technology,-0.051955304744660924,0.049883917496170375
2026-03-31,CRWD,Technology,0.14174840761966245,0.08607344347417753
2026-03-31,FTNT,Technology,0.03169354257467227,0.0745404453321037
2026-03-31,GOOGL,Technology,0.338155484281367,0.1155804626785714
2026-03-31,INTC,Technology,1.140947225700323,0.1427715701183216
2026-03-31,INTU,Technology,-0.09870814556667495,0.03275452267068244
2026-03-31,KLAC,Technology,0.18876531329881652,0.09878639770807165
2026-03-31,LRCX,Technology,0.2068706399507172,0.21142546090301895
2026-03-31,META,Technology,0.06952959628444377,0.07147413105029571
2026-03-31,MSFT,Technology,0.10160192340621577,0.05205392448469072
2026-03-31,MU,Technology,0.5307837400853326,0.22252665068365787
2026-03-31,NET,Technology,-0.006639503448202411,0.11165412648810057
2026-03-31,NOW,Technology,-0.1553324248601351,0.05318626608624582
2026-03-31,NVDA,Technology,0.14432347654022348,0.13778020183584158
2026-03-31,ORCL,Technology,0.10090184217532938,0.14422821665239693
2026-03-31,PANW,Technology,0.11851296863763161,0.0465473393413667
2026-03-31,QCOM,Technology,0.39447121861539114,0.06061751313813551
2026-03-31,SNPS,Technology,0.21721144252126545,0.05107628378307281
2026-03-31,TXN,Technology,0.4478210837502554,0.06208924203040962
2026-03-31,ACN,Technology,-0.09110127483177877,0.06688248512705457
2026-03-31,ADI,Technology,0.26441186661207894,0.05824861302076279
2026-03-31,ANET,Technology,0.406662391521293,0.12294286768035462
2026-03-31,CGNX,Technology,0.13308831230214513,0.037125789056421964
2026-03-31,COHU,Technology,0.5463748261382002,0.13992018391036293
2026-03-31,CSCO,Technology,0.18566581770202983,0.06889455243758925
2026-03-31,DELL,Technology,0.27701521321204536,0.08743170104185394
2026-03-31,ENTG,Technology,0.20673630036161783,0.12308443642841933
2026-03-31,FORM,Technology,0.4014846444960867,0.1157100524508046
2026-03-31,HPQ,Technology,0.08589284771036731,0.08331518863578347
2026-03-31,IBM,Technology,-0.04707291427385785,0.07749024045524097
2026-03-31,IPGP,Technology,0.03778690958577968,0.056238799724415575
2026-03-31,KEYS,Technology,0.2391897500189133,0.06688127008122896
2026-03-31,MCHP,Technology,0.4380127346295628,0.12365098945838784
2026-03-31,MKSI,Technology,0.2347156477718224,0.18957268939680522
2026-03-31,MPWR,Technology,0.47657206770824545,0.10479294659558869
2026-03-31,MRVL,Technology,0.668174300214254,0.17016294568800255
2026-03-31,NXPI,Technology,0.4913643981897493,0.04593130448969534
2026-03-31,ONTO,Technology,0.438825703517431,0.15713935991007744
2026-03-31,QRVO,Technology,0.21731265327172378,0.049566991704722264
2026-03-31,STX,Technology,0.7195221509501455,0.18244682461558948
2026-03-31,SWKS,Technology,0.3103641301339646,0.05737714495997147
2026-03-31,TER,Technology,0.15857117695676748,0.15830125499399247
2026-03-31,VRSN,Technology,0.08173620148924954,0.03789467925478801
2026-03-31,WDC,Technology,0.606417999561343,0.16756045512026574
2026-03-31,AXP,Financials,0.07138080745279374,0.09348999773182612
2026-03-31,BAC,Financials,0.09661536583533659,0.09307892609302919
2026-03-31,BK,Financials,0.1371775370661188,0.06788054800910732
2026-03-31,BLK,Financials,0.10802627740135495,0.07222098230103606
2026-03-31,C,Financials,0.12847184882943719,0.11131966719516909
2026-03-31,CFG,Financials,0.09251269421727981,0.09862258343835902
2026-03-31,CME,Financials,-0.025495170555905555,0.05574660464833205
2026-03-31,COF,Financials,0.048621447854468425,0.05979644012532561
2026-03-31,FITB,Financials,0.09255271893661421,0.07228758831035938
2026-03-31,GS,Financials,0.09193965672729365,0.09590831967796569
2026-03-31,HBAN,Financials,0.07092655830082406,0.06304412107915394
2026-03-31,ICE,Financials,0.005150035381996432,0.041186362527520066
2026-03-31,JPM,Financials,0.07027821608357754,0.06507270773635052
2026-03-31,KEY,Financials,0.10274321454752466,0.07663937538136278
2026-03-31,MCO,Financials,0.05868196241493551,0.052509905217907334
2026-03-31,MS,Financials,0.1643325959836348,0.09380160633781386
2026-03-31,MTB,Financials,0.05761418146178188,0.07596836883639149
2026-03-31,PNC,Financials,0.07988399683627745,0.07762434597432953
2026-03-31,RF,Financials,0.09303209493688769,0.09757782249847784
2026-03-31,SCHW,Financials,-0.02489895598745495,0.07092495416677595
2026-03-31,SPGI,Financials,0.013847779891732692,0.041877733981655146
2026-03-31,STT,Financials,0.21571742645450653,0.07120878272265861
2026-03-31,TFC,Financials,0.12029581536766143,0.07997313068761304
2026-03-31,USB,Financials,0.0894059157074365,0.07642168718529366
2026-03-31,WFC,Financials,0.03291047263528535,0.0744827328853496
2026-03-31,AFL,Financials,0.03609515192342316,0.08026515113986996
2026-03-31,AJG,Financials,-0.047003452989677785,0.05260635033480351
2026-03-31,ALL,Financials,0.04784411278169043,0.0380236253146758
2026-03-31,AMTD,Financials,0.050505001853162534,0.03575834611905196
2026-03-31,AON,Financials,-0.034481666838246494,0.0538351328134366
2026-03-31,CB,Financials,0.0032829360545629793,0.06290825679730665
2026-03-31,FDS,Financials,0.048804074242139395,0.05565785400670354
2026-03-31,FNF,Financials,0.1276411822468697,0.049337956809729744
2026-03-31,GL,Financials,0.11132755231991509,0.08238765238947944
2026-03-31,HIG,Financials,0.011683811883260509,0.06192101859074849
2026-03-31,IBKR,Financials,0.18532876638934903,0.12394170723053753
2026-03-31,LPLA,Financials,0.1106938131067845,0.07279451832329314
2026-03-31,MET,Financials,0.13263570547948467,0.05386596418731207
2026-03-31,MSCI,Financials,0.09721519532019651,0.06618355340328883
2026-03-31,NDAQ,Financials,0.0826953036038891,0.062432915892794455
2026-03-31,PGR,Financials,0.015860285812903996,0.03400093320838459
2026-03-31,PRU,Financials,0.00429929530605988,0.07007383523421491
2026-03-31,RJF,Financials,0.09753904557517323,0.0758245785432832
2026-03-31,SEIC,Financials,0.1556008524854111,0.06916352748276126
2026-03-31,SF,Financials,0.066152590784327,0.0949741792621203
2026-03-31,SYF,Financials,0.12025870855195508,0.04250265621706248
2026-03-31,TRV,Financials,0.046146538366167,0.06162644214515199
2026-03-31,UNM,Financials,0.1071933533720868,0.07684183523702974
2026-03-31,WTW,Financials,-0.11867904558404263,0.03901320565979615
2026-03-31,ABBV,Healthcare,-0.02030828905382931,0.0636558844862826
2026-03-31,ABT,Healthcare,-0.11016279273054008,0.02728230316204462
2026-03-31,AMGN,Healthcare,-0.015915890312271586,0.06570150622791945
2026-03-31,BAX,Healthcare,0.04642861440879331,0.02971467710140527
2026-03-31,BIIB,Healthcare,0.032455118577511044,0.1061599776693472
2026-03-31,BMY,Healthcare,0.009311438882673162,0.06536508440292661
2026-03-31,BSX,Healthcare,-0.08191234087089139,0.036049998285926824
2026-03-31,CI,Healthcare,0.08933453260455715,0.04943586887605737
2026-03-31,CVS,Healthcare,0.1698837884047737,0.04822200539374121
2026-03-31,DHR,Healthcare,-0.05617093255502781,0.06600652154655794
2026-03-31,EW,Healthcare,0.04270726886545906,0.047832542144018816
2026-03-31,GILD,Healthcare,-0.06120398276633743,0.07645609959732162
2026-03-31,HUM,Healthcare,0.3636311394757521,0.027271618112823835
2026-03-31,ISRG,Healthcare,-0.007332056995628111,0.07386077839648328
2026-03-31,JNJ,Healthcare,-0.05968743328493431,0.06119693585410864
2026-03-31,LLY,Healthcare,0.01612354799544935,0.10610526554978443
2026-03-31,MDT,Healthcare,-0.06555106988058612,0.07106834784089992
2026-03-31,MRK,Healthcare,-0.09236013405763854,0.10070464879045937
2026-03-31,PFE,Healthcare,-0.04914526939159858,0.06922839232486502
2026-03-31,REGN,Healthcare,-0.08487784200470594,0.06417731258934525
2026-03-31,SYK,Healthcare,-0.04096287654855191,0.03272383454556775
2026-03-31,TMO,Healthcare,-0.025573225144825518,0.0711522870416931
2026-03-31,UNH,Healthcare,0.3691563472424273,0.06311504354523274
2026-03-31,VRTX,Healthcare,-0.042907697620518714,0.055249758296500404
2026-03-31,ZBH,Healthcare,-0.08836538404746053,0.03060478191806248
2026-03-31,A,Healthcare,0.01377434329342564,0.10069610434814853
2026-03-31,ACAD,Healthcare,0.008535513571607867,0.11332785303185577
2026-03-31,ALGN,Healthcare,0.02671645585213711,0.0889361155755693
2026-03-31,ALKS,Healthcare,-0.046662938274833365,0.0789679763651069
2026-03-31,BDX,Healthcare,-0.052089312878940475,0.08325025917875356
2026-03-31,DGX,Healthcare,-0.004760257007272117,0.05488925807782217
2026-03-31,DXCM,Healthcare,-0.05175159298540333,0.06763429207326044
2026-03-31,FOLD,Healthcare,0.0020746703244847176,0.14474470261844125
2026-03-31,HOLX,Healthcare,0.00555636749157129,0.08775994683132132
2026-03-31,IDXX,Healthcare,-0.0019399292157750159,0.07253986866162664
2026-03-31,INSP,Healthcare,0.08840630858311282,0.09555832571153207
2026-03-31,IQV,Healthcare,-0.07136154947846418,0.05292753906733108
2026-03-31,MASI,Healthcare,0.003148353145367766,0.04954556090533526
2026-03-31,MTD,Healthcare,0.012218549616473506,0.05649226058617693
2026-03-31,NBIX,Healthcare,-0.0005314052019101956,0.048938094940736816
2026-03-31,NTRA,Healthcare,0.030851532573992646,0.11633020963610596
2026-03-31,NVCR,Healthcare,0.3954128963719954,0.08423863818033576
2026-03-31,PODD,Healthcare,-0.179660682454152,0.04863889755890728
2026-03-31,RARE,Healthcare,0.1785202689698333,0.06205263855745206
2026-03-31,RMD,Healthcare,-0.04753206687466238,0.04046772898678994
2026-03-31,WAT,Healthcare,0.03838154352546708,0.08222768658418889
2026-03-31,AMZN,Consumer,0.27267485533749536,0.08893086612602288
2026-03-31,AZO,Consumer,0.09658710667074222,0.03011649731681908
2026-03-31,BKNG,Consumer,-0.00031348811612763594,0.043374763256400266
2026-03-31,CMG,Consumer,0.0618557782179463,0.03950129319718649
2026-03-31,COST,Consumer,0.018164927743801407,0.047200235976082965
2026-03-31,DG,Consumer,-0.01937595666320524,0.10349136489700915
2026-03-31,DLTR,Consumer,-0.11323168006565554,0.05789252680032872
2026-03-31,DRI,Consumer,0.030932686658159625,0.03223827250991648
2026-03-31,EBAY,Consumer,0.13689306936286672,0.060688583609161614
2026-03-31,HD,Consumer,-0.00027372936683711657,0.06753009601604978
2026-03-31,HLT,Consumer,0.0657393502850685,0.06719259180487129
2026-03-31,KR,Consumer,-0.059286910991452224,0.05440539350704283
2026-03-31,LOW,Consumer,0.015474141597836999,0.07379204516885302
2026-03-31,LULU,Consumer,-0.10058790686697305,0.06260296251866823
2026-03-31,MAR,Consumer,0.10584888354764166,0.1062149867442377
2026-03-31,MCD,Consumer,-0.05534287375440239,0.057768028447856556
2026-03-31,MGM,Consumer,0.05214807870047555,0.04007035021672141
2026-03-31,NKE,Consumer,-0.16016658715167775,0.056510494293979134
2026-03-31,ORLY,Consumer,0.07680645818222209,0.04615739958718461
2026-03-31,ROST,Consumer,0.05151635577609559,0.05950181447251941
2026-03-31,SBUX,Consumer,0.17568931952849165,0.08321748285756184
2026-03-31,TGT,Consumer,0.0705445814112442,0.09788634163974073
2026-03-31,TJX,Consumer,-0.01847211649727376,0.06705839739767215
2026-03-31,WMT,Consumer,0.06155450572597476,0.08719204941672062
2026-03-31,YUM,Consumer,0.026820158756968082,0.05689347929670857
2026-03-31,BBY,Consumer,-0.057788091061225066,0.0854148867074314
2026-03-31,CCL,Consumer,0.024343164163247,0.11234035985027939
2026-03-31,CHDN,Consumer,0.12423461878252762,0.06314046754009615
2026-03-31,CMCSA,Consumer,-0.047216289107284815,0.05093469017104238
2026-03-31,CZR,Consumer,0.0518349949325001,0.07262264814348265
2026-03-31,DIS,Consumer,0.07646817759502134,0.13999204314640618
2026-03-31,DKNG,Consumer,0.07863084133215503,0.09344476887380852
2026-03-31,F,Consumer,0.04679375768094163,0.06928412199423338
2026-03-31,FOX,Consumer,0.0738230149959993,0.08253488627425216
2026-03-31,GM,Consumer,0.032080528720113355,0.11029252338617869
2026-03-31,GRMN,Consumer,0.08245336552623761,0.04515696313053391
2026-03-31,H,Consumer,0.165380173505991,0.07947580788933249
2026-03-31,IHG,Consumer,0.08764225869873776,0.06114825093809882
2026-03-31,LVS,Consumer,0.013548546840961961,0.03016429405934704
2026-03-31,NCLH,Consumer,-0.027807509975840916,0.09746820959204136
2026-03-31,NFLX,Consumer,-0.026417065784899663,0.07435858633534048
2026-03-31,PENN,Consumer,0.16167660643205428,0.0752993305607647
2026-03-31,POOL,Consumer,0.05431723122476262,0.048555567962914346
2026-03-31,RCL,Consumer,-0.04150004801988405,0.05658236356882264
2026-03-31,SIRI,Consumer,0.1672443944155675,0.08992359160044117
2026-03-31,TSLA,Consumer,0.026577013807162153,0.11264777549807722
2026-03-31,WBD,Consumer,-0.014930803389718417,0.16177497954479453
2026-03-31,WYNN,Consumer,0.05475132832600638,0.060336178775152294
2026-03-31,APA,Energy,-0.033868410925329995,0.09011066138233798
2026-03-31,BA,Energy,0.15073104649549252,0.03959325908736469
2026-03-31,CAT,Energy,0.2587930639661995,0.10525245983702025
2026-03-31,COP,Energy,-0.04712122136896302,0.06610988150338938
2026-03-31,CVX,Energy,-0.06568388950600901,0.08612887815518586
2026-03-31,DE,Energy,0.04716848553169872,0.06960766231269844
2026-03-31,DVN,Energy,0.02086643965477908,0.08745990371773615
2026-03-31,EOG,Energy,-0.020118718810305913,0.04763602341940598
2026-03-31,FDX,Energy,0.13232075313593872,0.11542088696159582
2026-03-31,GD,Energy,0.007806149999530998,0.06327637010220885
2026-03-31,GE,Energy,0.021707734787319577,0.057098436116168695
2026-03-31,HAL,Energy,0.08489349618114472,0.09204361791013095
2026-03-31,HON,Energy,-0.05176302708237612,0.05463617386625302
2026-03-31,LMT,Energy,-0.14298721330725728,0.09803367560768747
2026-03-31,MMM,Energy,0.008882521399656396,0.04482150127920007
2026-03-31,MPC,Energy,0.016831848364451174,0.06113433005145652
2026-03-31,NOC,Energy,-0.1506214986464266,0.06747282120459877
2026-03-31,OXY,Energy,-0.0679999718299279,0.07624578327858321
2026-03-31,PSX,Energy,-0.01663189648211949,0.06822569069690097
2026-03-31,RTX,Energy,-0.08724721153333515,0.07865213985042395
2026-03-31,SLB,Energy,0.1068301565221006,0.09243845983739826
2026-03-31,UNP,Energy,0.11070817084209006,0.05311938893470821
2026-03-31,UPS,Energy,0.10591589844731186,0.08471707385316486
2026-03-31,VLO,Energy,0.022259996597218334,0.05502128901732392
2026-03-31,XOM,Energy,-0.0903571938002874,0.07278674884990763
2026-03-31,AME,Energy,0.09861914223482038,0.06871261192256135
2026-03-31,BE,Energy,1.0913718640734649,0.24376959847529656
2026-03-31,BKR,Energy,0.14119574043581684,0.04711543304161306
2026-03-31,CTRA,Energy,0.021912364005063134,0.08208020686500601
2026-03-31,EMR,Energy,0.07189740392128274,0.08371774636677701
2026-03-31,ENPH,Energy,-0.12827299954144944,0.08280129729299432
2026-03-31,ETN,Energy,0.210641075598899,0.06819901310262776
2026-03-31,FSLR,Energy,0.02347158578396913,0.12906413205834652
2026-03-31,FTV,Energy,0.08158470035855947,0.06484168440276913
2026-03-31,GNRC,Energy,0.3271387321776713,0.05586126809053325
2026-03-31,HUBB,Energy,0.03551783742962322,0.0622549650808523
2026-03-31,MTDR,Energy,0.004115199751145049,0.07085985151252557
2026-03-31,PH,Energy,0.015839319992920542,0.05993310720538993
2026-03-31,PLUG,Energy,0.3849558086941973,0.2222348560380442
2026-03-31,PR,Energy,0.014071348438246423,0.09174796299482114
2026-03-31,ROK,Energy,0.13940592426048792,0.12108595463704697
2026-03-31,ROP,Energy,0.005240796140344894,0.05278890043781707
2026-03-31,SM,Energy,-0.004810763857028388,0.09697205930153088
2026-03-31,VRSK,Energy,-0.027720656162508184,0.03480877389786113
2026-03-31,WMB,Energy,0.048502319847537834,0.06082325808265219
2026-03-31,XYL,Energy,-0.011213358476072188,0.05076628381368214
2026-04-30,AAPL,Technology,0.05929609720278606,0.008011538753886665
2026-04-30,ADBE,Technology,0.042299891929830746,-0.0038694808750135284
2026-04-30,AMAT,Technology,0.04093899671438406,0.06780120062571081
2026-04-30,AMD,Technology,0.15224689753586618,0.15524001334681853
2026-04-30,AVGO,Technology,-0.011666615247194367,0.1375719481719717
2026-04-30,CDNS,Technology,0.08286051719420495,-0.016449709853324345
2026-04-30,CRM,Technology,0.055571277552992626,0.005148597350411574
2026-04-30,CRWD,Technology,0.13453729942950776,-0.019029319454302623
2026-04-30,FTNT,Technology,0.28063105618839757,-0.02886955742451744
2026-04-30,GOOGL,Technology,0.03427755420954637,0.03274557084955441
2026-04-30,INTC,Technology,0.16024554246099476,0.08775802800263885
2026-04-30,INTU,Technology,0.047052763910674145,0.036155525969729894
2026-04-30,KLAC,Technology,0.0073699686314128154,0.06912161428770235
2026-04-30,LRCX,Technology,0.11114560339028468,0.07947458201247677
2026-04-30,META,Technology,0.008007753802216744,0.05561080056516854
2026-04-30,MSFT,Technology,0.03185538837917745,0.03643701931698649
2026-04-30,MU,Technology,0.25034812913121196,0.20426012198704255
2026-04-30,NET,Technology,0.25281751971314637,0.06266402869661802
2026-04-30,NOW,Technology,0.05978936615634711,0.01747331477109343
2026-04-30,NVDA,Technology,0.05977848493235727,0.1302901000599768
2026-04-30,ORCL,Technology,0.20571285131544292,0.15253579198156011
2026-04-30,PANW,Technology,0.09597362676860532,-0.018158928049741684
2026-04-30,QCOM,Technology,0.1279095722602388,0.03934473156932348
2026-04-30,SNPS,Technology,0.04680894333234886,-0.028058564252908192
2026-04-30,TXN,Technology,0.019956313202712295,0.022119309420412216
2026-04-30,ACN,Technology,0.00828154928061009,0.023420232452194507
2026-04-30,ADI,Technology,0.015562022314110191,0.10071935793707115
2026-04-30,ANET,Technology,-0.17926006317143728,0.14463545642826614
2026-04-30,CGNX,Technology,0.18753378061937198,0.1326893180806683
2026-04-30,COHU,Technology,0.002745534789959647,0.08253088935034382
2026-04-30,CSCO,Technology,0.007213154777151676,0.031061085428838526
2026-04-30,DELL,Technology,0.10203401596363659,0.0921483640530289
2026-04-30,ENTG,Technology,0.044419285347332194,0.07283675164820749
2026-04-30,FORM,Technology,0.06437137108416091,0.19373713136839998
2026-04-30,HPQ,Technology,0.006231982596495822,0.0002892379328073491
2026-04-30,IBM,Technology,0.0014287030788759925,0.004779900294106479
2026-04-30,IPGP,Technology,-0.14623275863949392,0.08102534902156318
2026-04-30,KEYS,Technology,0.014718052763811329,0.07829603092297827
2026-04-30,MCHP,Technology,0.09331608898085886,0.1620920813397945
2026-04-30,MKSI,Technology,0.060052893550385456,0.28750644286072974
2026-04-30,MPWR,Technology,-0.023816795255317325,0.0032992029184373667
2026-04-30,MRVL,Technology,-0.031123218768449812,0.07868391639132126
2026-04-30,NXPI,Technology,-0.011478576106894955,0.013348760542263567
2026-04-30,ONTO,Technology,-0.07079910629603725,0.08068629829622304
2026-04-30,QRVO,Technology,-0.05572065306709428,0.05933214193207974
2026-04-30,STX,Technology,0.1377590193204299,0.09433239342378714
2026-04-30,SWKS,Technology,-0.07310812864875227,0.05110444213892061
2026-04-30,TER,Technology,0.030977913916920174,0.17752073069722188
2026-04-30,VRSN,Technology,0.036514544125934245,-0.054290604643506234
2026-04-30,WDC,Technology,0.06763788868528375,0.12204432423663854
2026-04-30,AXP,Financials,-0.013496317957939818,0.010398855664490858
2026-04-30,BAC,Financials,-0.01328094082737974,0.019757384411868254
2026-04-30,BK,Financials,-0.027387012052592752,0.022337090815639653
2026-04-30,BLK,Financials,0.002008272050926685,0.06450244593292327
2026-04-30,C,Financials,0.013444605644427288,-0.007132781295825168
2026-04-30,CFG,Financials,-0.01275944338379642,0.025816767983358024
2026-04-30,CME,Financials,-0.003370166062189206,0.0012112043974470497
2026-04-30,COF,Financials,0.006743299872210562,0.05710002093956685
2026-04-30,FITB,Financials,-0.0214736049769626,0.0209718767930827
2026-04-30,GS,Financials,0.0022732666589495576,0.02845737093456976
2026-04-30,HBAN,Financials,-0.03400952786635181,0.03384715349155215
2026-04-30,ICE,Financials,-0.012524484618920195,0.005091600033942128
2026-04-30,JPM,Financials,-0.022220163230017076,0.011472543760157904
2026-04-30,KEY,Financials,-0.018995932369957003,0.021677533602622017
2026-04-30,MCO,Financials,-0.010284724341727891,0.011819384390190948
2026-04-30,MS,Financials,-0.002203673734274658,0.03203502312858045
2026-04-30,MTB,Financials,-0.02565979273228558,0.028004465010939526
2026-04-30,PNC,Financials,-0.016636801407476143,0.021376691230170265
2026-04-30,RF,Financials,-0.021015708937121125,-0.00647452920366525
2026-04-30,SCHW,Financials,-0.023352241421884745,0.043579394194896495
2026-04-30,SPGI,Financials,-0.005913360029637937,-0.018657170057358924
2026-04-30,STT,Financials,-0.026563711435965476,0.015968456395668452
2026-04-30,TFC,Financials,-0.034174724689965075,0.029347733123759216
2026-04-30,USB,Financials,-0.023826305643429246,0.01984035931046415
2026-04-30,WFC,Financials,-0.03733430097890611,0.006729328096974585
2026-04-30,AFL,Financials,-0.0006158150431231357,-0.03230175551653087
2026-04-30,AJG,Financials,-0.02160848637095858,0.00643254591163163
2026-04-30,ALL,Financials,-0.016523964046117445,0.019623731420528836
2026-04-30,AMTD,Financials,0.009615375798129211,0.025449503702390783
2026-04-30,AON,Financials,0.008879384539135726,0.017294514339288438
2026-04-30,CB,Financials,-0.01749235847309827,0.023688508521774235
2026-04-30,FDS,Financials,-0.015818639926842515,0.03840660254509761
2026-04-30,FNF,Financials,-0.03881450877456971,0.030033391892738424
2026-04-30,GL,Financials,-0.01198966990878847,0.0005067808371904747
2026-04-30,HIG,Financials,-0.03026094191599804,0.01584294869966678
2026-04-30,IBKR,Financials,0.05295596332670005,0.1094744678969943
2026-04-30,LPLA,Financials,-0.0733547104643334,0.05722775176117252
2026-04-30,MET,Financials,-0.01598001003346361,0.018145925207111162
2026-04-30,MSCI,Financials,-0.005140221107838516,-0.0136743010442242
2026-04-30,NDAQ,Financials,-0.031661446482011746,0.008033293725802637
2026-04-30,PGR,Financials,-0.027474159443733437,0.002497516283689557
2026-04-30,PRU,Financials,0.01355623099358505,0.0393715743742862
2026-04-30,RJF,Financials,-0.03025523195632851,-0.004957413877991545
2026-04-30,SEIC,Financials,-0.008711964191317367,0.03240068456351755
2026-04-30,SF,Financials,-0.03362509806594216,0.020966583801307965
2026-04-30,SYF,Financials,-0.024931122193039612,0.012556387431309619
2026-04-30,TRV,Financials,-0.02031858133773279,0.011814111748706613
2026-04-30,UNM,Financials,-0.0007464239940764283,0.005923046419223935
2026-04-30,WTW,Financials,0.0072989657614708214,0.013210075688990755
2026-04-30,ABBV,Healthcare,-0.040743896990035666,0.012048209725297111
2026-04-30,ABT,Healthcare,-0.04163452738384543,0.012934126387933315
2026-04-30,AMGN,Healthcare,-0.04955957736349281,-0.0077239877366295255
2026-04-30,BAX,Healthcare,-0.005119462626761884,0.022899931981086554
2026-04-30,BIIB,Healthcare,0.0110947068737266,0.005255855484881227
2026-04-30,BMY,Healthcare,-0.07162898401812468,0.041759796079534
2026-04-30,BSX,Healthcare,-0.018052437155164247,0.009699979410956483
2026-04-30,CI,Healthcare,-0.02250663613998516,0.04812101532102347
2026-04-30,CVS,Healthcare,0.048865405812061447,0.023871195519504118
2026-04-30,DHR,Healthcare,-0.018384986545064708,0.01632294333328535
2026-04-30,EW,Healthcare,-0.008862249865503324,-0.014497316608528373
2026-04-30,GILD,Healthcare,0.024610220963225737,0.002100860078211891
2026-04-30,HUM,Healthcare,0.04516999054941184,0.015707907596434156
2026-04-30,ISRG,Healthcare,-0.00900328937101813,0.05491029978648423
2026-04-30,JNJ,Healthcare,-0.031933919520428566,0.017620310531715217
2026-04-30,LLY,Healthcare,0.043184300707278966,-0.00047259095907352074
2026-04-30,MDT,Healthcare,-0.03717428789492039,-0.019962164049285944
2026-04-30,MRK,Healthcare,0.028576687468960582,0.024927542366087352
2026-04-30,PFE,Healthcare,-0.008239745858303338,0.0005706397280411709
2026-04-30,REGN,Healthcare,0.002885155480988333,0.004523118155670284
2026-04-30,SYK,Healthcare,-0.0663218150371192,0.027085103855234886
2026-04-30,TMO,Healthcare,-0.009395356773598151,0.026567788377067473
2026-04-30,UNH,Healthcare,-0.001997464721464892,0.05990171429177689
2026-04-30,VRTX,Healthcare,-0.0055688259993939004,0.01046119012340102
2026-04-30,ZBH,Healthcare,0.011403644764359289,0.02050344537937085
2026-04-30,A,Healthcare,0.026828198980942686,-0.008740479752707616
2026-04-30,ACAD,Healthcare,0.004899719343641085,0.11324804257876048
2026-04-30,ALGN,Healthcare,-0.04329296832567964,0.013938540191299595
2026-04-30,ALKS,Healthcare,0.05013356533090785,0.0001869606511973013
2026-04-30,BDX,Healthcare,0.02831455589642573,-0.011449272894795241
2026-04-30,DGX,Healthcare,-0.017301754187190155,0.02678773038218474
2026-04-30,DXCM,Healthcare,0.02283796184341802,0.04635465629775922
2026-04-30,FOLD,Healthcare,0.0,0.008101717839155892
2026-04-30,HOLX,Healthcare,0.0,-0.027582805231224108
2026-04-30,IDXX,Healthcare,0.02032814668724825,0.022809563272285307
2026-04-30,INSP,Healthcare,-0.18827929835662238,0.004161669774474373
2026-04-30,IQV,Healthcare,0.12799144343890356,0.054682621214393295
2026-04-30,MASI,Healthcare,0.00039235177432273005,-0.008431075923723875
2026-04-30,MTD,Healthcare,0.033432335796107715,-0.006819615255605315
2026-04-30,NBIX,Healthcare,0.13609780829458384,-0.020661433060333717
2026-04-30,NTRA,Healthcare,0.0662592327292435,0.08611519835852204
2026-04-30,NVCR,Healthcare,0.10650886794846093,0.024943583947657617
2026-04-30,PODD,Healthcare,-0.06820033423254468,-0.015168749645249578
2026-04-30,RARE,Healthcare,0.058323150893522024,0.046025059669173876
2026-04-30,RMD,Healthcare,-0.03236517584753684,-0.008512895969263202
2026-04-30,WAT,Healthcare,0.13342812075853483,0.004110928240479204
2026-04-30,AMZN,Consumer,0.02305144467448339,0.029359779369195114
2026-04-30,AZO,Consumer,-0.040266991710293354,-0.02116767131087612
2026-04-30,BKNG,Consumer,0.017343776184126414,0.021274807570870764
2026-04-30,CMG,Consumer,-0.021182735661918417,0.021594407043297827
2026-04-30,COST,Consumer,-0.0009871685559733612,0.031092568610738336
2026-04-30,DG,Consumer,0.005091508295386626,0.047957474965979095
2026-04-30,DLTR,Consumer,-0.0036041444951220303,0.08039365987193857
2026-04-30,DRI,Consumer,-0.02687474798195355,-0.02937938967701162
2026-04-30,EBAY,Consumer,0.02841123614840635,-0.008068105516171013
2026-04-30,HD,Consumer,-0.018734712205676574,-0.03993965866951007
2026-04-30,HLT,Consumer,-0.01163334910989855,0.007757423069984085
2026-04-30,KR,Consumer,-0.024386602617262332,-0.0028538550744798617
2026-04-30,LOW,Consumer,-0.0331252926241431,0.020353944285597152
2026-04-30,LULU,Consumer,-0.029847499647341347,0.06464315076118445
2026-04-30,MAR,Consumer,-0.02665269867391251,-0.027299457191475897
2026-04-30,MCD,Consumer,-0.03368637982977141,0.005008747579807505
2026-04-30,MGM,Consumer,-0.021314793159446177,0.009464085267697089
2026-04-30,NKE,Consumer,0.0011271243546575604,-0.028567475232549964
2026-04-30,ORLY,Consumer,-0.0484909418594861,-0.00813181477486127
2026-04-30,ROST,Consumer,-0.014530917319251935,0.11016800122985904
2026-04-30,SBUX,Consumer,-0.010158546247254985,-0.0007201791613736544
2026-04-30,TGT,Consumer,-0.029826610763638017,0.016924723494615608
2026-04-30,TJX,Consumer,-0.01448168594871413,0.01852832114037935
2026-04-30,WMT,Consumer,-0.013112982821052221,-0.021558899124180363
2026-04-30,YUM,Consumer,-0.015032846778813558,0.015592202486655405
2026-04-30,BBY,Consumer,-0.03223674506250862,0.04408420458202459
2026-04-30,CCL,Consumer,0.01848358230432323,0.07885006615363119
2026-04-30,CHDN,Consumer,-0.12020991827353722,0.020835182909003668
2026-04-30,CMCSA,Consumer,-0.02958584013766763,0.03904322372595787
2026-04-30,CZR,Consumer,-0.0007193723368300597,0.02774425032537189
2026-04-30,DIS,Consumer,0.04732533650225901,0.038242932710557065
2026-04-30,DKNG,Consumer,0.08147511335310909,0.08530389670050832
2026-04-30,F,Consumer,0.008278177326266567,0.0052503631047240516
2026-04-30,FOX,Consumer,-0.009119615110295354,0.04894624322510749
2026-04-30,GM,Consumer,0.01976855617800366,0.031074353053916936
2026-04-30,GRMN,Consumer,-0.03679224940519343,-0.006677876483754884
2026-04-30,H,Consumer,0.017306163213762993,-0.0015701710448861041
2026-04-30,IHG,Consumer,0.021337169594414007,0.009488386338966235
2026-04-30,LVS,Consumer,-0.00946864546644488,0.021636310046067204
2026-04-30,NCLH,Consumer,-0.052805334197270626,0.01661925639161198
2026-04-30,NFLX,Consumer,-0.057258846014352494,0.010826341881666682
2026-04-30,PENN,Consumer,-0.03951882376228799,0.021987919327701
2026-04-30,POOL,Consumer,-0.10725672275098819,0.032806270587658726
2026-04-30,RCL,Consumer,0.06486952046584427,0.027809410605797818
2026-04-30,SIRI,Consumer,-0.00705272940946744,0.05785879695261437
2026-04-30,TSLA,Consumer,0.07902943499259352,0.004846194429695354
2026-04-30,WBD,Consumer,0.0025878596727257897,0.020241502452051394
2026-04-30,WYNN,Consumer,-0.0024274310031638935,-0.014169884085521285
2026-04-30,APA,Energy,-0.11023810248545374,0.004421771541266525
2026-04-30,BA,Energy,0.008732480507618101,0.0039150813838354755
2026-04-30,CAT,Energy,0.006268907417817493,0.15069514098172307
2026-04-30,COP,Energy,-0.08665925927543439,0.026995043402433836
2026-04-30,CVX,Energy,-0.05592053021115562,-0.019311143689537427
2026-04-30,DE,Energy,-0.015817073536670057,0.0641341727943085
2026-04-30,DVN,Energy,-0.11796764034644314,0.055382543307530376
2026-04-30,EOG,Energy,-0.06886254129761682,0.039169766801815074
2026-04-30,FDX,Energy,-0.06788823745643613,0.03286960971907055
2026-04-30,GD,Energy,0.01004943971922767,0.014515765284040064
2026-04-30,GE,Energy,0.04380371995950494,0.0691926438680679
2026-04-30,HAL,Energy,-0.0751773135350241,0.043550121812446115
2026-04-30,HON,Energy,0.008118347773521828,0.0049488117076221085
2026-04-30,LMT,Energy,-0.010734208299848502,-0.0014215854825571153
2026-04-30,MMM,Energy,-0.018905297513573505,-0.01929905678216205
2026-04-30,MPC,Energy,-0.024286112780823266,0.0039244585788046375
2026-04-30,NOC,Energy,-0.046955825661983086,0.006497604046245682
2026-04-30,OXY,Energy,-0.10960718064788644,0.044179333278179064
2026-04-30,PSX,Energy,-0.060507935848181704,0.017003284133920767
2026-04-30,RTX,Energy,0.004032438379869774,0.003639444998421173
2026-04-30,SLB,Energy,-0.06821380090110818,0.048153672367951955
2026-04-30,UNP,Energy,-0.01703278963471433,0.012857195058669042
2026-04-30,UPS,Energy,-0.07996327512507506,0.018404690246977586
2026-04-30,VLO,Energy,-0.06425685172967477,0.012398334481545717
2026-04-30,XOM,Energy,-0.05021706672746584,0.033318169028523095
2026-04-30,AME,Energy,-0.003269657207902066,-0.002197881781145712
2026-04-30,BE,Energy,-0.08723874922725994,0.1634977262172249
2026-04-30,BKR,Energy,-0.08508044574920803,0.007441547775468768
2026-04-30,CTRA,Energy,-0.09328873540394944,0.08584934165305254
2026-04-30,EMR,Energy,0.0046282674820912195,0.028581036530182978
2026-04-30,ENPH,Energy,0.0761529795494722,0.03702415383111999
2026-04-30,ETN,Energy,-0.07819684327267173,0.020172647319370192
2026-04-30,FSLR,Energy,0.06280651826689954,0.04235565725964265
2026-04-30,FTV,Energy,0.018564987344954265,-0.007424736088926904
2026-04-30,GNRC,Energy,0.029008944547197713,-0.002260033618628353
2026-04-30,HUBB,Energy,-0.02977350981565563,-5.305901838420125e-05
2026-04-30,MTDR,Energy,-0.12405421031285147,0.03651801174939729
2026-04-30,PH,Energy,-0.02481802439835823,0.05075504980806708
2026-04-30,PLUG,Energy,0.0,0.13376520325372582
2026-04-30,PR,Energy,-0.07123038185700403,0.06461937691552766
2026-04-30,ROK,Energy,0.09694060740958221,0.008549188633887064
2026-04-30,ROP,Energy,-0.006679617636185964,0.011135424117665708
2026-04-30,SM,Energy,-0.06219788148462413,0.04860717214509403
2026-04-30,VRSK,Energy,-0.05311942522610491,-0.023339586706122566
2026-04-30,WMB,Energy,-0.04403093589108853,0.01150720526857626
2026-04-30,XYL,Energy,-0.021327049715292423,0.024408358722845015
