date,ticker,sector,actual,predicted
2022-06-30,AAPL,Technology,0.18863360695043863,-0.021137049394911893
2022-06-30,ADBE,Technology,0.12036277619092006,-0.012461411927411747
2022-06-30,AMAT,Technology,0.16487137681096597,-0.0060726114233129215
2022-06-30,AMD,Technology,0.23538642229191908,-0.008230357465320203
2022-06-30,AVGO,Technology,0.10224169473206257,-0.011810517165157686
2022-06-30,CDNS,Technology,0.2402852985741173,-0.014001559055673692
2022-06-30,CRM,Technology,0.1150023692340858,-0.016081175012688395
2022-06-30,CRWD,Technology,0.0892264402157088,0.010158213119737348
2022-06-30,FTNT,Technology,0.05425944848837405,-0.0013152584691184382
2022-06-30,GOOGL,Technology,0.06751831954505083,-0.019055873533803835
2022-06-30,INTC,Technology,-0.029403887362574932,0.00022906983571565828
2022-06-30,INTU,Technology,0.1854668057895017,-0.03089986353502395
2022-06-30,KLAC,Technology,0.2020183963660127,-0.009330277054131336
2022-06-30,LRCX,Technology,0.17449251804992683,-0.00959109642159392
2022-06-30,META,Technology,-0.013333307901132962,0.004390563977455398
2022-06-30,MSFT,Technology,0.09309684748786684,-0.02060188236581289
2022-06-30,MU,Technology,0.12122162174430384,0.0025446252778241005
2022-06-30,NET,Technology,0.15017142159598218,-0.009525510109914419
2022-06-30,NOW,Technology,-0.06069140909316628,-0.01665062722677106
2022-06-30,NVDA,Technology,0.19816635693846218,-0.019294832534399488
2022-06-30,ORCL,Technology,0.11905144540917356,-0.002463752537941191
2022-06-30,PANW,Technology,0.01044662031138377,-0.010930472192745531
2022-06-30,QCOM,Technology,0.13558782001813774,-0.003854976456765878
2022-06-30,SNPS,Technology,0.21007568399265164,-0.027840797337159856
2022-06-30,TXN,Technology,0.17193783779370886,-0.01468507037170684
2022-06-30,ACN,Technology,0.10696657441507518,-0.019593228227669478
2022-06-30,ADI,Technology,0.17708274733886564,-0.013173758280830578
2022-06-30,ANET,Technology,0.24418604556524537,-0.008883212943179536
2022-06-30,CGNX,Technology,0.19896489841420584,-0.010901512430681631
2022-06-30,COHU,Technology,0.02990990716057862,0.00140194464376708
2022-06-30,CSCO,Technology,0.07360122566168847,-0.003060026773248785
2022-06-30,DELL,Technology,-0.017327297317848322,-0.03984969920524067
2022-06-30,ENTG,Technology,0.19287946204464346,-0.009593085878477563
2022-06-30,FORM,Technology,-0.08184864979118645,0.0032035044778048766
2022-06-30,HPQ,Technology,0.018608964759531554,0.004677194817482909
2022-06-30,IBM,Technology,-0.07365983449911606,0.00791122181349802
2022-06-30,IPGP,Technology,0.13226394285467435,0.0015102820361637924
2022-06-30,KEYS,Technology,0.1795429735520977,-0.026033976502198672
2022-06-30,MCHP,Technology,0.18560614370184103,-0.008313327579553779
2022-06-30,MKSI,Technology,0.15171026777149677,-0.004982767814456158
2022-06-30,MPWR,Technology,0.21008210251283144,-0.021389305160994007
2022-06-30,MRVL,Technology,0.2808714743271019,-0.010001321385516702
2022-06-30,NXPI,Technology,0.24218080779723739,-0.0029392905738886976
2022-06-30,ONTO,Technology,0.19371956624691866,0.003681646351675309
2022-06-30,QRVO,Technology,0.10337150160672692,-0.002453372519912643
2022-06-30,STX,Technology,0.11954091826424618,0.0002568375264623869
2022-06-30,SWKS,Technology,0.17530223940049794,-0.009394006599728395
2022-06-30,TER,Technology,0.12663306128482077,0.00673408742994301
2022-06-30,VRSN,Technology,0.13046079489790463,-0.01689656388208599
2022-06-30,WDC,Technology,0.09524885240711845,-0.01747068332631612
2022-06-30,AXP,Financials,0.11109528746063457,0.009238589809972
2022-06-30,BAC,Financials,0.08609047992988872,-0.016074301570339837
2022-06-30,BK,Financials,0.05089921364275729,-0.005223042095094065
2022-06-30,BLK,Financials,0.09874574373215284,-0.023914137113257967
2022-06-30,C,Financials,0.13963385331733802,-0.018874969598461334
2022-06-30,CFG,Financials,0.06388335592409611,0.0026503662157972476
2022-06-30,CME,Financials,-0.025500800229869558,-0.003539486734128749
2022-06-30,COF,Financials,0.054131843856165096,-0.0024452328744401647
2022-06-30,FITB,Financials,0.015475978468215246,-0.0005879922612131196
2022-06-30,GS,Financials,0.12244967570513299,-0.006609065332701714
2022-06-30,HBAN,Financials,0.10473817826874599,0.00031124121610327446
2022-06-30,ICE,Financials,0.08453819220404846,-0.013309277430848209
2022-06-30,JPM,Financials,0.033482181345578566,-0.020470190632028505
2022-06-30,KEY,Financials,0.06210113384792293,2.1125753466213343e-05
2022-06-30,MCO,Financials,0.14075083499281638,-0.014236498316046793
2022-06-30,MS,Financials,0.11884495726601307,-0.005858405713632078
2022-06-30,MTB,Financials,0.11330675892477293,0.01618047398278083
2022-06-30,PNC,Financials,0.0617239934805649,-0.00927321056836677
2022-06-30,RF,Financials,0.1295999668206287,0.003973888984068526
2022-06-30,SCHW,Financials,0.0929093293714156,0.0017436519339752744
2022-06-30,SPGI,Financials,0.11828787963183451,-0.014976698636011913
2022-06-30,STT,Financials,0.1523114002271957,0.0030849980437353056
2022-06-30,TFC,Financials,0.06409445191496044,-0.004093192784637156
2022-06-30,USB,Financials,0.025640959755094173,0.0006327458585832467
2022-06-30,WFC,Financials,0.11998977134406008,-0.00046499081163931325
2022-06-30,AFL,Financials,0.03560413922464889,0.0001666004776687928
2022-06-30,AJG,Financials,0.09782888240899013,-0.011925873202726478
2022-06-30,ALL,Financials,-0.07701414678567708,0.015232374252065698
2022-06-30,AMTD,Financials,0.5172414312842719,0.10354253054813525
2022-06-30,AON,Financials,0.08127343950374177,-0.0045867163409638555
2022-06-30,CB,Financials,-0.040390820920804815,0.0008068680935268205
2022-06-30,FDS,Financials,0.11729978466429536,-0.01697662387205754
2022-06-30,FNF,Financials,0.08116868777387398,-0.009787074960414161
2022-06-30,GL,Financials,0.03565634091992842,0.006371855620202984
2022-06-30,HIG,Financials,-0.014672388113442514,-0.004773602527205649
2022-06-30,IBKR,Financials,0.06689685991081684,-0.00293967360971566
2022-06-30,LPLA,Financials,0.1379011722072716,0.009242075059923844
2022-06-30,MET,Financials,0.007326122892401532,0.0037814799088735935
2022-06-30,MSCI,Financials,0.16787572246844662,-0.01997413898226471
2022-06-30,NDAQ,Financials,0.18591845692528475,-0.019223299500843928
2022-06-30,PGR,Financials,-0.009561312007793421,0.00887571629609598
2022-06-30,PRU,Financials,0.0450459772818137,-0.0027045610796218346
2022-06-30,RJF,Financials,0.10133082621481315,-0.006963300123364859
2022-06-30,SEIC,Financials,0.024805760083519646,-0.007815757732379212
2022-06-30,SF,Financials,0.06765474140305372,-0.005545484135378205
2022-06-30,SYF,Financials,0.22076168420367281,-0.0075000011744342995
2022-06-30,TRV,Financials,-0.06166874184029558,0.01053289021448575
2022-06-30,UNM,Financials,-0.04424317200170169,0.002171114075750307
2022-06-30,WTW,Financials,0.04838152623288372,0.0010297868523498552
2022-06-30,ABBV,Healthcare,-0.054241928573222964,0.013047890402000948
2022-06-30,ABT,Healthcare,0.006201323990497443,-0.015043065501562383
2022-06-30,AMGN,Healthcare,0.017139409131511574,0.014928807002464609
2022-06-30,BAX,Healthcare,-0.08671963185278775,0.004902040614369052
2022-06-30,BIIB,Healthcare,0.0545258163384712,0.044724482972480994
2022-06-30,BMY,Healthcare,-0.04181816126115612,0.021465757629302064
2022-06-30,BSX,Healthcare,0.10142202127366673,0.0030054292770141707
2022-06-30,CI,Healthcare,0.04493065574591104,0.01618525622288591
2022-06-30,CVS,Healthcare,0.03859567595460711,-0.005550846190447517
2022-06-30,DHR,Healthcare,0.1496925722550353,-0.018842666462693503
2022-06-30,EW,Healthcare,0.05731417380931214,-0.002847017075873211
2022-06-30,GILD,Healthcare,-0.03332781200182733,-0.01122302353008248
2022-06-30,HUM,Healthcare,0.029760725058292303,0.020858643662026916
2022-06-30,ISRG,Healthcare,0.1467788872982121,-0.01379539492596846
2022-06-30,JNJ,Healthcare,-0.016844099016286918,0.0002667944974638417
2022-06-30,LLY,Healthcare,0.01684004218242463,0.012194551783467563
2022-06-30,MDT,Healthcare,0.030863527687335468,0.00022831996099199198
2022-06-30,MRK,Healthcare,-0.020072215959106465,0.01682134431021372
2022-06-30,PFE,Healthcare,-0.029144902372264525,0.007608865193720591
2022-06-30,REGN,Healthcare,-0.015969507126964766,0.003239727299045824
2022-06-30,SYK,Healthcare,0.07952558471073123,-0.004213598597394133
2022-06-30,TMO,Healthcare,0.10147631842135296,-0.020252631607631154
2022-06-30,UNH,Healthcare,0.05589638024324506,0.0052528352768974225
2022-06-30,VRTX,Healthcare,-0.004897281099278228,0.02939619466268599
2022-06-30,ZBH,Healthcare,0.05073302408328639,0.007645341710813117
2022-06-30,A,Healthcare,0.1310729289654773,-0.016303045632727317
2022-06-30,ACAD,Healthcare,0.042583351405089065,0.05659653164717152
2022-06-30,ALGN,Healthcare,0.18718047658974735,-0.0020204684785161235
2022-06-30,ALKS,Healthcare,-0.14065123884818942,0.030569940319262585
2022-06-30,BDX,Healthcare,-0.009005204583601767,0.0018969980192682229
2022-06-30,DGX,Healthcare,0.031979814659592876,-0.004170486146826875
2022-06-30,DXCM,Healthcare,0.10130153193904357,-0.008287352489330851
2022-06-30,FOLD,Healthcare,-0.07262567500874206,-0.009136398898796878
2022-06-30,HOLX,Healthcare,0.030014345022563393,-0.0033394759314888042
2022-06-30,IDXX,Healthcare,0.13814039338464745,-0.0051731251020809554
2022-06-30,INSP,Healthcare,0.14408500349289022,0.017315704579119035
2022-06-30,IQV,Healthcare,0.10728604170679312,-0.021133069599586683
2022-06-30,MASI,Healthcare,0.10645139555389682,0.017236419931917546
2022-06-30,MTD,Healthcare,0.17493489342584057,-0.016332224230300486
2022-06-30,NBIX,Healthcare,-0.034366085229287635,0.005858124417816513
2022-06-30,NTRA,Healthcare,0.3261851529694739,0.0008523032725261427
2022-06-30,NVCR,Healthcare,-0.02172664944216507,0.04430024825109684
2022-06-30,PODD,Healthcare,0.1370101875555383,0.0014964712928472422
2022-06-30,RARE,Healthcare,-0.10693934100625013,0.021290773303243467
2022-06-30,RMD,Healthcare,0.14735488286764653,-0.007802370064325218
2022-06-30,WAT,Healthcare,0.09985493593549366,-0.017471152897572513
2022-06-30,AMZN,Consumer,0.27059597129750057,-0.011740013018351373
2022-06-30,AZO,Consumer,-0.005458152159836471,-0.005168857206703417
2022-06-30,BKNG,Consumer,0.10674707768164415,0.016181202064869477
2022-06-30,CMG,Consumer,0.19656380778129523,-0.00428625001275847
2022-06-30,COST,Consumer,0.1313518157086726,-0.022557655466698703
2022-06-30,DG,Consumer,0.014455371958669305,-0.03794395693398581
2022-06-30,DLTR,Consumer,0.06102017410586047,-0.04859962650501285
2022-06-30,DRI,Consumer,0.11204182566848186,-0.001732040527626915
2022-06-30,EBAY,Consumer,0.16702680795578773,-0.0022363071330927867
2022-06-30,HD,Consumer,0.09723984313295353,-0.014998772284361132
2022-06-30,HLT,Consumer,0.14922833259752788,0.0018172821485206263
2022-06-30,KR,Consumer,-0.01880430799058952,0.031740777013909136
2022-06-30,LOW,Consumer,0.10275710681932226,-0.01092027956564023
2022-06-30,LULU,Consumer,0.13902654506652046,-0.03201051561234465
2022-06-30,MAR,Consumer,0.16770824547187502,-0.0004139834497346728
2022-06-30,MCD,Consumer,0.06679374697008855,-0.0162760070984325
2022-06-30,MGM,Consumer,0.13056992005288515,0.0036410116608524834
2022-06-30,NKE,Consumer,0.12446185728280157,-0.010954180764724163
2022-06-30,ORLY,Consumer,0.11369822094510118,-0.004802370208734891
2022-06-30,ROST,Consumer,0.15705521791763588,-0.010871810959986909
2022-06-30,SBUX,Consumer,0.10983098786822354,-0.03514751529999146
2022-06-30,TGT,Consumer,0.15683620438579338,0.0035656963652175005
2022-06-30,TJX,Consumer,0.09507611131393112,-0.013806767185771774
2022-06-30,WMT,Consumer,0.08611613996448275,0.001954508660704672
2022-06-30,YUM,Consumer,0.07955227508972618,-0.0065626371195042395
2022-06-30,BBY,Consumer,0.18100935910479565,-0.01060332469048203
2022-06-30,CCL,Consumer,0.04739895494773849,0.02408360946849531
2022-06-30,CHDN,Consumer,0.09538983266508194,-0.01115662804061767
2022-06-30,CMCSA,Consumer,-0.037382044254977265,-0.0047530756806807885
2022-06-30,CZR,Consumer,0.19295037955242544,-0.00487899335965844
2022-06-30,DIS,Consumer,0.12394056509812623,-0.006493714277541071
2022-06-30,DKNG,Consumer,0.17652094708439625,0.02553266118190938
2022-06-30,F,Consumer,0.3198562810960004,-0.009330562883231277
2022-06-30,FOX,Consumer,0.040404146124280116,0.002178876710800373
2022-06-30,GM,Consumer,0.1416876421471862,-0.011440208682342912
2022-06-30,GRMN,Consumer,-0.0064123203780893645,-0.00720256185933877
2022-06-30,H,Consumer,0.11960519325994512,0.010604486803528549
2022-06-30,IHG,Consumer,0.11581869029125036,0.010282953154098762
2022-06-30,LVS,Consumer,0.12206021446907656,-0.001635818082057372
2022-06-30,NCLH,Consumer,0.09262587622044793,0.012884519765033573
2022-06-30,NFLX,Consumer,0.28609826723256315,0.0142738163172954
2022-06-30,PENN,Consumer,0.13576591552953587,0.023746247627198777
2022-06-30,POOL,Consumer,0.018421080364559916,-0.018596773554203104
2022-06-30,RCL,Consumer,0.10885129315524522,0.01592492737139693
2022-06-30,SIRI,Consumer,0.08972262198865177,0.007374880048504388
2022-06-30,TSLA,Consumer,0.32376526434081954,0.011400753103612132
2022-06-30,WBD,Consumer,0.11773471793767576,0.023873948679176086
2022-06-30,WYNN,Consumer,0.11407504015334058,-0.00885294991802394
2022-06-30,APA,Energy,0.0688602602806554,0.0451037351358993
2022-06-30,BA,Energy,0.16522817536714518,-0.007596904514004382
2022-06-30,CAT,Energy,0.11675323932970394,0.013312278281401045
2022-06-30,COP,Energy,0.08484566951809991,0.025556342350598532
2022-06-30,CVX,Energy,0.13123345032767442,0.021782500632712105
2022-06-30,DE,Energy,0.14595766751759975,0.0045660823382940065
2022-06-30,DVN,Energy,0.14044619561623883,0.018511623627193587
2022-06-30,EOG,Energy,0.014719792120200692,0.030511968128358824
2022-06-30,FDX,Energy,0.0281416910815242,0.002926544072957532
2022-06-30,GD,Energy,0.024497281240165814,-0.0031836487985936607
2022-06-30,GE,Energy,0.16082921573814035,0.0015872843500239105
2022-06-30,HAL,Energy,-0.06568874600359453,0.06509982894332816
2022-06-30,HON,Energy,0.10730108418404649,-0.01457939311267125
2022-06-30,LMT,Energy,-0.037561785107613876,0.01899531249520494
2022-06-30,MMM,Energy,0.10686961061478084,-0.013256700927054606
2022-06-30,MPC,Energy,0.11494977356372638,0.029032767714344605
2022-06-30,NOC,Energy,0.0006895676914442372,0.019267554632490885
2022-06-30,OXY,Energy,0.11667804054274522,0.07435162807769613
2022-06-30,PSX,Energy,0.08549821351457743,0.03057705823038324
2022-06-30,RTX,Energy,-0.030173983484139022,0.006384116376327872
2022-06-30,SLB,Energy,0.03551447773252159,0.04574980891148569
2022-06-30,UNP,Energy,0.06573529062729921,0.0006815438108605763
2022-06-30,UPS,Energy,0.06765644957223449,0.007150065171204936
2022-06-30,VLO,Energy,0.04224688767420104,0.05312599072617458
2022-06-30,XOM,Energy,0.1318312660832408,0.029006224800939406
2022-06-30,AME,Energy,0.12385094454649415,-0.013711457934410448
2022-06-30,BE,Energy,0.22606057831735327,0.050808269644047055
2022-06-30,BKR,Energy,-0.11014900394108529,0.03563244755731351
2022-06-30,CTRA,Energy,0.18611875848997417,0.02449879516230149
2022-06-30,EMR,Energy,0.13238636069992937,-0.0007793861432708674
2022-06-30,ENPH,Energy,0.45554181868598254,0.02460030116554636
2022-06-30,ETN,Energy,0.17779198060621715,-0.011926232081660482
2022-06-30,FSLR,Energy,0.45559962082590744,0.008860424784114803
2022-06-30,FTV,Energy,0.18517842324907519,-0.022810551947389776
2022-06-30,GNRC,Energy,0.2741000354260703,-0.007824368962640403
2022-06-30,HUBB,Energy,0.22645326788225617,-0.008486484318749682
2022-06-30,MTDR,Energy,0.2401802526860508,0.05229891785588614
2022-06-30,PH,Energy,0.1749240251325168,-0.017087364500252673
2022-06-30,PLUG,Energy,0.28786967686267495,0.017009432116616024
2022-06-30,PR,Energy,0.11371257346853758,0.06471272625078817
2022-06-30,ROK,Energy,0.28081885001601736,-0.012882043682984047
2022-06-30,ROP,Energy,0.10817175386422884,-0.008428686032699504
2022-06-30,SM,Energy,0.20737067147077326,0.06388340159707409
2022-06-30,VRSK,Energy,0.09913910897209277,-0.015407348529109487
2022-06-30,WMB,Energy,0.09227800781634277,0.005774342511733345
2022-06-30,XYL,Energy,0.17715539279022918,-0.038699077678905944
2022-07-31,AAPL,Technology,-0.031207949715443162,-0.00630096567712125
2022-07-31,ADBE,Technology,-0.08943722108769736,0.018155363914768387
2022-07-31,AMAT,Technology,-0.110109820777605,0.010410300828159663
2022-07-31,AMD,Technology,-0.10161954430055886,0.02153761730669895
2022-07-31,AVGO,Technology,-0.0679206226060236,0.0008762961053810706
2022-07-31,CDNS,Technology,-0.06615432844723534,-0.00278454462261922
2022-07-31,CRM,Technology,-0.15161410122201635,0.006366753777013796
2022-07-31,CRWD,Technology,-0.005392186602683924,0.04937531264571726
2022-07-31,FTNT,Technology,-0.1837385183370862,0.013175509286023011
2022-07-31,GOOGL,Technology,-0.06963539818420594,-0.005901845057692742
2022-07-31,INTC,Technology,-0.11202836975623731,0.011469065011980481
2022-07-31,INTU,Technology,-0.05346698987249621,0.010423179102260477
2022-07-31,KLAC,Technology,-0.09961333754145463,0.0017528419751731451
2022-07-31,LRCX,Technology,-0.12507238559188938,0.007149277661149513
2022-07-31,META,Technology,0.024072962489331218,0.02388780658435239
2022-07-31,MSFT,Technology,-0.0666634454033993,-0.005360303225756417
2022-07-31,MU,Technology,-0.08616230501074884,0.02471056912462327
2022-07-31,NET,Technology,0.24344197285955071,0.07726449049094056
2022-07-31,NOW,Technology,-0.026955593870111372,0.012055786611649853
2022-07-31,NVDA,Technology,-0.1689699555512174,0.02232695868190739
2022-07-31,ORCL,Technology,-0.047404837420617074,-0.0061640345536736925
2022-07-31,PANW,Technology,0.1156281121004612,0.012000128577077286
2022-07-31,QCOM,Technology,-0.0830537701690316,0.012531578460145385
2022-07-31,SNPS,Technology,-0.05844900948660714,7.022965513209592e-05
2022-07-31,TXN,Technology,-0.07647172611897024,-0.0007324476465347153
2022-07-31,ACN,Technology,-0.05812062475278068,-0.006888076508465582
2022-07-31,ADI,Technology,-0.11456576217804093,0.0039042134743796017
2022-07-31,ANET,Technology,0.02786590136788125,0.012263009534917668
2022-07-31,CGNX,Technology,-0.17285396795430175,0.02166330905332877
2022-07-31,COHU,Technology,-0.061231630674303816,0.022394377897071827
2022-07-31,CSCO,Technology,-0.014326725104340965,0.002023695005911534
2022-07-31,DELL,Technology,-0.15024428660883982,0.007445600499379533
2022-07-31,ENTG,Technology,-0.13588615442053886,-0.005537989451342356
2022-07-31,FORM,Technology,-0.17660293712368624,0.0031992328888134497
2022-07-31,HPQ,Technology,-0.14016183345818323,0.008885564081466096
2022-07-31,IBM,Technology,-0.005517161174063867,-0.003443185162915176
2022-07-31,IPGP,Technology,-0.1500281968329351,0.04059259604877742
2022-07-31,KEYS,Technology,0.007933537747295993,0.00023014654987596125
2022-07-31,MCHP,Technology,-0.04843012515474354,0.008156819111280533
2022-07-31,MKSI,Technology,-0.15577522872042993,0.007235732026067173
2022-07-31,MPWR,Technology,-0.02483229484872651,0.019375969673863288
2022-07-31,MRVL,Technology,-0.15912351298745886,0.020394708287671554
2022-07-31,NXPI,Technology,-0.10495987019384001,0.014139083650687561
2022-07-31,ONTO,Technology,-0.14726729292769336,0.010633471098360834
2022-07-31,QRVO,Technology,-0.13731143420228176,0.029540382939856405
2022-07-31,STX,Technology,-0.16279083473945022,0.01079049963434262
2022-07-31,SWKS,Technology,-0.08947184120297902,0.02144523063860383
2022-07-31,TER,Technology,-0.160011918356035,0.02273443317092761
2022-07-31,VRSN,Technology,-0.03668859791333268,0.004401624737404436
2022-07-31,WDC,Technology,-0.13930759846301832,0.034056789515808886
2022-07-31,AXP,Financials,-0.01311551121205845,0.012934582616001418
2022-07-31,BAC,Financials,-0.0059155521421249135,0.0121682461864602
2022-07-31,BK,Financials,-0.04440873692453873,0.010949537156913474
2022-07-31,BLK,Financials,-0.004169274171633597,-0.0008048229906048622
2022-07-31,C,Financials,-0.05953749516557083,0.015724778422611684
2022-07-31,CFG,Financials,-0.023168841773518745,0.013658924812724838
2022-07-31,CME,Financials,-0.01940032612311604,-0.0008112174100526302
2022-07-31,COF,Financials,-0.031072190099706742,0.014881827511828498
2022-07-31,FITB,Financials,0.0008793991578732729,0.007932467314105757
2022-07-31,GS,Financials,0.005374134141841624,-0.0011985771086177807
2022-07-31,HBAN,Financials,0.008276902291593169,0.008880097012378347
2022-07-31,ICE,Financials,-0.011177448629034692,0.0012019124455523687
2022-07-31,JPM,Financials,-0.014129773012964808,0.007807981941879786
2022-07-31,KEY,Financials,-0.022996144090899784,0.009777119968259654
2022-07-31,MCO,Financials,-0.08093233290379442,0.003622280453663397
2022-07-31,MS,Financials,0.010913497139561024,0.001114615200406087
2022-07-31,MTB,Financials,0.031171235032742883,0.0094492324757536
2022-07-31,PNC,Financials,-0.04784851549841773,0.003312021319971638
2022-07-31,RF,Financials,0.02313501295931286,0.007475526794701403
2022-07-31,SCHW,Financials,0.030758534448903863,0.013617040719379773
2022-07-31,SPGI,Financials,-0.06354364899053955,0.004337751485166425
2022-07-31,STT,Financials,-0.03786595134962645,0.01383446189928617
2022-07-31,TFC,Financials,-0.062344708106136904,0.006550762149315166
2022-07-31,USB,Financials,-0.03368653103417574,0.008775632030588287
2022-07-31,WFC,Financials,0.0032101795608894257,0.006573016872406395
2022-07-31,AFL,Financials,0.043709321016235814,-0.002399080152690785
2022-07-31,AJG,Financials,0.014414034049234914,-0.010805287556039687
2022-07-31,ALL,Financials,0.037284055355992995,0.004035712192018554
2022-07-31,AMTD,Financials,0.011363625074878314,0.132979916318049
2022-07-31,AON,Financials,-0.04047541805971455,0.003830581501252376
2022-07-31,CB,Financials,0.0021736693879321756,-0.0055970711010088145
2022-07-31,FDS,Financials,0.010555764766737807,-0.020712545454580285
2022-07-31,FNF,Financials,-0.021521674832057136,0.002892534299189207
2022-07-31,GL,Financials,-0.03514342825162908,-0.00223958660795541
2022-07-31,HIG,Financials,0.0034572500939213935,-0.0060662020500820354
2022-07-31,IBKR,Financials,0.05114272003682441,0.008805613384682312
2022-07-31,LPLA,Financials,0.0555214294747195,0.006026200586145532
2022-07-31,MET,Financials,0.02517275813536357,-0.0015393320124032321
2022-07-31,MSCI,Financials,-0.06440532093091778,0.007452284556378712
2022-07-31,NDAQ,Financials,-0.012769457634085435,-0.0028705455187495316
2022-07-31,PGR,Financials,0.06596566605385656,-0.008011720021692412
2022-07-31,PRU,Financials,-0.0311604257513467,-0.002402819017531855
2022-07-31,RJF,Financials,0.059916889689512365,-0.006831480223072558
2022-07-31,SEIC,Financials,-0.01192215676885755,-0.0062479345372426776
2022-07-31,SF,Financials,-0.003365880961465506,0.0031117401130901085
2022-07-31,SYF,Financials,-0.021804183649149378,0.019295858425992317
2022-07-31,TRV,Financials,0.018525567467648774,0.0007572577929682786
2022-07-31,UNM,Financials,0.17583107465530134,0.026981666857862557
2022-07-31,WTW,Financials,-0.0005315566043507802,0.0005500729234913619
2022-07-31,ABBV,Healthcare,-0.06306147134538187,0.004498967696695694
2022-07-31,ABT,Healthcare,-0.05687246340699126,-0.002752819369173695
2022-07-31,AMGN,Healthcare,-0.021474305106030545,0.008645383475638995
2022-07-31,BAX,Healthcare,-0.020456988553664956,0.009638655104236612
2022-07-31,BIIB,Healthcare,-0.09150931321116273,0.03229652085975617
2022-07-31,BMY,Healthcare,-0.08633769281589831,0.005723913589459732
2022-07-31,BSX,Healthcare,-0.018026744884844015,0.006197145033114604
2022-07-31,CI,Healthcare,0.02937958861532497,0.010805371703009489
2022-07-31,CVS,Healthcare,0.02581517897607255,-0.001775274811746299
2022-07-31,DHR,Healthcare,-0.07397002110909734,-0.0024644884883779604
2022-07-31,EW,Healthcare,-0.10383929129041714,0.005014008716305196
2022-07-31,GILD,Healthcare,0.06225952695277215,-0.004773533094259298
2022-07-31,HUM,Healthcare,-0.0004565540236247667,0.0006924901877077942
2022-07-31,ISRG,Healthcare,-0.10613890980634921,0.010154462907125461
2022-07-31,JNJ,Healthcare,-0.06930988758478263,-0.003775591099885761
2022-07-31,LLY,Healthcare,-0.08334087966974935,0.0034885931934657624
2022-07-31,MDT,Healthcare,-0.0497190130974311,0.020395381839233433
2022-07-31,MRK,Healthcare,-0.044548845371638834,0.010571627930131323
2022-07-31,PFE,Healthcare,-0.10453382241062559,0.011804654221852538
2022-07-31,REGN,Healthcare,-0.0010829818466382424,0.011515021201708532
2022-07-31,SYK,Healthcare,-0.04447029162983074,0.004943944664733243
2022-07-31,TMO,Healthcare,-0.0887183894391399,-0.0075340204543986565
2022-07-31,UNH,Healthcare,-0.04242748488409487,-0.015578445379021855
2022-07-31,VRTX,Healthcare,0.004814400648638584,0.009121131774775141
2022-07-31,ZBH,Healthcare,-0.03686922782138746,0.025313605515625708
2022-07-31,A,Healthcare,-0.043624220348501996,0.0029356754019400737
2022-07-31,ACAD,Healthcare,0.11844797648027439,0.04061956338193115
2022-07-31,ALGN,Healthcare,-0.13264762825403975,0.027688138725185652
2022-07-31,ALKS,Healthcare,-0.07539063579752092,0.03050967119934024
2022-07-31,BDX,Healthcare,0.03319540059654602,-0.00022527560601600868
2022-07-31,DGX,Healthcare,-0.08244860382188701,0.007394089680778423
2022-07-31,DXCM,Healthcare,0.0015837871651798174,0.02306768125244958
2022-07-31,FOLD,Healthcare,0.12750998988205176,0.030364969310877506
2022-07-31,HOLX,Healthcare,-0.05351638892983146,-0.0003382774010445497
2022-07-31,IDXX,Healthcare,-0.12916478406890342,0.012434130405839804
2022-07-31,INSP,Healthcare,-0.08373606172555659,0.03771871331176942
2022-07-31,IQV,Healthcare,-0.11491239072457182,-0.0035157472440927144
2022-07-31,MASI,Healthcare,0.01597729650946489,0.0447369759713015
2022-07-31,MTD,Healthcare,-0.10170183778801245,-0.004769204261253934
2022-07-31,NBIX,Healthcare,0.11154786259827221,0.020194495150036677
2022-07-31,NTRA,Healthcare,0.04808507067091927,0.06906438845441759
2022-07-31,NVCR,Healthcare,0.20797175811036972,0.07548109760590596
2022-07-31,PODD,Healthcare,0.03095237318194588,0.02758417440368521
2022-07-31,RARE,Healthcare,-0.10491742268507731,0.04713226563401195
2022-07-31,RMD,Healthcare,-0.0839406322455275,0.009469662015010462
2022-07-31,WAT,Healthcare,-0.179737914169678,0.006776573175023717
2022-07-31,AMZN,Consumer,-0.06061504624052039,0.014133539664889222
2022-07-31,AZO,Consumer,-0.008505669323015441,-0.0038195046012464394
2022-07-31,BKNG,Consumer,-0.030934569598590866,0.017136834800316407
2022-07-31,CMG,Consumer,0.020828267905277142,0.009737150272244189
2022-07-31,COST,Consumer,-0.03547016924863111,-0.014432365799153583
2022-07-31,DG,Consumer,-0.044318137263784974,0.0008044123674249212
2022-07-31,DLTR,Consumer,-0.1794872268082971,0.016346479453423903
2022-07-31,DRI,Consumer,-0.006265504115154363,0.00943206022642316
2022-07-31,EBAY,Consumer,-0.08802179998046356,0.01721457271579245
2022-07-31,HD,Consumer,-0.03534957645082659,0.0038559662295319305
2022-07-31,HLT,Consumer,-0.00442355344949763,0.0014779750120774982
2022-07-31,KR,Consumer,0.038018962714491567,0.029867988913129466
2022-07-31,LOW,Consumer,0.013627259838838057,0.00458522918528859
2022-07-31,LULU,Consumer,-0.033976419370538524,0.024193474429503824
2022-07-31,MAR,Consumer,-0.030235612892015595,0.008091790785463491
2022-07-31,MCD,Consumer,-0.03686479282843902,-0.013710819932391278
2022-07-31,MGM,Consumer,-0.0027497814303200085,0.0011791328984098737
2022-07-31,NKE,Consumer,-0.07370358324108017,0.008527174143587777
2022-07-31,ORLY,Consumer,-0.009195660486888357,-0.001521344703005155
2022-07-31,ROST,Consumer,0.06165417504956383,0.01797550454380614
2022-07-31,SBUX,Consumer,-0.0027244732355036216,0.009677561353767213
2022-07-31,TGT,Consumer,-0.0124556963743232,0.022846213931490614
2022-07-31,TJX,Consumer,0.024276198361177004,-0.0030184439381758625
2022-07-31,WMT,Consumer,0.008158232125437648,0.0023547156665624028
2022-07-31,YUM,Consumer,-0.08776368350595665,-0.0012418548638799647
2022-07-31,BBY,Consumer,-0.08182893406313574,0.03164755557302208
2022-07-31,CCL,Consumer,0.044150054349509915,0.027814590532099198
2022-07-31,CHDN,Consumer,-0.06058155474063798,-0.010942608707485663
2022-07-31,CMCSA,Consumer,-0.035447718190270594,0.02065641996258197
2022-07-31,CZR,Consumer,-0.056248627097175596,0.019487204630409004
2022-07-31,DIS,Consumer,0.05636207495257528,0.014934810294148473
2022-07-31,DKNG,Consumer,0.16970138393220568,0.0736840273247231
2022-07-31,F,Consumer,0.047787363450794595,0.035594408204581984
2022-07-31,FOX,Consumer,0.03142760687800705,0.010752330534283237
2022-07-31,GM,Consumer,0.056184048910780326,0.022554041171623063
2022-07-31,GRMN,Consumer,-0.09352569461609073,0.018648368472551722
2022-07-31,H,Consumer,0.08302131409052738,0.006305736671009823
2022-07-31,IHG,Consumer,-0.08821091645428358,0.0022658340929698415
2022-07-31,LVS,Consumer,-0.001591916389226733,0.05118302973520167
2022-07-31,NCLH,Consumer,0.07654323739709534,0.020085029905342087
2022-07-31,NFLX,Consumer,-0.005958153499925456,0.048369469597023124
2022-07-31,PENN,Consumer,-0.09609261268124647,0.0386523101387089
2022-07-31,POOL,Consumer,-0.049176882006436995,0.009671620590686915
2022-07-31,RCL,Consumer,0.055282659066292705,0.005581837489998383
2022-07-31,SIRI,Consumer,-0.08532893077037773,0.003476489977236333
2022-07-31,TSLA,Consumer,-0.07248867234513756,0.027187277580727722
2022-07-31,WBD,Consumer,-0.11733334859212241,0.04324671380964604
2022-07-31,WYNN,Consumer,-0.04552607210913062,0.022036314867292395
2022-07-31,APA,Energy,0.052192772517619446,0.06363592034416679
2022-07-31,BA,Energy,0.005900461087261721,0.011403264754606804
2022-07-31,CAT,Energy,-0.06829756754649585,0.017104790642655816
2022-07-31,COP,Energy,0.12842262289934325,0.04107429633626653
2022-07-31,CVX,Energy,-0.026155801459420536,0.028300552273354526
2022-07-31,DE,Energy,0.06431044990188561,0.024287165503233635
2022-07-31,DVN,Energy,0.12362786789043057,0.04275775361371534
2022-07-31,EOG,Energy,0.09063094439130648,0.048584400198485075
2022-07-31,FDX,Energy,-0.09558537360132102,-0.018550559873743096
2022-07-31,GD,Energy,0.00997031109492652,-8.783172598760686e-05
2022-07-31,GE,Energy,-0.006359184239300264,0.01530300643528697
2022-07-31,HAL,Energy,0.028327744433426005,0.06530105389016778
2022-07-31,HON,Energy,-0.011246154824098631,0.0013510196064015836
2022-07-31,LMT,Energy,0.021955592102850918,0.016145873031591276
2022-07-31,MMM,Energy,-0.12296744549512018,0.006180108508195784
2022-07-31,MPC,Energy,0.10586670290192135,0.045967257349443666
2022-07-31,NOC,Energy,0.0016039572399888513,0.011723147012793346
2022-07-31,OXY,Energy,0.07984768748709392,0.10706417456368245
2022-07-31,PSX,Energy,0.016199048092717216,0.043055757015043016
2022-07-31,RTX,Energy,-0.031512814023379576,0.0015509241297097243
2022-07-31,SLB,Energy,0.03024586015694264,0.05386807783760765
2022-07-31,UNP,Energy,-0.0067188517140672754,0.005168154456813449
2022-07-31,UPS,Energy,0.005526577382192199,0.01217353188098793
2022-07-31,VLO,Energy,0.06657676322923689,0.05401211135512149
2022-07-31,XOM,Energy,-0.004242815816264622,0.036490004627911334
2022-07-31,AME,Energy,-0.02704432833851611,-0.009525723735223115
2022-07-31,BE,Energy,0.25605538420111884,0.08996849015235524
2022-07-31,BKR,Energy,-0.009326380472440499,0.050863280354091316
2022-07-31,CTRA,Energy,0.03336179069809586,0.07097010472210931
2022-07-31,EMR,Energy,-0.08711306033223354,-0.0013423491637955844
2022-07-31,ENPH,Energy,0.007952740600579267,0.06306448832942788
2022-07-31,ETN,Energy,-0.07416187931018536,-0.0030826039839275954
2022-07-31,FSLR,Energy,0.2861753091339634,0.03468591058004391
2022-07-31,FTV,Energy,-0.016305594528277734,0.0037990900516503105
2022-07-31,GNRC,Energy,-0.1784941718589016,0.02925638745748107
2022-07-31,HUBB,Energy,-0.05337412832102484,-0.009341803997508578
2022-07-31,MTDR,Energy,0.03325943649330321,0.07835625750168361
2022-07-31,PH,Energy,-0.07914174651243278,-0.005503728755055309
2022-07-31,PLUG,Energy,0.3139644196360021,0.06404248964435566
2022-07-31,PR,Energy,0.23573547246752202,0.07115756307604312
2022-07-31,ROK,Energy,-0.06771440832431574,0.01269784906521015
2022-07-31,ROP,Energy,-0.07806814167045062,-0.0019054526041715689
2022-07-31,SM,Energy,0.06758727045865998,0.09353420917481949
2022-07-31,VRSK,Energy,-0.016241430550221536,0.002509451965948359
2022-07-31,WMB,Energy,-0.0017601454653887183,0.02134349696969002
2022-07-31,XYL,Energy,-0.006843551871849152,0.012388437134167958
2022-08-31,AAPL,Technology,-0.12097672556146422,0.011161520384634614
2022-08-31,ADBE,Technology,-0.2630676670740144,0.011337540809281373
2022-08-31,AMAT,Technology,-0.12905285191437088,0.0048913944989829004
2022-08-31,AMD,Technology,-0.2534464644764812,0.012418363872456381
2022-08-31,AVGO,Technology,-0.10293698410552221,0.009944076773049268
2022-08-31,CDNS,Technology,-0.05950400726506955,0.024733981609194343
2022-08-31,CRM,Technology,-0.07865729922671216,0.00020718222341100864
2022-08-31,CRWD,Technology,-0.09747551060874804,0.011017113195845397
2022-08-31,FTNT,Technology,0.009036813592450788,0.014518393492834736
2022-08-31,GOOGL,Technology,-0.11615237591303418,-0.0032300686069741576
2022-08-31,INTC,Technology,-0.1926692100012033,0.00687754330255376
2022-08-31,INTU,Technology,-0.10296908463174159,0.00841834080847461
2022-08-31,KLAC,Technology,-0.1205939455135493,0.005691186861258725
2022-08-31,LRCX,Technology,-0.16097622814251178,0.009802588603608947
2022-08-31,META,Technology,-0.16724977604239277,-0.013289436406009221
2022-08-31,MSFT,Technology,-0.10926679210811907,-0.00012245849538655706
2022-08-31,MU,Technology,-0.11374501087598077,0.0010075613313158746
2022-08-31,NET,Technology,-0.11603002008858487,-0.008778361896679094
2022-08-31,NOW,Technology,-0.1311720578308152,-0.006379723822329531
2022-08-31,NVDA,Technology,-0.1955341492497492,-0.0014115334592991816
2022-08-31,ORCL,Technology,-0.17639920872125847,0.01399308147068214
2022-08-31,PANW,Technology,-0.11752665718490263,0.005712744508960876
2022-08-31,QCOM,Technology,-0.14583813820108749,0.00476807374457776
2022-08-31,SNPS,Technology,-0.11707410130703821,0.02250791679032084
2022-08-31,TXN,Technology,-0.0631316767247816,0.009582602402225393
2022-08-31,ACN,Technology,-0.10802180466903111,0.007508313030502173
2022-08-31,ADI,Technology,-0.08044650306530765,0.01884797202888214
2022-08-31,ANET,Technology,-0.058308291824474834,0.011759243462398164
2022-08-31,CGNX,Technology,-0.015673178300048773,0.009993863959452665
2022-08-31,COHU,Technology,-0.03913526798532729,0.007405897510790661
2022-08-31,CSCO,Technology,-0.10554556534036152,0.004345103522400596
2022-08-31,DELL,Technology,-0.10759992296500576,-0.0009332252392332506
2022-08-31,ENTG,Technology,-0.12499996938340374,0.007158069481037747
2022-08-31,FORM,Technology,-0.1444672592345344,0.003551481331853089
2022-08-31,HPQ,Technology,-0.12433095867347244,0.0008442330532305968
2022-08-31,IBM,Technology,-0.07504881721192991,0.02008285317320728
2022-08-31,IPGP,Technology,-0.06888175423360243,0.008090815276186145
2022-08-31,KEYS,Technology,-0.039843790369245236,0.015279850143579896
2022-08-31,MCHP,Technology,-0.06467416711926488,0.01017036810755443
2022-08-31,MKSI,Technology,-0.1703644019964955,0.004563272968839805
2022-08-31,MPWR,Technology,-0.19652223792722767,0.014517804350036136
2022-08-31,MRVL,Technology,-0.08351146631999162,0.004919078930652325
2022-08-31,NXPI,Technology,-0.09881996159339501,0.012435302959459132
2022-08-31,ONTO,Technology,-0.09776017778349044,0.0006180149906783242
2022-08-31,QRVO,Technology,-0.11550451390269789,0.0060851667138111815
2022-08-31,STX,Technology,-0.1959730474981335,0.00606201065290282
2022-08-31,SWKS,Technology,-0.1347540817568854,0.008394879929610476
2022-08-31,TER,Technology,-0.11212207420510567,0.005578179650770071
2022-08-31,VRSN,Technology,-0.04675659777702146,0.013041830983567341
2022-08-31,WDC,Technology,-0.22976806163913666,0.018973136594352277
2022-08-31,AXP,Financials,-0.11243418348825307,0.004764321422896414
2022-08-31,BAC,Financials,-0.09553731884809935,-0.008386475935690762
2022-08-31,BK,Financials,-0.07247762976367333,-0.008277781843323968
2022-08-31,BLK,Financials,-0.1680680350120125,0.004328857063595981
2022-08-31,C,Financials,-0.14628167776774104,-0.025945855245206657
2022-08-31,CFG,Financials,-0.06324992126485907,-0.0065013821540198385
2022-08-31,CME,Financials,-0.08993099899170764,0.01031198357430978
2022-08-31,COF,Financials,-0.12899261881807222,0.000897594822856413
2022-08-31,FITB,Financials,-0.05454059021819224,-0.003509898929184914
2022-08-31,GS,Financials,-0.11909714983344144,0.009818293538311745
2022-08-31,HBAN,Financials,-0.0056093152052011375,0.005957603682059536
2022-08-31,ICE,Financials,-0.10069291921930734,0.0007232681312669756
2022-08-31,JPM,Financials,-0.08115717237834796,0.002207635041295196
2022-08-31,KEY,Financials,-0.09440336461850118,-0.0054790632005264385
2022-08-31,MCO,Financials,-0.14554352133913073,0.01111645137171129
2022-08-31,MS,Financials,-0.07287040027961345,0.005053523519917114
2022-08-31,MTB,Financials,-0.030036132289909534,0.010306745757168376
2022-08-31,PNC,Financials,-0.05430385031777185,0.004227557337842452
2022-08-31,RF,Financials,-0.06520729706236728,0.005425879149220349
2022-08-31,SCHW,Financials,0.01296698465334245,-0.011246530052786367
2022-08-31,SPGI,Financials,-0.13297153456201294,0.011825637196719203
2022-08-31,STT,Financials,-0.10113943692128424,-0.011942568462468998
2022-08-31,TFC,Financials,-0.07045262289519172,0.0011596957044119026
2022-08-31,USB,Financials,-0.10561878131684488,0.0019684074070196525
2022-08-31,WFC,Financials,-0.07984436454408406,-0.004342102602501435
2022-08-31,AFL,Financials,-0.05419052176362371,0.015002646309753882
2022-08-31,AJG,Financials,-0.054346796445829626,0.018781182916234304
2022-08-31,ALL,Financials,0.033443745413712866,0.02122733882012633
2022-08-31,AMTD,Financials,-0.33146070576183573,-0.404895194948266
2022-08-31,AON,Financials,-0.04078662198170602,0.017863107762121317
2022-08-31,CB,Financials,-0.03377682090947265,0.013248009915909655
2022-08-31,FDS,Financials,-0.07668355817462968,0.014660381758447024
2022-08-31,FNF,Financials,-0.06375563542302276,0.0067184526740882815
2022-08-31,GL,Financials,0.025825587399320726,0.01028682169771384
2022-08-31,HIG,Financials,-0.03685276711026775,0.010675906520437555
2022-08-31,IBKR,Financials,0.037668438788842185,0.007709109400121714
2022-08-31,LPLA,Financials,-0.012876746400065198,0.014128933342422654
2022-08-31,MET,Financials,-0.05518422058036565,0.011651752348567915
2022-08-31,MSCI,Financials,-0.06110319669879316,0.011425017052567247
2022-08-31,NDAQ,Financials,-0.04479519641437546,0.012870344892976535
2022-08-31,PGR,Financials,-0.052507074026524325,0.01726674417068592
2022-08-31,PRU,Financials,-0.10412539178057878,0.01126706233367977
2022-08-31,RJF,Financials,-0.04988932673454549,0.0039016565717488495
2022-08-31,SEIC,Financials,-0.10329061831641784,0.014423348102706648
2022-08-31,SF,Financials,-0.12476806216683078,0.0017380073120853157
2022-08-31,SYF,Financials,-0.13923629345880661,0.00908028706170998
2022-08-31,TRV,Financials,-0.04681016347786737,0.01749108366330537
2022-08-31,UNM,Financials,0.02509902276833942,0.029545307917021185
2022-08-31,WTW,Financials,-0.024612057162807788,0.004440306308088029
2022-08-31,ABBV,Healthcare,-0.0018592579510539053,0.020367073798513442
2022-08-31,ABT,Healthcare,-0.05737935323552368,0.008685014894634337
2022-08-31,AMGN,Healthcare,-0.06200596673288494,0.028654143758979483
2022-08-31,BAX,Healthcare,-0.05789738519043386,0.010635512126977172
2022-08-31,BIIB,Healthcare,0.36656768004558415,0.019498159355369058
2022-08-31,BMY,Healthcare,0.054591265341625395,0.026829778796400233
2022-08-31,BSX,Healthcare,-0.03919627331249809,0.003933095730813491
2022-08-31,CI,Healthcare,-0.01727146235730992,0.02432680536628244
2022-08-31,CVS,Healthcare,-0.02832410627692261,0.006685532970475168
2022-08-31,DHR,Healthcare,-0.04215199767302413,0.001975368580573126
2022-08-31,EW,Healthcare,-0.0829078950855775,0.01417547517009599
2022-08-31,GILD,Healthcare,-0.017022248071036805,0.01216383516807995
2022-08-31,HUM,Healthcare,0.008687462890516473,0.02966972458981724
2022-08-31,ISRG,Healthcare,-0.08894722738969618,0.015675357946880696
2022-08-31,JNJ,Healthcare,0.012520136661455572,0.020013480721040533
2022-08-31,LLY,Healthcare,0.07343248449983641,0.034415500386389755
2022-08-31,MDT,Healthcare,-0.07420801737836158,0.013018085584737316
2022-08-31,MRK,Healthcare,0.017037023762409786,0.025564665276771165
2022-08-31,PFE,Healthcare,-0.03250058641733988,0.012235622218831219
2022-08-31,REGN,Healthcare,0.18554020196687815,0.013297863377778486
2022-08-31,SYK,Healthcare,-0.00961890298550816,0.012293510151312428
2022-08-31,TMO,Healthcare,-0.06942369375317914,0.006182332751245434
2022-08-31,UNH,Healthcare,-0.024464799849936214,0.012999606507600911
2022-08-31,VRTX,Healthcare,0.02761214689681646,0.014971508964814723
2022-08-31,ZBH,Healthcare,-0.014448172500562295,0.013052249926465052
2022-08-31,A,Healthcare,-0.05224180268917,0.008519112595811257
2022-08-31,ACAD,Healthcare,-0.004260480433598501,-0.014667676833461686
2022-08-31,ALGN,Healthcare,-0.15014360605700672,-0.0023103091483904804
2022-08-31,ALKS,Healthcare,-0.05661175108866734,0.018963533720965986
2022-08-31,BDX,Healthcare,-0.11424931513829972,0.01627920829231841
2022-08-31,DGX,Healthcare,-0.020908168085931433,0.021642134441054756
2022-08-31,DXCM,Healthcare,-0.020313808387582566,0.007894679184721455
2022-08-31,FOLD,Healthcare,-0.07034728353120734,0.02024188293083485
2022-08-31,HOLX,Healthcare,-0.04499705484581762,0.017550341233162313
2022-08-31,IDXX,Healthcare,-0.06276971299324408,0.011322328875014666
2022-08-31,INSP,Healthcare,-0.07373758405621134,-0.0008060500797226026
2022-08-31,IQV,Healthcare,-0.1482178300087983,0.010283031592894658
2022-08-31,MASI,Healthcare,-0.039008753157792286,0.0010211181374329484
2022-08-31,MTD,Healthcare,-0.10585088988924407,0.005725397737603371
2022-08-31,NBIX,Healthcare,0.015100849398168803,0.024140771057099095
2022-08-31,NTRA,Healthcare,-0.11043440544192995,0.0021516927094224203
2022-08-31,NVCR,Healthcare,-0.07488121395533631,0.010494316887017529
2022-08-31,PODD,Healthcare,-0.10204723529044257,0.012438693290357315
2022-08-31,RARE,Healthcare,-0.1316837693465509,0.0019067141259645967
2022-08-31,RMD,Healthcare,-0.007366426684374261,0.02506461714506076
2022-08-31,WAT,Healthcare,-0.09735434269931342,0.015535199865401458
2022-08-31,AMZN,Consumer,-0.10862189009783763,-0.004068056246075886
2022-08-31,AZO,Consumer,0.010720962586016736,0.013022788529264091
2022-08-31,BKNG,Consumer,-0.12399995276713138,-0.0014544673961864006
2022-08-31,CMG,Consumer,-0.0588927917919031,-0.018342997244726413
2022-08-31,COST,Consumer,-0.09544140465755946,0.010829744168397317
2022-08-31,DG,Consumer,0.010277133503790337,0.024375733420036252
2022-08-31,DLTR,Consumer,0.003095618001233369,0.005319125750797139
2022-08-31,DRI,Consumer,0.021097725813525203,0.003678957059442753
2022-08-31,EBAY,Consumer,-0.16587318882064195,0.009783531630325835
2022-08-31,HD,Consumer,-0.043270450144018535,0.008058419404547051
2022-08-31,HLT,Consumer,-0.05292088946023299,-0.004385518492335861
2022-08-31,KR,Consumer,-0.08740098661295503,0.015098325862603564
2022-08-31,LOW,Consumer,-0.032605591590354255,0.007120543558698591
2022-08-31,LULU,Consumer,-0.06800904946531672,0.0018944166443710456
2022-08-31,MAR,Consumer,-0.088461106171697,0.010112560694718086
2022-08-31,MCD,Consumer,-0.08538136150191955,0.014510145388668435
2022-08-31,MGM,Consumer,-0.08937948039436061,-0.00035270170396737785
2022-08-31,NKE,Consumer,-0.21692096570137198,0.005035697588768425
2022-08-31,ORLY,Consumer,0.00893675683151729,0.017459313141285866
2022-08-31,ROST,Consumer,-0.019749775071366327,0.010784095453147038
2022-08-31,SBUX,Consumer,0.002260099095436674,0.009578753198248004
2022-08-31,TGT,Consumer,-0.07452894729157045,0.006560145469409891
2022-08-31,TJX,Consumer,-0.0036888612305109314,0.006911803328754176
2022-08-31,WMT,Consumer,-0.021501471086438517,0.013878666671895057
2022-08-31,YUM,Consumer,-0.044049050086760966,0.015742205646305744
2022-08-31,BBY,Consumer,-0.09298541875244182,0.008952112584139232
2022-08-31,CCL,Consumer,-0.25687102759024893,-0.015192760388173389
2022-08-31,CHDN,Consumer,-0.06565534915607862,0.012287828023092515
2022-08-31,CMCSA,Consumer,-0.1895550319205369,0.013526021274107871
2022-08-31,CZR,Consumer,-0.25185530796294187,-0.013872410485345363
2022-08-31,DIS,Consumer,-0.1583690627391342,0.010901585283880974
2022-08-31,DKNG,Consumer,-0.057285127846400274,-0.030795537405941986
2022-08-31,F,Consumer,-0.26509173590332713,0.005459808342222532
2022-08-31,FOX,Consumer,-0.09867181304226724,0.0066454686791778406
2022-08-31,GM,Consumer,-0.16016743099044195,-3.251725312979764e-05
2022-08-31,GRMN,Consumer,-0.0849172832470213,0.009372429935383658
2022-08-31,H,Consumer,-0.09663019604565348,0.0024150197071983806
2022-08-31,IHG,Consumer,-0.1089072811627545,0.004230525780800597
2022-08-31,LVS,Consumer,-0.0029230600935434836,-0.0024205290888042394
2022-08-31,NCLH,Consumer,-0.13149849213007248,-0.022111735125612056
2022-08-31,NFLX,Consumer,0.05314008219276478,2.2025993252679926e-05
2022-08-31,PENN,Consumer,-0.11911621414926565,-0.003780804727465007
2022-08-31,POOL,Consumer,-0.061853259330705734,0.008248651451359992
2022-08-31,RCL,Consumer,-0.07221513334732532,-0.016877585917646994
2022-08-31,SIRI,Consumer,-0.06239729762319268,0.02174531461530298
2022-08-31,TSLA,Consumer,-0.03758929611475259,-0.0009305407546762942
2022-08-31,WBD,Consumer,-0.1314199245617672,-0.008901793734109414
2022-08-31,WYNN,Consumer,0.0402705807036432,-0.0006384153595420661
2022-08-31,APA,Energy,-0.125799094507006,-0.009403048265042735
2022-08-31,BA,Energy,-0.24443056579685063,-0.007672517474404266
2022-08-31,CAT,Energy,-0.11168854388054916,0.011806460824811751
2022-08-31,COP,Energy,-0.05151586632362015,0.007409108623564734
2022-08-31,CVX,Energy,-0.0910414865657232,0.0006253074833332713
2022-08-31,DE,Energy,-0.08286290170143129,0.00603001535530248
2022-08-31,DVN,Energy,-0.12894895552043417,0.002491911548901809
2022-08-31,EOG,Energy,-0.06751505859580587,0.004313739631973608
2022-08-31,FDX,Energy,-0.2918534812124556,0.011431184338631002
2022-08-31,GD,Energy,-0.07321005203442676,0.019614502594015
2022-08-31,GE,Energy,-0.15595279880781143,0.007687229144553186
2022-08-31,HAL,Energy,-0.17959359981758682,-0.00027542110143759235
2022-08-31,HON,Energy,-0.11819361099485393,0.014872780698377643
2022-08-31,LMT,Energy,-0.08050271500803374,0.0203911872359461
2022-08-31,MMM,Energy,-0.11137919797306994,0.008361497200508381
2022-08-31,MPC,Energy,-0.014094287399787797,0.015338437023969977
2022-08-31,NOC,Energy,-0.016046387567818288,0.021203897787568343
2022-08-31,OXY,Energy,-0.13276200219767575,0.028200891149137375
2022-08-31,PSX,Energy,-0.09769718974269326,0.013403655591334317
2022-08-31,RTX,Energy,-0.08791071208605694,0.011996150544155286
2022-08-31,SLB,Energy,-0.054632192990615835,0.00322553178780869
2022-08-31,UNP,Energy,-0.13224352247190974,0.016637280024173258
2022-08-31,UPS,Energy,-0.1695026288176773,0.01692879071720665
2022-08-31,VLO,Energy,-0.08768782317701851,0.017578383083506167
2022-08-31,XOM,Energy,-0.08661974044212661,0.015159653380454545
2022-08-31,AME,Energy,-0.054535144787938084,0.013406064482846506
2022-08-31,BE,Energy,-0.21330185394888723,-0.00414688063876275
2022-08-31,BKR,Energy,-0.17022961112691026,0.008811863992830479
2022-08-31,CTRA,Energy,-0.15496580402654747,0.02442990176111806
2022-08-31,EMR,Energy,-0.1042328155013823,0.01701051435197711
2022-08-31,ENPH,Energy,-0.03131546272953978,0.019257463573054672
2022-08-31,ETN,Energy,-0.024004548806925596,0.014297906747097211
2022-08-31,FSLR,Energy,0.03700510472577423,0.0017834443498911529
2022-08-31,FTV,Energy,-0.07942508928210645,0.012211181377472935
2022-08-31,GNRC,Energy,-0.19177897359532403,0.011793519375343432
2022-08-31,HUBB,Energy,0.08095025839542469,0.02420017765896728
2022-08-31,MTDR,Energy,-0.17919452006021575,0.006692455249244986
2022-08-31,PH,Energy,-0.08562254780678136,0.007884220883934355
2022-08-31,PLUG,Energy,-0.2507132830638603,-0.05803085128472696
2022-08-31,PR,Energy,-0.17375454087876085,-0.01383779610072907
2022-08-31,ROK,Energy,-0.09213294678072126,-0.002907561288632232
2022-08-31,ROP,Energy,-0.10666190595529901,0.014471633901697832
2022-08-31,SM,Energy,-0.14658484760101098,-0.0018143356527872447
2022-08-31,VRSK,Energy,-0.08733547847889678,0.01804808595559705
2022-08-31,WMB,Energy,-0.14780368768220697,0.01122520244383404
2022-08-31,XYL,Energy,-0.04105407262118432,0.00981442461791953
2022-09-30,AAPL,Technology,0.1095510500915402,-0.015676907143101895
2022-09-30,ADBE,Technology,0.15734006494300012,0.020752283060285797
2022-09-30,AMAT,Technology,0.07762727718864504,0.012304555471659626
2022-09-30,AMD,Technology,-0.05208332079026845,0.024031067275025363
2022-09-30,AVGO,Technology,0.05880515079757087,0.0029060826714279574
2022-09-30,CDNS,Technology,-0.07367064691741265,0.013183375868282738
2022-09-30,CRM,Technology,0.1303531359906276,0.01799116406267308
2022-09-30,CRWD,Technology,-0.0219040147068027,0.04242323539397719
2022-09-30,FTNT,Technology,0.16344389588275932,0.02884836860975489
2022-09-30,GOOGL,Technology,-0.011918433799239292,-0.004947014751073996
2022-09-30,INTC,Technology,0.10322088191142087,0.0065537540320426795
2022-09-30,INTU,Technology,0.10582389696898087,0.016961166751951022
2022-09-30,KLAC,Technology,0.045666273741790775,0.015246857891893626
2022-09-30,LRCX,Technology,0.105956413502593,0.015603359165839152
2022-09-30,META,Technology,-0.3133843109945631,0.03699232276427023
2022-09-30,MSFT,Technology,-0.0033060754437610473,-0.009370738671939915
2022-09-30,MU,Technology,0.08211864612014197,0.009371978305459126
2022-09-30,NET,Technology,0.01826068154865257,0.013276066278996506
2022-09-30,NOW,Technology,0.11421836138044728,0.0064742855075402995
2022-09-30,NVDA,Technology,0.11187096217949755,0.02510046702629651
2022-09-30,ORCL,Technology,0.2849407142896012,0.012358388592756262
2022-09-30,PANW,Technology,0.04762197552649994,-0.020019601048505496
2022-09-30,QCOM,Technology,0.04142343288182526,0.011147111624573401
2022-09-30,SNPS,Technology,-0.042420940585870315,0.01259856052099471
2022-09-30,TXN,Technology,0.04607035769490264,-5.71984294871937e-05
2022-09-30,ACN,Technology,0.10828803509536145,0.0022467417362863323
2022-09-30,ADI,Technology,0.023539935724940175,0.0023390406002926547
2022-09-30,ANET,Technology,0.07059971001677545,0.007509504401814092
2022-09-30,CGNX,Technology,0.11531959432143668,0.02778389878914514
2022-09-30,COHU,Technology,0.2769587778171956,0.018830356828427715
2022-09-30,CSCO,Technology,0.1462998631496608,-0.0027695229228622328
2022-09-30,DELL,Technology,0.13465571326902248,0.01747276522892269
2022-09-30,ENTG,Technology,-0.044326951365311174,0.006439931098033574
2022-09-30,FORM,Technology,-0.19321358483026574,0.01319384255896098
2022-09-30,HPQ,Technology,0.10834659173561145,0.02017758121329382
2022-09-30,IBM,Technology,0.16395925732463157,0.005394467527870046
2022-09-30,IPGP,Technology,0.01553058935016094,0.02451901101239415
2022-09-30,KEYS,Technology,0.1066979742057037,-0.006693249573286026
2022-09-30,MCHP,Technology,0.011633624099769424,0.010103276900500127
2022-09-30,MKSI,Technology,-0.005929301043609114,0.014145383055391727
2022-09-30,MPWR,Technology,-0.06590537970082622,0.010226187914339099
2022-09-30,MRVL,Technology,-0.0741249306108902,0.02307335581589553
2022-09-30,NXPI,Technology,-0.009694358243387824,0.015517189882040783
2022-09-30,ONTO,Technology,0.04355961207181003,0.02649762352673949
2022-09-30,QRVO,Technology,0.08399443220436353,0.011219980804615995
2022-09-30,STX,Technology,-0.06706725821192505,0.012671360281902707
2022-09-30,SWKS,Technology,0.008678545936913196,0.013617125651849518
2022-09-30,TER,Technology,0.0825013682698581,0.024435051240946415
2022-09-30,VRSN,Technology,0.154058573974718,0.0035025721617422748
2022-09-30,WDC,Technology,0.055913906495864474,0.034608525464173555
2022-09-30,AXP,Financials,0.1045640017848608,-0.002226143894850265
2022-09-30,BAC,Financials,0.19337747749335543,-0.0008959013795191897
2022-09-30,BK,Financials,0.10300836301475425,0.0036932739588929984
2022-09-30,BLK,Financials,0.17378441633338038,0.00044679767219563994
2022-09-30,C,Financials,0.10055201678235659,0.007692459990973853
2022-09-30,CFG,Financials,0.1903376969561683,-0.0023298400062235474
2022-09-30,CME,Financials,-0.021622551488982733,-0.005614719568986836
2022-09-30,COF,Financials,0.15026588954138465,-0.005177747736735417
2022-09-30,FITB,Financials,0.11670832902142059,-0.007105982576786086
2022-09-30,GS,Financials,0.17560145867106236,-0.0029384324684558743
2022-09-30,HBAN,Financials,0.15174502775496412,-0.0009070748529558855
2022-09-30,ICE,Financials,0.05777529654704483,-0.005776265151802356
2022-09-30,JPM,Financials,0.21537083077782504,0.0028492927909145108
2022-09-30,KEY,Financials,0.11548031699811867,-0.007598164500137691
2022-09-30,MCO,Financials,0.08950665395226332,-2.7510323743647896e-05
2022-09-30,MS,Financials,0.05008039356851457,0.002164236642307157
2022-09-30,MTB,Financials,-0.04508851112594281,-0.00529005303137506
2022-09-30,PNC,Financials,0.0937797462887211,-0.0006786451302714363
2022-09-30,RF,Financials,0.09367203996080775,-0.00474576109635705
2022-09-30,SCHW,Financials,0.1085290683435638,0.0018425474492825052
2022-09-30,SPGI,Financials,0.052071156475426816,0.0017791917329584555
2022-09-30,STT,Financials,0.21690502397768663,0.008843550178522851
2022-09-30,TFC,Financials,0.028709244098938935,-0.0007455848477008493
2022-09-30,USB,Financials,0.05282720234777649,-0.00042308765489067375
2022-09-30,WFC,Financials,0.1434611711093141,0.002755808272687328
2022-09-30,AFL,Financials,0.1585411151146061,-0.011666496713339221
2022-09-30,AJG,Financials,0.09262938064769055,-0.01024621524666462
2022-09-30,ALL,Financials,0.013812048560531975,0.004360930145411255
2022-09-30,AMTD,Financials,-0.10924366212280023,-0.5832819409692876
2022-09-30,AON,Financials,0.05288426049247663,-0.0023444138034664167
2022-09-30,CB,Financials,0.18149329708371864,-0.011286922755013274
2022-09-30,FDS,Financials,0.06343267692634047,-0.006699393976154927
2022-09-30,FNF,Financials,0.08784536972023105,-0.006128537128973962
2022-09-30,GL,Financials,0.16094304196582243,-0.010717336732944149
2022-09-30,HIG,Financials,0.16903469887791744,-0.008134948938618705
2022-09-30,IBKR,Financials,0.2541072481973714,0.00815561417499194
2022-09-30,LPLA,Financials,0.17012997902136306,0.005492917702649926
2022-09-30,MET,Financials,0.20450808901446282,-0.013427890039935548
2022-09-30,MSCI,Financials,0.11159585651649961,0.008618489693129843
2022-09-30,NDAQ,Financials,0.09809444210336782,0.0030949868368998004
2022-09-30,PGR,Financials,0.10580021807128603,-0.01065008509211369
2022-09-30,PRU,Financials,0.22627647312060994,-0.007535392096459327
2022-09-30,RJF,Financials,0.19550698525520183,-0.013628923751925
2022-09-30,SEIC,Financials,0.10703373855843634,-0.009230077405897869
2022-09-30,SF,Financials,0.19187028267109052,-0.004206102621615906
2022-09-30,SYF,Financials,0.26952109442848915,0.009899075713995127
2022-09-30,TRV,Financials,0.20404708107220615,-0.008272972573199243
2022-09-30,UNM,Financials,0.18379278587807235,-0.013729649588182078
2022-09-30,WTW,Financials,0.08594601409047153,-0.005569747690332633
2022-09-30,ABBV,Healthcare,0.10192745686793514,-0.004251990297213714
2022-09-30,ABT,Healthcare,0.027354649836921263,-0.00348644672826918
2022-09-30,AMGN,Healthcare,0.1994233798573195,0.0002818525715192425
2022-09-30,BAX,Healthcare,0.009097610340942142,-0.0010021067522430881
2022-09-30,BIIB,Healthcare,0.061573042851708726,0.028738204493133704
2022-09-30,BMY,Healthcare,0.0980443152199506,0.006400552389793467
2022-09-30,BSX,Healthcare,0.11309065633576121,-0.004257298351270167
2022-09-30,CI,Healthcare,0.1643060974387558,-0.00349423621926836
2022-09-30,CVS,Healthcare,-0.001030889223196052,-0.017038145391794893
2022-09-30,DHR,Healthcare,-0.02562994884189196,0.008814929976368992
2022-09-30,EW,Healthcare,-0.1234418163776505,0.010383264307677047
2022-09-30,GILD,Healthcare,0.2718432868498635,-0.0035743819857997575
2022-09-30,HUM,Healthcare,0.15022985534081346,0.005799456551717959
2022-09-30,ISRG,Healthcare,0.3149274328341394,0.010570940805891093
2022-09-30,JNJ,Healthcare,0.06494868576013668,-0.004082952450771371
2022-09-30,LLY,Healthcare,0.11980823738908808,0.020495398975188747
2022-09-30,MDT,Healthcare,0.0816094648619099,0.004815686999752418
2022-09-30,MRK,Healthcare,0.17510431559636785,0.00901364221379531
2022-09-30,PFE,Healthcare,0.0637567546099147,0.017402892303517884
2022-09-30,REGN,Healthcare,0.08692491376549749,-0.00017191707905645816
2022-09-30,SYK,Healthcare,0.13182590428658192,-0.0033907101021698454
2022-09-30,TMO,Healthcare,0.013367760459771949,0.006901074647142595
2022-09-30,UNH,Healthcare,0.09921990811927128,-0.00878431867479349
2022-09-30,VRTX,Healthcare,0.07757128822351844,0.0036003213886086766
2022-09-30,ZBH,Healthcare,0.08417024554985253,0.006835853517417428
2022-09-30,A,Healthcare,0.1401847544805288,0.0008287015056099613
2022-09-30,ACAD,Healthcare,-0.02017114372827422,0.05132708013554175
2022-09-30,ALGN,Healthcare,-0.06185117821854469,0.031507928668234424
2022-09-30,ALKS,Healthcare,0.016569674899129527,0.039394716337797585
2022-09-30,BDX,Healthcare,0.0589684887350006,-0.013273952416066366
2022-09-30,DGX,Healthcare,0.1771694994650581,0.015775561390071892
2022-09-30,DXCM,Healthcare,0.4996274820753279,0.03489468410131512
2022-09-30,FOLD,Healthcare,-0.04214555537052489,0.04783478854376769
2022-09-30,HOLX,Healthcare,0.050837051756788876,0.006938546480156351
2022-09-30,IDXX,Healthcare,0.10399019690676514,0.02104715606657781
2022-09-30,INSP,Healthcare,0.09911485772686457,0.021876377576945258
2022-09-30,IQV,Healthcare,0.15750247805801454,0.008274355748569221
2022-09-30,MASI,Healthcare,-0.06772454881396317,0.06498880735541498
2022-09-30,MTD,Healthcare,0.166780485009139,0.006811785415368135
2022-09-30,NBIX,Healthcare,0.08389044100285625,-9.618416514018714e-05
2022-09-30,NTRA,Healthcare,0.07165676429749768,0.08156416789620415
2022-09-30,NVCR,Healthcare,-0.07001841879148507,0.04906688478769777
2022-09-30,PODD,Healthcare,0.12820402983698642,0.02676225579718746
2022-09-30,RARE,Healthcare,-0.022941337030669473,0.039622515391742295
2022-09-30,RMD,Healthcare,0.024690730617109358,0.0101348509770904
2022-09-30,WAT,Healthcare,0.10996926050041678,0.0292735047111813
2022-09-30,AMZN,Consumer,-0.09345130582826322,0.010474348124153533
2022-09-30,AZO,Consumer,0.18252228767932865,0.01189440947728444
2022-09-30,BKNG,Consumer,0.1377000937193824,0.02082143034525663
2022-09-30,CMG,Consumer,-0.0029479144038669913,0.013076746389107318
2022-09-30,COST,Consumer,0.06380954448770848,0.001432470415180109
2022-09-30,DG,Consumer,0.06577228277624192,0.026148589208026055
2022-09-30,DLTR,Consumer,0.1645848118437796,0.044445221394721054
2022-09-30,DRI,Consumer,0.1435497222448161,0.0006949414918874311
2022-09-30,EBAY,Consumer,0.08231417071453562,0.022518021187267343
2022-09-30,HD,Consumer,0.07316835823183321,0.006882340881727237
2022-09-30,HLT,Consumer,0.12137283289283585,0.005239285686865965
2022-09-30,KR,Consumer,0.08091422059263165,0.021044401305167295
2022-09-30,LOW,Consumer,0.04366344009865619,0.0014822779875594497
2022-09-30,LULU,Consumer,0.17699245749906511,0.027391480394687494
2022-09-30,MAR,Consumer,0.14250046943001848,0.005755055877950624
2022-09-30,MCD,Consumer,0.18167633601552957,-0.01017799861878156
2022-09-30,MGM,Consumer,0.1968370831462678,0.014187641106467686
2022-09-30,NKE,Consumer,0.11501442134405826,0.009554324551963594
2022-09-30,ORLY,Consumer,0.19026089633427845,0.005360150502987075
2022-09-30,ROST,Consumer,0.13551670512309988,0.021648892497598774
2022-09-30,SBUX,Consumer,0.02765241498079485,0.006061895630763722
2022-09-30,TGT,Consumer,0.10688018736251959,0.0249104640012502
2022-09-30,TJX,Consumer,0.16065661816544075,0.010041126145449757
2022-09-30,WMT,Consumer,0.09737845781770105,-0.00026787085277266837
2022-09-30,YUM,Consumer,0.11199933000755502,-0.0030045703276221965
2022-09-30,BBY,Consumer,0.08004405819924809,0.030494271717749523
2022-09-30,CCL,Consumer,0.2887625013262223,0.028457150853606256
2022-09-30,CHDN,Consumer,0.12902534260378884,0.005652897734743242
2022-09-30,CMCSA,Consumer,0.09179222109068341,0.013572140594001341
2022-09-30,CZR,Consumer,0.3555487234184702,0.03193339272357527
2022-09-30,DIS,Consumer,0.1294391946194049,0.0053014125391738064
2022-09-30,DKNG,Consumer,0.04359311971239088,0.07339912842294355
2022-09-30,F,Consumer,0.19374970385817702,0.028897506813532627
2022-09-30,FOX,Consumer,-0.04561397394346467,-0.010560195139899859
2022-09-30,GM,Consumer,0.22312229112181048,0.018267487156489827
2022-09-30,GRMN,Consumer,0.09625223111862424,0.014508664729412304
2022-09-30,H,Consumer,0.1636607069453524,0.00851116345563287
2022-09-30,IHG,Consumer,0.1281629421718482,0.0015026522009746763
2022-09-30,LVS,Consumer,0.013059446281789677,0.035888946636588655
2022-09-30,NCLH,Consumer,0.48679576585380757,0.02738709338756326
2022-09-30,NFLX,Consumer,0.23972132814132263,0.056851800137063334
2022-09-30,PENN,Consumer,0.20319877130973274,0.046402092526960204
2022-09-30,POOL,Consumer,-0.04393326943897957,0.0138126147670588
2022-09-30,RCL,Consumer,0.408443145654904,0.01981974436041988
2022-09-30,SIRI,Consumer,0.05779340157983559,0.0007357001570050051
2022-09-30,TSLA,Consumer,-0.14216779156971604,0.048162129360641306
2022-09-30,WBD,Consumer,0.13043478260869557,0.046700521478674574
2022-09-30,WYNN,Consumer,0.013803112282103402,0.03306677420414723
2022-09-30,APA,Energy,0.3376079663932423,0.023461965131932598
2022-09-30,BA,Energy,0.1769903563900086,0.013465917064786278
2022-09-30,CAT,Energy,0.32806179320826856,0.01916731558273157
2022-09-30,COP,Energy,0.23206971731523862,0.004311529076812412
2022-09-30,CVX,Energy,0.2591355363302137,-5.992787790885627e-05
2022-09-30,DE,Energy,0.18548029783552167,0.018184472244623842
2022-09-30,DVN,Energy,0.2863793327888391,0.011115351794892831
2022-09-30,EOG,Energy,0.2291134610872858,0.0014871273396217053
2022-09-30,FDX,Energy,0.0795446738479555,0.012865947073555132
2022-09-30,GD,Energy,0.1839384820537413,-0.014530722115791149
2022-09-30,GE,Energy,0.2568243839962181,0.010116734896502893
2022-09-30,HAL,Energy,0.4792847706483385,0.014240246130646698
2022-09-30,HON,Energy,0.22189584898786352,0.0016762870550728424
2022-09-30,LMT,Energy,0.2598824535268278,-0.00804485777843235
2022-09-30,MMM,Energy,0.138371076110551,0.016576964114530593
2022-09-30,MPC,Energy,0.14386400728512272,0.010890812279340223
2022-09-30,NOC,Energy,0.16731141929769544,-0.0014450151111131942
2022-09-30,OXY,Energy,0.1814484555432323,0.03376133282508552
2022-09-30,PSX,Energy,0.29199727483997506,0.01798056576992024
2022-09-30,RTX,Energy,0.15831857842449581,-0.016638773545090392
2022-09-30,SLB,Energy,0.44930373383110345,0.020560721230969237
2022-09-30,UNP,Energy,0.011908579519932516,-0.0036575143160421427
2022-09-30,UPS,Energy,0.03856607576691684,-0.0008222409696537047
2022-09-30,VLO,Energy,0.17501175079974862,0.03618080273396329
2022-09-30,XOM,Energy,0.2691559104827006,0.006959482245423714
2022-09-30,AME,Energy,0.14328528546468577,-0.008930653093763745
2022-09-30,BE,Energy,-0.06403205109060939,0.05187455725439641
2022-09-30,BKR,Energy,0.319656435991303,0.030303422058536016
2022-09-30,CTRA,Energy,0.19180674734384495,0.03591024442224542
2022-09-30,EMR,Energy,0.1827368240574836,0.002640571981084491
2022-09-30,ENPH,Energy,0.106425915051654,0.09462013868001674
2022-09-30,ETN,Energy,0.12530010022109828,0.001678058775576816
2022-09-30,FSLR,Energy,0.1005519212380257,0.05233761649409306
2022-09-30,FTV,Energy,0.09605475274446817,-0.0025351157236558567
2022-09-30,GNRC,Energy,-0.3493319632915368,0.047330988756022464
2022-09-30,HUBB,Energy,0.06493272876397693,0.005717458693436105
2022-09-30,MTDR,Energy,0.358340117611164,0.034460084936764536
2022-09-30,PH,Energy,0.19937278494473554,-0.0044138674941728035
2022-09-30,PLUG,Energy,-0.23940983492855528,0.04938908031444735
2022-09-30,PR,Energy,0.4367649977004171,0.035536430233481645
2022-09-30,ROK,Energy,0.18683449736661317,0.01485787642262881
2022-09-30,ROP,Energy,0.1545364881319613,-0.005368435733284221
2022-09-30,SM,Energy,0.20000334454494206,0.04372360999681826
2022-09-30,VRSK,Energy,0.07212800036922973,-0.00027633152297102705
2022-09-30,WMB,Energy,0.14320639082194497,-0.00029076914144620693
2022-09-30,XYL,Energy,0.17250470250722683,0.01763790146516125
2022-10-31,AAPL,Technology,-0.03302744842116434,-0.0038870236807711164
2022-10-31,ADBE,Technology,0.0829827085581829,0.04970513582854749
2022-10-31,AMAT,Technology,0.24438631637998443,0.030008121703892835
2022-10-31,AMD,Technology,0.292540717255801,0.05199656137424606
2022-10-31,AVGO,Technology,0.17210488181762118,0.008750839953598304
2022-10-31,CDNS,Technology,0.13640262883769028,0.015489761040639604
2022-10-31,CRM,Technology,-0.01439218795500219,0.03501845230533471
2022-10-31,CRWD,Technology,-0.27016126703988863,0.05118590051166334
2022-10-31,FTNT,Technology,-0.06997900648491862,0.025944240624984495
2022-10-31,GOOGL,Technology,0.06856414878279637,0.006883020971856717
2022-10-31,INTC,Technology,0.071970589884085,0.024082371101911484
2022-10-31,INTU,Technology,-0.04657290365918665,0.0320074970377481
2022-10-31,KLAC,Technology,0.24663896974972999,0.01978955634385393
2022-10-31,LRCX,Technology,0.16700434659690844,0.03474288321075143
2022-10-31,META,Technology,0.2677113095257748,0.05082324946789936
2022-10-31,MSFT,Technology,0.10222310737405049,0.004286432770462405
2022-10-31,MU,Technology,0.06561943215524124,0.03174273065340208
2022-10-31,NET,Technology,-0.12748580156394462,0.10331893163645745
2022-10-31,NOW,Technology,-0.010552840953857445,0.032605881624603136
2022-10-31,NVDA,Technology,0.2541548285681072,0.04536668981254294
2022-10-31,ORCL,Technology,0.0635325866838865,0.03266334917464774
2022-10-31,PANW,Technology,-0.0098490732412998,0.016154936481942918
2022-10-31,QCOM,Technology,0.081901111318188,0.030618256166482935
2022-10-31,SNPS,Technology,0.16062219351452156,0.01878441671487268
2022-10-31,TXN,Technology,0.1234511548371322,0.005780553841049085
2022-10-31,ACN,Technology,0.05998590834111339,0.012475101381667355
2022-10-31,ADI,Technology,0.20537099219962518,0.009320932792354592
2022-10-31,ANET,Technology,0.15257324464903954,0.0060689491029306975
2022-10-31,CGNX,Technology,0.07829451261630971,0.025737687115710436
2022-10-31,COHU,Technology,0.08809239632991805,0.036108742705599446
2022-10-31,CSCO,Technology,0.09443080271727644,0.016926140535061626
2022-10-31,DELL,Technology,0.16640612654822995,0.025489976755619294
2022-10-31,ENTG,Technology,-0.024608469010214185,0.027564535967415316
2022-10-31,FORM,Technology,0.14151413854090178,0.03494422734655495
2022-10-31,HPQ,Technology,0.08761779673785175,0.021431150670669655
2022-10-31,IBM,Technology,0.08956047019322022,0.010549096648382852
2022-10-31,IPGP,Technology,0.06268964379653474,0.05119172378285956
2022-10-31,KEYS,Technology,0.038702301058766375,0.008253345947604272
2022-10-31,MCHP,Technology,0.288334308683283,0.01810722231432757
2022-10-31,MKSI,Technology,0.02358155434964493,0.032276486113688344
2022-10-31,MPWR,Technology,0.12523175028028022,0.04213688467180067
2022-10-31,MRVL,Technology,0.17237907840969413,0.041662061212866544
2022-10-31,NXPI,Technology,0.20372390959612563,0.02948713833763785
2022-10-31,ONTO,Technology,0.19614005578452876,0.03455778731898808
2022-10-31,QRVO,Technology,0.15299718736987789,0.04022867422196026
2022-10-31,STX,Technology,0.06665335116052651,0.029052895120446613
2022-10-31,SWKS,Technology,0.11908641821488253,0.028268677694886203
2022-10-31,TER,Technology,0.15008568675373746,0.043210563596021906
2022-10-31,VRSN,Technology,-0.003242430648460748,0.011760035216742251
2022-10-31,WDC,Technology,0.0692465158888329,0.04708076906970397
2022-10-31,AXP,Financials,0.06156957112136907,0.014157134607928425
2022-10-31,BAC,Financials,0.050222084665304534,0.015879346406887915
2022-10-31,BK,Financials,0.0900025575783796,0.018641682541183154
2022-10-31,BLK,Financials,0.10851357458477495,0.01711002932690896
2022-10-31,C,Financials,0.06782007919205091,0.027592017948770017
2022-10-31,CFG,Financials,0.046936730122136394,0.019393555697903943
2022-10-31,CME,Financials,0.01846488508192312,0.007658043347559432
2022-10-31,COF,Financials,-0.020429266806660795,0.028964368189614502
2022-10-31,FITB,Financials,0.018772973789880965,0.014256146221629242
2022-10-31,GS,Financials,0.12821788307140025,0.01597502149575416
2022-10-31,HBAN,Financials,0.019762749241138744,0.011171073084721633
2022-10-31,ICE,Financials,0.13330532857982313,0.007516665754527887
2022-10-31,JPM,Financials,0.09771200583189654,0.019519997363948587
2022-10-31,KEY,Financials,0.06406465372558023,0.0152064917386351
2022-10-31,MCO,Financials,0.1288062632296365,0.01711897996459588
2022-10-31,MS,Financials,0.1326518538863577,0.018251506267705782
2022-10-31,MTB,Financials,0.016939539467813347,0.009915974925961048
2022-10-31,PNC,Financials,0.03973307754471467,0.01526931487758019
2022-10-31,RF,Financials,0.05740334574376349,0.014751031797193413
2022-10-31,SCHW,Financials,0.03889409927404208,0.012374602695052462
2022-10-31,SPGI,Financials,0.10082183037251258,0.013476971780873485
2022-10-31,STT,Financials,0.0766216186043327,0.02116168029654454
2022-10-31,TFC,Financials,0.05745899006981858,0.016096493534716462
2022-10-31,USB,Financials,0.06925830534694377,0.017987986258790896
2022-10-31,WFC,Financials,0.049332888138428954,0.02015764243804416
2022-10-31,AFL,Financials,0.11121475272549808,-0.0060148606828709615
2022-10-31,AJG,Financials,0.06430428861128279,-0.008612857954339019
2022-10-31,ALL,Financials,0.0674303981586728,-0.002859737289596643
2022-10-31,AMTD,Financials,-0.07075476048042695,0.26799515264524076
2022-10-31,AON,Financials,0.0951722974733451,-0.000956355029382263
2022-10-31,CB,Financials,0.021871691229883305,-0.0019810414376070125
2022-10-31,FDS,Financials,0.08627556263208636,0.011433518747335121
2022-10-31,FNF,Financials,0.02488575993168407,0.007886141258170842
2022-10-31,GL,Financials,0.03843486862558132,-0.006801144571360614
2022-10-31,HIG,Financials,0.060633110163207604,0.0005365623013983203
2022-10-31,IBKR,Financials,0.003128713850641507,0.009174309428822419
2022-10-31,LPLA,Financials,-0.07322476104773445,0.017032603553080616
2022-10-31,MET,Financials,0.05478738485605228,-0.0028627745388860107
2022-10-31,MSCI,Financials,0.08601777771566477,0.02140828476706803
2022-10-31,NDAQ,Financials,0.09993603093168302,0.00642688914013563
2022-10-31,PGR,Financials,0.029205603292579374,-0.0034723607509856806
2022-10-31,PRU,Financials,0.03861093592341858,0.002435371103776132
2022-10-31,RJF,Financials,-0.010495989837567055,-0.0030541808400181072
2022-10-31,SEIC,Financials,0.14696119609322444,0.0022364004328677863
2022-10-31,SF,Financials,0.04340731177180457,0.021682951080788614
2022-10-31,SYF,Financials,0.05680564512999431,0.04667107767769472
2022-10-31,TRV,Financials,0.02900351903853271,0.002280858533342242
2022-10-31,UNM,Financials,-0.07479727898770572,0.019479255778944785
2022-10-31,WTW,Financials,0.12808776660354515,-0.0026492367783254693
2022-10-31,ABBV,Healthcare,0.10095607837953224,-0.00015567044338796882
2022-10-31,ABT,Healthcare,0.08732567537358338,0.010640888526395931
2022-10-31,AMGN,Healthcare,0.06666404665039738,0.0027339426991245704
2022-10-31,BAX,Healthcare,0.040110514666319874,0.003968491480553192
2022-10-31,BIIB,Healthcare,0.07666529353357676,-0.06900884974583892
2022-10-31,BMY,Healthcare,0.036271894625253154,-0.00636705971478688
2022-10-31,BSX,Healthcare,0.05010437988473271,0.0038349231690812356
2022-10-31,CI,Healthcare,0.018046228838327183,0.005564207857250904
2022-10-31,CVS,Healthcare,0.07581840860893285,0.0010678514388515505
2022-10-31,DHR,Healthcare,0.08638287920551502,0.0067874700503832396
2022-10-31,EW,Healthcare,0.06654700641330513,0.015343860202554696
2022-10-31,GILD,Healthcare,0.11942369828446098,0.005858044003300766
2022-10-31,HUM,Healthcare,-0.014657356689039225,-0.001147443315689653
2022-10-31,ISRG,Healthcare,0.0970504049550236,0.02233127795635852
2022-10-31,JNJ,Healthcare,0.029768888404948957,-0.005328450304061094
2022-10-31,LLY,Healthcare,0.027686719077061994,-0.00784970215062097
2022-10-31,MDT,Healthcare,-0.0950308440472023,0.013155492470255017
2022-10-31,MRK,Healthcare,0.08814240274900498,0.006743834221957309
2022-10-31,PFE,Healthcare,0.08613684323116133,0.0215156367307194
2022-10-31,REGN,Healthcare,0.003939943538062485,-0.03820219355542237
2022-10-31,SYK,Healthcare,0.020284351604893613,0.00035652280532154357
2022-10-31,TMO,Healthcare,0.0899858276570864,0.00818953453752277
2022-10-31,UNH,Healthcare,-0.013311755016841231,-0.006786560380335222
2022-10-31,VRTX,Healthcare,0.014102544540014028,0.003596434641130807
2022-10-31,ZBH,Healthcare,0.05954987012534496,0.0132660822594504
2022-10-31,A,Healthcare,0.12020209806285909,0.016215355163405935
2022-10-31,ACAD,Healthcare,-0.02807241070889943,0.07453279883993424
2022-10-31,ALGN,Healthcare,0.012146168673620172,0.05461571585450882
2022-10-31,ALKS,Healthcare,0.0916299495065176,0.04118230868233427
2022-10-31,BDX,Healthcare,0.05665994020226006,0.0031854911342897863
2022-10-31,DGX,Healthcare,0.056944218340700736,0.020673861403234545
2022-10-31,DXCM,Healthcare,-0.03725782451962856,0.030704414677384658
2022-10-31,FOLD,Healthcare,0.21000003814697266,0.06222244377579661
2022-10-31,HOLX,Healthcare,0.12330383826044411,0.004410841831559029
2022-10-31,IDXX,Healthcare,0.18402469914714015,0.029066836801388832
2022-10-31,INSP,Healthcare,0.23913829754177351,0.03130836951405776
2022-10-31,IQV,Healthcare,0.03982451555509359,0.019189482769699083
2022-10-31,MASI,Healthcare,0.10136774862607134,0.08621753260224338
2022-10-31,MTD,Healthcare,0.16177179463993885,0.017306274446027614
2022-10-31,NBIX,Healthcare,0.10371781208427944,0.018144270667100705
2022-10-31,NTRA,Healthcare,-0.1243611641065574,0.13072577976193195
2022-10-31,NVCR,Healthcare,0.08746097304683831,0.06917575533979095
2022-10-31,PODD,Healthcare,0.15671727499402754,0.033171015883201205
2022-10-31,RARE,Healthcare,-0.10281759618251185,0.056758126231575515
2022-10-31,RMD,Healthcare,0.031228095042383774,0.005866133005804894
2022-10-31,WAT,Healthcare,0.15853859192755682,0.021735924868788985
2022-10-31,AMZN,Consumer,-0.05759470309709913,0.023583356501347297
2022-10-31,AZO,Consumer,0.018208568633854227,0.006735756994639047
2022-10-31,BKNG,Consumer,0.1123147081694591,0.0302633756234031
2022-10-31,CMG,Consumer,0.08584889093584547,0.019003021202291668
2022-10-31,COST,Consumer,0.07527410748324681,0.00555163998810447
2022-10-31,DG,Consumer,0.002470139064993493,0.014536501609247516
2022-10-31,DLTR,Consumer,-0.05179814961430407,0.01962456490386409
2022-10-31,DRI,Consumer,0.026897177271496986,0.013195464458626694
2022-10-31,EBAY,Consumer,0.14632382647294961,0.034677918341895285
2022-10-31,HD,Consumer,0.1006987143246405,0.01888408469204657
2022-10-31,HLT,Consumer,0.055624005883459615,0.011157737437545506
2022-10-31,KR,Consumer,0.04595163012909742,0.010013746025546626
2022-10-31,LOW,Consumer,0.09027961276390273,0.012923076314130411
2022-10-31,LULU,Consumer,0.15581688451929487,0.02714805490695837
2022-10-31,MAR,Consumer,0.03530702810119801,0.016422601717539155
2022-10-31,MCD,Consumer,0.00611159270639039,-0.0007224465670254629
2022-10-31,MGM,Consumer,0.03626653086925957,0.03676114123988839
2022-10-31,NKE,Consumer,0.1835346821645225,0.03211303177408162
2022-10-31,ORLY,Consumer,0.032693519325173614,0.004317439345003204
2022-10-31,ROST,Consumer,0.2297001986657785,0.02940235273193679
2022-10-31,SBUX,Consumer,0.1870579376210737,0.015513830455125126
2022-10-31,TGT,Consumer,0.023549128198248503,0.03193158988370267
2022-10-31,TJX,Consumer,0.11486409184222279,0.013854105811359905
2022-10-31,WMT,Consumer,0.07089178346206526,0.00532649614376755
2022-10-31,YUM,Consumer,0.09302051470459927,0.004676318048971208
2022-10-31,BBY,Consumer,0.24689398726052514,0.0473779703388894
2022-10-31,CCL,Consumer,0.09602642108450077,0.0653412283534859
2022-10-31,CHDN,Consumer,0.06757725745364351,0.02250464562375905
2022-10-31,CMCSA,Consumer,0.15437919065193428,0.026663836084603675
2022-10-31,CZR,Consumer,0.16190262760502705,0.06514762928641664
2022-10-31,DIS,Consumer,-0.0813778427873264,0.021043865135092692
2022-10-31,DKNG,Consumer,-0.030379777855453316,0.11280671599340478
2022-10-31,F,Consumer,0.05050842712300918,0.054780303045992004
2022-10-31,FOX,Consumer,0.12205875856625803,0.010970366654723599
2022-10-31,GM,Consumer,0.03337603736597816,0.04368277657426384
2022-10-31,GRMN,Consumer,0.0562240903265494,0.0237404810220025
2022-10-31,H,Consumer,0.06485509630733666,0.0220043289833712
2022-10-31,IHG,Consumer,0.07257472674456578,0.008266156011041673
2022-10-31,LVS,Consumer,0.2323073517672969,0.019975753789985617
2022-10-31,NCLH,Consumer,-0.026642917220388806,0.06863989406798326
2022-10-31,NFLX,Consumer,0.046765786760407435,0.06766840365046754
2022-10-31,PENN,Consumer,0.06314200147839699,0.07252456446558472
2022-10-31,POOL,Consumer,0.08629566737478367,0.03146613967173738
2022-10-31,RCL,Consumer,0.12270504976778551,0.056398041493186904
2022-10-31,SIRI,Consumer,0.07857344557463852,0.0002561944005911483
2022-10-31,TSLA,Consumer,-0.14432626046795272,0.04932268386521044
2022-10-31,WBD,Consumer,-0.12307695242074823,0.05900909135279056
2022-10-31,WYNN,Consumer,0.30923294713994554,0.01964165814270507
2022-10-31,APA,Energy,0.030576184846909715,0.03333592702687887
2022-10-31,BA,Energy,0.25521024333652575,0.03762727976844202
2022-10-31,CAT,Energy,0.09216497361740017,0.012269464956386164
2022-10-31,COP,Energy,-0.01671805623153544,0.017243733364265046
2022-10-31,CVX,Energy,0.02116082366184746,0.007224837378892301
2022-10-31,DE,Energy,0.11414265950366187,0.015612871049351943
2022-10-31,DVN,Energy,-0.11415612279465936,0.030695427202338067
2022-10-31,EOG,Energy,0.03962774179077533,0.021927345145035963
2022-10-31,FDX,Energy,0.13688518869028443,0.042002297573130135
2022-10-31,GD,Energy,0.010368484220788288,-0.0037710553147907236
2022-10-31,GE,Energy,0.10487088744994422,0.027777837739281854
2022-10-31,HAL,Energy,0.040362424718586754,0.03686271945359332
2022-10-31,HON,Energy,0.08138983422913171,0.008350264612257767
2022-10-31,LMT,Energy,0.003155157519052265,0.006122466325005993
2022-10-31,MMM,Energy,0.013156954592193237,0.015117131865751374
2022-10-31,MPC,Energy,0.07879513679089523,0.005204030184447659
2022-10-31,NOC,Energy,-0.025405339453997144,0.004674701105495928
2022-10-31,OXY,Energy,-0.04283741082581649,0.035786282629835756
2022-10-31,PSX,Energy,0.04895025843677625,0.024525093084205064
2022-10-31,RTX,Energy,0.0472355007872729,-0.000701622066922987
2022-10-31,SLB,Energy,-0.009225424762291934,0.03638246696174393
2022-10-31,UNP,Energy,0.10292155544712989,0.002717609006500192
2022-10-31,UPS,Energy,0.14147222187285458,0.016456872953445043
2022-10-31,VLO,Energy,0.07174141418505986,0.027453261373239383
2022-10-31,XOM,Energy,0.01287151352775795,0.01840103112669839
2022-10-31,AME,Energy,0.09841123030698129,-0.0025113409758513207
2022-10-31,BE,Energy,0.13789427885091765,0.09630669499659368
2022-10-31,BKR,Energy,0.05626264979095352,0.02925307535513189
2022-10-31,CTRA,Energy,-0.08122713334401321,0.03571004088499652
2022-10-31,EMR,Energy,0.11222672549273494,0.0011447184576627786
2022-10-31,ENPH,Energy,0.04426708904850374,0.06515549282252028
2022-10-31,ETN,Energy,0.09476381427095149,0.006299574374397253
2022-10-31,FSLR,Energy,0.18520292710456387,0.05325673024992415
2022-10-31,FTV,Energy,0.05824889122488286,0.013164327737595957
2022-10-31,GNRC,Energy,-0.08963857036301204,0.06576046901855188
2022-10-31,HUBB,Energy,0.07464023863160008,0.001136355036204434
2022-10-31,MTDR,Energy,2.9409654491052706e-05,0.044312225747380266
2022-10-31,PH,Energy,0.03338025541775824,0.006040946640261318
2022-10-31,PLUG,Energy,-0.0012515334582141602,0.09171130454859114
2022-10-31,PR,Energy,0.0447060420806622,0.05700399577912392
2022-10-31,ROK,Energy,0.03978012234677064,0.02085248023010133
2022-10-31,ROP,Energy,0.05873985106094848,0.0036739379147856955
2022-10-31,SM,Energy,-0.041574035919611174,0.05425035111667256
2022-10-31,VRSK,Energy,0.004813083661131312,0.004581644827424583
2022-10-31,WMB,Energy,0.06018950186422822,0.011038761448838866
2022-10-31,XYL,Energy,0.09977589594053615,0.03167291465865422
2022-11-30,AAPL,Technology,-0.12227252966246238,-0.007795431638818923
2022-11-30,ADBE,Technology,-0.02435275005029791,0.055586767722871896
2022-11-30,AMAT,Technology,-0.11149639117085797,0.04544048452453442
2022-11-30,AMD,Technology,-0.1656576203187402,0.07265326215285889
2022-11-30,AVGO,Technology,0.023166198871423793,0.015615651036191251
2022-11-30,CDNS,Technology,-0.06626362672267827,0.029356172260830926
2022-11-30,CRM,Technology,-0.17260532058122635,0.05234050923281433
2022-11-30,CRWD,Technology,-0.10505737739096244,0.06995113364486612
2022-11-30,FTNT,Technology,-0.0803235603841248,0.03143312937772297
2022-11-30,GOOGL,Technology,-0.1263490639226017,0.027172267834253486
2022-11-30,INTC,Technology,-0.12105090017758657,0.01458871770967569
2022-11-30,INTU,Technology,-0.045069940640309225,0.04160041198316257
2022-11-30,KLAC,Technology,-0.041002217004537655,0.034382333728955654
2022-11-30,LRCX,Technology,-0.10693233118090739,0.04276991632087819
2022-11-30,META,Technology,0.018967095214665664,0.07898161608354037
2022-11-30,MSFT,Technology,-0.06004539064828418,0.020295427286601875
2022-11-30,MU,Technology,-0.1310714405435791,0.04589613779377985
2022-11-30,NET,Technology,-0.07997558717926345,0.09477286249841395
2022-11-30,NOW,Technology,-0.06733128349486006,0.022669592493652153
2022-11-30,NVDA,Technology,-0.1364415430004582,0.06488657650369085
2022-11-30,ORCL,Technology,-0.01553655443982771,0.030257025039395605
2022-11-30,PANW,Technology,-0.17869335904066674,0.021260607612441158
2022-11-30,QCOM,Technology,-0.1308402804049369,0.03978530271501163
2022-11-30,SNPS,Technology,-0.05963951078042362,0.03532176929805622
2022-11-30,TXN,Technology,-0.0844506505367093,0.008278457604037417
2022-11-30,ACN,Technology,-0.11328220236492326,0.025523448350671323
2022-11-30,ADI,Technology,-0.04159039004545462,0.014674726197027073
2022-11-30,ANET,Technology,-0.12885860864602627,0.013136967463889301
2022-11-30,CGNX,Technology,-0.05363601357963199,0.04363158586051033
2022-11-30,COHU,Technology,-0.1052484782211881,0.009633013936564922
2022-11-30,CSCO,Technology,-0.04183424631382626,0.022569699076312077
2022-11-30,DELL,Technology,-0.10203174268508597,0.0278081099107427
2022-11-30,ENTG,Technology,-0.1513780463720109,0.0466871956733981
2022-11-30,FORM,Technology,-0.03641093037276222,0.06098554996622703
2022-11-30,HPQ,Technology,-0.09734546614385198,0.01681649563952121
2022-11-30,IBM,Technology,-0.053794430311977615,-0.007607585297113039
2022-11-30,IPGP,Technology,0.03998681136395099,0.06594351003658268
2022-11-30,KEYS,Technology,-0.05428709214751448,0.021295542859198945
2022-11-30,MCHP,Technology,-0.11289322912729971,0.03127184438011601
2022-11-30,MKSI,Technology,0.01037437081712489,0.0477476639123279
2022-11-30,MPWR,Technology,-0.07217748817284309,0.054876919588390125
2022-11-30,MRVL,Technology,-0.20378344716937313,0.0626832319746993
2022-11-30,NXPI,Technology,-0.09690730673170578,0.03558304947975508
2022-11-30,ONTO,Technology,-0.14834272749290356,0.04598965692927263
2022-11-30,QRVO,Technology,-0.08675063587255982,0.05022481831236761
2022-11-30,STX,Technology,0.007028135659135737,0.04476171873768339
2022-11-30,SWKS,Technology,-0.04695676508619384,0.04125735420552324
2022-11-30,TER,Technology,-0.06527555435287702,0.05615290919663771
2022-11-30,VRSN,Technology,0.02817670463380062,0.010063303027034917
2022-11-30,WDC,Technology,-0.14149660267390518,0.035680924710742565
2022-11-30,AXP,Financials,-0.062440558928963386,0.016835618460755465
2022-11-30,BAC,Financials,-0.1198512678879835,0.02221330974610439
2022-11-30,BK,Financials,-0.008278723417669331,0.03358821541584178
2022-11-30,BLK,Financials,-0.00347044839521915,0.024122895172618848
2022-11-30,C,Financials,-0.06568887765216858,0.03133606130777322
2022-11-30,CFG,Financials,-0.07102394588045191,0.024918282624629973
2022-11-30,CME,Financials,-0.01626797906778943,0.019471310296986916
2022-11-30,COF,Financials,-0.09957368105623332,0.02690119051966383
2022-11-30,FITB,Financials,-0.08844143677810323,0.020345927492907846
2022-11-30,GS,Financials,-0.11075996888376549,0.015863135905343984
2022-11-30,HBAN,Financials,-0.078754675806198,0.003364372947184009
2022-11-30,ICE,Financials,-0.04941564779322183,0.02007358961560371
2022-11-30,JPM,Financials,-0.029526679147893642,0.023032375999491036
2022-11-30,KEY,Financials,-0.07389669248041009,0.022426445906879488
2022-11-30,MCO,Financials,-0.06587995372920064,0.020822688675226093
2022-11-30,MS,Financials,-0.08649421226120357,0.022806282219250136
2022-11-30,MTB,Financials,-0.1468060355842602,0.01561132449495483
2022-11-30,PNC,Financials,-0.0613333571697251,0.01875877880286649
2022-11-30,RF,Financials,-0.06240853285890191,0.011310071314121718
2022-11-30,SCHW,Financials,0.008722973228273201,0.026792454757765448
2022-11-30,SPGI,Financials,-0.050623504118922136,0.023837566997263172
2022-11-30,STT,Financials,-0.018465349987056956,0.03250424265084833
2022-11-30,TFC,Financials,-0.08075218269636375,0.02909304940224996
2022-11-30,USB,Financials,-0.028458387788516726,0.021191858333749067
2022-11-30,WFC,Financials,-0.1388947806535642,0.023470212921691068
2022-11-30,AFL,Financials,0.0001389917085750092,-0.006354227655992164
2022-11-30,AJG,Financials,-0.05065479212647106,-0.010290827425202313
2022-11-30,ALL,Financials,0.012696168250304174,0.014360696963064603
2022-11-30,AMTD,Financials,-0.08629437651643901,0.33812676185707324
2022-11-30,AON,Financials,-0.026404505268330936,0.01366173016201947
2022-11-30,CB,Financials,0.008459921169724494,-0.011664769661978925
2022-11-30,FDS,Financials,-0.13024353394006982,0.00953635393734291
2022-11-30,FNF,Financials,-0.018984123774530626,0.019508663258840854
2022-11-30,GL,Financials,0.004918331080304927,-0.006752851983254215
2022-11-30,HIG,Financials,-0.007071023309747626,-0.005327771794245113
2022-11-30,IBKR,Financials,-0.09900380581599211,0.007831599694325765
2022-11-30,LPLA,Financials,-0.08677279881284727,0.00956963587135612
2022-11-30,MET,Financials,-0.05645356078523722,-0.0095782673800744
2022-11-30,MSCI,Financials,-0.08400428209476818,0.026330594847671647
2022-11-30,NDAQ,Financials,-0.10123082381435322,0.018514477871148148
2022-11-30,PGR,Financials,-0.01846388027661683,0.0008260054297820445
2022-11-30,PRU,Financials,-0.07932976035936579,-0.002968923456374551
2022-11-30,RJF,Financials,-0.08240223300513816,-0.0027703866293905498
2022-11-30,SEIC,Financials,-0.05702537540461694,-0.002980427161637312
2022-11-30,SF,Financials,-0.09151741934454904,0.015544284496983297
2022-11-30,SYF,Financials,-0.12559857530988872,0.02884738302899963
2022-11-30,TRV,Financials,-0.007313476941605446,-0.005170681444178173
2022-11-30,UNM,Financials,-0.027264270890745568,0.017687552094251362
2022-11-30,WTW,Financials,-0.0030369378246086765,-0.0012950983800838166
2022-11-30,ABBV,Healthcare,0.0026677598324509333,0.005979337817383853
2022-11-30,ABT,Healthcare,0.020542879083948584,0.021101359875668458
2022-11-30,AMGN,Healthcare,-0.08296073981001684,-0.009488386542611575
2022-11-30,BAX,Healthcare,-0.09370566121033175,0.031622509263452926
2022-11-30,BIIB,Healthcare,-0.09257134959850744,0.027589462506192215
2022-11-30,BMY,Healthcare,-0.10376171291325487,-0.012613798775066905
2022-11-30,BSX,Healthcare,0.022089683894149337,0.0014562040934455386
2022-11-30,CI,Healthcare,0.01090931278360574,0.006935287359368367
2022-11-30,CVS,Healthcare,-0.08529637992526917,0.01334715609200239
2022-11-30,DHR,Healthcare,-0.02828676238011829,0.02850244582590071
2022-11-30,EW,Healthcare,-0.03417474938056231,0.04733028696928059
2022-11-30,GILD,Healthcare,-0.014436781024127043,-0.01730963096552335
2022-11-30,HUM,Healthcare,-0.06714964903604392,0.010797726713849331
2022-11-30,ISRG,Healthcare,-0.018639773186428177,0.03148420298912422
2022-11-30,JNJ,Healthcare,-0.007584396771153301,-0.009139301719987558
2022-11-30,LLY,Healthcare,-0.014120970731853366,0.0015034191874539644
2022-11-30,MDT,Healthcare,-0.007952930328705365,0.01259920145175109
2022-11-30,MRK,Healthcare,0.014212598661606402,-8.592234997998119e-05
2022-11-30,PFE,Healthcare,0.022142216971711592,0.021359594703183934
2022-11-30,REGN,Healthcare,-0.040188964318356724,-0.005853550420679598
2022-11-30,SYK,Healthcare,0.04857488875823668,0.007745344501459861
2022-11-30,TMO,Healthcare,-0.016494740944450248,0.02250771570069781
2022-11-30,UNH,Healthcare,-0.029110564758580093,-0.005237470386166704
2022-11-30,VRTX,Healthcare,-0.0872945500947887,-0.017382096432258496
2022-11-30,ZBH,Healthcare,0.06362864977053517,0.015645271016368874
2022-11-30,A,Healthcare,-0.032951174601808075,0.02082290797266878
2022-11-30,ACAD,Healthcare,0.02182285970814135,0.08225818883181565
2022-11-30,ALGN,Healthcare,0.072409183205556,0.08574719620051593
2022-11-30,ALKS,Healthcare,0.05447935579955976,0.03804795673572017
2022-11-30,BDX,Healthcare,0.023671860461799143,0.004407320358588648
2022-11-30,DGX,Healthcare,0.03036296222256296,0.010731322515628578
2022-11-30,DXCM,Healthcare,-0.026143798997601997,0.015581679929169812
2022-11-30,FOLD,Healthcare,0.00909088043052475,0.07986834838550796
2022-11-30,HOLX,Healthcare,-0.01772591962449277,0.006163112164705513
2022-11-30,IDXX,Healthcare,-0.042055096314500995,0.04788310288042124
2022-11-30,INSP,Healthcare,0.04267912922135397,0.03698572279482436
2022-11-30,IQV,Healthcare,-0.06022385389188345,0.006163612680751305
2022-11-30,MASI,Healthcare,0.02076717577021414,0.11111218598693681
2022-11-30,MTD,Healthcare,-0.01640634370870586,0.02245667873397848
2022-11-30,NBIX,Healthcare,-0.05997162965215341,0.02318298903929221
2022-11-30,NTRA,Healthcare,-0.023103131994558823,0.13723921063551794
2022-11-30,NVCR,Healthcare,-0.045419026940382246,0.061619794723015986
2022-11-30,PODD,Healthcare,-0.016634868390202562,0.030954847192634298
2022-11-30,RARE,Healthcare,0.2763086172121456,0.06040959803097601
2022-11-30,RMD,Healthcare,-0.09587307772498721,0.0312940829627999
2022-11-30,WAT,Healthcare,-0.01159844045141012,0.018144048836803376
2022-11-30,AMZN,Consumer,-0.1298943525647971,0.04482373933989528
2022-11-30,AZO,Consumer,-0.043745664350281155,0.006251206463577628
2022-11-30,BKNG,Consumer,-0.03085922805538288,0.02918757919085456
2022-11-30,CMG,Consumer,-0.14718862559197254,0.03398613156017669
2022-11-30,COST,Consumer,-0.1534538347670773,0.008791306391493363
2022-11-30,DG,Consumer,-0.034741332617193255,0.005906817114378762
2022-11-30,DLTR,Consumer,-0.058886095149910056,0.010133210538260592
2022-11-30,DRI,Consumer,-0.05891594059815919,0.00013385534043430444
2022-11-30,EBAY,Consumer,-0.08736770350595746,0.040769219572376426
2022-11-30,HD,Consumer,-0.025093247716099998,0.028291435752127468
2022-11-30,HLT,Consumer,-0.1140091391494149,0.00940623295196048
2022-11-30,KR,Consumer,-0.0937182734295684,0.024873657203020122
2022-11-30,LOW,Consumer,-0.06262063596988143,0.022527838477439693
2022-11-30,LULU,Consumer,-0.15758195435434996,0.027356734022214255
2022-11-30,MAR,Consumer,-0.09954660889523959,0.005047946115648476
2022-11-30,MCD,Consumer,-0.033945613392310725,-0.010764067745359839
2022-11-30,MGM,Consumer,-0.09026684486615422,0.022624566208861774
2022-11-30,NKE,Consumer,0.07000783614263595,0.03621147965419157
2022-11-30,ORLY,Consumer,-0.023723649030917615,0.011790544251033491
2022-11-30,ROST,Consumer,-0.011021202821873799,0.019156947598074243
2022-11-30,SBUX,Consumer,-0.029354118730442913,0.039576456989920614
2022-11-30,TGT,Consumer,-0.10791876095527209,0.03221990590646061
2022-11-30,TJX,Consumer,-0.005621284383926284,0.008656483633778484
2022-11-30,WMT,Consumer,-0.06623486392612798,0.0043673603985307195
2022-11-30,YUM,Consumer,-0.004508065350667945,0.00531165966603518
2022-11-30,BBY,Consumer,-0.04944714407325912,0.04619822765729652
2022-11-30,CCL,Consumer,-0.18831814519824974,0.05955565738022828
2022-11-30,CHDN,Consumer,-0.04436685519567596,0.014886245707113237
2022-11-30,CMCSA,Consumer,-0.045578427042763825,0.027029622836541114
2022-11-30,CZR,Consumer,-0.1812635829608792,0.05990919681243055
2022-11-30,DIS,Consumer,-0.11229194320601277,0.037865805047765
2022-11-30,DKNG,Consumer,-0.25652737792346003,0.13204486867937026
2022-11-30,F,Consumer,-0.1633096380944261,0.050735004045328005
2022-11-30,FOX,Consumer,-0.0678243456814166,0.0247658187646499
2022-11-30,GM,Consumer,-0.16876710715556176,0.038964560288881345
2022-11-30,GRMN,Consumer,9.168827292072024e-06,0.029905507479630722
2022-11-30,H,Consumer,-0.09838513478837596,0.010607991088084528
2022-11-30,IHG,Consumer,-0.008160396881829901,0.008620316855234211
2022-11-30,LVS,Consumer,0.026259743177096784,0.03775685828616564
2022-11-30,NCLH,Consumer,-0.25547449066309946,0.042009144880203714
2022-11-30,NFLX,Consumer,-0.03485741643246454,0.11096050844259736
2022-11-30,PENN,Consumer,-0.15601017556171937,0.07370722368326624
2022-11-30,POOL,Consumer,-0.08220751303177554,0.04284096731510874
2022-11-30,RCL,Consumer,-0.17520453140573944,0.03184498166736856
2022-11-30,SIRI,Consumer,-0.10015406286694206,0.003417524808374102
2022-11-30,TSLA,Consumer,-0.3673343490707852,0.06404565742658841
2022-11-30,WBD,Consumer,-0.16842106495977915,0.06796286145262412
2022-11-30,WYNN,Consumer,-0.01422418101369527,0.041518805390095864
2022-11-30,APA,Energy,-0.003628682102109093,0.01784940699926353
2022-11-30,BA,Energy,0.06490384779426561,0.04913598208943864
2022-11-30,CAT,Energy,0.013324033497963406,-0.0020618702831490705
2022-11-30,COP,Energy,-0.03865124614794413,0.010802248505096384
2022-11-30,CVX,Energy,-0.020839024222809255,-0.0032247425381423563
2022-11-30,DE,Energy,-0.02503524030396298,0.011508090026879983
2022-11-30,DVN,Energy,-0.08280668519021617,0.014175878506619766
2022-11-30,EOG,Energy,-0.07656997557464429,0.009551204467580024
2022-11-30,FDX,Energy,-0.0430991729605229,0.03275203352569446
2022-11-30,GD,Energy,-0.01695799380407992,-0.010577641023861196
2022-11-30,GE,Energy,-0.02441600020646062,0.03110369886469188
2022-11-30,HAL,Energy,0.041986760867628314,0.02760659406536082
2022-11-30,HON,Energy,-0.023912686040959863,0.000244076121606783
2022-11-30,LMT,Energy,0.0026793113623673204,-0.015720242468120624
2022-11-30,MMM,Energy,-0.04802738607302515,0.017086402856352028
2022-11-30,MPC,Energy,-0.04449552338057439,0.0075944144129392165
2022-11-30,NOC,Energy,0.023101773149413862,0.0008526824450579944
2022-11-30,OXY,Energy,-0.09168530995566737,0.031221776577971483
2022-11-30,PSX,Energy,-0.04020657348415402,0.009898694844326879
2022-11-30,RTX,Energy,0.0222850855262553,-0.00011027671203134998
2022-11-30,SLB,Energy,0.04059550226500419,0.014277602986983693
2022-11-30,UNP,Energy,-0.04178010913780672,0.019875666890839062
2022-11-30,UPS,Energy,-0.0837504507109359,0.023229708200286872
2022-11-30,VLO,Energy,-0.05059105791972007,0.025428192582204263
2022-11-30,XOM,Energy,-0.00934055113970289,0.007665426395729025
2022-11-30,AME,Energy,-0.017436549375112187,0.000937276654858283
2022-11-30,BE,Energy,-0.10192578595481927,0.09515299337661211
2022-11-30,BKR,Energy,0.017573944324756452,0.03458694893577026
2022-11-30,CTRA,Energy,-0.11967035990569519,0.026961148734717673
2022-11-30,EMR,Energy,0.0030279469045215723,-0.00021271095121396313
2022-11-30,ENPH,Energy,-0.17352383267811144,0.07926155089213827
2022-11-30,ETN,Energy,-0.03976754781323266,0.006648291363504921
2022-11-30,FSLR,Energy,-0.13180319743845503,0.06976096047822473
2022-11-30,FTV,Energy,-0.04885267425392803,0.018612259990973632
2022-11-30,GNRC,Energy,-0.04605755435528036,0.09777801124706773
2022-11-30,HUBB,Energy,-0.07628131530397086,0.00026308738454271577
2022-11-30,MTDR,Energy,-0.1374321752131571,0.025073063870017207
2022-11-30,PH,Energy,-0.026560520882616512,0.005617043148500568
2022-11-30,PLUG,Energy,-0.22493735238140422,0.11198081960252919
2022-11-30,PR,Energy,-0.0748034803262303,0.03033815885867648
2022-11-30,ROK,Energy,-0.025168206776712054,0.031243227190055192
2022-11-30,ROP,Energy,-0.015493802109447063,0.0039051810776535995
2022-11-30,SM,Energy,-0.19206679257775505,0.046781330052805235
2022-11-30,VRSK,Energy,-0.03806759610510724,0.012330430231990094
2022-11-30,WMB,Energy,-0.03979603618876393,0.0005690633551089994
2022-11-30,XYL,Energy,-0.015843266020503233,0.03514974147203442
2022-12-31,AAPL,Technology,0.11052109137913191,-0.007155167495887238
2022-12-31,ADBE,Technology,0.10046651912528914,0.017702561231916155
2022-12-31,AMAT,Technology,0.14489624692787118,0.003381001858450621
2022-12-31,AMD,Technology,0.16025946303524585,0.008902044078049412
2022-12-31,AVGO,Technology,0.04628616813016384,-0.010245417459606162
2022-12-31,CDNS,Technology,0.13813497588220347,-0.006234001190480936
2022-12-31,CRM,Technology,0.26683772225237545,0.02880496723422686
2022-12-31,CRWD,Technology,0.005793528398209125,0.05106464592235219
2022-12-31,FTNT,Technology,0.07056659451850855,0.023680355934383526
2022-12-31,GOOGL,Technology,0.12025376106601682,0.0001431837183424739
2022-12-31,INTC,Technology,0.06923954329654891,0.002240179968342972
2022-12-31,INTU,Technology,0.08813718483741129,0.02372105474423316
2022-12-31,KLAC,Technology,0.04097817639523682,-0.005483543745446833
2022-12-31,LRCX,Technology,0.18986454809358433,0.005444874912562986
2022-12-31,META,Technology,0.23790921504192553,0.03158119223680415
2022-12-31,MSFT,Technology,0.033316397746480764,-0.009721490025617514
2022-12-31,MU,Technology,0.20648273364960024,0.01723673801931434
2022-12-31,NET,Technology,0.17031632202762004,0.06471229359114178
2022-12-31,NOW,Technology,0.172199780610939,0.014231770622190679
2022-12-31,NVDA,Technology,0.336868887731014,0.012528223116293124
2022-12-31,ORCL,Technology,0.0862699519603285,0.028376404385722948
2022-12-31,PANW,Technology,0.13687836478786575,0.01785655229666917
2022-12-31,QCOM,Technology,0.21166072077259557,0.005888461469826817
2022-12-31,SNPS,Technology,0.10792693329841496,-0.008241798746648717
2022-12-31,TXN,Technology,0.08021332665478575,-0.010875676629329471
2022-12-31,ACN,Technology,0.05003528679935587,0.002695827055963492
2022-12-31,ADI,Technology,0.04535768803955387,-0.01853985615534777
2022-12-31,ANET,Technology,0.038483710157946494,0.012947060914872929
2022-12-31,CGNX,Technology,0.16196134556629715,0.02776483401189793
2022-12-31,COHU,Technology,0.12574111357026507,0.005073468719123399
2022-12-31,CSCO,Technology,0.029783094862941395,0.012599606029205335
2022-12-31,DELL,Technology,0.01813231379400526,0.0056725026425116405
2022-12-31,ENTG,Technology,0.23211666278989118,0.006172999253939115
2022-12-31,FORM,Technology,0.26585694867799203,0.006253328015467834
2022-12-31,HPQ,Technology,0.08448073578855064,0.0007962777377610968
2022-12-31,IBM,Technology,-0.04372234120742058,-0.008062690940067913
2022-12-31,IPGP,Technology,0.18411324223404657,0.0331230756891731
2022-12-31,KEYS,Technology,0.04840123005083119,0.010720763161336206
2022-12-31,MCHP,Technology,0.10491107393494081,-0.013661927671847457
2022-12-31,MKSI,Technology,0.20760080222563904,-0.004737280014244637
2022-12-31,MPWR,Technology,0.20630087639924333,0.005018910908268911
2022-12-31,MRVL,Technology,0.16686928384757405,0.0078093643736176135
2022-12-31,NXPI,Technology,0.1662974929176957,0.007851865184573764
2022-12-31,ONTO,Technology,0.15508893752299802,0.009934955800367386
2022-12-31,QRVO,Technology,0.198808521555649,0.002959170467386186
2022-12-31,STX,Technology,0.2883484337030149,0.018431808010124957
2022-12-31,SWKS,Technology,0.2034457117390116,0.008766965963849377
2022-12-31,TER,Technology,0.16428161839941668,0.016730613459718168
2022-12-31,VRSN,Technology,0.06138045852550489,0.016596505280643735
2022-12-31,WDC,Technology,0.3930269482371693,0.006510783903924438
2022-12-31,AXP,Financials,0.18806322885507898,-0.0022138840663202125
2022-12-31,BAC,Financials,0.07125581148222704,0.012098655477171209
2022-12-31,BK,Financials,0.11940655077214646,0.009350452710516865
2022-12-31,BLK,Financials,0.07137715035137249,-0.013847102900816192
2022-12-31,C,Financials,0.15454337186965472,0.0060667943327668405
2022-12-31,CFG,Financials,0.11110990835689427,0.0158295371134399
2022-12-31,CME,Financials,0.05054697853907353,0.01115064254541841
2022-12-31,COF,Financials,0.2801202715160107,-0.003756588146969081
2022-12-31,FITB,Financials,0.10606545010238899,0.008928280570224111
2022-12-31,GS,Financials,0.06532117946846627,-0.002137169944497138
2022-12-31,HBAN,Financials,0.07588657462081749,0.012419869275059997
2022-12-31,ICE,Financials,0.048347847913612796,0.0051059074082942316
2022-12-31,JPM,Financials,0.05140812577698339,0.0072306112894709555
2022-12-31,KEY,Financials,0.10160731548007829,0.000974703737512312
2022-12-31,MCO,Financials,0.15838790849202367,-0.012236391018757481
2022-12-31,MS,Financials,0.1540234406413481,-0.0053361420989653865
2022-12-31,MTB,Financials,0.07541691753686464,0.0029513485617467944
2022-12-31,PNC,Financials,0.05681290960094776,0.0027614339383277165
2022-12-31,RF,Financials,0.09183671694337936,0.00515065819729206
2022-12-31,SCHW,Financials,-0.07014183788194606,0.02254172358968732
2022-12-31,SPGI,Financials,0.11942442554517219,-0.005579873562842629
2022-12-31,STT,Financials,0.17738841701293295,0.013598206174136242
2022-12-31,TFC,Financials,0.14780402823402805,0.0009999331328797052
2022-12-31,USB,Financials,0.14194001331750683,0.004583566495264851
2022-12-31,WFC,Financials,0.13514173531802198,0.011327197741441121
2022-12-31,AFL,Financials,0.021684591447365564,-0.005955701030247736
2022-12-31,AJG,Financials,0.03808226628963296,0.0016219147892366469
2022-12-31,ALL,Financials,-0.05258121625618284,-0.009018685336774548
2022-12-31,AMTD,Financials,-0.07222219622184267,0.3384393186874856
2022-12-31,AON,Financials,0.06364687413542391,-0.006099758170690837
2022-12-31,CB,Financials,0.03123297340247122,-0.006418865946900075
2022-12-31,FDS,Financials,0.054161222010488785,0.0047074959612204564
2022-12-31,FNF,Financials,0.17038818004437983,0.00898731166964539
2022-12-31,GL,Financials,0.004229124788750704,0.0016308814756477163
2022-12-31,HIG,Financials,0.023473603174310798,-0.010243116773036551
2022-12-31,IBKR,Financials,0.10490645120587261,0.023804015383241568
2022-12-31,LPLA,Financials,0.09691416524909857,0.028053697834604863
2022-12-31,MET,Financials,0.008981631605593066,-0.006379669040607765
2022-12-31,MSCI,Financials,0.14272188785777407,0.0049752885464985595
2022-12-31,NDAQ,Financials,-0.01890792667172303,0.007597407967206978
2022-12-31,PGR,Financials,0.051992745507116744,-0.0036839911920272667
2022-12-31,PRU,Financials,0.055097598456063324,-0.005685871463325755
2022-12-31,RJF,Financials,0.055404834877035514,0.014084411422533003
2022-12-31,SEIC,Financials,0.0708405727988266,-0.023625209366393243
2022-12-31,SF,Financials,0.15487412618031038,0.005418035855086297
2022-12-31,SYF,Financials,0.1177722848723548,0.008615679068110437
2022-12-31,TRV,Financials,0.019361167668737522,-0.0032598663746298273
2022-12-31,UNM,Financials,0.03259156120292528,0.0216794431649847
2022-12-31,WTW,Financials,0.039291765305954574,-0.010524026573550112
2022-12-31,ABBV,Healthcare,-0.07707103977785834,-0.0029876175507898353
2022-12-31,ABT,Healthcare,0.011481281647934383,-0.0039012372646664226
2022-12-31,AMGN,Healthcare,-0.03898875276644809,-0.012671896936711738
2022-12-31,BAX,Healthcare,-0.10359028718308105,0.00991162645624121
2022-12-31,BIIB,Healthcare,0.050483821287254926,0.042653980176483544
2022-12-31,BMY,Healthcare,0.017716904270556277,-0.009274688401441487
2022-12-31,BSX,Healthcare,-0.0004322554044910998,-0.003815021961007768
2022-12-31,CI,Healthcare,-0.044274577371119395,0.003455997484629046
2022-12-31,CVS,Healthcare,-0.04679337290218477,-0.001505770955684882
2022-12-31,DHR,Healthcare,-0.003918277989657937,-0.003248738114580863
2022-12-31,EW,Healthcare,0.028012281474243172,0.021942336699655972
2022-12-31,GILD,Healthcare,-0.022247946180315004,0.013431696099602722
2022-12-31,HUM,Healthcare,-0.0009565944939015081,0.017534046642546208
2022-12-31,ISRG,Healthcare,-0.07409083553757223,0.021781659422198438
2022-12-31,JNJ,Healthcare,-0.07489379084811876,-0.009359820696402944
2022-12-31,LLY,Healthcare,-0.059288300807053385,0.006966196295197848
2022-12-31,MDT,Healthcare,0.07681424571691942,0.01192214636846323
2022-12-31,MRK,Healthcare,-0.031906258117180064,-0.0018333987642432555
2022-12-31,PFE,Healthcare,-0.13026133123572503,0.006336128445513321
2022-12-31,REGN,Healthcare,0.051255075024470687,0.012032253083692053
2022-12-31,SYK,Healthcare,0.038120291795225913,-0.0003578112627997537
2022-12-31,TMO,Healthcare,0.03566442552749449,-0.0059362034319374694
2022-12-31,UNH,Healthcare,-0.05845192487455675,-0.0021453188672988267
2022-12-31,VRTX,Healthcare,0.1188448212109321,0.005538203379056465
2022-12-31,ZBH,Healthcare,-0.001254756223893927,-0.009836696451613437
2022-12-31,A,Healthcare,0.016238015599077338,-0.004161011971652754
2022-12-31,ACAD,Healthcare,0.19535179619644483,0.06094130237013165
2022-12-31,ALGN,Healthcare,0.2789474575268085,0.040088771634323735
2022-12-31,ALKS,Healthcare,0.09605818252954723,0.01075693565954623
2022-12-31,BDX,Healthcare,-0.008179387228059554,-0.009864999988768504
2022-12-31,DGX,Healthcare,-0.04662911070992881,0.004537820456176393
2022-12-31,DXCM,Healthcare,-0.05430944579562347,0.07653833249211939
2022-12-31,FOLD,Healthcare,0.06797706151621097,0.05319119494633713
2022-12-31,HOLX,Healthcare,0.08768888386676199,-0.022441613726130967
2022-12-31,IDXX,Healthcare,0.17781157482181564,0.021140595743157985
2022-12-31,INSP,Healthcare,0.004684741356624222,0.01672590237646269
2022-12-31,IQV,Healthcare,0.11967399260824907,0.000983445803349716
2022-12-31,MASI,Healthcare,0.14957759607493815,0.058431413815477035
2022-12-31,MTD,Healthcare,0.06051409300095267,-0.001474816738955817
2022-12-31,NBIX,Healthcare,-0.07124917918856566,0.014252385576233435
2022-12-31,NTRA,Healthcare,0.06870804734973013,0.10599938318614757
2022-12-31,NVCR,Healthcare,0.24308114794774482,0.023292179429365893
2022-12-31,PODD,Healthcare,-0.024015785089252395,-0.015234491926585915
2022-12-31,RARE,Healthcare,-0.02158428578627225,0.047964130717244174
2022-12-31,RMD,Healthcare,0.09724669698388833,0.010243444819212074
2022-12-31,WAT,Healthcare,-0.04086636858176995,-0.0090032239655484
2022-12-31,AMZN,Consumer,0.22773806254069018,0.012908698390106312
2022-12-31,AZO,Consumer,-0.011081849152098866,0.014264685117588022
2022-12-31,BKNG,Consumer,0.20782228721705254,0.015451346131089807
2022-12-31,CMG,Consumer,0.18658877479768732,0.005600638223835257
2022-12-31,COST,Consumer,0.11969317094548071,0.007186091238438462
2022-12-31,DG,Consumer,-0.05137050259681353,0.007496401907349914
2022-12-31,DLTR,Consumer,0.061792916314432844,0.014432005566681769
2022-12-31,DRI,Consumer,0.07856766553360606,0.00708648006970455
2022-12-31,EBAY,Consumer,0.19363368255736724,0.002252646112563492
2022-12-31,HD,Consumer,0.026309333697795978,9.815662403176231e-05
2022-12-31,HLT,Consumer,0.14822734319487418,0.0037737278165214175
2022-12-31,KR,Consumer,0.0011217081374090832,0.015188830844183994
2022-12-31,LOW,Consumer,0.050599874318531635,-0.004005330190480529
2022-12-31,LULU,Consumer,-0.04213746112195105,0.01641193461157842
2022-12-31,MAR,Consumer,0.16985716690858954,0.0006001421242713793
2022-12-31,MCD,Consumer,0.014684991077131615,-0.0021969498646078785
2022-12-31,MGM,Consumer,0.23501346122865785,0.01947256023097602
2022-12-31,NKE,Consumer,0.0881977032305934,0.008787647191448892
2022-12-31,ORLY,Consumer,-0.06123002126098431,0.02154707021744297
2022-12-31,ROST,Consumer,0.018264939004803082,0.007697395531626881
2022-12-31,SBUX,Consumer,0.1002017071730621,0.0050637521764204056
2022-12-31,TGT,Consumer,0.15499198340482145,0.03444992782246442
2022-12-31,TJX,Consumer,0.028392055033916286,0.004872896422626796
2022-12-31,WMT,Consumer,0.01466991434370657,0.0005361258098868227
2022-12-31,YUM,Consumer,0.018972470360526517,-0.003156442134538775
2022-12-31,BBY,Consumer,0.106096462704103,-0.002967351189741115
2022-12-31,CCL,Consumer,0.34243155177521056,0.03825391998398829
2022-12-31,CHDN,Consumer,0.1734380824164179,0.011155490228768581
2022-12-31,CMCSA,Consumer,0.134005657347821,0.0051816789769542695
2022-12-31,CZR,Consumer,0.2514423866067441,0.02373087482832867
2022-12-31,DIS,Consumer,0.2487338361705751,0.024711002149512412
2022-12-31,DKNG,Consumer,0.31606666543305817,0.0822846765661948
2022-12-31,F,Consumer,0.16165104267819963,0.04341564125182066
2022-12-31,FOX,Consumer,0.11423541354061428,0.0011206941817462797
2022-12-31,GM,Consumer,0.16884676708580626,0.0408641310666517
2022-12-31,GRMN,Consumer,0.07140537879031661,0.004098782463833061
2022-12-31,H,Consumer,0.20641249474810208,0.010063724419395272
2022-12-31,IHG,Consumer,0.21271858281250444,0.0014659411271503928
2022-12-31,LVS,Consumer,0.22737668411508682,0.02046730963121589
2022-12-31,NCLH,Consumer,0.24264708517698685,0.057799484692591344
2022-12-31,NFLX,Consumer,0.20001358326102392,0.10724158276016565
2022-12-31,PENN,Consumer,0.19360268862938956,0.04246996319081815
2022-12-31,POOL,Consumer,0.27546049264553685,-0.0011697024106900634
2022-12-31,RCL,Consumer,0.31377733286069676,0.04175177895364193
2022-12-31,SIRI,Consumer,-0.008561760379549366,-0.007466366900770072
2022-12-31,TSLA,Consumer,0.4062347847991097,0.05391960061073308
2022-12-31,WBD,Consumer,0.5632911825360898,0.05070071723097565
2022-12-31,WYNN,Consumer,0.2566995168665567,0.021568437524452887
2022-12-31,APA,Energy,-0.045056153950238986,0.014840388307602839
2022-12-31,BA,Energy,0.11816890050771578,0.033302619051393326
2022-12-31,CAT,Energy,0.05816166712626236,0.003964448539298721
2022-12-31,COP,Energy,0.032796640438081726,0.013619019554400636
2022-12-31,CVX,Energy,-0.030475019207006238,0.003004402656420893
2022-12-31,DE,Energy,-0.013807461984814418,0.007736865031965965
2022-12-31,DVN,Energy,0.02812568624456624,0.025515840309691624
2022-12-31,EOG,Energy,0.02757649985506383,0.014068055756563972
2022-12-31,FDX,Energy,0.11928372737423243,0.012492103412409528
2022-12-31,GD,Energy,-0.055637911863632206,-0.00026013661804930727
2022-12-31,GE,Energy,0.23039602995870068,0.018492803928263378
2022-12-31,HAL,Energy,0.047522244555851856,0.017694421309513333
2022-12-31,HON,Energy,-0.02715782251508636,-0.003961965091331912
2022-12-31,LMT,Energy,-0.04775024207224099,0.006008937522656863
2022-12-31,MMM,Energy,-0.04036032608988205,0.008138804530570375
2022-12-31,MPC,Energy,0.10421860868757982,0.0004167039337391251
2022-12-31,NOC,Energy,-0.17882719317632456,0.0072204822518024195
2022-12-31,OXY,Energy,0.028575884826257614,0.014818829073688205
2022-12-31,PSX,Energy,-0.03660656943951546,0.00668585866718964
2022-12-31,RTX,Energy,-0.010602336385040267,-0.00463699564620227
2022-12-31,SLB,Energy,0.06584379494852488,0.02909034719380597
2022-12-31,UNP,Energy,-0.013908380267619647,0.0017812855694125697
2022-12-31,UPS,Energy,0.06552013802879775,-0.0007918669282518803
2022-12-31,VLO,Energy,0.10381501667457038,0.004556279684496881
2022-12-31,XOM,Energy,0.05176774363282344,0.00935532618351459
2022-12-31,AME,Energy,0.037217189686348906,-0.005148581609912991
2022-12-31,BE,Energy,0.3038702516173808,0.038483331164739176
2022-12-31,BKR,Energy,0.07483908377706827,0.017217437580521897
2022-12-31,CTRA,Energy,0.01872183733563637,0.021106500762484097
2022-12-31,EMR,Energy,-0.0607952224288395,-0.010066568310374044
2022-12-31,ENPH,Energy,-0.16447761163086494,0.0720340483349008
2022-12-31,ETN,Energy,0.03351404417047199,0.0004790744992216496
2022-12-31,FSLR,Energy,0.18566001778409458,0.09075041734102791
2022-12-31,FTV,Energy,0.05883267476527343,-0.0009871964107523341
2022-12-31,GNRC,Energy,0.19809253016665207,0.03434335902582037
2022-12-31,HUBB,Energy,-0.02458647140272341,0.003554268879967409
2022-12-31,MTDR,Energy,0.1558351506986062,0.035197950198345304
2022-12-31,PH,Energy,0.12027500843821448,-0.0011874798542550816
2022-12-31,PLUG,Energy,0.37590950810218415,0.05906603848739787
2022-12-31,PR,Energy,0.15638309829348862,0.05323701248392809
2022-12-31,ROK,Energy,0.09496454898116435,0.035876993454889865
2022-12-31,ROP,Energy,-0.010808549838212667,-0.006277758934055928
2022-12-31,SM,Energy,-0.051986348324623455,0.038729815953022495
2022-12-31,VRSK,Energy,0.03043868198430344,0.008978317437223946
2022-12-31,WMB,Energy,-0.020060888227544593,-0.0061682979566833745
2022-12-31,XYL,Energy,-0.05932884588420795,0.016171469094324806
2023-01-31,AAPL,Technology,0.023183015088842795,0.08896688742947689
2023-01-31,ADBE,Technology,-0.1252632299767431,0.08716299731323657
2023-01-31,AMAT,Technology,0.0442373718749034,0.10364035907938182
2023-01-31,AMD,Technology,0.04564205236901575,0.09463703264912865
2023-01-31,AVGO,Technology,0.015863095203516586,0.09475842967029552
2023-01-31,CDNS,Technology,0.055297273473167596,0.09376334713135909
2023-01-31,CRM,Technology,-0.025957057197923072,0.08577354216155356
2023-01-31,CRWD,Technology,0.13966006329011327,0.06405230549898791
2023-01-31,FTNT,Technology,0.13565147981318915,0.0797887379564637
2023-01-31,GOOGL,Technology,-0.0888305357009439,0.07897744093298406
2023-01-31,INTC,Technology,-0.10708523525234814,0.07517721444506738
2023-01-31,INTU,Technology,-0.03664807387403646,0.08960135393221696
2023-01-31,KLAC,Technology,-0.03025491649408918,0.1017656881930615
2023-01-31,LRCX,Technology,-0.02817441483037797,0.094050498807775
2023-01-31,META,Technology,0.17433021010581218,0.07615037339748468
2023-01-31,MSFT,Technology,0.009017936537385252,0.08235605936588061
2023-01-31,MU,Technology,-0.04112789726103172,0.09153661723808348
2023-01-31,NET,Technology,0.13419010573798684,0.08744226144397826
2023-01-31,NOW,Technology,-0.05044715597068472,0.07459883496224443
2023-01-31,NVDA,Technology,0.18830922093333036,0.09514363786966248
2023-01-31,ORCL,Technology,-0.011982676655699853,0.10148444881357346
2023-01-31,PANW,Technology,0.1874054200827171,0.07763387618605778
2023-01-31,QCOM,Technology,-0.07266720795377368,0.08447085974677737
2023-01-31,SNPS,Technology,0.028296847393992852,0.08701076555684117
2023-01-31,TXN,Technology,-0.03250370627281374,0.09454756869000788
2023-01-31,ACN,Technology,-0.048378416265620006,0.09348717704369575
2023-01-31,ADI,Technology,0.07496268439522669,0.09546276242874113
2023-01-31,ANET,Technology,0.10061895447505886,0.11651904596726723
2023-01-31,CGNX,Technology,-0.13372309852044006,0.1025542275191641
2023-01-31,COHU,Technology,0.031042097423641613,0.09917948371449611
2023-01-31,CSCO,Technology,-0.005136688791974708,0.09861913527029734
2023-01-31,DELL,Technology,0.0004922044644923851,0.08349543151594677
2023-01-31,ENTG,Technology,0.05600303972464027,0.07476506326724264
2023-01-31,FORM,Technology,0.06965177805022593,0.06087233669014896
2023-01-31,HPQ,Technology,0.013040530083627377,0.07903977837610957
2023-01-31,IBM,Technology,-0.028514257128564258,0.08563925827904284
2023-01-31,IPGP,Technology,0.09937555344588311,0.08683775818414916
2023-01-31,KEYS,Technology,-0.10811262185548576,0.10440831290026012
2023-01-31,MCHP,Technology,0.04836622037632021,0.10787541002942067
2023-01-31,MKSI,Technology,-0.050436657333577606,0.07595015164727936
2023-01-31,MPWR,Technology,0.1353385306093171,0.08449089148274072
2023-01-31,MRVL,Technology,0.046349906622492165,0.09523749789369834
2023-01-31,NXPI,Technology,-0.03163132565990989,0.09692520054939519
2023-01-31,ONTO,Technology,0.048569607383507574,0.09357700101673389
2023-01-31,QRVO,Technology,-0.07150749135461698,0.08963681820379657
2023-01-31,STX,Technology,-0.04750667309083634,0.07269812534088946
2023-01-31,SWKS,Technology,0.022981563735637422,0.08661050999536649
2023-01-31,TER,Technology,-0.004496929185052956,0.09337478189855372
2023-01-31,VRSN,Technology,-0.09731710814718753,0.09894615667794304
2023-01-31,WDC,Technology,-0.12445963456973275,0.077240601156251
2023-01-31,AXP,Financials,-0.005373773784961289,0.09158139559959605
2023-01-31,BAC,Financials,-0.033257899179481076,0.1024570504548287
2023-01-31,BK,Financials,0.006130279425579976,0.08979097905752778
2023-01-31,BLK,Financials,-0.09191126469389233,0.09692368672936116
2023-01-31,C,Financials,-0.01972525306393136,0.09173203022349885
2023-01-31,CFG,Financials,-0.03601096254524594,0.10021050611487681
2023-01-31,CME,Financials,0.04924727845549137,0.07588454030371032
2023-01-31,COF,Financials,-0.07882407212513098,0.08439799326735467
2023-01-31,FITB,Financials,0.00027539000604459574,0.09009390621775326
2023-01-31,GS,Financials,-0.03870851996526914,0.10477739167156783
2023-01-31,HBAN,Financials,0.0098878944164702,0.10111525795550116
2023-01-31,ICE,Financials,-0.05346353444689278,0.09684948699402804
2023-01-31,JPM,Financials,0.02422109097206615,0.10305807208146053
2023-01-31,KEY,Financials,-0.03611355131697591,0.09277254162178492
2023-01-31,MCO,Financials,-0.09864954429176598,0.09049593633199199
2023-01-31,MS,Financials,-0.008527710622629359,0.09935667819219632
2023-01-31,MTB,Financials,-0.004551221828852925,0.08548061861170167
2023-01-31,PNC,Financials,-0.04539682313498372,0.08988627746983274
2023-01-31,RF,Financials,-0.009345896870864956,0.09748822624265124
2023-01-31,SCHW,Financials,0.009589165751772377,0.10317452363520627
2023-01-31,SPGI,Financials,-0.08761586022887924,0.08839714109815042
2023-01-31,STT,Financials,-0.029015761708027887,0.09441593737892998
2023-01-31,TFC,Financials,-0.03926101133774518,0.08175916857037355
2023-01-31,USB,Financials,-0.0415662346763197,0.08531114487176408
2023-01-31,WFC,Financials,0.004231721190097515,0.10032518333298507
2023-01-31,AFL,Financials,-0.06727207959340331,0.09724082954311833
2023-01-31,AJG,Financials,-0.042765357834366524,0.0930895450580346
2023-01-31,ALL,Financials,0.009238831762083066,0.08062816950129814
2023-01-31,AMTD,Financials,-0.05988027485615888,0.07455101093067701
2023-01-31,AON,Financials,-0.04590815351833255,0.09063316795568918
2023-01-31,CB,Financials,-0.07239884495927229,0.08625321908645792
2023-01-31,FDS,Financials,-0.01776290842739725,0.09548397792849489
2023-01-31,FNF,Financials,-0.09470827067146892,0.09069521083957227
2023-01-31,GL,Financials,0.006950834471526557,0.09102219899759748
2023-01-31,HIG,Financials,0.008632889806415411,0.09118544215866964
2023-01-31,IBKR,Financials,0.07843255688841966,0.11227597447421972
2023-01-31,LPLA,Financials,0.052462928558802524,0.09092076292892823
2023-01-31,MET,Financials,-0.010577991380322782,0.0939826289992533
2023-01-31,MSCI,Financials,-0.015306262209371924,0.09793015866656182
2023-01-31,NDAQ,Financials,-0.06861593944604027,0.10614132540318824
2023-01-31,PGR,Financials,0.05258522881157979,0.08420905677755253
2023-01-31,PRU,Financials,-0.035380560104739334,0.09152993628541858
2023-01-31,RJF,Financials,-0.0382194126542682,0.09965441607137931
2023-01-31,SEIC,Financials,-0.03491920199932286,0.08975833729494759
2023-01-31,SF,Financials,-0.003236241269450657,0.09151726594034079
2023-01-31,SYF,Financials,-0.021816929049554457,0.11433367673137529
2023-01-31,TRV,Financials,-0.03139405445990151,0.08629591113946447
2023-01-31,UNM,Financials,0.05995733442575801,0.08716155071452211
2023-01-31,WTW,Financials,-0.07801239611415611,0.09643552099210281
2023-01-31,ABBV,Healthcare,0.04162427699644611,0.08278151914210741
2023-01-31,ABT,Healthcare,-0.07987323873428176,0.08425900987538365
2023-01-31,AMGN,Healthcare,-0.07407715105300239,0.08997154454843873
2023-01-31,BAX,Healthcare,-0.11940233428541958,0.08162206869817326
2023-01-31,BIIB,Healthcare,-0.07232729111850333,0.11184047266010982
2023-01-31,BMY,Healthcare,-0.05079120054350372,0.07999706767424111
2023-01-31,BSX,Healthcare,0.010162188555743246,0.09508334421416509
2023-01-31,CI,Healthcare,-0.0775886687139058,0.08820485704612227
2023-01-31,CVS,Healthcare,-0.05304937144758237,0.08459578615457569
2023-01-31,DHR,Healthcare,-0.0637339851865314,0.08800898139925453
2023-01-31,EW,Healthcare,0.048761481642402904,0.07326728802062032
2023-01-31,GILD,Healthcare,-0.040624381312768354,0.10692224826715188
2023-01-31,HUM,Healthcare,-0.03259734679182591,0.09087391485148383
2023-01-31,ISRG,Healthcare,-0.06634377829698279,0.11319950047047639
2023-01-31,JNJ,Healthcare,-0.055425877859275,0.08140783277802999
2023-01-31,LLY,Healthcare,-0.09275899895034223,0.08556745012764533
2023-01-31,MDT,Healthcare,-0.010634397813705454,0.07650151484914747
2023-01-31,MRK,Healthcare,-0.010892765322045528,0.08798145492071102
2023-01-31,PFE,Healthcare,-0.0812954186544742,0.08285318309129072
2023-01-31,REGN,Healthcare,0.0025710129410216886,0.09627074582167411
2023-01-31,SYK,Healthcare,0.03573535291964158,0.09621518376249405
2023-01-31,TMO,Healthcare,-0.050093913184831806,0.08571881533844755
2023-01-31,UNH,Healthcare,-0.04657539756116624,0.08358771436982512
2023-01-31,VRTX,Healthcare,-0.10154749903682148,0.08055466975958814
2023-01-31,ZBH,Healthcare,-0.027249831604069685,0.08956670889697071
2023-01-31,A,Healthcare,-0.0664784901212454,0.10375518431865555
2023-01-31,ACAD,Healthcare,0.08723067722099609,0.08573172778142746
2023-01-31,ALGN,Healthcare,0.14744369329999296,0.08105025975364691
2023-01-31,ALKS,Healthcare,-0.06634077021722995,0.06724462438302878
2023-01-31,BDX,Healthcare,-0.07005788422061399,0.07894264880926571
2023-01-31,DGX,Healthcare,-0.06815730690908484,0.09258525701609269
2023-01-31,DXCM,Healthcare,0.03660478039397286,0.126373769985009
2023-01-31,FOLD,Healthcare,0.011503038264500054,0.09205177364092146
2023-01-31,HOLX,Healthcare,-0.02126094750569818,0.08767332713037593
2023-01-31,IDXX,Healthcare,-0.015109281510145678,0.10441503986398629
2023-01-31,INSP,Healthcare,0.02714769297188835,0.09197821762331848
2023-01-31,IQV,Healthcare,-0.0912776343975309,0.0843936574997256
2023-01-31,MASI,Healthcare,-0.01628647837864239,0.09814584623996692
2023-01-31,MTD,Healthcare,-0.0647196723662593,0.10468647735406761
2023-01-31,NBIX,Healthcare,-0.07058506994964242,0.09239227276251988
2023-01-31,NTRA,Healthcare,0.13091075918784,0.08265142043172866
2023-01-31,NVCR,Healthcare,-0.1558455696086024,0.08193595150559352
2023-01-31,PODD,Healthcare,-0.03814569710868998,0.09891869541454706
2023-01-31,RARE,Healthcare,-0.01853077693926819,0.06905908639905872
2023-01-31,RMD,Healthcare,-0.06547108114687239,0.0919465640116198
2023-01-31,WAT,Healthcare,-0.05383764272550273,0.08703806643614678
2023-01-31,AMZN,Consumer,-0.08629878923214462,0.08409880469028203
2023-01-31,AZO,Consumer,0.01955427332417048,0.09122175582677139
2023-01-31,BKNG,Consumer,0.03693354753664324,0.0987915458118456
2023-01-31,CMG,Consumer,-0.0943281872681313,0.09950331816625146
2023-01-31,COST,Consumer,-0.051095770243143934,0.09630596598295754
2023-01-31,DG,Consumer,-0.07405834893877317,0.08336395353397721
2023-01-31,DLTR,Consumer,-0.03262747460018067,0.07982393830550677
2023-01-31,DRI,Consumer,-0.03365502402882592,0.10390466070279569
2023-01-31,EBAY,Consumer,-0.07272707913225951,0.09013991493350357
2023-01-31,HD,Consumer,-0.08523302429123092,0.09775695885316141
2023-01-31,HLT,Consumer,-0.002964686436339292,0.1027865611107967
2023-01-31,KR,Consumer,-0.027754476501061665,0.0856888310033771
2023-01-31,LOW,Consumer,-0.012004756087344415,0.0967241076269501
2023-01-31,LULU,Consumer,0.0075599820363163595,0.11164407850313504
2023-01-31,MAR,Consumer,-0.02607776228371128,0.09729544281646285
2023-01-31,MCD,Consumer,-0.007352968763444712,0.08890054633010566
2023-01-31,MGM,Consumer,0.03863797343677322,0.10349609214332148
2023-01-31,NKE,Consumer,-0.06706992966918368,0.07578963837408959
2023-01-31,ORLY,Consumer,0.047643081838218526,0.10481988172073964
2023-01-31,ROST,Consumer,-0.0647262657637745,0.1304334681378933
2023-01-31,SBUX,Consumer,-0.05990885152834924,0.1086150952819378
2023-01-31,TGT,Consumer,-0.015007741343424974,0.10206344575549475
2023-01-31,TJX,Consumer,-0.060786854688615444,0.11033533048734215
2023-01-31,WMT,Consumer,-0.01209431687072171,0.09776799638028374
2023-01-31,YUM,Consumer,-0.02118367493437545,0.09323119796162832
2023-01-31,BBY,Consumer,-0.06323269466700665,0.10740387955067585
2023-01-31,CCL,Consumer,-0.018484267077337635,0.09870775483352429
2023-01-31,CHDN,Consumer,-0.009351109991175499,0.09526468688702885
2023-01-31,CMCSA,Consumer,-0.05540006198165359,0.08314962335933418
2023-01-31,CZR,Consumer,-0.024971245053112323,0.11437519096981769
2023-01-31,DIS,Consumer,-0.08185077023892606,0.08895511881259488
2023-01-31,DKNG,Consumer,0.2581721746714023,0.10492737189751902
2023-01-31,F,Consumer,-0.050265462186929954,0.10599410065503956
2023-01-31,FOX,Consumer,0.025151932096144858,0.08640986863387912
2023-01-31,GM,Consumer,-0.014750534376758107,0.10645474773734154
2023-01-31,GRMN,Consumer,-0.007585230367779472,0.08264698336462709
2023-01-31,H,Consumer,0.06524919684991182,0.10677685876650869
2023-01-31,IHG,Consumer,-0.026713959249719865,0.08677696668766971
2023-01-31,LVS,Consumer,-0.025932252479636597,0.09989746484142789
2023-01-31,NCLH,Consumer,-0.025641048148890566,0.12227907112526468
2023-01-31,NFLX,Consumer,-0.08966823583896388,0.1442823822734136
2023-01-31,PENN,Consumer,-0.13878702314267555,0.09473517811420054
2023-01-31,POOL,Consumer,-0.07455727487544306,0.07995046414568746
2023-01-31,RCL,Consumer,0.08777321074454658,0.13614839618662047
2023-01-31,SIRI,Consumer,-0.23818292391625095,0.0861197108329167
2023-01-31,TSLA,Consumer,0.18756497670132144,0.07306591470707499
2023-01-31,WBD,Consumer,0.0539811205943721,0.0762302488710305
2023-01-31,WYNN,Consumer,0.0456386778861535,0.10949983905410451
2023-01-31,APA,Energy,-0.13422073841510318,0.09075892623635345
2023-01-31,BA,Energy,-0.0537558542170995,0.10805555137302647
2023-01-31,CAT,Energy,-0.05049739323141067,0.10523095333448121
2023-01-31,COP,Energy,-0.14818964475505914,0.09327084131442354
2023-01-31,CVX,Energy,-0.0679735828693,0.0919524176592636
2023-01-31,DE,Energy,-0.00851376783347857,0.11224288763797885
2023-01-31,DVN,Energy,-0.14737523594977475,0.08993806857954353
2023-01-31,EOG,Energy,-0.14540653571505124,0.09148607194554989
2023-01-31,FDX,Energy,0.04828249300423537,0.07694021726034048
2023-01-31,GD,Energy,-0.02209721340103521,0.0878728289473043
2023-01-31,GE,Energy,0.052559494953820174,0.11064151788794838
2023-01-31,HAL,Energy,-0.11725894004819848,0.0824344038435156
2023-01-31,HON,Energy,-0.07667804556069546,0.10149667885935387
2023-01-31,LMT,Energy,0.030190285038094178,0.08262872196095009
2023-01-31,MMM,Energy,-0.05138559667550113,0.08703260892866971
2023-01-31,MPC,Energy,-0.03264200221841451,0.09591063106788786
2023-01-31,NOC,Energy,0.03964368405238683,0.07991042892949557
2023-01-31,OXY,Energy,-0.09615673831473381,0.0703778603162955
2023-01-31,PSX,Energy,0.03317805122334372,0.09480359947045006
2023-01-31,RTX,Energy,-0.012221162388420415,0.08237164743945616
2023-01-31,SLB,Energy,-0.06174543196276061,0.1022863043686063
2023-01-31,UNP,Energy,0.021980765802317448,0.08519253642541064
2023-01-31,UPS,Energy,-0.0061151278974543866,0.08772087350827715
2023-01-31,VLO,Energy,-0.052404803746626594,0.0807302284812716
2023-01-31,XOM,Energy,-0.045291222764955674,0.0896446218496385
2023-01-31,AME,Energy,-0.023184970602147748,0.10292130016012624
2023-01-31,BE,Energy,-0.12996388814505944,0.1026607572106831
2023-01-31,BKR,Energy,-0.03004559229680215,0.08323827023723551
2023-01-31,CTRA,Energy,-0.0023970110046002135,0.08370152760911764
2023-01-31,EMR,Energy,-0.07772358201044804,0.09803440348455833
2023-01-31,ENPH,Energy,-0.049010777234642644,0.10808223352686852
2023-01-31,ETN,Energy,0.0784168058600625,0.10518734868306365
2023-01-31,FSLR,Energy,-0.04763517130138051,0.16668258213918843
2023-01-31,FTV,Energy,-0.0190999909455829,0.1017334809476528
2023-01-31,GNRC,Energy,-0.004892175334622606,0.0605533679761195
2023-01-31,HUBB,Energy,0.10373702775076898,0.10710823457891583
2023-01-31,MTDR,Energy,-0.18471047495520188,0.09935694164239223
2023-01-31,PH,Energy,0.083388216630631,0.09864703087447396
2023-01-31,PLUG,Energy,-0.126322004370092,0.08318613095231409
2023-01-31,PR,Energy,-0.005519697235776055,0.11621937577497946
2023-01-31,ROK,Energy,0.04992681469031246,0.1118627331827968
2023-01-31,ROP,Energy,0.008084457344754048,0.09169597225086748
2023-01-31,SM,Energy,-0.10222079126689243,0.09360934730310697
2023-01-31,VRSK,Energy,-0.058748904327145635,0.09039372881791302
2023-01-31,WMB,Energy,-0.06637708947631638,0.08567629433930815
2023-01-31,XYL,Energy,-0.010030860665954489,0.11377333093494901
2023-02-28,AAPL,Technology,0.11864831278000176,1.3138766059968277e-05
2023-02-28,ADBE,Technology,0.18959710015662457,0.03126222339133905
2023-02-28,AMAT,Technology,0.05751177150489961,0.023175095222736666
2023-02-28,AMD,Technology,0.24726393296541094,0.03942700411409157
2023-02-28,AVGO,Technology,0.0872763068656155,-0.002747049386444912
2023-02-28,CDNS,Technology,0.08888770436132165,-0.006635207061697589
2023-02-28,CRM,Technology,0.22107474070709365,0.024027208193102417
2023-02-28,CRWD,Technology,0.13729382492534326,0.0529828288253824
2023-02-28,FTNT,Technology,0.1181022984514215,0.023236103227268202
2023-02-28,GOOGL,Technology,0.1517879015133785,0.019479545386163664
2023-02-28,INTC,Technology,0.3104692444646997,0.039266897341232024
2023-02-28,INTU,Technology,0.09492122910776102,0.020356335516428476
2023-02-28,KLAC,Technology,0.05216405793046386,0.0057931267447306235
2023-02-28,LRCX,Technology,0.09471838497891039,0.01366229232806659
2023-02-28,META,Technology,0.21150125131894182,0.08145629003133431
2023-02-28,MSFT,Technology,0.15588171673585371,0.006569970061920737
2023-02-28,MU,Technology,0.04358361407018818,0.03836059238216355
2023-02-28,NET,Technology,0.0274954436265471,0.10207930811026347
2023-02-28,NOW,Technology,0.07531760972231005,0.030760370679003037
2023-02-28,NVDA,Technology,0.19666266388322295,0.04557840587030722
2023-02-28,ORCL,Technology,0.06315765958391628,0.005497022804630228
2023-02-28,PANW,Technology,0.060359986572718904,0.01949546390129003
2023-02-28,QCOM,Technology,0.03909436270204503,0.021291946734763506
2023-02-28,SNPS,Technology,0.06182645049098601,-0.000550631523377719
2023-02-28,TXN,Technology,0.08492249729750467,-0.010325170343651522
2023-02-28,ACN,Technology,0.07629436041290383,0.008497082807811054
2023-02-28,ADI,Technology,0.07494401855370092,-0.008453033564867405
2023-02-28,ANET,Technology,0.21023795460493644,0.019354473551861987
2023-02-28,CGNX,Technology,0.046441844906675245,0.04304673471094452
2023-02-28,COHU,Technology,0.03198920973933217,0.012843820126008185
2023-02-28,CSCO,Technology,0.07971902985663526,0.011597553076715391
2023-02-28,DELL,Technology,-0.010580685315693783,0.032213883896710996
2023-02-28,ENTG,Technology,-0.03778019709223546,0.03226449372316265
2023-02-28,FORM,Technology,0.058139534146894656,0.029667558403042714
2023-02-28,HPQ,Technology,0.003478661381119741,0.019096050995078252
2023-02-28,IBM,Technology,0.013843477878677346,0.010208223122902836
2023-02-28,IPGP,Technology,0.0005679949370138715,0.043813430479825916
2023-02-28,KEYS,Technology,0.009502306513344827,-0.005622832554962976
2023-02-28,MCHP,Technology,0.03393807082527567,0.0007031872352068931
2023-02-28,MKSI,Technology,-0.08573192578173727,0.030864881767694988
2023-02-28,MPWR,Technology,0.03566394605796419,0.014156456732066114
2023-02-28,MRVL,Technology,-0.04097462333279056,0.03815438100230256
2023-02-28,NXPI,Technology,0.05091456918049864,0.008493351552474791
2023-02-28,ONTO,Technology,0.06559956290332547,0.011944814625240234
2023-02-28,QRVO,Technology,0.006740016942110794,0.0224051112215103
2023-02-28,STX,Technology,0.03584745515322019,0.025903873228653215
2023-02-28,SWKS,Technology,0.05745262923871475,0.020764837440335727
2023-02-28,TER,Technology,0.06298231038606206,0.01187030806791595
2023-02-28,VRSN,Technology,0.07366766484925846,0.004420321005210169
2023-02-28,WDC,Technology,-0.02104989247275002,0.024869219235881326
2023-02-28,AXP,Financials,-0.05195686108728337,-0.0010790397261572424
2023-02-28,BAC,Financials,-0.16077286944291214,0.03450167211623793
2023-02-28,BK,Financials,-0.10691836350047967,0.026732750809026574
2023-02-28,BLK,Financials,-0.022428555310151865,0.0014956865552992298
2023-02-28,C,Financials,-0.0749656518643732,0.01965622512285723
2023-02-28,CFG,Financials,-0.27274899734889757,0.03208152401301739
2023-02-28,CME,Financials,0.03951808696235792,0.01683887399065916
2023-02-28,COF,Financials,-0.11844529375467527,0.02099617741236159
2023-02-28,FITB,Financials,-0.2570450516901338,0.028551844176533336
2023-02-28,GS,Financials,-0.06312480680926891,0.009784651988976207
2023-02-28,HBAN,Financials,-0.2586045026193191,0.002523584700764442
2023-02-28,ICE,Financials,0.028890898002301046,0.022438090975422684
2023-02-28,JPM,Financials,-0.09096589855695414,0.019080513254950224
2023-02-28,KEY,Financials,-0.31547296283567505,0.028898252871830687
2023-02-28,MCO,Financials,0.0546958082986706,-0.0037765027694816183
2023-02-28,MS,Financials,-0.09015535903331762,0.0035959135750070394
2023-02-28,MTB,Financials,-0.22334906823044298,0.0014917743469703842
2023-02-28,PNC,Financials,-0.19516207757934412,0.014768710937055328
2023-02-28,RF,Financials,-0.19673371386080873,0.0015211877758461757
2023-02-28,SCHW,Financials,-0.32777193705441754,0.03897446435843955
2023-02-28,SPGI,Financials,0.010462928107515479,-0.00027177388968013805
2023-02-28,STT,Financials,-0.13925130070364544,0.019204523744533925
2023-02-28,TFC,Financials,-0.27369536349643797,0.016155640021947915
2023-02-28,USB,Financials,-0.2345660309383062,0.00897066004238615
2023-02-28,WFC,Financials,-0.20076973638660456,0.022894863746671178
2023-02-28,AFL,Financials,-0.05326501640744197,0.006944365566228369
2023-02-28,AJG,Financials,0.02413682884591717,-0.006873546684352836
2023-02-28,ALL,Financials,-0.13954030225941272,0.01761104329468638
2023-02-28,AMTD,Financials,0.0,0.21063718966007694
2023-02-28,AON,Financials,0.036967634336326105,-0.0037279207620234574
2023-02-28,CB,Financials,-0.07570905295899155,0.005387744234438288
2023-02-28,FDS,Financials,0.0013027017099158655,0.0006173341329403156
2023-02-28,FNF,Financials,-0.11175838689894202,0.0034902256391635394
2023-02-28,GL,Financials,-0.09403934241118739,0.0025727309192023415
2023-02-28,HIG,Financials,-0.10481557276063758,0.005588699881283514
2023-02-28,IBKR,Financials,-0.04122625314799766,0.015090633049580802
2023-02-28,LPLA,Financials,-0.1879205503161394,0.015712337537541983
2023-02-28,MET,Financials,-0.19224869743293826,0.008987396311755635
2023-02-28,MSCI,Financials,0.07189503267046926,-0.00030773332038601733
2023-02-28,NDAQ,Financials,-0.02102312209310364,0.00877485154284782
2023-02-28,PGR,Financials,-0.0032050498396427596,-0.002383277223716916
2023-02-28,PRU,Financials,-0.17260005371940368,0.009584342062144695
2023-02-28,RJF,Financials,-0.13611594810284988,0.01410901191718834
2023-02-28,SEIC,Financials,-0.04481326522166529,-0.009017985514155877
2023-02-28,SF,Financials,-0.11581631133927328,0.01918826513838875
2023-02-28,SYF,Financials,-0.18566207780301536,0.01733463938212924
2023-02-28,TRV,Financials,-0.0691902804298754,0.007547985985026798
2023-02-28,UNM,Financials,-0.11200914410705676,0.021795227957722412
2023-02-28,WTW,Financials,-0.004820332416542006,0.001093084600251551
2023-02-28,ABBV,Healthcare,0.03554261710206008,0.013657325478841045
2023-02-28,ABT,Healthcare,-0.004522335380003684,0.006832455559711329
2023-02-28,AMGN,Healthcare,0.043555194082780746,0.0073284538192693
2023-02-28,BAX,Healthcare,0.015269370811485938,0.052043413987389556
2023-02-28,BIIB,Healthcare,0.03027500878683753,0.03705525921672628
2023-02-28,BMY,Healthcare,0.005075293527240232,-0.0018890097684808732
2023-02-28,BSX,Healthcare,0.07084754863248977,-0.00017134126678835723
2023-02-28,CI,Healthcare,-0.12145084839198783,0.007883431919729008
2023-02-28,CVS,Healthcare,-0.11048596282015455,0.009066321848722811
2023-02-28,DHR,Healthcare,0.01933218369281353,-0.0031009255974596556
2023-02-28,EW,Healthcare,0.028468434187274072,0.034537967842839815
2023-02-28,GILD,Healthcare,0.040110396421878525,0.03413794061864916
2023-02-28,HUM,Healthcare,-0.017522209104900766,-0.001997185448365142
2023-02-28,ISRG,Healthcare,0.11369284581039851,0.03631862808841595
2023-02-28,JNJ,Healthcare,0.011353380626475618,0.0016504319419142904
2023-02-28,LLY,Healthcare,0.10346359459978083,0.0027868129441217665
2023-02-28,MDT,Healthcare,-0.01797512004073243,0.012839656876894482
2023-02-28,MRK,Healthcare,0.008373951135608682,0.01533095383099848
2023-02-28,PFE,Healthcare,0.00566945513573569,0.013999929987418051
2023-02-28,REGN,Healthcare,0.08054750827042545,0.01902650555179644
2023-02-28,SYK,Healthcare,0.08885911184449213,0.009310339072234655
2023-02-28,TMO,Healthcare,0.0645725725748505,-0.006966687080864599
2023-02-28,UNH,Healthcare,-0.0035020566263546105,-0.005815482289455859
2023-02-28,VRTX,Healthcare,0.08536290623127729,-0.005617014012316991
2023-02-28,ZBH,Healthcare,0.04501939445138725,0.003043227857021831
2023-02-28,A,Healthcare,-0.025568745969587248,0.000767608671621723
2023-02-28,ACAD,Healthcare,-0.09038186519885327,0.06451772721951096
2023-02-28,ALGN,Healthcare,0.0796123251968901,0.0698949027309338
2023-02-28,ALKS,Healthcare,0.054225907829124065,0.011044190975202029
2023-02-28,BDX,Healthcare,0.05948128048505219,-0.0003763409591356452
2023-02-28,DGX,Healthcare,0.022549963487699998,0.0049324578578103465
2023-02-28,DXCM,Healthcare,0.04657236347586724,0.06067919313530108
2023-02-28,FOLD,Healthcare,-0.15921148556506504,0.027941449077527068
2023-02-28,HOLX,Healthcare,0.013309863971841418,-0.006810524726286356
2023-02-28,IDXX,Healthcare,0.0567154021041163,0.0185124910765035
2023-02-28,INSP,Healthcare,-0.09948827022750872,0.018869162335324326
2023-02-28,IQV,Healthcare,-0.04595386278581404,-0.001014688512367877
2023-02-28,MASI,Healthcare,0.10298246356440788,0.06124797658974576
2023-02-28,MTD,Healthcare,0.06730789534090897,0.002252792563579832
2023-02-28,NBIX,Healthcare,-0.018234697199242533,0.02754012127515846
2023-02-28,NTRA,Healthcare,0.1435633641654641,0.07020275259881287
2023-02-28,NVCR,Healthcare,-0.21865663978355,-0.07517744814305471
2023-02-28,PODD,Healthcare,0.1541467953449316,0.02146906340722763
2023-02-28,RARE,Healthcare,-0.0986739275955224,0.0649866552838701
2023-02-28,RMD,Healthcare,0.028122172279124502,0.002811206754688444
2023-02-28,WAT,Healthcare,-0.004052911660896719,-0.0005410866942999158
2023-02-28,AMZN,Consumer,0.0961476943206232,0.030534183155939202
2023-02-28,AZO,Consumer,-0.011417526471624417,0.009456444976218725
2023-02-28,BKNG,Consumer,0.050875599762377544,0.023152758229405244
2023-02-28,CMG,Consumer,0.1456728757916399,0.00216654882418282
2023-02-28,COST,Consumer,0.02620921510609664,-0.002126727382665769
2023-02-28,DG,Consumer,-0.0269995207435324,-0.0006153179274436746
2023-02-28,DLTR,Consumer,-0.011908010339174102,0.006510366834526174
2023-02-28,DRI,Consumer,0.08511061664612019,0.007917299840011499
2023-02-28,EBAY,Consumer,-0.027842263242849108,0.016690516742178405
2023-02-28,HD,Consumer,0.0024183603519050134,0.00997833592440079
2023-02-28,HLT,Consumer,-0.025188669832026944,0.012172062094369272
2023-02-28,KR,Consumer,0.14441355913117304,0.03020624471424104
2023-02-28,LOW,Consumer,-0.028092221980757448,0.007830106499436941
2023-02-28,LULU,Consumer,0.17784601572898806,0.033722853193299165
2023-02-28,MAR,Consumer,-0.01890797063389571,0.0052109691627082975
2023-02-28,MCD,Consumer,0.05948991612899501,-0.003466840096605285
2023-02-28,MGM,Consumer,0.03278307143541981,0.02490782267398583
2023-02-28,NKE,Consumer,0.03535398021940406,0.017909443967384576
2023-02-28,ORLY,Consumer,0.022744253500488032,0.016070710587164614
2023-02-28,ROST,Consumer,-0.03679756973922288,0.0347128658333546
2023-02-28,SBUX,Consumer,0.01998248353585974,0.008213134586029115
2023-02-28,TGT,Consumer,-0.017032656805495483,0.041041649109132536
2023-02-28,TJX,Consumer,0.022976507209910624,0.0179269577385159
2023-02-28,WMT,Consumer,0.04168249099373322,0.009003320833220748
2023-02-28,YUM,Consumer,0.03869143210486947,-0.005079633986343257
2023-02-28,BBY,Consumer,-0.04696187983554012,0.03154528638677968
2023-02-28,CCL,Consumer,-0.04425611373145433,0.0876830762289631
2023-02-28,CHDN,Consumer,0.04585389354223124,0.0008816231117319863
2023-02-28,CMCSA,Consumer,0.019908442372465807,0.022967310432800134
2023-02-28,CZR,Consumer,-0.038416016799097674,0.06780916158472036
2023-02-28,DIS,Consumer,0.005220335735580894,0.029466925372207083
2023-02-28,DKNG,Consumer,0.026511133818604815,0.07522207006004186
2023-02-28,F,Consumer,0.04391062219015085,0.0437498595570836
2023-02-28,FOX,Consumer,-0.02914735104388022,0.01726788693617426
2023-02-28,GM,Consumer,-0.0509691397786497,0.03265339533953768
2023-02-28,GRMN,Consumer,0.03631787219357907,0.017716815066854467
2023-02-28,H,Consumer,-0.03828292423658797,0.013601817512683738
2023-02-28,IHG,Consumer,-0.01860009643833005,-0.0019122339965654302
2023-02-28,LVS,Consumer,-0.0003480037651492074,0.03522183163241907
2023-02-28,NCLH,Consumer,-0.09244263925575824,0.07859810694178751
2023-02-28,NFLX,Consumer,0.0724862320732742,0.0757731002364898
2023-02-28,PENN,Consumer,-0.028496587607806934,0.04089193238232833
2023-02-28,POOL,Consumer,-0.037628667623492595,0.020500156881087483
2023-02-28,RCL,Consumer,-0.07559450157924974,0.07898454736926083
2023-02-28,SIRI,Consumer,-0.09567175350439472,-0.00036785918729284606
2023-02-28,TSLA,Consumer,0.008507121398494633,0.04988862331119839
2023-02-28,WBD,Consumer,-0.033290621504427964,0.07431449915604563
2023-02-28,WYNN,Consumer,0.032665993774110724,0.0400966067050576
2023-02-28,APA,Energy,-0.06044818883607128,0.037604841337535604
2023-02-28,BA,Energy,0.053981589974124056,0.027899100612299603
2023-02-28,CAT,Energy,-0.04470884153277077,0.022790255814024503
2023-02-28,COP,Energy,-0.03411288625912601,0.024892749875899577
2023-02-28,CVX,Energy,0.0148659574585015,0.006670907993445097
2023-02-28,DE,Energy,-0.012089183997590514,0.023869089482681006
2023-02-28,DVN,Energy,-0.04437027583387476,0.0311739119463735
2023-02-28,EOG,Energy,0.023619005712471886,0.025510836511208813
2023-02-28,FDX,Energy,0.1306042251711248,0.017361101050990743
2023-02-28,GD,Energy,0.001316279309515389,0.005826996297234807
2023-02-28,GE,Energy,0.12960263036466002,0.021586118296213142
2023-02-28,HAL,Energy,-0.12669057410557993,0.03751487590871295
2023-02-28,HON,Energy,-0.0018799099020879728,0.007293572471710894
2023-02-28,LMT,Energy,-0.003225977003701419,0.012177392509975217
2023-02-28,MMM,Energy,-0.024410611969364893,0.024406789423933456
2023-02-28,MPC,Energy,0.09085751576393686,0.018509847489394087
2023-02-28,NOC,Energy,-0.005149544457261568,0.020451030454615167
2023-02-28,OXY,Energy,0.06918251409706921,0.016331022969040862
2023-02-28,PSX,Energy,-0.011505521064363977,0.02894287940653907
2023-02-28,RTX,Energy,-0.0016314524975954425,-0.0015911036394995366
2023-02-28,SLB,Energy,-0.0772410655284852,0.044127670760023455
2023-02-28,UNP,Energy,-0.02904305212610836,0.015893743515851995
2023-02-28,UPS,Energy,0.06301706318925637,0.008927694900082965
2023-02-28,VLO,Energy,0.059743385724320364,0.017744100120193597
2023-02-28,XOM,Energy,-0.0022745545567893766,0.007190019276876529
2023-02-28,AME,Energy,0.028458103030228887,-0.0033947395066641975
2023-02-28,BE,Energy,-0.08114339260242454,0.0389555909203531
2023-02-28,BKR,Energy,-0.056862888552925206,0.041474715482435046
2023-02-28,CTRA,Energy,0.00581324048821541,0.02809794504523646
2023-02-28,EMR,Energy,0.05356082316613131,0.00587345201439168
2023-02-28,ENPH,Energy,-0.001187479225998933,0.0439826496688131
2023-02-28,ETN,Energy,-0.015689428463320665,0.0029176966700340257
2023-02-28,FSLR,Energy,0.285916996481385,0.048732298616487854
2023-02-28,FTV,Energy,0.02265227309650175,-0.0029754011684184935
2023-02-28,GNRC,Energy,-0.0999916655811579,0.05884324411272271
2023-02-28,HUBB,Energy,-0.03271847327257449,0.009252517218066855
2023-02-28,MTDR,Energy,-0.11414762918501542,0.026853816323491236
2023-02-28,PH,Energy,-0.04473513439176102,-0.0036079542633326023
2023-02-28,PLUG,Energy,-0.21183588720732793,0.06628263047442996
2023-02-28,PR,Energy,-0.024564865955671644,0.05146440728070481
2023-02-28,ROK,Energy,-0.005018139243859743,0.006414213610079147
2023-02-28,ROP,Energy,0.02438403694022173,0.0038204850014791573
2023-02-28,SM,Energy,-0.04574728382066351,0.05375620904029038
2023-02-28,VRSK,Energy,0.12337775280114704,0.0068125013809963875
2023-02-28,WMB,Energy,0.007121631609745105,0.002044108409542021
2023-02-28,XYL,Energy,0.01997072373193909,0.024804746034021562
2023-03-31,AAPL,Technology,0.02898749492962205,0.006851515224462822
2023-03-31,ADBE,Technology,-0.02026623156330265,0.038029909583471105
2023-03-31,AMAT,Technology,-0.07978506649536377,0.03293573397309438
2023-03-31,AMD,Technology,-0.08815426182359576,0.035033937688887976
2023-03-31,AVGO,Technology,-0.02344360494431863,0.010520218436914815
2023-03-31,CDNS,Technology,-0.0030463106326067413,-0.0030731793059727563
2023-03-31,CRM,Technology,-0.007057861990937053,0.04067116517388955
2023-03-31,CRWD,Technology,-0.1253824285576597,0.05024471683281105
2023-03-31,FTNT,Technology,-0.05130905649092621,0.016227426723394896
2023-03-31,GOOGL,Technology,0.03480186988923473,0.027779539546864754
2023-03-31,INTC,Technology,-0.049280665156307246,0.052413741085572896
2023-03-31,INTU,Technology,-0.0024449615802255575,0.016568184970195608
2023-03-31,KLAC,Technology,-0.03164062828456138,0.016136658821232813
2023-03-31,LRCX,Technology,-0.011393702527782601,0.02334833026656061
2023-03-31,META,Technology,0.13390591043823075,0.006647279236008401
2023-03-31,MSFT,Technology,0.06576488443474782,0.00950134647928665
2023-03-31,MU,Technology,0.06877811371032116,0.05716305012377293
2023-03-31,NET,Technology,-0.23694454502929663,0.07688936980898015
2023-03-31,NOW,Technology,-0.01140469052127524,0.03796269875842437
2023-03-31,NVDA,Technology,-0.0010080913973543604,0.04676503257891995
2023-03-31,ORCL,Technology,0.023640096332604665,0.010547542262673753
2023-03-31,PANW,Technology,-0.08651245771537874,-0.005501980513124744
2023-03-31,QCOM,Technology,-0.08449595277933053,0.031043151850589364
2023-03-31,SNPS,Technology,-0.03865370272046931,0.006089622101889283
2023-03-31,TXN,Technology,-0.10112355918668159,0.003122739113407186
2023-03-31,ACN,Technology,-0.015462287754798631,0.009983031371088595
2023-03-31,ADI,Technology,-0.08792209037200449,0.003488762340659996
2023-03-31,ANET,Technology,-0.045871541285859796,0.00812641695772987
2023-03-31,CGNX,Technology,-0.037537743644919574,0.07845667884945792
2023-03-31,COHU,Technology,-0.11852043004427393,0.029142958185916217
2023-03-31,CSCO,Technology,-0.08942373082805,0.011999358666996814
2023-03-31,DELL,Technology,0.09093472929997715,0.03302652161545239
2023-03-31,ENTG,Technology,-0.08645269255540733,0.046467182099399235
2023-03-31,FORM,Technology,-0.1425431981523212,0.03372610231805352
2023-03-31,HPQ,Technology,0.012265576881351103,0.031578454924782284
2023-03-31,IBM,Technology,-0.035700544686596225,0.00613641543839288
2023-03-31,IPGP,Technology,-0.06755327521356858,0.023250821572123503
2023-03-31,KEYS,Technology,-0.10428534049693872,0.019399583068212194
2023-03-31,MCHP,Technology,-0.128789902268304,0.017555643586461684
2023-03-31,MKSI,Technology,-0.05359962683608732,0.054506697577068094
2023-03-31,MPWR,Technology,-0.07705676830671426,0.006939932757555944
2023-03-31,MRVL,Technology,-0.0868680842773828,0.05203502430283176
2023-03-31,NXPI,Technology,-0.12194326751567008,0.013814290731681406
2023-03-31,ONTO,Technology,-0.07851609139889915,0.02199644717481496
2023-03-31,QRVO,Technology,-0.09343307957352609,0.043674442928705655
2023-03-31,STX,Technology,-0.11116172579836858,0.0510142679065342
2023-03-31,SWKS,Technology,-0.10239016606268891,0.014641010141871911
2023-03-31,TER,Technology,-0.15003263143716605,0.030286842757473745
2023-03-31,VRSN,Technology,0.04954335279131228,0.023897756753733717
2023-03-31,WDC,Technology,-0.08574466596429753,0.05531124056798124
2023-03-31,AXP,Financials,-0.01826195007453013,0.014234968271254117
2023-03-31,BAC,Financials,0.023776090988574028,0.028861063971576912
2023-03-31,BK,Financials,-0.05434753735574538,0.012574560622407381
2023-03-31,BLK,Financials,0.00310854118533177,0.015350834205275657
2023-03-31,C,Financials,0.014844116680455821,0.02236339817183823
2023-03-31,CFG,Financials,0.018768403837407188,0.03410840523013776
2023-03-31,CME,Financials,-0.030023116886861767,0.014815170684362366
2023-03-31,COF,Financials,0.011855224961443867,0.03995306629158561
2023-03-31,FITB,Financials,-0.016516607536178785,0.027631656483455197
2023-03-31,GS,Financials,0.04992195490071616,0.011069325295485776
2023-03-31,HBAN,Financials,0.0,0.004960456893461106
2023-03-31,ICE,Financials,0.04449138281169396,0.031523615642857473
2023-03-31,JPM,Financials,0.06918028229526008,0.012631828781274038
2023-03-31,KEY,Financials,-0.10063906161330372,0.031156630271626164
2023-03-31,MCO,Financials,0.02320108588997183,0.01743244714125954
2023-03-31,MS,Financials,0.03358986923487395,0.0066994259920550685
2023-03-31,MTB,Financials,0.052103412837473106,0.007034388579285575
2023-03-31,PNC,Financials,0.03755611802377268,0.017932344732337555
2023-03-31,RF,Financials,-0.01616391417687113,0.005244839894907356
2023-03-31,SCHW,Financials,-0.002672760323796486,0.02139730037857727
2023-03-31,SPGI,Financials,0.051657743795043176,0.017321879174120983
2023-03-31,STT,Financials,-0.04531661621128136,0.03002420850617126
2023-03-31,TFC,Financials,-0.0445747296497534,0.027837088522644767
2023-03-31,USB,Financials,-0.049098476400201485,0.014896637247638726
2023-03-31,WFC,Financials,0.06340268314650532,0.018188781667585953
2023-03-31,AFL,Financials,0.08261015368966818,0.01616952233605707
2023-03-31,AJG,Financials,0.08755412049908351,0.0005608003620987817
2023-03-31,ALL,Financials,0.044671171790173325,0.004555576943231138
2023-03-31,AMTD,Financials,0.10828020125565097,0.23189778206351785
2023-03-31,AON,Financials,0.033277157613542885,0.010734014913524773
2023-03-31,CB,Financials,0.03800593923178086,0.014479215174878265
2023-03-31,FDS,Financials,-0.008190826906056436,0.0035247013526003967
2023-03-31,FNF,Financials,0.01603198979034115,0.02600291370655682
2023-03-31,GL,Financials,-0.013633865457329697,0.004785347429096486
2023-03-31,HIG,Financials,0.0186540944632847,0.0047170783027918935
2023-03-31,IBKR,Financials,-0.057049664080333296,0.017689539161436976
2023-03-31,LPLA,Financials,0.03181831968815363,0.009474394793957047
2023-03-31,MET,Financials,0.0585089839234294,0.007888275782513696
2023-03-31,MSCI,Financials,-0.13800495876647145,0.012765509380703938
2023-03-31,NDAQ,Financials,0.012804164584512723,0.012506936971450274
2023-03-31,PGR,Financials,-0.04589274814055333,-0.003137779948228208
2023-03-31,PRU,Financials,0.051486889602758046,0.01629711392431788
2023-03-31,RJF,Financials,-0.02937713835431044,0.013150270306202624
2023-03-31,SEIC,Financials,0.023631709528201927,0.004339984532635633
2023-03-31,SF,Financials,0.014892427381269835,0.01435622772796033
2023-03-31,SYF,Financials,0.014786869965832894,0.023279456519692432
2023-03-31,TRV,Financials,0.0567643920237082,0.007261459436393711
2023-03-31,UNM,Financials,0.07554341231967143,0.006043346482963613
2023-03-31,WTW,Financials,-0.003356418129118688,0.01610888663037968
2023-03-31,ABBV,Healthcare,-0.04304324627741285,0.008583143092447093
2023-03-31,ABT,Healthcare,0.09640614485749843,0.012019379555108142
2023-03-31,AMGN,Healthcare,-0.008314416550674442,0.01563819457970621
2023-03-31,BAX,Healthcare,0.17554240949160693,0.05162363393992242
2023-03-31,BIIB,Healthcare,0.0942344794520864,0.05080798612471335
2023-03-31,BMY,Healthcare,-0.02871762276152101,0.01031449985125469
2023-03-31,BSX,Healthcare,0.04177493910818897,0.0027041176281178397
2023-03-31,CI,Healthcare,-0.008766165795533798,0.012612548244195072
2023-03-31,CVS,Healthcare,-0.005348343026667202,0.006236247001758344
2023-03-31,DHR,Healthcare,-0.06003028739855587,0.011786164518817494
2023-03-31,EW,Healthcare,0.06345944381688451,0.03540980345704306
2023-03-31,GILD,Healthcare,-0.009160130188005433,0.02328282727645292
2023-03-31,HUM,Healthcare,0.09275742231149331,0.00717323767447515
2023-03-31,ISRG,Healthcare,0.17908169171094235,0.0427839730802452
2023-03-31,JNJ,Healthcare,0.056129103720163664,0.0023081689090925332
2023-03-31,LLY,Healthcare,0.152699174604213,0.01598326871069635
2023-03-31,MDT,Healthcare,0.12813189495723365,0.021424969340598534
2023-03-31,MRK,Healthcare,0.08534627717739518,0.01287857168382798
2023-03-31,PFE,Healthcare,-0.04681368605196834,0.017570224462870317
2023-03-31,REGN,Healthcare,-0.024194609832676073,0.012445932563519467
2023-03-31,SYK,Healthcare,0.049672780508871694,0.005463578398959116
2023-03-31,TMO,Healthcare,-0.03725062105922783,0.0017419417984195981
2023-03-31,UNH,Healthcare,0.04126201189177792,0.0024287664170653984
2023-03-31,VRTX,Healthcare,0.0814422289193153,0.010422513027149772
2023-03-31,ZBH,Healthcare,0.07151702243603375,0.010235196689966135
2023-03-31,A,Healthcare,-0.01944026486856487,0.015693642548196975
2023-03-31,ACAD,Healthcare,0.13336877096613997,0.0601912458869166
2023-03-31,ALGN,Healthcare,-0.02645605574887433,0.03670570554249991
2023-03-31,ALKS,Healthcare,0.012770439736884631,0.02212768366365111
2023-03-31,BDX,Healthcare,0.06774664955389009,0.006117033574061383
2023-03-31,DGX,Healthcare,-0.013986990093493246,0.015585829119691409
2023-03-31,DXCM,Healthcare,0.04441380632777436,0.03984901202868331
2023-03-31,FOLD,Healthcare,0.040577078726200755,0.016033444900927264
2023-03-31,HOLX,Healthcare,0.0657993232811882,0.013734259000540257
2023-03-31,IDXX,Healthcare,-0.01583743225647316,0.04514330856298361
2023-03-31,INSP,Healthcare,0.14337589827178743,0.029069556609265003
2023-03-31,IQV,Healthcare,-0.053597484513161486,0.016896827027558247
2023-03-31,MASI,Healthcare,0.02492687910952296,0.016695501103411267
2023-03-31,MTD,Healthcare,-0.02529715655084608,0.022775682542505997
2023-03-31,NBIX,Healthcare,-0.0017783076763978611,0.01713016510779659
2023-03-31,NTRA,Healthcare,-0.0864553169575728,0.038565372953098545
2023-03-31,NVCR,Healthcare,0.0957765579429306,0.07099959835318068
2023-03-31,PODD,Healthcare,-0.0028843207135770266,0.025135628591840875
2023-03-31,RARE,Healthcare,0.08902742719873546,0.06028739035700019
2023-03-31,RMD,Healthcare,0.10032419657174696,0.017603400498239025
2023-03-31,WAT,Healthcare,-0.029939022010345817,0.016211111175431003
2023-03-31,AMZN,Consumer,0.02091195675834423,0.0390034584507941
2023-03-31,AZO,Consumer,0.08346120635457899,0.005934475561547917
2023-03-31,BKNG,Consumer,0.012780812299537425,0.02170005336660802
2023-03-31,CMG,Consumer,0.21034496272424996,0.015964176710652207
2023-03-31,COST,Consumer,0.012779943846429331,0.015285295667223198
2023-03-31,DG,Consumer,0.05519708093856979,0.006138849488471657
2023-03-31,DLTR,Consumer,0.07077675685207829,0.027782719578923535
2023-03-31,DRI,Consumer,-0.013014720940769386,0.014177688180615471
2023-03-31,EBAY,Consumer,0.04642771832503145,0.035782206586919524
2023-03-31,HD,Consumer,0.018365380625639416,0.011438391741311069
2023-03-31,HLT,Consumer,0.02236119131219616,0.021151689613654726
2023-03-31,KR,Consumer,-0.014988848094278473,0.028430596754660482
2023-03-31,LOW,Consumer,0.044502602050092266,0.010125603914154877
2023-03-31,LULU,Consumer,0.04321917166550282,0.03169054385242253
2023-03-31,MAR,Consumer,0.019874743166311548,0.015431607363246303
2023-03-31,MCD,Consumer,0.05772315464462063,-0.004016897132558227
2023-03-31,MGM,Consumer,0.011256191368993695,0.02062692301687873
2023-03-31,NKE,Consumer,0.033268014264530965,0.026581573912473674
2023-03-31,ORLY,Consumer,0.0804847960851387,0.008887293074383379
2023-03-31,ROST,Consumer,0.005653393137626583,0.03716157957106779
2023-03-31,SBUX,Consumer,0.09757036168242772,0.025378538544432686
2023-03-31,TGT,Consumer,-0.04757594190004044,0.052475636871099546
2023-03-31,TJX,Consumer,0.005870268585322025,0.023971413527907024
2023-03-31,WMT,Consumer,0.023872572279083126,0.012425482167971205
2023-03-31,YUM,Consumer,0.06435508535936374,0.004253538773802405
2023-03-31,BBY,Consumer,-0.04791081500523242,0.051445932003060246
2023-03-31,CCL,Consumer,-0.0926108225588359,0.09811770550612281
2023-03-31,CHDN,Consumer,0.1380277183589651,0.01868964444763624
2023-03-31,CMCSA,Consumer,0.09965858845111208,0.030425738393053455
2023-03-31,CZR,Consumer,-0.07211637694584916,0.08393510997512009
2023-03-31,DIS,Consumer,0.023669265736005585,0.03818905566303308
2023-03-31,DKNG,Consumer,0.13171483247253057,0.043526874624323815
2023-03-31,F,Consumer,-0.045366943229237844,0.03373224890375655
2023-03-31,FOX,Consumer,-0.02459283294582726,0.015523139758525767
2023-03-31,GM,Consumer,-0.09923665023213835,0.02080582288658814
2023-03-31,GRMN,Consumer,-0.027249154569572775,0.02189499326170931
2023-03-31,H,Consumer,0.022453064454840854,0.01519711162006796
2023-03-31,IHG,Consumer,0.04024020599483791,0.021404600344495615
2023-03-31,LVS,Consumer,0.11140123074040864,0.0493538738733956
2023-03-31,NCLH,Consumer,-0.007434901800260629,0.0756250861372265
2023-03-31,NFLX,Consumer,-0.045009849776145416,0.08324918829879487
2023-03-31,PENN,Consumer,0.004383043451922974,0.06854013037160402
2023-03-31,POOL,Consumer,0.025931513303100617,0.036982303542845985
2023-03-31,RCL,Consumer,0.0019908266475430203,0.08190639942729051
2023-03-31,SIRI,Consumer,-0.04282138318155204,0.031768310488616364
2023-03-31,TSLA,Consumer,-0.20799193945263272,0.05339039213293861
2023-03-31,WBD,Consumer,-0.09867554219541375,0.0946835972627943
2023-03-31,WYNN,Consumer,0.021177724763525196,0.05990336643613517
2023-03-31,APA,Energy,0.028536532360598166,0.038929156001865015
2023-03-31,BA,Energy,-0.0265969688428489,0.03828957046136907
2023-03-31,CAT,Energy,-0.038683640394171936,0.033510489545657905
2023-03-31,COP,Energy,0.03709301961792355,0.032320973919667415
2023-03-31,CVX,Energy,0.033218827757663494,0.0164029284219759
2023-03-31,DE,Energy,-0.08443137099263232,0.0074801086073627305
2023-03-31,DVN,Energy,0.05572031941374522,0.035973695267359614
2023-03-31,EOG,Energy,0.04930061495717841,0.031058983543219267
2023-03-31,FDX,Energy,-0.0031074384209405226,0.014234663147577313
2023-03-31,GD,Energy,-0.03770873809731157,0.001045793872141751
2023-03-31,GE,Energy,0.03525096874969513,0.03182286937330374
2023-03-31,HAL,Energy,0.03508219709391569,0.04913632465227844
2023-03-31,HON,Energy,0.04562564506219058,0.010049687589639573
2023-03-31,LMT,Energy,-0.01751528218902465,0.00489379577122212
2023-03-31,MMM,Energy,0.010560077615031194,0.017103455194519487
2023-03-31,MPC,Energy,-0.09515699902654373,0.018547906374573982
2023-03-31,NOC,Energy,-0.0009745273188230819,0.007199197227788478
2023-03-31,OXY,Energy,-0.014416173010803113,0.02222855365607925
2023-03-31,PSX,Energy,-0.023475803016791308,0.015159090550091021
2023-03-31,RTX,Energy,0.02011669969781238,-0.0004005546175663878
2023-03-31,SLB,Energy,0.005091690682809791,0.047862128325864284
2023-03-31,UNP,Energy,-0.027625951332763354,0.0051769507299906925
2023-03-31,UPS,Energy,-0.07309650307611171,0.005695702752861671
2023-03-31,VLO,Energy,-0.17858171586764904,0.017887583805089046
2023-03-31,XOM,Energy,0.07915365598288027,0.013871857581555475
2023-03-31,AME,Energy,-0.05091841335019032,0.004664045590272432
2023-03-31,BE,Energy,-0.1645760479890057,0.04913266912784048
2023-03-31,BKR,Energy,0.013167099641125724,0.04913001015607485
2023-03-31,CTRA,Energy,0.04319494906155841,0.02357210907461514
2023-03-31,EMR,Energy,-0.04452603916231279,0.01799649074085118
2023-03-31,ENPH,Energy,-0.21913639955561715,0.03910794770131247
2023-03-31,ETN,Energy,-0.02462963756983072,0.004720861457584153
2023-03-31,FSLR,Energy,-0.16055171571928883,0.033430658594461114
2023-03-31,FTV,Energy,-0.07451958679292903,-0.001554127350910029
2023-03-31,GNRC,Energy,-0.053606154995021194,0.06155310442653712
2023-03-31,HUBB,Energy,0.10690077139289245,-0.001120241541817904
2023-03-31,MTDR,Energy,0.02896115575401348,0.042290694122909374
2023-03-31,PH,Energy,-0.03341169311058556,0.013429855909159068
2023-03-31,PLUG,Energy,-0.22952222463895655,0.06441019997799417
2023-03-31,PR,Energy,-0.004762079332839342,0.02338838616963996
2023-03-31,ROK,Energy,-0.03421348892148246,0.013728540784398264
2023-03-31,ROP,Energy,0.03358794470622595,0.006688996824698467
2023-03-31,SM,Energy,0.002334654389119395,0.049583005461776644
2023-03-31,VRSK,Energy,0.0117271763379867,0.01698417803006025
2023-03-31,WMB,Energy,0.013395766371209872,0.011329424495155579
2023-03-31,XYL,Energy,-0.008213918613405702,0.011421380396387525
2023-04-30,AAPL,Technology,0.046058377845794585,0.008429945180702189
2023-04-30,ADBE,Technology,0.10655263069834309,0.03394329671649991
2023-04-30,AMAT,Technology,0.18237216181439964,0.04054435856912256
2023-04-30,AMD,Technology,0.32270331712609934,0.04797764839905799
2023-04-30,AVGO,Technology,0.2896410235744662,0.012776345185701454
2023-04-30,CDNS,Technology,0.10245885426854517,0.00580500986727811
2023-04-30,CRM,Technology,0.12607764852928893,0.01533406078930773
2023-04-30,CRWD,Technology,0.33386089806074204,0.046266582199840214
2023-04-30,FTNT,Technology,0.08374310321784395,0.024726928005525367
2023-04-30,GOOGL,Technology,0.1446804271768405,0.027706037855117254
2023-04-30,INTC,Technology,0.016379507068293053,0.04347316266480385
2023-04-30,INTU,Technology,-0.05592978068537846,0.01344096738905401
2023-04-30,KLAC,Technology,0.1499064565662913,0.019518995230505046
2023-04-30,LRCX,Technology,0.1767287616338622,0.023910661030500203
2023-04-30,META,Technology,0.1015311274775339,0.04534192621563122
2023-04-30,MSFT,Technology,0.07110557553728247,0.00774182483983782
2023-04-30,MU,Technology,0.059664275766555974,0.0342265395179373
2023-04-30,NET,Technology,0.4699257127220764,0.09773051139936983
2023-04-30,NOW,Technology,0.1857994656003028,0.03176215181664415
2023-04-30,NVDA,Technology,0.3634362530614492,0.07925028933583164
2023-04-30,ORCL,Technology,0.11845477489457301,0.02832713205861798
2023-04-30,PANW,Technology,0.1695165600003814,0.01869857163446834
2023-04-30,QCOM,Technology,-0.02228115942799369,0.02248152228984661
2023-04-30,SNPS,Technology,0.22525041064600915,0.009540715898764098
2023-04-30,TXN,Technology,0.04795873437375753,0.0010308480222931717
2023-04-30,ACN,Technology,0.09144083578807871,0.006202621545111798
2023-04-30,ADI,Technology,-0.012174753918772319,0.014294291932889919
2023-04-30,ANET,Technology,0.038586366973487385,0.021581834653404602
2023-04-30,CGNX,Technology,0.15399627777502745,0.06155060371436352
2023-04-30,COHU,Technology,0.13297872280464107,0.029424170918493968
2023-04-30,CSCO,Technology,0.05121700362063786,0.015228052799244305
2023-04-30,DELL,Technology,0.03035193668341063,0.03999838975656565
2023-04-30,ENTG,Technology,0.4067092814198032,0.05073653587777981
2023-04-30,FORM,Technology,0.14573421923893926,0.052881252373213145
2023-04-30,HPQ,Technology,-0.02187807130483821,0.04091107852388547
2023-04-30,IBM,Technology,0.031116172337432246,0.008906216110403369
2023-04-30,IPGP,Technology,-0.039224230340557775,0.03604736777406206
2023-04-30,KEYS,Technology,0.11863940635039483,0.006611137727808487
2023-04-30,MCHP,Technology,0.03616873584848923,0.023237918423120077
2023-04-30,MKSI,Technology,0.16299911862548067,0.06659208970803202
2023-04-30,MPWR,Technology,0.060479985293193206,0.03349877661198969
2023-04-30,MRVL,Technology,0.481509708855834,0.05406438373371606
2023-04-30,NXPI,Technology,0.09380713064314183,0.019092621008521805
2023-04-30,ONTO,Technology,0.3256358857007835,0.020781384601297276
2023-04-30,QRVO,Technology,0.05625543225639662,0.04128324539625971
2023-04-30,STX,Technology,0.02263062320773379,0.04129433608288485
2023-04-30,SWKS,Technology,-0.016469286409582007,0.03323582902938532
2023-04-30,TER,Technology,0.09764507110628173,0.035325603141188405
2023-04-30,VRSN,Technology,0.0068530105268906905,0.014299860831289963
2023-04-30,WDC,Technology,0.12456450665894114,0.06012349057804914
2023-04-30,AXP,Financials,-0.017230608338508313,0.02495605896228212
2023-04-30,BAC,Financials,-0.05088786104618148,0.03781742355058389
2023-04-30,BK,Financials,-0.05611642774118564,0.02706180075328373
2023-04-30,BLK,Financials,-0.020336913788501554,0.02466093895814135
2023-04-30,C,Financials,-0.05842369322624286,0.019822778107490897
2023-04-30,CFG,Financials,-0.15445194861735,0.04330352321269031
2023-04-30,CME,Financials,-0.037788575213956954,0.02055541282513497
2023-04-30,COF,Financials,0.07841895071911487,0.04267890588102711
2023-04-30,FITB,Financials,-0.07366415861463338,0.04385216410264107
2023-04-30,GS,Financials,-0.04971382340537234,0.02269395366528717
2023-04-30,HBAN,Financials,-0.07946438621052487,0.030016188711371003
2023-04-30,ICE,Financials,-0.02735715987776577,0.03357617729193938
2023-04-30,JPM,Financials,-0.018301601716641636,0.030119266233731658
2023-04-30,KEY,Financials,-0.15334738192587616,0.04792662260475351
2023-04-30,MCO,Financials,0.014532391032290315,0.021099985909654288
2023-04-30,MS,Financials,-0.0912525528713084,0.01908162091931742
2023-04-30,MTB,Financials,-0.04284611386817749,0.0244298875856135
2023-04-30,PNC,Financials,-0.11071022521900853,0.02814746866544749
2023-04-30,RF,Financials,-0.054216544040078474,0.023212958256428388
2023-04-30,SCHW,Financials,0.013945015757319101,0.03676733045626118
2023-04-30,SPGI,Financials,0.015943288906354214,0.022437871560349588
2023-04-30,STT,Financials,-0.058676980290035985,0.049251639756009484
2023-04-30,TFC,Financials,-0.04700176352872709,0.03468303181735752
2023-04-30,USB,Financials,-0.1277713019352582,0.030296521892535594
2023-04-30,WFC,Financials,0.009344047957738466,0.028416726861194244
2023-04-30,AFL,Financials,-0.07486531415966458,0.016138636592885523
2023-04-30,AJG,Financials,-0.037152749102211224,-0.0012284822960111179
2023-04-30,ALL,Financials,-0.0631479287802853,0.01624424615767297
2023-04-30,AMTD,Financials,-0.13218383297252345,0.2227709967571133
2023-04-30,AON,Financials,-0.051940520899259046,0.0017370196646176901
2023-04-30,CB,Financials,-0.07819005487153463,0.01688416299741916
2023-04-30,FDS,Financials,-0.06273307295457364,0.009669619402672368
2023-04-30,FNF,Financials,-0.03803875525032219,0.027515116273277726
2023-04-30,GL,Financials,-0.04920751803473278,0.010941887038026805
2023-04-30,HIG,Financials,-0.02879352976988725,0.015002310262824496
2023-04-30,IBKR,Financials,-0.006705350525702203,0.0269272788210662
2023-04-30,LPLA,Financials,-0.06584843435619037,0.028546281191867164
2023-04-30,MET,Financials,-0.1843158448235569,0.027127571718222464
2023-04-30,MSCI,Financials,-0.02187198981444216,0.011209327787882096
2023-04-30,NDAQ,Financials,-0.00036119393312028514,0.014000841642092542
2023-04-30,PGR,Financials,-0.06224335132804493,0.0015574702722336124
2023-04-30,PRU,Financials,-0.08152301873776768,0.038255188946187846
2023-04-30,RJF,Financials,-0.0019883436040074587,0.025830886078145494
2023-04-30,SEIC,Financials,-0.03955195591320315,0.01681958758113027
2023-04-30,SF,Financials,-0.06755330104524226,0.020546305226553905
2023-04-30,SYF,Financials,0.057377006094346594,0.04256990497557354
2023-04-30,TRV,Financials,-0.06569523128024202,0.014378438198250638
2023-04-30,UNM,Financials,0.029620831982323015,0.008615970383364504
2023-04-30,WTW,Financials,-0.05505204094510008,0.007383479350279448
2023-04-30,ABBV,Healthcare,-0.08708315442241377,0.010800917750406126
2023-04-30,ABT,Healthcare,-0.0766725955587364,0.013426233159525222
2023-04-30,AMGN,Healthcare,-0.07094392487554912,0.015349322969178892
2023-04-30,BAX,Healthcare,-0.14597316816936257,0.03721572994340175
2023-04-30,BIIB,Healthcare,-0.02570426007239035,0.019261745720157954
2023-04-30,BMY,Healthcare,-0.03489570363046168,0.0030162398859141515
2023-04-30,BSX,Healthcare,-0.012279343874984527,0.004616291593958207
2023-04-30,CI,Healthcare,-0.023214354544663918,0.020993303076986776
2023-04-30,CVS,Healthcare,-0.07202288863754325,0.01863396613286016
2023-04-30,DHR,Healthcare,-0.030771249217106056,0.008710391419129984
2023-04-30,EW,Healthcare,-0.042623321856289365,0.04196184943764633
2023-04-30,GILD,Healthcare,-0.0641038351753338,0.01749756191511888
2023-04-30,HUM,Healthcare,-0.05395031189387678,0.005003080670577632
2023-04-30,ISRG,Healthcare,0.021977276045281657,0.036877002483002616
2023-04-30,JNJ,Healthcare,-0.04563306477463702,0.0008801544646073294
2023-04-30,LLY,Healthcare,0.08770045711797647,-0.002151405405905034
2023-04-30,MDT,Healthcare,-0.0900493598240365,0.026779011430806788
2023-04-30,MRK,Healthcare,-0.04382074923340851,0.007138622798908008
2023-04-30,PFE,Healthcare,-0.011792056355472869,0.016936669494032382
2023-04-30,REGN,Healthcare,-0.08260269323937319,-0.0020193574347260115
2023-04-30,SYK,Healthcare,-0.08032725780044636,0.012123425725144868
2023-04-30,TMO,Healthcare,-0.0836905752198488,0.0035057594023556963
2023-04-30,UNH,Healthcare,-0.009855846591427908,0.0007910627773936238
2023-04-30,VRTX,Healthcare,-0.05036246620142282,-0.004445140348333758
2023-04-30,ZBH,Healthcare,-0.0801790954328695,0.0077879879763226995
2023-04-30,A,Healthcare,-0.14590560539778452,0.018788131077862105
2023-04-30,ACAD,Healthcare,0.10173464997916937,0.06940718524041742
2023-04-30,ALGN,Healthcare,-0.1310789601320146,0.0767736915294562
2023-04-30,ALKS,Healthcare,0.01331002025464012,0.02270897229791359
2023-04-30,BDX,Healthcare,-0.08531645084123507,0.004894708005964841
2023-04-30,DGX,Healthcare,-0.04437709646315535,0.008380434782501152
2023-04-30,DXCM,Healthcare,-0.033624479353854264,0.04239081611061721
2023-04-30,FOLD,Healthcare,-0.024263408483255366,0.04175159487411095
2023-04-30,HOLX,Healthcare,-0.08278110184562859,0.013732001064721283
2023-04-30,IDXX,Healthcare,-0.055652662639449235,0.04831879164042443
2023-04-30,INSP,Healthcare,0.0928893804805182,0.048407725724869045
2023-04-30,IQV,Healthcare,0.04611384015082565,0.029732795192804706
2023-04-30,MASI,Healthcare,-0.14433754435790658,0.013179024120340832
2023-04-30,MTD,Healthcare,-0.11373114641824511,0.019555048987435434
2023-04-30,NBIX,Healthcare,-0.11391530118703386,0.011763026726961355
2023-04-30,NTRA,Healthcare,-0.07117508918509285,0.014158123246351122
2023-04-30,NVCR,Healthcare,0.08968127307848373,0.07888869538937943
2023-04-30,PODD,Healthcare,-0.13768710655388094,0.014440315181923484
2023-04-30,RARE,Healthcare,0.13029545866691916,0.07801946890339233
2023-04-30,RMD,Healthcare,-0.12353891246169824,0.009792805166564963
2023-04-30,WAT,Healthcare,-0.16360363073444184,0.018806466421390562
2023-04-30,AMZN,Consumer,0.14348037288458837,0.04146711804938377
2023-04-30,AZO,Consumer,-0.10380690367275658,0.0067832969989391895
2023-04-30,BKNG,Consumer,-0.06609066768968763,0.036857065808663644
2023-04-30,CMG,Consumer,0.004289924507512977,0.0014234300014437304
2023-04-30,COST,Consumer,0.01869369095836948,0.01844582119295243
2023-04-30,DG,Consumer,-0.09198055729901533,0.008770894338207392
2023-04-30,DLTR,Consumer,-0.12250342208433407,0.024728959872841287
2023-04-30,DRI,Consumer,0.04337497072759966,0.003750503672369938
2023-04-30,EBAY,Consumer,-0.07850061535025821,0.0437666983990537
2023-04-30,HD,Consumer,-0.050074573302374414,0.0048714248872005
2023-04-30,HLT,Consumer,-0.05386925846024637,0.026638749987172368
2023-04-30,KR,Consumer,-0.0629032632482539,0.017892884853157702
2023-04-30,LOW,Consumer,-0.03223758885095862,0.005877319263624763
2023-04-30,LULU,Consumer,-0.1263390648944146,0.007908118805185672
2023-04-30,MAR,Consumer,-0.006081573920761474,0.025530836763166292
2023-04-30,MCD,Consumer,-0.035976223816280295,-0.0019425354990526902
2023-04-30,MGM,Consumer,-0.1253338709463745,0.037528280373002966
2023-04-30,NKE,Consumer,-0.16934962381074892,0.0413449809590178
2023-04-30,ORLY,Consumer,-0.015261970535620839,0.00719617005918978
2023-04-30,ROST,Consumer,-0.029138909957638015,0.03651344438869618
2023-04-30,SBUX,Consumer,-0.14142820036137405,0.014498138617206393
2023-04-30,TGT,Consumer,-0.16439572064685826,0.05484253664463507
2023-04-30,TJX,Consumer,-0.021609063164697906,0.01513827639770028
2023-04-30,WMT,Consumer,-0.023462067122338892,0.00861266377372931
2023-04-30,YUM,Consumer,-0.0803066746393688,0.0019454633384415332
2023-04-30,BBY,Consumer,-0.024825699355317088,0.03980206361024122
2023-04-30,CCL,Consumer,0.21932676434671605,0.1171952961654674
2023-04-30,CHDN,Consumer,-0.07141139425924248,0.021010259081782157
2023-04-30,CMCSA,Consumer,-0.048827703685809465,0.041022089587215683
2023-04-30,CZR,Consumer,-0.0945021529581549,0.10395900078369667
2023-04-30,DIS,Consumer,-0.1418536321204933,0.041487911898937184
2023-04-30,DKNG,Consumer,0.06526701575238425,0.04699333772763811
2023-04-30,F,Consumer,0.010100984956377124,0.03881418953848444
2023-04-30,FOX,Consumer,-0.04354928763582555,0.020927290596100927
2023-04-30,GM,Consumer,-0.01906801846884254,0.03272361348358352
2023-04-30,GRMN,Consumer,0.050728219123324036,0.02441268084634195
2023-04-30,H,Consumer,-0.0583793179243528,0.039003504908275845
2023-04-30,IHG,Consumer,-0.04229235994309721,0.02785857453451244
2023-04-30,LVS,Consumer,-0.13657012957181502,0.04560441672745494
2023-04-30,NCLH,Consumer,0.1123595473511787,0.08491641784405289
2023-04-30,NFLX,Consumer,0.19792073389072873,0.054529343551233005
2023-04-30,PENN,Consumer,-0.15944947479085758,0.052461546590639334
2023-04-30,POOL,Consumer,-0.09697711519119345,0.03301984968628798
2023-04-30,RCL,Consumer,0.23750586211377978,0.10459489020343549
2023-04-30,SIRI,Consumer,-0.05702493894552152,0.02339214360992275
2023-04-30,TSLA,Consumer,0.2411295460159617,0.05581248188420694
2023-04-30,WBD,Consumer,-0.1711976475005219,0.09358239357038692
2023-04-30,WYNN,Consumer,-0.13436961049089513,0.06317526922755505
2023-04-30,APA,Energy,-0.13758456175207534,0.047273314688152254
2023-04-30,BA,Energy,-0.005222951143390886,0.05710389610041666
2023-04-30,CAT,Energy,-0.05964346325093184,0.04395752427809159
2023-04-30,COP,Energy,-0.029915676241905054,0.03191130698329825
2023-04-30,CVX,Energy,-0.09778770006329429,0.01957686552299307
2023-04-30,DE,Energy,-0.08475730119862113,0.023895874730230495
2023-04-30,DVN,Energy,-0.137188948489799,0.03948761747104158
2023-04-30,EOG,Energy,-0.10195039966159003,0.02911877952429894
2023-04-30,FDX,Energy,-0.043023954842858814,0.028367277323603196
2023-04-30,GD,Energy,-0.06485299831021785,0.006672103651482722
2023-04-30,GE,Energy,0.02586625554321409,0.0526664496494154
2023-04-30,HAL,Energy,-0.12519087950288488,0.06904164563697263
2023-04-30,HON,Energy,-0.03620260055877189,0.012768891180469583
2023-04-30,LMT,Energy,-0.03756373667307922,0.010077173801741418
2023-04-30,MMM,Energy,-0.10818667044694963,0.025720745306814546
2023-04-30,MPC,Energy,-0.13421234832072226,0.012580699280690819
2023-04-30,NOC,Energy,-0.05179913762437016,0.00680149514169423
2023-04-30,OXY,Energy,-0.06289611728524724,0.021585889675783565
2023-04-30,PSX,Energy,-0.06444380635177338,0.025657165762719848
2023-04-30,RTX,Energy,-0.07200816576855873,0.007652043670088522
2023-04-30,SLB,Energy,-0.1321176182409658,0.05404192709467788
2023-04-30,UNP,Energy,-0.009581425831300838,0.026194487070908903
2023-04-30,UPS,Energy,-0.062318298032656094,0.015134112435064864
2023-04-30,VLO,Energy,-0.057902614844903444,0.020235215766898285
2023-04-30,XOM,Energy,-0.12906321697423695,0.01722552880179096
2023-04-30,AME,Energy,0.05176501005594303,0.006069443982800843
2023-04-30,BE,Energy,-0.17597594105891645,0.06004019878299675
2023-04-30,BKR,Energy,-0.06169040585464258,0.06232019290501076
2023-04-30,CTRA,Energy,-0.08462031874880727,0.03708399205684065
2023-04-30,EMR,Energy,-0.061099587276392864,0.015608838594722667
2023-04-30,ENPH,Energy,0.05895254637319858,0.03573225591483237
2023-04-30,ETN,Energy,0.05793882584706833,0.015802658399772778
2023-04-30,FSLR,Energy,0.11162232817628381,0.010859228978618688
2023-04-30,FTV,Energy,0.03315127365511317,-0.0021700931675809887
2023-04-30,GNRC,Energy,0.06554487251253538,0.07255651170050155
2023-04-30,HUBB,Energy,0.05284282994947809,0.0032680055713424846
2023-04-30,MTDR,Energy,-0.1001428127243078,0.05577068171298295
2023-04-30,PH,Energy,-0.009180569675391603,0.02878553562084917
2023-04-30,PLUG,Energy,-0.07862680610659967,0.07558964128246418
2023-04-30,PR,Energy,-0.09766871813124955,0.06109198368011264
2023-04-30,ROK,Energy,-0.012664707972161682,0.030855932943640748
2023-04-30,ROP,Energy,-0.0012314590313470264,0.015903796471688922
2023-04-30,SM,Energy,-0.06374633376612837,0.057478688936248856
2023-04-30,VRSK,Energy,0.12879288907700848,0.010884315153434153
2023-04-30,WMB,Energy,-0.05287498173266736,0.018920800106929203
2023-04-30,XYL,Energy,-0.03182303431659872,0.012707024061087637
2023-05-31,AAPL,Technology,0.09432993215196084,0.08571615382774375
2023-05-31,ADBE,Technology,0.17042049889471578,0.0973891374343393
2023-05-31,AMAT,Technology,0.08432120424114586,0.10285502240029573
2023-05-31,AMD,Technology,-0.03637590267884627,0.12129858652076744
2023-05-31,AVGO,Technology,0.07932472634956267,0.10288474772126621
2023-05-31,CDNS,Technology,0.015633799112636515,0.09946123582727032
2023-05-31,CRM,Technology,-0.05425748904253869,0.0963092688752352
2023-05-31,CRWD,Technology,-0.08280777718909726,0.07387500573937239
2023-05-31,FTNT,Technology,0.10624900208236787,0.08795889143054117
2023-05-31,GOOGL,Technology,-0.025799668711851576,0.08632139909900774
2023-05-31,INTC,Technology,0.06361317201200944,0.09442565285557925
2023-05-31,INTU,Technology,0.09321886827918457,0.08070890491417526
2023-05-31,KLAC,Technology,0.09487787386436763,0.08556379436818343
2023-05-31,LRCX,Technology,0.04529260981567296,0.0926089169280565
2023-05-31,META,Technology,0.08408894684820822,0.1378177072642464
2023-05-31,MSFT,Technology,0.03699868767338499,0.08669057925261475
2023-05-31,MU,Technology,-0.07463335414148031,0.08446010835963838
2023-05-31,NET,Technology,-0.05480047303126112,0.09138121766721782
2023-05-31,NOW,Technology,0.031553983903599425,0.08764436860753969
2023-05-31,NVDA,Technology,0.11821066562305549,0.14307228054483564
2023-05-31,ORCL,Technology,0.12412660271116316,0.092830841452017
2023-05-31,PANW,Technology,0.1973850472733576,0.09105691684236589
2023-05-31,QCOM,Technology,0.049642797486044055,0.08845432226375216
2023-05-31,SNPS,Technology,-0.04297078459677939,0.0970091518140819
2023-05-31,TXN,Technology,0.03531191638370634,0.09193852856041401
2023-05-31,ACN,Technology,0.008695216053413946,0.08300081530586537
2023-05-31,ADI,Technology,0.10159880505785623,0.10069826657124556
2023-05-31,ANET,Technology,-0.02573042487389987,0.10010721091793665
2023-05-31,CGNX,Technology,0.019286683974320207,0.09245278321780126
2023-05-31,COHU,Technology,0.08398542534919051,0.08354311222339231
2023-05-31,CSCO,Technology,0.04167502865327721,0.09013608820549371
2023-05-31,DELL,Technology,0.20754293908082033,0.0883286109392375
2023-05-31,ENTG,Technology,0.052921660221368017,0.08666908089977204
2023-05-31,FORM,Technology,0.09364014763329065,0.11518351084475703
2023-05-31,HPQ,Technology,0.06598913253295402,0.08819524526177461
2023-05-31,IBM,Technology,0.04059407469482079,0.07929576910498388
2023-05-31,IPGP,Technology,0.22947411807183715,0.09823510669250685
2023-05-31,KEYS,Technology,0.034919615512473134,0.07324371578614004
2023-05-31,MCHP,Technology,0.1904065962925312,0.10033924656357429
2023-05-31,MKSI,Technology,0.11088272982340541,0.09071213670980857
2023-05-31,MPWR,Technology,0.10480816563977546,0.10573372072947612
2023-05-31,MRVL,Technology,0.022054986674055366,0.09085023296938646
2023-05-31,NXPI,Technology,0.14897816490209914,0.10109876956311278
2023-05-31,ONTO,Technology,0.0849557790052562,0.09730971901183061
2023-05-31,QRVO,Technology,0.04904376453112924,0.09472899300926657
2023-05-31,STX,Technology,0.04078119290825821,0.10616886590861233
2023-05-31,SWKS,Technology,0.06936522403380829,0.10413346124466677
2023-05-31,TER,Technology,0.1111887417832993,0.10058178737368459
2023-05-31,VRSN,Technology,0.011866433974399238,0.08272037151557582
2023-05-31,WDC,Technology,-0.02065587378917444,0.08756563884293297
2023-05-31,AXP,Financials,0.09863793261785392,0.09105390692597917
2023-05-31,BAC,Financials,0.040623898948503046,0.07338220788337088
2023-05-31,BK,Financials,0.10746261488606978,0.08567903490132933
2023-05-31,BLK,Financials,0.05881298758791953,0.08344815266482836
2023-05-31,C,Financials,0.03880861452987161,0.08072835639066553
2023-05-31,CFG,Financials,0.011636824013643077,0.06905035959880823
2023-05-31,CME,Financials,0.04287134728943087,0.08808347296805552
2023-05-31,COF,Financials,0.04951548103704839,0.08125206317892933
2023-05-31,FITB,Financials,0.09364084333131029,0.06934356719083605
2023-05-31,GS,Financials,-0.004198760166694515,0.08148716229426903
2023-05-31,HBAN,Financials,0.06076858083562442,0.06761517930050559
2023-05-31,ICE,Financials,0.07142489100855443,0.08840363941245094
2023-05-31,JPM,Financials,0.07169722231953779,0.07417600622553361
2023-05-31,KEY,Financials,-0.01070679884027681,0.0661375263592727
2023-05-31,MCO,Financials,0.09732407483898187,0.09394548128572677
2023-05-31,MS,Financials,0.044520486409834525,0.08442135422554894
2023-05-31,MTB,Financials,0.03860362787595295,0.05966552377976875
2023-05-31,PNC,Financials,0.08736951011328964,0.0696859325229594
2023-05-31,RF,Financials,0.04393669251308285,0.07340829587387049
2023-05-31,SCHW,Financials,0.07572601336951834,0.059437905061503565
2023-05-31,SPGI,Financials,0.09106488160246906,0.08418623380949647
2023-05-31,STT,Financials,0.08520776492946291,0.08348741251231678
2023-05-31,TFC,Financials,-0.003938224345653607,0.06933995575833293
2023-05-31,USB,Financials,0.12167522429621003,0.07036764853575148
2023-05-31,WFC,Financials,0.07209253109080516,0.07291515022196333
2023-05-31,AFL,Financials,0.08705834863856454,0.07201550660348506
2023-05-31,AJG,Financials,0.09905894852705832,0.08117283897647218
2023-05-31,ALL,Financials,0.013759839729041046,0.0724283844847547
2023-05-31,AMTD,Financials,0.04635751690587653,0.0779251645989
2023-05-31,AON,Financials,0.11972498213083349,0.0865900376688975
2023-05-31,CB,Financials,0.0411244481548394,0.07687038686758743
2023-05-31,FDS,Financials,0.04094674658750552,0.07906469009345213
2023-05-31,FNF,Financials,0.06835625481479779,0.07838431948333119
2023-05-31,GL,Financials,0.062415286227441635,0.07397354311345852
2023-05-31,HIG,Financials,0.05108006746775451,0.07873620412546528
2023-05-31,IBKR,Financials,0.07561806693921946,0.07824337671997149
2023-05-31,LPLA,Financials,0.11628511418197673,0.0659786347611532
2023-05-31,MET,Financials,0.1408677890991672,0.07184062923888948
2023-05-31,MSCI,Financials,-0.002635250743813211,0.08604408485334161
2023-05-31,NDAQ,Financials,-0.09547813279144013,0.07299712195811629
2023-05-31,PGR,Financials,0.034868324731264,0.08147196644139362
2023-05-31,PRU,Financials,0.12110787121540323,0.07487529331105869
2023-05-31,RJF,Financials,0.15320610243477195,0.06927660453905957
2023-05-31,SEIC,Financials,0.06142735460318982,0.08631663025899333
2023-05-31,SF,Financials,0.07378081618713139,0.07856381760708653
2023-05-31,SYF,Financials,0.09560728872186641,0.07709136621426027
2023-05-31,TRV,Financials,0.031987766342788104,0.07024858927555147
2023-05-31,UNM,Financials,0.09781372021628187,0.0672590977904452
2023-05-31,WTW,Financials,0.07997798014388957,0.08159795537051759
2023-05-31,ABBV,Healthcare,-0.023412644432759366,0.08638874120839948
2023-05-31,ABT,Healthcare,0.06882375944486685,0.0740431536661922
2023-05-31,AMGN,Healthcare,0.006208971425982535,0.07495427379761987
2023-05-31,BAX,Healthcare,0.12688594026015743,0.07135807519648098
2023-05-31,BIIB,Healthcare,-0.03900002501862754,0.07744158459669385
2023-05-31,BMY,Healthcare,-0.007604107348311073,0.07469631934173278
2023-05-31,BSX,Healthcare,0.05069931300621344,0.08781918980477268
2023-05-31,CI,Healthcare,0.13948413873496524,0.06546910543730505
2023-05-31,CVS,Healthcare,0.016169311969305378,0.06997642547762872
2023-05-31,DHR,Healthcare,0.046408751566555884,0.08154321958784538
2023-05-31,EW,Healthcare,0.11990974797093701,0.09098966263027233
2023-05-31,GILD,Healthcare,0.011358152520186904,0.07928942477548259
2023-05-31,HUM,Healthcare,-0.10729587141115904,0.06755719135252711
2023-05-31,ISRG,Healthcare,0.11077185066649653,0.07389594443156466
2023-05-31,JNJ,Healthcare,0.06745799801250496,0.0724871614022915
2023-05-31,LLY,Healthcare,0.09202274600361182,0.07587785148581408
2023-05-31,MDT,Healthcare,0.07290590623681759,0.07874556103449051
2023-05-31,MRK,Healthcare,0.05208713269089382,0.0802506982541501
2023-05-31,PFE,Healthcare,-0.03524466992709241,0.07702562027874618
2023-05-31,REGN,Healthcare,-0.023138796103268522,0.08113777041180609
2023-05-31,SYK,Healthcare,0.1098554276728505,0.09016415059925706
2023-05-31,TMO,Healthcare,0.02682094043334149,0.08740446719025835
2023-05-31,UNH,Healthcare,-0.009496247112109057,0.06860403204986551
2023-05-31,VRTX,Healthcare,0.08758536235249337,0.07444075235523431
2023-05-31,ZBH,Healthcare,0.14529696635615963,0.08731429898894685
2023-05-31,A,Healthcare,0.04158070993651597,0.08010925106446287
2023-05-31,ACAD,Healthcare,0.019148968635721353,0.0831000802183453
2023-05-31,ALGN,Healthcare,0.25111444869001476,0.12306187812727043
2023-05-31,ALKS,Healthcare,0.08192184261611479,0.09140046765972598
2023-05-31,BDX,Healthcare,0.09598770433325154,0.08431754546020442
2023-05-31,DGX,Healthcare,0.05963027831558465,0.08088135052857812
2023-05-31,DXCM,Healthcare,0.09594057790938337,0.07930253925528304
2023-05-31,FOLD,Healthcare,0.11545294532058437,0.07732607621897691
2023-05-31,HOLX,Healthcare,0.026365849247650175,0.09176453922466285
2023-05-31,IDXX,Healthcare,0.08059905514156229,0.10470613883062174
2023-05-31,INSP,Healthcare,0.10991837494438839,0.08874485135246127
2023-05-31,IQV,Healthcare,0.14148595852020973,0.08041398892348128
2023-05-31,MASI,Healthcare,0.01674497513092632,0.09563271309036778
2023-05-31,MTD,Healthcare,-0.007739021618266673,0.09250659793111854
2023-05-31,NBIX,Healthcare,0.05327827920806327,0.0695185174954891
2023-05-31,NTRA,Healthcare,0.03290170275905213,0.0757102256522322
2023-05-31,NVCR,Healthcare,-0.4220860407892668,0.07539865525373562
2023-05-31,PODD,Healthcare,0.05137646795949169,0.09073049949178236
2023-05-31,RARE,Healthcare,-0.06543759121346016,0.08381294681459672
2023-05-31,RMD,Healthcare,0.03657661362811937,0.07181371628921854
2023-05-31,WAT,Healthcare,0.06098243471768683,0.08305078462545387
2023-05-31,AMZN,Consumer,0.08110796675057008,0.08495220475447748
2023-05-31,AZO,Consumer,0.04462805031290862,0.07496472192465618
2023-05-31,BKNG,Consumer,0.07635613718993106,0.1045039571940786
2023-05-31,CMG,Consumer,0.03010364489507822,0.07411026040374888
2023-05-31,COST,Consumer,0.05242787268027582,0.08546033572702119
2023-05-31,DG,Consumer,-0.15570150502408775,0.07158128389441586
2023-05-31,DLTR,Consumer,0.06390862103450234,0.07739394562068677
2023-05-31,DRI,Consumer,0.05399941082136084,0.08540475547793838
2023-05-31,EBAY,Consumer,0.050540637948539135,0.0901704171041394
2023-05-31,HD,Consumer,0.09592534791384288,0.08105489300508717
2023-05-31,HLT,Consumer,0.06927728123849475,0.08757931921285822
2023-05-31,KR,Consumer,0.03684086359532324,0.08481555221926415
2023-05-31,LOW,Consumer,0.12215945927771354,0.08245342907513278
2023-05-31,LULU,Consumer,0.14030069096439512,0.09108147504310155
2023-05-31,MAR,Consumer,0.09476161035817277,0.0885923114889122
2023-05-31,MCD,Consumer,0.052204402289194096,0.0821787885366603
2023-05-31,MGM,Consumer,0.11784161734616294,0.09650256125138551
2023-05-31,NKE,Consumer,0.05199788343372602,0.10507221190035387
2023-05-31,ORLY,Consumer,0.05755498357550981,0.07593985958195512
2023-05-31,ROST,Consumer,0.08564780866176513,0.09101763173895924
2023-05-31,SBUX,Consumer,0.014543144987236634,0.08854845657506258
2023-05-31,TGT,Consumer,0.0074086818664826914,0.09014794914825236
2023-05-31,TJX,Consumer,0.10418008100690157,0.08371006835661027
2023-05-31,WMT,Consumer,0.0701979895701923,0.08500224047425911
2023-05-31,YUM,Consumer,0.07661830804645464,0.0874915056858871
2023-05-31,BBY,Consumer,0.141272907735015,0.09505991772055955
2023-05-31,CCL,Consumer,0.6767587557926467,0.1010851544430543
2023-05-31,CHDN,Consumer,0.024664953715477722,0.0718457741423561
2023-05-31,CMCSA,Consumer,0.05590862105772354,0.0826625212777618
2023-05-31,CZR,Consumer,0.24286767390429764,0.09687087774464992
2023-05-31,DIS,Consumer,0.015006697983999562,0.08216218639315315
2023-05-31,DKNG,Consumer,0.1383890111876538,0.08602704689579072
2023-05-31,F,Consumer,0.26083337772458837,0.08802516811994557
2023-05-31,FOX,Consumer,0.09174922261066731,0.09122201473797378
2023-05-31,GM,Consumer,0.19306934691236188,0.07897516031781958
2023-05-31,GRMN,Consumer,0.018053215996470584,0.08950189123210134
2023-05-31,H,Consumer,0.06605879030362782,0.09211637012583818
2023-05-31,IHG,Consumer,0.06179373771079111,0.09734556275292716
2023-05-31,LVS,Consumer,0.052058772729792535,0.10344616190196898
2023-05-31,NCLH,Consumer,0.4659932591603788,0.08230845379792162
2023-05-31,NFLX,Consumer,0.11451562666946691,0.07767290188993611
2023-05-31,PENN,Consumer,-0.04033547092466494,0.07545996678499009
2023-05-31,POOL,Consumer,0.1847071653862804,0.09273472087006915
2023-05-31,RCL,Consumer,0.28121513037912704,0.1013227263814245
2023-05-31,SIRI,Consumer,0.2724722335899803,0.06486221631623901
2023-05-31,TSLA,Consumer,0.28362672689273194,0.08323582867076801
2023-05-31,WBD,Consumer,0.11170215059481636,0.09630089124807684
2023-05-31,WYNN,Consumer,0.0700101013305876,0.11777698792122476
2023-05-31,APA,Energy,0.07520445382629481,0.0638110873521252
2023-05-31,BA,Energy,0.026543542998889835,0.10951726895809302
2023-05-31,CAT,Energy,0.1958688988929136,0.08633750163145765
2023-05-31,COP,Energy,0.04967293762101099,0.057988330448913855
2023-05-31,CVX,Energy,0.044681927836825786,0.07538678728133485
2023-05-31,DE,Energy,0.1747609824824714,0.08382576227076141
2023-05-31,DVN,Energy,0.06379025886304657,0.06459552613567615
2023-05-31,EOG,Energy,0.06664199267240845,0.06831200595115086
2023-05-31,FDX,Energy,0.14366432857805433,0.10833229561082386
2023-05-31,GD,Energy,0.05372721345631826,0.0770854867502804
2023-05-31,GE,Energy,0.081946539029363,0.1122180600430516
2023-05-31,HAL,Energy,0.15742655828382457,0.07271936927799294
2023-05-31,HON,Energy,0.0829854174242477,0.07782235726140599
2023-05-31,LMT,Energy,0.036868409391163315,0.07905094313464064
2023-05-31,MMM,Energy,0.07266075679885842,0.07758720590750559
2023-05-31,MPC,Energy,0.11142873585702096,0.07862593716035744
2023-05-31,NOC,Energy,0.04663712875026316,0.07263642342969054
2023-05-31,OXY,Energy,0.022837615463145333,0.06987636770413932
2023-05-31,PSX,Energy,0.041152688036447005,0.07245594144079828
2023-05-31,RTX,Energy,0.06316470253228679,0.08214205818948273
2023-05-31,SLB,Energy,0.1530965830602089,0.0717152233170348
2023-05-31,UNP,Energy,0.06285051777407324,0.08174353623465908
2023-05-31,UPS,Energy,0.07335327612416065,0.090319146632383
2023-05-31,VLO,Energy,0.09585201134666099,0.07622161327637282
2023-05-31,XOM,Energy,0.049618114399006874,0.0732092129557165
2023-05-31,AME,Energy,0.11773334024038906,0.08518561562130142
2023-05-31,BE,Energy,0.1916909667094684,0.08504819315907741
2023-05-31,BKR,Energy,0.1599999404388761,0.08779445513032991
2023-05-31,CTRA,Energy,0.0881719298204715,0.07668075464020228
2023-05-31,EMR,Energy,0.16361993920254014,0.08369999575569995
2023-05-31,ENPH,Energy,-0.0368070449479615,0.051972492035732946
2023-05-31,ETN,Energy,0.1432631836838658,0.08451577589434334
2023-05-31,FSLR,Energy,-0.06341155868269499,0.08024409787222753
2023-05-31,FTV,Energy,0.14836439637755028,0.0813329913770986
2023-05-31,GNRC,Energy,0.36917010089825397,0.08083564488137127
2023-05-31,HUBB,Energy,0.17383009645076464,0.06350904938691235
2023-05-31,MTDR,Energy,0.189902329191876,0.06411919048562634
2023-05-31,PH,Energy,0.21720149630104668,0.08604424413850104
2023-05-31,PLUG,Energy,0.24879816399347465,0.07202651098763305
2023-05-31,PR,Energy,0.17470521598764877,0.07194852844144381
2023-05-31,ROK,Energy,0.1825199200900136,0.0857424615784288
2023-05-31,ROP,Energy,0.0585180082908896,0.08278824350942643
2023-05-31,SM,Energy,0.20311876709833232,0.05585550601806808
2023-05-31,VRSK,Energy,0.03320028108928841,0.0864993142679632
2023-05-31,WMB,Energy,0.15484138128047142,0.08200741028310454
2023-05-31,XYL,Energy,0.12395204059410792,0.07751358504473481
2023-06-30,AAPL,Technology,0.01278548885666897,-7.896903716689968e-05
2023-06-30,ADBE,Technology,0.11693489400135704,0.01567252001538676
2023-06-30,AMAT,Technology,0.04877533799754952,0.010938409120069267
2023-06-30,AMD,Technology,0.004301622754951495,0.0366809046364888
2023-06-30,AVGO,Technology,0.03599129580427318,0.007339359798476783
2023-06-30,CDNS,Technology,-0.002174696214965466,0.0004980562285087121
2023-06-30,CRM,Technology,0.06508579161917005,0.02449721988815391
2023-06-30,CRWD,Technology,0.10070136199787383,0.03582940211077909
2023-06-30,FTNT,Technology,0.028178396428163444,0.012776888521199216
2023-06-30,GOOGL,Technology,0.10877197176555398,0.006434306643142894
2023-06-30,INTC,Technology,0.06967710109177228,0.03915277802879674
2023-06-30,INTU,Technology,0.11871842570641022,0.013592547693411804
2023-06-30,KLAC,Technology,0.05964730263710871,0.00482925079712899
2023-06-30,LRCX,Technology,0.11764616662387506,0.019298605295018294
2023-06-30,META,Technology,0.11018183299144524,0.08861834102795949
2023-06-30,MSFT,Technology,-0.013566850132033514,0.009719194592890942
2023-06-30,MU,Technology,0.13332793317320202,0.021399121625731318
2023-06-30,NET,Technology,0.05201153057412333,0.042056556614556075
2023-06-30,NOW,Technology,0.037421938776133645,0.009967232949236253
2023-06-30,NVDA,Technology,0.10465235805469275,0.04789067476300528
2023-06-30,ORCL,Technology,-0.01216370468551109,0.005143059979335422
2023-06-30,PANW,Technology,-0.0217212160474618,0.0029880393239868856
2023-06-30,QCOM,Technology,0.11029918808454608,0.019474962587146413
2023-06-30,SNPS,Technology,0.03764264484740343,0.002654815008865684
2023-06-30,TXN,Technology,0.0069143435640932616,-0.0048099522989795765
2023-06-30,ACN,Technology,0.028900528788344593,-0.007273825229235871
2023-06-30,ADI,Technology,0.024228927699813774,0.011736215003237804
2023-06-30,ANET,Technology,-0.04300877036717887,0.0023452683880992413
2023-06-30,CGNX,Technology,-0.02499094621670117,0.0018142052945276758
2023-06-30,COHU,Technology,0.05028874118206961,0.0012411289270090643
2023-06-30,CSCO,Technology,0.013425302125573468,-0.003959028248589201
2023-06-30,DELL,Technology,-0.015189030172142903,0.007890395924471206
2023-06-30,ENTG,Technology,-0.01001617976845881,0.0016619694555073533
2023-06-30,FORM,Technology,0.08591462658774773,0.055440987191781414
2023-06-30,HPQ,Technology,0.06903287823394111,0.029761289634607516
2023-06-30,IBM,Technology,0.07749796613229942,-0.0014199404873535583
2023-06-30,IPGP,Technology,-0.032175012077159004,0.03443818248335092
2023-06-30,KEYS,Technology,-0.0380411778637203,-0.009497531533919558
2023-06-30,MCHP,Technology,0.04855461771276448,0.006600520525556559
2023-06-30,MKSI,Technology,0.009898129910042908,0.030852488750985348
2023-06-30,MPWR,Technology,0.03565142449715153,0.0019367168703170214
2023-06-30,MRVL,Technology,0.0905888056116515,-0.020097003657659943
2023-06-30,NXPI,Technology,0.08940780058673092,0.006626324221459935
2023-06-30,ONTO,Technology,0.06739931649219999,0.01995248290224913
2023-06-30,QRVO,Technology,0.07831028089153325,0.009172933992745737
2023-06-30,STX,Technology,0.02634571308412137,0.042324077675819145
2023-06-30,SWKS,Technology,0.033246039704413866,0.01751346642023834
2023-06-30,TER,Technology,0.014461375953506161,0.008504873380659552
2023-06-30,VRSN,Technology,-0.06646910979215093,-0.00038928379910536937
2023-06-30,WDC,Technology,0.12206690497108519,0.043243025335544985
2023-06-30,AXP,Financials,-0.027215327909672293,0.009576823179965749
2023-06-30,BAC,Financials,0.11537110764425229,0.009450091244970153
2023-06-30,BK,Financials,0.02833539044314959,0.012473089977626205
2023-06-30,BLK,Financials,0.06903078859897849,0.005922646136033287
2023-06-30,C,Financials,0.03518685436458435,0.009518147147184011
2023-06-30,CFG,Financials,0.23696319305021452,0.020803274920984605
2023-06-30,CME,Financials,0.07377654437591552,0.006810459529036137
2023-06-30,COF,Financials,0.0699461895757072,0.019796280185325633
2023-06-30,FITB,Financials,0.1102633947367655,0.012831317472976361
2023-06-30,GS,Financials,0.10333596152823898,0.0026215530200361867
2023-06-30,HBAN,Financials,0.13543613527155296,0.011683426503005263
2023-06-30,ICE,Financials,0.015210432268172758,-0.003847101823866897
2023-06-30,JPM,Financials,0.09354248365425688,-0.00104156220411036
2023-06-30,KEY,Financials,0.3322511016169296,0.02219081668783076
2023-06-30,MCO,Financials,0.014465585047595653,0.0050491611601742765
2023-06-30,MS,Financials,0.08204730973089447,0.009836966080954536
2023-06-30,MTB,Financials,0.13009045395285423,0.015790948936513453
2023-06-30,PNC,Financials,0.09999641157056449,0.006009756415343799
2023-06-30,RF,Financials,0.14309741357115402,0.007440835666881836
2023-06-30,SCHW,Financials,0.16619597889869353,0.019838402773879493
2023-06-30,SPGI,Financials,-0.015914413881987888,0.0022959415517134797
2023-06-30,STT,Financials,-0.01011224970205582,0.02449282356451575
2023-06-30,TFC,Financials,0.09456346618568245,0.010878527545357827
2023-06-30,USB,Financials,0.20096866266791502,0.021877513427725464
2023-06-30,WFC,Financials,0.08153697991568598,0.002661185121191116
2023-06-30,AFL,Financials,0.0363893981499146,0.001990965109394619
2023-06-30,AJG,Financials,-0.021724284404938232,0.0009029729241880821
2023-06-30,ALL,Financials,0.03338220816815807,0.009594344587088311
2023-06-30,AMTD,Financials,-0.04430370705698905,0.21338412239161755
2023-06-30,AON,Financials,-0.07556882652184715,-0.0011728107107666988
2023-06-30,CB,Financials,0.061539244659062575,0.00791677755359237
2023-06-30,FDS,Financials,0.08583568010343878,0.0022924483093942384
2023-06-30,FNF,Financials,0.08805533962634748,0.01649993742691745
2023-06-30,GL,Financials,0.025366677541134086,-0.0011180588217128487
2023-06-30,HIG,Financials,-0.0019437695554195278,0.0003147310771362301
2023-06-30,IBKR,Financials,0.05128201303682656,8.406415026173189e-05
2023-06-30,LPLA,Financials,0.0548680933982828,0.016214718165336504
2023-06-30,MET,Financials,0.11392173146626994,0.012507804611469582
2023-06-30,MSCI,Financials,0.1678921824068753,0.009892294997043242
2023-06-30,NDAQ,Financials,0.012838649925760892,0.0026491072610577947
2023-06-30,PGR,Financials,-0.047549254497459614,0.0004127495687106658
2023-06-30,PRU,Financials,0.09374300613139264,0.009025211064241034
2023-06-30,RJF,Financials,0.06071114961146451,0.010867104755375952
2023-06-30,SEIC,Financials,0.05652467243215398,0.00022499309787935712
2023-06-30,SF,Financials,0.06485682239984136,0.008032926976980069
2023-06-30,SYF,Financials,0.02566156047272261,0.018749067054531915
2023-06-30,TRV,Financials,-0.006046058737521065,0.002535944504553956
2023-06-30,UNM,Financials,0.02673352471492918,-0.00375915957460456
2023-06-30,WTW,Financials,-0.1026325596236064,0.0016436401171486571
2023-06-30,ABBV,Healthcare,0.1225285690774851,0.005050922688364771
2023-06-30,ABT,Healthcare,0.026086177135398847,0.0059459117552827356
2023-06-30,AMGN,Healthcare,0.054634567966056924,0.008493363367194308
2023-06-30,BAX,Healthcare,-0.007243268471122888,0.04580304251654328
2023-06-30,BIIB,Healthcare,-0.05146569544668311,0.011002681602506715
2023-06-30,BMY,Healthcare,-0.018881974909835675,0.002600105202547106
2023-06-30,BSX,Healthcare,-0.04141249162780092,0.0022219827998198396
2023-06-30,CI,Healthcare,0.05167499576704704,-0.0014018150186458841
2023-06-30,CVS,Healthcare,0.08928855519847878,0.010281664656348473
2023-06-30,DHR,Healthcare,0.06274982244716298,0.012190116400509921
2023-06-30,EW,Healthcare,-0.12996927698769867,0.02917934793435177
2023-06-30,GILD,Healthcare,-0.012066706683150907,0.003939369241306934
2023-06-30,HUM,Healthcare,0.02169363228058696,-0.00023671951864924143
2023-06-30,ISRG,Healthcare,-0.05129557355000447,0.0160356148396517
2023-06-30,JNJ,Healthcare,0.012143539828303407,-0.002633328547881574
2023-06-30,LLY,Healthcare,-0.03076885711322286,-0.002056074907726517
2023-06-30,MDT,Healthcare,-0.0038591841080116707,0.020860962486103713
2023-06-30,MRK,Healthcare,-0.07574300554545155,0.001543944635219726
2023-06-30,PFE,Healthcare,-0.005949885499214047,0.006907833741995089
2023-06-30,REGN,Healthcare,0.03252422422904355,0.012833391030945177
2023-06-30,SYK,Healthcare,-0.07106085160026365,0.02202722852516262
2023-06-30,TMO,Healthcare,0.05157632510055521,0.006182969936654001
2023-06-30,UNH,Healthcare,0.05353260426639461,-0.0035477549648551647
2023-06-30,VRTX,Healthcare,0.001221882502078886,0.005284480905970971
2023-06-30,ZBH,Healthcare,-0.051167834327232264,0.010095703708407318
2023-06-30,A,Healthcare,0.012640157987235723,0.015782576449972125
2023-06-30,ACAD,Healthcare,0.22087677827403351,0.04437604622321583
2023-06-30,ALGN,Healthcare,0.06857255682479124,0.07177497812884752
2023-06-30,ALKS,Healthcare,-0.06453669647452498,0.01246872705167008
2023-06-30,BDX,Healthcare,0.05533864967024993,0.00305537574693987
2023-06-30,DGX,Healthcare,-0.03312291350251284,0.004267944989252839
2023-06-30,DXCM,Healthcare,-0.030736885200256303,0.009067449264500106
2023-06-30,FOLD,Healthcare,0.08439485911854216,0.012379283155609145
2023-06-30,HOLX,Healthcare,-0.01914292983067778,0.010560424276086838
2023-06-30,IDXX,Healthcare,0.10453371629329222,0.014984790524340758
2023-06-30,INSP,Healthcare,-0.11344879074666159,0.008252527283546772
2023-06-30,IQV,Healthcare,-0.004493525588052605,0.013377630185099075
2023-06-30,MASI,Healthcare,-0.2567608581976788,0.029029454662001006
2023-06-30,MTD,Healthcare,-0.041299474962901206,0.013852854601811782
2023-06-30,NBIX,Healthcare,0.08048776343861563,0.013986546233215432
2023-06-30,NTRA,Healthcare,-0.07069458770029025,0.03861147706666195
2023-06-30,NVCR,Healthcare,-0.21349399061088103,0.06803239129439786
2023-06-30,PODD,Healthcare,-0.040195590223664035,0.01565199507623886
2023-06-30,RARE,Healthcare,-0.06525042416075211,0.05224498017513457
2023-06-30,RMD,Healthcare,0.01762011543034303,0.006851494880509434
2023-06-30,WAT,Healthcare,0.03627966759266643,0.022092574571389717
2023-06-30,AMZN,Consumer,0.025467873963526566,0.03216604698162445
2023-06-30,AZO,Consumer,-0.004668453900462,0.004904281823398462
2023-06-30,BKNG,Consumer,0.10016185207005734,0.028164734717908427
2023-06-30,CMG,Consumer,-0.082617980974665,0.021211451359438235
2023-06-30,COST,Consumer,0.041401843595736176,-0.005908273001568404
2023-06-30,DG,Consumer,-0.0019412109806302702,0.005936138014262311
2023-06-30,DLTR,Consumer,0.07547039603522432,0.018530498283714215
2023-06-30,DRI,Consumer,0.019148139273107212,-0.004023175165283714
2023-06-30,EBAY,Consumer,-0.0040277832464774566,0.01853788122926556
2023-06-30,HD,Consumer,0.07468439571441632,0.0008601019080722548
2023-06-30,HLT,Consumer,0.06829245829444819,0.008859801563557895
2023-06-30,KR,Consumer,0.03489365702779623,0.008467705293892437
2023-06-30,LOW,Consumer,0.04287314006820897,-0.004134560137097482
2023-06-30,LULU,Consumer,7.925701267330609e-05,0.013843214768870196
2023-06-30,MAR,Consumer,0.09864424023257445,0.0027841139634589354
2023-06-30,MCD,Consumer,-0.01745907553927384,0.0014396825040241708
2023-06-30,MGM,Consumer,0.15596545023678576,0.028436793610041713
2023-06-30,NKE,Consumer,0.00018108126005134118,0.02630313137908695
2023-06-30,ORLY,Consumer,-0.030890841001162128,0.000650472297192492
2023-06-30,ROST,Consumer,0.022384870802915513,0.008222698554294734
2023-06-30,SBUX,Consumer,0.025338255250473285,0.011850046843795155
2023-06-30,TGT,Consumer,0.03464754572896345,0.02065910866197651
2023-06-30,TJX,Consumer,0.020521217594670293,-0.002927107271674133
2023-06-30,WMT,Consumer,0.0170505110813568,-0.006037163209531578
2023-06-30,YUM,Consumer,-0.006351646164669544,0.008271336103631392
2023-06-30,BBY,Consumer,0.013422948967067416,0.014896811966099297
2023-06-30,CCL,Consumer,0.0005310922508969806,0.049367747661393346
2023-06-30,CHDN,Consumer,-0.1675648986995617,0.02318961825918507
2023-06-30,CMCSA,Consumer,0.09694619286075423,0.016427841089416303
2023-06-30,CZR,Consumer,0.15793602205743684,0.031025004393756776
2023-06-30,DIS,Consumer,-0.004368281979940325,0.03395732697356179
2023-06-30,DKNG,Consumer,0.19608585064591422,0.03359063420101637
2023-06-30,F,Consumer,-0.11739623758950846,0.020003510717127068
2023-06-30,FOX,Consumer,-0.015051630786005132,0.009476912823950311
2023-06-30,GM,Consumer,-0.004927471820950546,0.014679587082030796
2023-06-30,GRMN,Consumer,0.015341775422187842,-0.0006998191571981546
2023-06-30,H,Consumer,0.10272299208019042,0.01900728198747966
2023-06-30,IHG,Consumer,0.07026239100491671,0.017563928083162546
2023-06-30,LVS,Consumer,0.031206964110149338,0.03629141976432189
2023-06-30,NCLH,Consumer,0.013780396451648302,0.030974692528256974
2023-06-30,NFLX,Consumer,-0.0034507123426921193,0.0029570442183429312
2023-06-30,PENN,Consumer,0.09404911212249001,0.025671467835121378
2023-06-30,POOL,Consumer,0.026959245200891324,0.030618569060106363
2023-06-30,RCL,Consumer,0.05176407054973109,0.033364520000245555
2023-06-30,SIRI,Consumer,0.12582788762885655,0.01707796739678356
2023-06-30,TSLA,Consumer,0.021622049507798113,0.055964164123132466
2023-06-30,WBD,Consumer,0.042264731625475616,0.07369405959747609
2023-06-30,WYNN,Consumer,0.03190988279716067,0.033889417332447665
2023-06-30,APA,Energy,0.19279880082176115,0.039793967104425884
2023-06-30,BA,Energy,0.1311327995888596,0.013208563468864433
2023-06-30,CAT,Energy,0.08304475953221391,0.020851153700898222
2023-06-30,COP,Energy,0.13618374649407294,0.0214392023729717
2023-06-30,CVX,Energy,0.04010169375468986,0.01274767209555849
2023-06-30,DE,Energy,0.06024342461919652,0.010999508158868774
2023-06-30,DVN,Energy,0.11708711194878774,0.03724660000802392
2023-06-30,EOG,Energy,0.1659216555392291,0.02253423951029121
2023-06-30,FDX,Energy,0.08894721251706961,0.030434029682985288
2023-06-30,GD,Energy,0.045595733109262904,0.002593967723149841
2023-06-30,GE,Energy,0.04073241968891583,0.03591496607433755
2023-06-30,HAL,Energy,0.18460151447626338,0.03986004839774471
2023-06-30,HON,Energy,-0.06443370385231151,-0.0001338597750912586
2023-06-30,LMT,Energy,-0.030431269526199567,0.002036074318176869
2023-06-30,MMM,Energy,0.11399730729911428,0.026098559463392703
2023-06-30,MPC,Energy,0.14082345703615773,0.020507227710111726
2023-06-30,NOC,Energy,-0.023694487239858897,0.006259622225287096
2023-06-30,OXY,Energy,0.07363935669919996,0.02052363563739591
2023-06-30,PSX,Energy,0.16953246513183662,0.014145337810048883
2023-06-30,RTX,Energy,-0.10238863991154168,0.0034858429095870683
2023-06-30,SLB,Energy,0.1877037924316769,0.034510335067260825
2023-06-30,UNP,Energy,0.13390677769272297,0.007028731519785426
2023-06-30,UPS,Energy,0.043960966624400744,0.006632264336819306
2023-06-30,VLO,Energy,0.09897687000728528,0.02757419044454589
2023-06-30,XOM,Energy,-9.326144651466972e-05,0.012810776113323936
2023-06-30,AME,Energy,-0.020262205488047247,-0.013170466663305423
2023-06-30,BE,Energy,0.09235475190527787,0.0554503285608298
2023-06-30,BKR,Energy,0.1322364843736763,0.03626199275167667
2023-06-30,CTRA,Energy,0.08853766040265687,0.03531478413611021
2023-06-30,EMR,Energy,0.010620658053298149,0.008626126801742243
2023-06-30,ENPH,Energy,-0.09344395925316484,0.03613487605453977
2023-06-30,ETN,Energy,0.02098448714106005,-0.005800662530513999
2023-06-30,FSLR,Energy,0.09106211737636483,-0.026131458560743955
2023-06-30,FTV,Energy,0.04788029235022484,-0.009336469623296956
2023-06-30,GNRC,Energy,0.030644350002005494,0.07320059305276724
2023-06-30,HUBB,Energy,-0.0589939154993433,-0.0006157706858816898
2023-06-30,MTDR,Energy,0.0632644096165127,0.0393326438215003
2023-06-30,PH,Energy,0.05119979221529647,0.010694822815118916
2023-06-30,PLUG,Energy,0.26275259403535944,0.057670372049162574
2023-06-30,PR,Energy,0.06660578704562359,0.03700312932054751
2023-06-30,ROK,Energy,0.020761857454993926,0.0034857418044344536
2023-06-30,ROP,Energy,0.026948795444774687,-0.00331329987006649
2023-06-30,SM,Energy,0.15230112639969762,0.04534954767931254
2023-06-30,VRSK,Energy,0.012874382424600483,-0.00954711749753186
2023-06-30,WMB,Energy,0.05577689477180292,0.009515672441433939
2023-06-30,XYL,Energy,0.0011544251540924755,0.0017102481177064463
2023-07-31,AAPL,Technology,-0.042383809130589145,0.019035023760703953
2023-07-31,ADBE,Technology,0.02411345251003838,0.02492696428851606
2023-07-31,AMAT,Technology,0.009904058585885389,0.024929091636025573
2023-07-31,AMD,Technology,-0.07587412752972944,0.07346420654627811
2023-07-31,AVGO,Technology,0.026974036819494396,0.026445960611761923
2023-07-31,CDNS,Technology,0.027477492780260127,0.023909981039472318
2023-07-31,CRM,Technology,-0.0157771108001995,0.05030910632071287
2023-07-31,CRWD,Technology,0.008474545875001738,0.07128593437102154
2023-07-31,FTNT,Technology,-0.22529595807013625,0.027143203900363334
2023-07-31,GOOGL,Technology,0.025994596505081624,0.029174923904684624
2023-07-31,INTC,Technology,-0.014078226199866983,0.034266680812564516
2023-07-31,INTU,Technology,0.058843034355060775,0.007266815008299567
2023-07-31,KLAC,Technology,-0.020846796719735106,0.011217303637728946
2023-07-31,LRCX,Technology,-0.022394279363476488,0.03182535819927112
2023-07-31,META,Technology,-0.07128060598173724,0.09375116150277793
2023-07-31,MSFT,Technology,-0.022225655687465595,0.02051683268221354
2023-07-31,MU,Technology,-0.02031087912713636,0.035157142748205694
2023-07-31,NET,Technology,-0.05438415073918157,0.06101473174934169
2023-07-31,NOW,Technology,0.010000003271610103,0.031827958056751864
2023-07-31,NVDA,Technology,0.05619624712391391,0.12033261136486956
2023-07-31,ORCL,Technology,0.02695547814446919,0.02476024077391189
2023-07-31,PANW,Technology,-0.026644277017215723,0.04214714328574705
2023-07-31,QCOM,Technology,-0.12732867974890338,0.02873288749110097
2023-07-31,SNPS,Technology,0.015692844282938934,0.029749251989430556
2023-07-31,TXN,Technology,-0.06633329447343694,-0.005222989148047964
2023-07-31,ACN,Technology,0.02345499496766612,0.007120954018794435
2023-07-31,ADI,Technology,-0.08895923801991168,0.0015595989813618379
2023-07-31,ANET,Technology,0.2588174630051343,0.021615429291931523
2023-07-31,CGNX,Technology,-0.13676619704000215,0.01177294986471443
2023-07-31,COHU,Technology,-0.1434135605360537,0.012685835027996218
2023-07-31,CSCO,Technology,0.10203677851167003,-0.004548434870460881
2023-07-31,DELL,Technology,0.06273623053578192,0.015728671439294715
2023-07-31,ENTG,Technology,-0.07608810097515717,0.05115887994446584
2023-07-31,FORM,Technology,-0.04951561249040293,0.05946665037637743
2023-07-31,HPQ,Technology,-0.09503502943116027,0.012317884789465449
2023-07-31,IBM,Technology,0.030099265381551055,0.0010005059996946973
2023-07-31,IPGP,Technology,-0.17565611923887836,-0.003388215730679895
2023-07-31,KEYS,Technology,-0.1724608794605884,0.0024578268765510954
2023-07-31,MCHP,Technology,-0.12428427824845956,0.004501488489793955
2023-07-31,MKSI,Technology,-0.0797273282876082,0.027686176169666663
2023-07-31,MPWR,Technology,-0.06841947309197116,0.02523101306784581
2023-07-31,MRVL,Technology,-0.10563489744458987,0.060054677528518154
2023-07-31,NXPI,Technology,-0.07740582010658159,0.009266774926566093
2023-07-31,ONTO,Technology,0.11792146129907999,0.044232341720153244
2023-07-31,QRVO,Technology,-0.0239047203568854,0.0157313021516051
2023-07-31,STX,Technology,0.11480300980429892,0.03949589147684045
2023-07-31,SWKS,Technology,-0.04305176300149316,0.016687417763782728
2023-07-31,TER,Technology,-0.04391149695956498,0.008512035699037803
2023-07-31,VRSN,Technology,-0.014979876160537198,-0.0035140534588818523
2023-07-31,WDC,Technology,0.05733089254683987,0.051649247914343104
2023-07-31,AXP,Financials,-0.0644837360143905,0.002164963966068297
2023-07-31,BAC,Financials,-0.09659629369258871,0.01315044916504603
2023-07-31,BK,Financials,-0.010802485683656271,0.003281025284616674
2023-07-31,BLK,Financials,-0.051850666672299206,0.00012396398792110727
2023-07-31,C,Financials,-0.1236034284901687,0.008135169376894612
2023-07-31,CFG,Financials,-0.1165201117846213,0.02341248799522944
2023-07-31,CME,Financials,0.018697136717335416,0.0019515318544687868
2023-07-31,COF,Financials,-0.12034734441847561,0.017961862772937563
2023-07-31,FITB,Financials,-0.08762896364168982,0.01512407922528754
2023-07-31,GS,Financials,-0.07145152216647432,0.007371003047353752
2023-07-31,HBAN,Financials,-0.09395425381408329,0.013490576929222814
2023-07-31,ICE,Financials,0.02778741649409211,-0.0064888175455142805
2023-07-31,JPM,Financials,-0.07362643266604418,-0.007478935216798346
2023-07-31,KEY,Financials,-0.061935029108604045,0.03142556228285329
2023-07-31,MCO,Financials,-0.04299358860167546,0.007524521780383667
2023-07-31,MS,Financials,-0.07000865945275747,0.00744836035279643
2023-07-31,MTB,Financials,-0.09660256016287283,0.02589616933390155
2023-07-31,PNC,Financials,-0.1180509401709613,0.010928874668907547
2023-07-31,RF,Financials,-0.08787416404011672,0.009477613988603905
2023-07-31,SCHW,Financials,-0.10170401366651671,0.01865943948144592
2023-07-31,SPGI,Financials,-0.006942905288587431,0.0017850892953854766
2023-07-31,STT,Financials,-0.05107677999737248,0.015938240171824748
2023-07-31,TFC,Financials,-0.06492243038596335,0.026708803172173418
2023-07-31,USB,Financials,-0.07938514478914915,0.018276974451334936
2023-07-31,WFC,Financials,-0.09850646132085417,0.005097985157648746
2023-07-31,AFL,Financials,0.03667489514480993,-0.010226171413089704
2023-07-31,AJG,Financials,0.07556093409034004,-0.004659835929846437
2023-07-31,ALL,Financials,-0.03516143972033403,0.007184296581599959
2023-07-31,AMTD,Financials,-0.19205299860559344,0.19093028389320885
2023-07-31,AON,Financials,0.04675060497692396,-0.006880518643413408
2023-07-31,CB,Financials,-0.017317953212170223,0.0029757578645633782
2023-07-31,FDS,Financials,0.005436149559306713,0.0068424737963925265
2023-07-31,FNF,Financials,0.05693164376474469,0.01069728078955991
2023-07-31,GL,Financials,-0.005348932878137647,-0.006272294718264786
2023-07-31,HIG,Financials,0.005084861030660859,-0.004820148606519706
2023-07-31,IBKR,Financials,0.044097599923526465,0.005455075581116808
2023-07-31,LPLA,Financials,0.0067055914438549635,0.01579088631780796
2023-07-31,MET,Financials,0.014176995623129018,0.007000914744863354
2023-07-31,MSCI,Financials,-0.005625201288661952,0.013254801814469485
2023-07-31,NDAQ,Financials,0.03941381671345412,0.017371472590721863
2023-07-31,PGR,Financials,0.05945388347666114,0.004295273619963343
2023-07-31,PRU,Financials,-0.005465785468078743,0.0058393989292623155
2023-07-31,RJF,Financials,-0.04978649277486302,0.00629566398601894
2023-07-31,SEIC,Financials,-0.01476439443580213,-0.002485264413460725
2023-07-31,SF,Financials,0.028987091367130624,0.004085984581995748
2023-07-31,SYF,Financials,-0.06543153621796782,0.013977683271911552
2023-07-31,TRV,Financials,-0.06592914266690042,-0.0018611537336963545
2023-07-31,UNM,Financials,0.011931612065505304,0.0004557521243064716
2023-07-31,WTW,Financials,-0.021625021662536437,-0.00663724150324441
2023-07-31,ABBV,Healthcare,-0.01751568438378792,0.0036080547024202204
2023-07-31,ABT,Healthcare,-0.07572081415563592,-0.007305518209211423
2023-07-31,AMGN,Healthcare,0.1036384570732134,0.010411083874871711
2023-07-31,BAX,Healthcare,-0.096120272738357,0.02969372697366033
2023-07-31,BIIB,Healthcare,-0.010474173967474854,0.016653589424312897
2023-07-31,BMY,Healthcare,-0.00868290648046044,0.008079271371682434
2023-07-31,BSX,Healthcare,0.04030858657847469,-0.007902689672293389
2023-07-31,CI,Healthcare,-0.06384282451705892,0.0013937637222392607
2023-07-31,CVS,Healthcare,-0.1274602903205757,0.013371162724920988
2023-07-31,DHR,Healthcare,0.038971321830281846,0.00932928210619021
2023-07-31,EW,Healthcare,-0.06823441568105992,0.02299466117034276
2023-07-31,GILD,Healthcare,0.004465319174954185,-0.0006317578077981723
2023-07-31,HUM,Healthcare,0.010507416145926207,0.011962592613410825
2023-07-31,ISRG,Healthcare,-0.03612824118746116,0.0150128596714728
2023-07-31,JNJ,Healthcare,-0.027912232686025495,-0.007869664919916898
2023-07-31,LLY,Healthcare,0.22184129853191137,0.010736602502374928
2023-07-31,MDT,Healthcare,-0.0713308106701881,0.003027582504406146
2023-07-31,MRK,Healthcare,0.021846982085049316,-0.005740040352831485
2023-07-31,PFE,Healthcare,-0.018857480359840695,0.015797003437708953
2023-07-31,REGN,Healthcare,0.11400307357573802,0.0103372839549041
2023-07-31,SYK,Healthcare,0.0004938557750937544,-0.0028311374906540843
2023-07-31,TMO,Healthcare,0.015382775232358536,0.0017350604022539108
2023-07-31,UNH,Healthcare,-0.05883050672854906,-0.0006953343475585884
2023-07-31,VRTX,Healthcare,-0.011352670833781886,0.0010743115908421648
2023-07-31,ZBH,Healthcare,-0.13774870243316928,-0.008632033498212153
2023-07-31,A,Healthcare,-0.005748459687910823,0.008850580816460075
2023-07-31,ACAD,Healthcare,-0.07592336972407565,0.0336294421893558
2023-07-31,ALGN,Healthcare,-0.020508612822728534,0.03646807755275466
2023-07-31,ALKS,Healthcare,-0.0030737756310551534,0.015113613563560021
2023-07-31,BDX,Healthcare,0.0029789178012575857,-0.010919777365321147
2023-07-31,DGX,Healthcare,-0.027438940441115722,-0.0037445144805917895
2023-07-31,DXCM,Healthcare,-0.1893063155413759,0.008303144675292317
2023-07-31,FOLD,Healthcare,-0.05873716574572674,-0.0015744438456243882
2023-07-31,HOLX,Healthcare,-0.05892722756326818,3.200211649745377e-05
2023-07-31,IDXX,Healthcare,-0.078092005717872,0.007332188190089066
2023-07-31,INSP,Healthcare,-0.21170214097019624,0.012723509258627377
2023-07-31,IQV,Healthcare,-0.005050007381855348,0.010483498485361769
2023-07-31,MASI,Healthcare,-0.065576484647076,0.01865544856333747
2023-07-31,MTD,Healthcare,-0.03498293498792471,0.008765222215079001
2023-07-31,NBIX,Healthcare,0.06870154128895956,0.010742793390630289
2023-07-31,NTRA,Healthcare,0.298761564724326,0.03135782453215374
2023-07-31,NVCR,Healthcare,-0.32414216058660317,0.08616662451784253
2023-07-31,PODD,Healthcare,-0.3072809152163787,0.007419481787881096
2023-07-31,RARE,Healthcare,-0.1467995865759809,0.04885700897158754
2023-07-31,RMD,Healthcare,-0.28037373366745233,0.0022352823272107462
2023-07-31,WAT,Healthcare,0.016617778067007816,0.014899545905324066
2023-07-31,AMZN,Consumer,0.0323907994336623,0.04121620992679095
2023-07-31,AZO,Consumer,0.019990211630452226,-0.0031081526781496886
2023-07-31,BKNG,Consumer,0.0451832525142557,0.013262370766334356
2023-07-31,CMG,Consumer,-0.018162618406164288,0.029285984705129078
2023-07-31,COST,Consumer,-0.018463666239225573,0.005774930410474244
2023-07-31,DG,Consumer,-0.17979377579349076,0.017840216789927234
2023-07-31,DLTR,Consumer,-0.2071535076873824,0.013023235381751253
2023-07-31,DRI,Consumer,-0.07938672569396632,0.00017048373394736027
2023-07-31,EBAY,Consumer,0.011718055596330101,0.015396404688745157
2023-07-31,HD,Consumer,-0.004285844631915503,-0.005045649284705227
2023-07-31,HLT,Consumer,-0.04303237683199801,-0.000491562549016257
2023-07-31,KR,Consumer,-0.040577803370064,0.003606809507125091
2023-07-31,LOW,Consumer,-0.016177811515680318,-0.007571881548118373
2023-07-31,LULU,Consumer,0.007212139051414601,-0.008831221584886105
2023-07-31,MAR,Consumer,0.010975719599027878,0.000991508669588994
2023-07-31,MCD,Consumer,-0.035942826113923076,-0.002077330120399099
2023-07-31,MGM,Consumer,-0.13374041469974085,0.012006418454337822
2023-07-31,NKE,Consumer,-0.07863016229687003,0.005229116900696773
2023-07-31,ORLY,Consumer,0.015025013670200593,-0.005486775425312621
2023-07-31,ROST,Consumer,0.06254340877111675,-0.005714050316343179
2023-07-31,SBUX,Consumer,-0.03554606288196838,0.006508106454247186
2023-07-31,TGT,Consumer,-0.06474091643142899,0.017808889223229128
2023-07-31,TJX,Consumer,0.07288896594265992,-0.01080783088624166
2023-07-31,WMT,Consumer,0.020818685509587764,-0.0071780585172294235
2023-07-31,YUM,Consumer,-0.055813471127205805,-0.00519579431443597
2023-07-31,BBY,Consumer,-0.07947032821079603,0.005979984545022103
2023-07-31,CCL,Consumer,-0.1602972985425244,0.06562912080362665
2023-07-31,CHDN,Consumer,0.08139843833570781,0.01703157789381947
2023-07-31,CMCSA,Consumer,0.033141722685430475,0.009665365983477302
2023-07-31,CZR,Consumer,-0.0637072535931481,0.014748266149744275
2023-07-31,DIS,Consumer,-0.05861172099129508,0.033408982264469644
2023-07-31,DKNG,Consumer,-0.06702331724650645,0.07438837341870456
2023-07-31,F,Consumer,-0.08175615177466566,0.013827291117672195
2023-07-31,FOX,Consumer,-0.019961266464742056,0.0024575234152402065
2023-07-31,GM,Consumer,-0.12430103118136715,0.012615508831643607
2023-07-31,GRMN,Consumer,0.001227792781778092,0.0016154746761471127
2023-07-31,H,Consumer,-0.10913660659040347,0.01015611429462027
2023-07-31,IHG,Consumer,0.013921551020040779,0.006503306345682355
2023-07-31,LVS,Consumer,-0.07958493121904009,0.012510294643639336
2023-07-31,NCLH,Consumer,-0.24920707186461089,0.04010470021675589
2023-07-31,NFLX,Consumer,-0.012050922303035394,0.022077590211686045
2023-07-31,PENN,Consumer,-0.09889693004666733,0.02865959782153604
2023-07-31,POOL,Consumer,-0.04703417323420378,0.019133512797690884
2023-07-31,RCL,Consumer,-0.0932088272355932,0.05689703558627472
2023-07-31,SIRI,Consumer,-0.13294657284232836,0.02139028629365712
2023-07-31,TSLA,Consumer,-0.034962443852926794,0.08535265181063686
2023-07-31,WBD,Consumer,0.005355826329992652,0.05446128157596038
2023-07-31,WYNN,Consumer,-0.06727758798165007,0.019662263692789075
2023-07-31,APA,Energy,0.08273661972244595,0.02050505015684935
2023-07-31,BA,Energy,-0.06204733910618321,0.008960516825577114
2023-07-31,CAT,Energy,0.06018803864487943,-0.0068037679072631
2023-07-31,COP,Energy,0.015528926851056113,0.013759717427633343
2023-07-31,CVX,Energy,-0.006181933189918776,0.00429307202579011
2023-07-31,DE,Energy,-0.043435670320048914,-0.009235205720943128
2023-07-31,DVN,Energy,-0.053888716905769796,0.030573009777035434
2023-07-31,EOG,Energy,-0.02950278014079466,0.014229778264606984
2023-07-31,FDX,Energy,-0.0330803022149736,0.023169285628491618
2023-07-31,GD,Energy,0.0136863927292048,-0.00040564256208705865
2023-07-31,GE,Energy,0.0019258195054339122,0.030011876164373435
2023-07-31,HAL,Energy,-0.011770768021654776,0.020590653192421295
2023-07-31,HON,Energy,-0.02658777771496812,-0.007233867182136373
2023-07-31,LMT,Energy,0.011140768035242221,-0.0009967289720330189
2023-07-31,MMM,Energy,-0.029011006368252268,0.011522114093185314
2023-07-31,MPC,Energy,0.0787440256065961,0.0028525869782103745
2023-07-31,NOC,Energy,-0.022534782905425432,0.0036164440631545006
2023-07-31,OXY,Energy,-0.005385571527088184,0.019699620460666305
2023-07-31,PSX,Energy,0.032973024274217,0.003661855601129825
2023-07-31,RTX,Energy,-0.014666194669407773,-0.004248205776776728
2023-07-31,SLB,Energy,0.010627264230168132,0.009911486791739636
2023-07-31,UNP,Energy,-0.04378579110340031,0.005458699724952663
2023-07-31,UPS,Energy,-0.08654329575988906,0.007521225979626556
2023-07-31,VLO,Energy,0.015725575019024607,0.014991137637905966
2023-07-31,XOM,Energy,0.04533280568782283,0.002303390076566044
2023-07-31,AME,Energy,0.0057378007705508605,-0.0058132987006930745
2023-07-31,BE,Energy,-0.16069433041172243,0.041436991974087865
2023-07-31,BKR,Energy,0.016902254752575896,0.004087254593367397
2023-07-31,CTRA,Energy,0.031059698203639297,0.018887268497351273
2023-07-31,EMR,Energy,0.08138879635639817,-0.0075241128678496146
2023-07-31,ENPH,Energy,-0.16663375318871299,0.044763343552143106
2023-07-31,ETN,Energy,0.1264671217706832,0.001054782539656806
2023-07-31,FSLR,Energy,-0.08813885881028827,0.031600972504058925
2023-07-31,FTV,Energy,0.007271858870435466,-0.007500095404294471
2023-07-31,GNRC,Energy,-0.22700065115419288,0.08490028020293665
2023-07-31,HUBB,Energy,0.04861935174603227,0.012396133093697251
2023-07-31,MTDR,Energy,0.14437950838902647,0.03043795769716824
2023-07-31,PH,Energy,0.020596476044357548,0.004839739058336814
2023-07-31,PLUG,Energy,-0.35518291829722326,0.06961420800882231
2023-07-31,PR,Energy,0.2228325276685208,0.01550667001156792
2023-07-31,ROK,Energy,-0.0683179070722374,0.0019178290377255339
2023-07-31,ROP,Energy,0.012189450433974125,-0.005531805185760529
2023-07-31,SM,Energy,0.16588598304438196,0.034114291725419396
2023-07-31,VRSK,Energy,0.05800636385253588,0.009091407247501421
2023-07-31,WMB,Energy,0.002322068889033302,-0.007692594112972816
2023-07-31,XYL,Energy,-0.07871292839868027,-0.009130808666163868
2023-08-31,AAPL,Technology,-0.08867824604291419,0.018159889726129086
2023-08-31,ADBE,Technology,-0.08838994276331213,0.03424152181550509
2023-08-31,AMAT,Technology,-0.09367650056427568,0.020844333370211254
2023-08-31,AMD,Technology,-0.027430963794871754,0.0618176290718256
2023-08-31,AVGO,Technology,-0.09512133365838327,0.03374617026722847
2023-08-31,CDNS,Technology,-0.02553651358885145,0.016769013331493603
2023-08-31,CRM,Technology,-0.08434931285140623,0.026873227562071934
2023-08-31,CRWD,Technology,0.026682243366783487,0.058339811470249775
2023-08-31,FTNT,Technology,-0.025411041397797374,0.03149450057740073
2023-08-31,GOOGL,Technology,-0.03899542249164911,0.011206432200250466
2023-08-31,INTC,Technology,0.011667502556232723,0.022098884260420122
2023-08-31,INTU,Technology,-0.056975613722130225,0.0029615005748095773
2023-08-31,KLAC,Technology,-0.0860980109628331,0.013486750169167899
2023-08-31,LRCX,Technology,-0.10497648639364043,0.020133198687582406
2023-08-31,META,Technology,0.014599964304383928,0.07750096513873929
2023-08-31,MSFT,Technology,-0.03664252107499688,0.024445747539085447
2023-08-31,MU,Technology,-0.0273091470351281,0.006599721321045299
2023-08-31,NET,Technology,-0.03060122868098647,0.038121177454051566
2023-08-31,NOW,Technology,-0.05072770648799141,0.021018757950162597
2023-08-31,NVDA,Technology,-0.11857795592670484,0.09643129312549202
2023-08-31,ORCL,Technology,-0.12019273576592748,0.03269639590135307
2023-08-31,PANW,Technology,-0.03641594944191906,0.04233070999809402
2023-08-31,QCOM,Technology,-0.03029780173758123,0.009308519428975183
2023-08-31,SNPS,Technology,0.00017430445142041506,0.015957502023548824
2023-08-31,TXN,Technology,-0.05384998672053665,-0.004900152704030533
2023-08-31,ACN,Technology,-0.051456165512790975,0.004005189862100725
2023-08-31,ADI,Technology,-0.032224041722200614,0.003821317937796734
2023-08-31,ANET,Technology,-0.05788046559980453,0.026290299829879786
2023-08-31,CGNX,Technology,-0.09855569616350779,0.009631047048032951
2023-08-31,COHU,Technology,-0.07889812278938346,0.00817998775229013
2023-08-31,CSCO,Technology,-0.06259800214594258,-0.00017496863209043312
2023-08-31,DELL,Technology,0.22510663330230374,0.02832501937656463
2023-08-31,ENTG,Technology,-0.07267690354647904,0.037080747546466675
2023-08-31,FORM,Technology,-0.010758807230989875,0.0233580700637035
2023-08-31,HPQ,Technology,-0.12720591325386021,0.0007343692151432386
2023-08-31,IBM,Technology,-0.044473198562728466,-0.004792398278903209
2023-08-31,IPGP,Technology,-0.0629383504652058,0.020973544671930557
2023-08-31,KEYS,Technology,-0.007426897753180617,0.0031594754399280195
2023-08-31,MCHP,Technology,-0.046309833674660905,0.011274897557743717
2023-08-31,MKSI,Technology,-0.13658578532798593,0.023750026115174915
2023-08-31,MPWR,Technology,-0.11158724712050816,0.026725218375916245
2023-08-31,MRVL,Technology,-0.07072957802118185,0.04428161493393386
2023-08-31,NXPI,Technology,-0.023327266750145514,0.01110791110925112
2023-08-31,ONTO,Technology,-0.08245790356001459,0.03324292546399886
2023-08-31,QRVO,Technology,-0.11099728314268253,0.001455746637057477
2023-08-31,STX,Technology,-0.05836904103237195,0.01949169817691049
2023-08-31,SWKS,Technology,-0.09334194392947226,0.005579838330225632
2023-08-31,TER,Technology,-0.06869380479939602,0.012086194375409132
2023-08-31,VRSN,Technology,-0.02531392403369237,0.0020647369218366497
2023-08-31,WDC,Technology,0.01400000450544825,0.018952291685321795
2023-08-31,AXP,Financials,-0.05569973829693853,0.0016145082034562663
2023-08-31,BAC,Financials,-0.04499471491571139,0.002709984735147006
2023-08-31,BK,Financials,-0.049476172209803715,-0.0017340605743487447
2023-08-31,BLK,Financials,-0.0704596637012761,-0.00517607854271895
2023-08-31,C,Financials,-0.0038751056876635825,0.002368979069090272
2023-08-31,CFG,Financials,-0.047280435594816095,0.008207198633894875
2023-08-31,CME,Financials,-0.006772890721747804,-0.008240925416880887
2023-08-31,COF,Financials,-0.05215353048207483,0.003417765878477523
2023-08-31,FITB,Financials,-0.03232723711975871,0.010291285271347745
2023-08-31,GS,Financials,-0.012632943110079897,-0.0032319743361280268
2023-08-31,HBAN,Financials,-0.04863987430780292,0.0062972875634863985
2023-08-31,ICE,Financials,-0.06418207924961339,-0.001549144547343631
2023-08-31,JPM,Financials,-0.008952254641909851,-0.0011202226331552823
2023-08-31,KEY,Financials,-0.05030893022552552,0.018829648763998588
2023-08-31,MCO,Financials,-0.0612530355438794,0.006625906842709512
2023-08-31,MS,Financials,-0.040869122237531585,-0.010360726811687503
2023-08-31,MTB,Financials,0.011195552690173693,0.017915532356078158
2023-08-31,PNC,Financials,0.01689706290420112,0.006451131641113737
2023-08-31,RF,Financials,-0.062159235564355986,6.793025302490735e-06
2023-08-31,SCHW,Financials,-0.07185111404571576,-0.0035870662522362977
2023-08-31,SPGI,Financials,-0.06511261559315862,0.00993260157094418
2023-08-31,STT,Financials,-0.01584329030653009,0.014410384627616027
2023-08-31,TFC,Financials,-0.0635024098779794,0.01873712126261569
2023-08-31,USB,Financials,-0.08143195908181333,0.0016707655889043466
2023-08-31,WFC,Financials,-0.010414253776780513,-0.0017072492275002384
2023-08-31,AFL,Financials,0.029234375511017374,-0.010152966230982594
2023-08-31,AJG,Financials,-0.011063900289697504,-0.0013640131329767553
2023-08-31,ALL,Financials,0.03339224477948077,-0.0015933818282673658
2023-08-31,AMTD,Financials,0.00819671330225158,0.16015317992609313
2023-08-31,AON,Financials,-0.02750553257462196,0.002710105217362686
2023-08-31,CB,Financials,0.04065587211714039,-0.008314156100371482
2023-08-31,FDS,Financials,0.0019476871332173573,-0.0029475066859233484
2023-08-31,FNF,Financials,0.008229807044438875,-0.0021774311202684
2023-08-31,GL,Financials,-0.025454833256697507,-0.005631807185504482
2023-08-31,HIG,Financials,-0.01267061695704974,-0.006213942841100939
2023-08-31,IBKR,Financials,-0.049626766290777446,-0.0030133438634856007
2023-08-31,LPLA,Financials,0.03061708381482453,0.009592682599723533
2023-08-31,MET,Financials,-0.00678860233634293,0.005197269956730121
2023-08-31,MSCI,Financials,-0.056179127989556044,-0.01501905506687767
2023-08-31,NDAQ,Financials,-0.07012006694304984,0.01216959333999122
2023-08-31,PGR,Financials,0.04368025295752487,0.0006890873176212363
2023-08-31,PRU,Financials,0.002323816034066839,0.0012525299286281072
2023-08-31,RJF,Financials,-0.035758277693061724,0.003425633316139161
2023-08-31,SEIC,Financials,-0.029487592069398105,-0.007123628763698944
2023-08-31,SF,Financials,-0.055059955903643765,-0.0023092218598768886
2023-08-31,SYF,Financials,-0.05297411598368762,0.012138965203322784
2023-08-31,TRV,Financials,0.019246742170528464,-0.002625212208635038
2023-08-31,UNM,Financials,0.0,6.240400326582712e-05
2023-08-31,WTW,Financials,0.014668167427740686,0.004081547774931492
2023-08-31,ABBV,Healthcare,0.014289646264217692,-0.006447268593938439
2023-08-31,ABT,Healthcare,-0.058794903522224384,-0.009363328276758724
2023-08-31,AMGN,Healthcare,0.048451378941468004,0.008315548124831432
2023-08-31,BAX,Healthcare,-0.070443161407025,0.0291778186251082
2023-08-31,BIIB,Healthcare,-0.03871175999777188,0.013285639601929439
2023-08-31,BMY,Healthcare,-0.058556350721413186,0.007715619167830461
2023-08-31,BSX,Healthcare,-0.021134583216024683,0.0019059717214519427
2023-08-31,CI,Healthcare,0.04013414988233044,-0.0016481259046125449
2023-08-31,CVS,Healthcare,0.07135194238912712,0.012477801726898068
2023-08-31,DHR,Healthcare,-0.06377348606084243,0.0018989680884911007
2023-08-31,EW,Healthcare,-0.09402383060848785,0.040469116708555776
2023-08-31,GILD,Healthcare,-0.010537014417420165,0.002251654745481394
2023-08-31,HUM,Healthcare,0.05581076774300331,0.004966775026186591
2023-08-31,ISRG,Healthcare,-0.0652103895627304,0.03485866578842795
2023-08-31,JNJ,Healthcare,-0.03667723794695077,-0.00964772170289703
2023-08-31,LLY,Healthcare,-0.03080117436642793,0.018464488248197325
2023-08-31,MDT,Healthcare,-0.030316235282842885,1.7999584652421408e-05
2023-08-31,MRK,Healthcare,-0.048890997042613016,0.0032799333124361
2023-08-31,PFE,Healthcare,-0.062464865180590357,0.021175954072821378
2023-08-31,REGN,Healthcare,-0.00427104286172586,-0.0006624697653245942
2023-08-31,SYK,Healthcare,-0.033535221305293184,0.011162771035515696
2023-08-31,TMO,Healthcare,-0.09079682834291147,-0.00576830293764008
2023-08-31,UNH,Healthcare,0.06205219807818052,-0.011489087643745784
2023-08-31,VRTX,Healthcare,-0.001722472612457726,0.0021395368874498055
2023-08-31,ZBH,Healthcare,-0.05587892233436542,0.004670175910823637
2023-08-31,A,Healthcare,-0.07640196947007372,0.007262752226352526
2023-08-31,ACAD,Healthcare,-0.22871947448098873,0.0014391158662947455
2023-08-31,ALGN,Healthcare,-0.17512293931739698,0.016944605217021052
2023-08-31,ALKS,Healthcare,-0.04042481272992815,0.013496109027380406
2023-08-31,BDX,Healthcare,-0.07169318659660695,-0.007657807573923307
2023-08-31,DGX,Healthcare,-0.07330805215886116,0.00383990170040136
2023-08-31,DXCM,Healthcare,-0.07605466478377221,0.022787467241950694
2023-08-31,FOLD,Healthcare,-0.05148204860555261,-0.009272420426932129
2023-08-31,HOLX,Healthcare,-0.07144763835321444,0.0013871275596906325
2023-08-31,IDXX,Healthcare,-0.1449717723891496,0.001043133772961842
2023-08-31,INSP,Healthcare,-0.12535261737188352,0.02881078256314684
2023-08-31,IQV,Healthcare,-0.11624670671159154,0.012377349929937321
2023-08-31,MASI,Healthcare,-0.23276162721608273,0.03215340911407357
2023-08-31,MTD,Healthcare,-0.08686590292076268,0.012060489016144902
2023-08-31,NBIX,Healthcare,0.03315272872243891,0.00756184827890927
2023-08-31,NTRA,Healthcare,-0.24655201183549946,0.03037278384155497
2023-08-31,NVCR,Healthcare,-0.2679057112642428,0.06764622910290913
2023-08-31,PODD,Healthcare,-0.16806635069807507,0.013859404526198625
2023-08-31,RARE,Healthcare,-0.030986663802101133,0.030876313956632893
2023-08-31,RMD,Healthcare,-0.07343831733712436,0.0009968768335692733
2023-08-31,WAT,Healthcare,-0.0234686489471978,0.015676814033198046
2023-08-31,AMZN,Consumer,-0.07890726899285905,0.030218138458969784
2023-08-31,AZO,Consumer,0.0034210916167003447,0.001999099052826619
2023-08-31,BKNG,Consumer,-0.0067890383943542965,0.006630645998631501
2023-08-31,CMG,Consumer,-0.049209980416075716,0.024609148025644352
2023-08-31,COST,Consumer,0.028546582382465546,0.0007999747851386504
2023-08-31,DG,Consumer,-0.23610118506122213,0.015792080157765852
2023-08-31,DLTR,Consumer,-0.13002618161774837,0.005717903966592584
2023-08-31,DRI,Consumer,-0.079030178315876,0.0007758780167072335
2023-08-31,EBAY,Consumer,-0.01540866350901915,0.009204294458036704
2023-08-31,HD,Consumer,-0.08519525251657245,-0.009244405204272148
2023-08-31,HLT,Consumer,0.010292701507937041,-0.0067290936522540375
2023-08-31,KR,Consumer,-0.035352270044193945,0.0022544135540521395
2023-08-31,LOW,Consumer,-0.0982299297853122,-0.005024694678956446
2023-08-31,LULU,Consumer,0.01140947247158608,0.015496780708400939
2023-08-31,MAR,Consumer,-0.034150629033537716,0.0017955139154136601
2023-08-31,MCD,Consumer,-0.06299125510525516,0.0006480038071872835
2023-08-31,MGM,Consumer,-0.16416555925084475,0.002849097876690977
2023-08-31,NKE,Consumer,-0.05672299249274759,0.009897506978718317
2023-08-31,ORLY,Consumer,-0.03281898045894249,0.004354705162998481
2023-08-31,ROST,Consumer,-0.0701790637203139,-0.004885177478643258
2023-08-31,SBUX,Consumer,-0.06332091813799778,-0.0019332118159907721
2023-08-31,TGT,Consumer,-0.12627408160512565,0.010393176412499266
2023-08-31,TJX,Consumer,-0.03892746790604373,-0.0062692872846364205
2023-08-31,WMT,Consumer,-0.01648119753962629,-0.0058053566788671615
2023-08-31,YUM,Consumer,-0.034317443483967924,-0.0008013601051367752
2023-08-31,BBY,Consumer,-0.07960412535261296,0.004567882511680724
2023-08-31,CCL,Consumer,-0.1327433312112588,0.08081363442790541
2023-08-31,CHDN,Consumer,-0.07375482774939568,0.028637072440963127
2023-08-31,CMCSA,Consumer,-0.051753519102218815,0.0004310235353009312
2023-08-31,CZR,Consumer,-0.16123778715244985,0.009221154607367237
2023-08-31,DIS,Consumer,-0.031429236670677874,0.022544802741136006
2023-08-31,DKNG,Consumer,-0.0070825999047032795,0.059907012156106
2023-08-31,F,Consumer,0.023907783178266362,0.034026656222273396
2023-08-31,FOX,Consumer,-0.05373524888564285,0.003287968697436
2023-08-31,GM,Consumer,-0.016114667226777235,0.013887717936526225
2023-08-31,GRMN,Consumer,-0.000884714787829588,-0.0027450626191210734
2023-08-31,H,Consumer,-0.056311742195447656,-0.0017531627812122919
2023-08-31,IHG,Consumer,-0.016058981219076895,-0.0017800673184294562
2023-08-31,LVS,Consumer,-0.16441852372514243,0.005198413163934218
2023-08-31,NCLH,Consumer,-0.005431512024469343,0.048585779833292486
2023-08-31,NFLX,Consumer,-0.1293119743829111,0.019659307416012694
2023-08-31,PENN,Consumer,-0.031236798414348455,0.01818110517116775
2023-08-31,POOL,Consumer,-0.025984596169858487,0.009553920158957908
2023-08-31,RCL,Consumer,-0.0687284098384282,0.036258361357087945
2023-08-31,SIRI,Consumer,0.027272731626141855,-0.028375357972630858
2023-08-31,TSLA,Consumer,-0.030455617484936637,0.06582729669095388
2023-08-31,WBD,Consumer,-0.17351602945764888,0.03865448905171219
2023-08-31,WYNN,Consumer,-0.08847903046460659,0.00136462376833053
2023-08-31,APA,Energy,-0.0625001331861279,0.009451864108256224
2023-08-31,BA,Energy,-0.1444003315617799,-0.006095612801759371
2023-08-31,CAT,Energy,-0.02891909943977744,0.0012064879250652145
2023-08-31,COP,Energy,0.011520507078573106,0.0035709581219481434
2023-08-31,CVX,Energy,0.0466789054076262,0.003425641528027967
2023-08-31,DE,Energy,-0.0784297425036381,-0.003404428474196034
2023-08-31,DVN,Energy,-0.057232959946505235,0.024265014552991557
2023-08-31,EOG,Energy,-0.014461055423470426,0.0014928308058764356
2023-08-31,FDX,Energy,0.019958466913761796,0.027787647581598608
2023-08-31,GD,Energy,-0.025017791852540938,-0.0006192231607122962
2023-08-31,GE,Energy,-0.033465284279280416,0.01824309236075709
2023-08-31,HAL,Energy,0.05291111768352552,0.00203227904366143
2023-08-31,HON,Energy,-0.017026761532731194,0.004794057818359452
2023-08-31,LMT,Energy,-0.08785549223592337,0.004438868699566133
2023-08-31,MMM,Energy,-0.12233986173758404,0.016445160081457737
2023-08-31,MPC,Energy,0.060026657786745874,-0.00889444356283665
2023-08-31,NOC,Energy,0.016393827770685432,0.013633173100913998
2023-08-31,OXY,Energy,0.0361297666055902,0.012795693263089488
2023-08-31,PSX,Energy,0.05247031822073267,-0.004350263232798281
2023-08-31,RTX,Energy,-0.16352872538413543,0.006653892347869972
2023-08-31,SLB,Energy,-0.007064956258404864,-0.011063147839393436
2023-08-31,UNP,Energy,-0.07680100022167458,-0.013306065283235836
2023-08-31,UPS,Energy,-0.07987015433742228,0.0037036107081749436
2023-08-31,VLO,Energy,0.09091612722578057,0.006586699832087069
2023-08-31,XOM,Energy,0.05746917112301264,0.0006064798437324312
2023-08-31,AME,Energy,-0.07213371424887649,0.0016352806319070885
2023-08-31,BE,Energy,-0.11541024473993577,0.036110719438812944
2023-08-31,BKR,Energy,-0.024039847635883405,0.002967819492588973
2023-08-31,CTRA,Energy,-0.040439790986438795,0.013870267516391626
2023-08-31,EMR,Energy,-0.017099329361109028,0.0025012904703460084
2023-08-31,ENPH,Energy,-0.050422803406063754,0.04477525475605315
2023-08-31,ETN,Energy,-0.07418506277840076,0.012183797049901352
2023-08-31,FSLR,Energy,-0.14556894823436317,0.008112551619238382
2023-08-31,FTV,Energy,-0.05948004247698291,-0.0026382587207575067
2023-08-31,GNRC,Energy,-0.0829054681973489,0.09388827057591147
2023-08-31,HUBB,Energy,-0.038767104890528814,0.030055427910313
2023-08-31,MTDR,Energy,-0.06330704325368786,0.024510459565313718
2023-08-31,PH,Energy,-0.06567520781060876,0.012122010078704414
2023-08-31,PLUG,Energy,-0.10165486165917015,0.05969374756340835
2023-08-31,PR,Energy,-0.015514857515530167,0.0072153347039015
2023-08-31,ROK,Energy,-0.08398485814181156,0.009872406493550707
2023-08-31,ROP,Energy,-0.029615684856877267,-0.0008359423239135619
2023-08-31,SM,Energy,-0.06286935485977518,0.031703251690164726
2023-08-31,VRSK,Energy,-0.02333595074023953,0.013791643321988725
2023-08-31,WMB,Energy,-0.011372401183559089,-0.000818351763048529
2023-08-31,XYL,Energy,-0.12082298576560724,-0.0008629109592973964
2023-09-30,AAPL,Technology,-0.0025700503965395693,0.018342315932017645
2023-09-30,ADBE,Technology,0.04345950956533673,0.047773441114797456
2023-09-30,AMAT,Technology,-0.04405906345237265,0.01328915615293446
2023-09-30,AMD,Technology,-0.042015169302141886,0.05600015282840649
2023-09-30,AVGO,Technology,0.01299080907940997,0.02300296194782315
2023-09-30,CDNS,Technology,0.023687592742078545,0.005428535350068986
2023-09-30,CRM,Technology,-0.009616172370332632,0.02714545605212243
2023-09-30,CRWD,Technology,0.0560998871772207,0.03906114075392669
2023-09-30,FTNT,Technology,-0.025732824273644095,0.037940308095267175
2023-09-30,GOOGL,Technology,-0.05181106502067245,0.026117671625926736
2023-09-30,INTC,Technology,0.02672290980565184,0.031815946312851284
2023-09-30,INTU,Technology,-0.029607419435955795,0.009536857483919105
2023-09-30,KLAC,Technology,0.024070118863273926,0.018514372699531365
2023-09-30,LRCX,Technology,-0.06150577148202574,0.03210120764653552
2023-09-30,META,Technology,0.0035309000885592745,0.06751271257531549
2023-09-30,MSFT,Technology,0.07081524875030554,0.02384217257513183
2023-09-30,MU,Technology,-0.01541140700137733,0.011621346895209411
2023-09-30,NET,Technology,-0.1007297302759762,0.02619668800318215
2023-09-30,NOW,Technology,0.040951078227295934,0.021997709921486596
2023-09-30,NVDA,Technology,-0.06250714675420421,0.05657000296163804
2023-09-30,ORCL,Technology,-0.020219299383835376,0.02193877905900941
2023-09-30,PANW,Technology,0.036597857625424224,0.008124414190069765
2023-09-30,QCOM,Technology,-0.018638641402166534,0.019731218421972074
2023-09-30,SNPS,Technology,0.022811951092351457,0.011741414624577602
2023-09-30,TXN,Technology,-0.098725026859517,0.0018184783947165738
2023-09-30,ACN,Technology,-0.028614540608650096,0.0038372948848106846
2023-09-30,ADI,Technology,-0.1014334610561598,0.004344868293147399
2023-09-30,ANET,Technology,0.0893818468768468,-0.016469119790931658
2023-09-30,CGNX,Technology,-0.15197911506381856,0.024880760935759437
2023-09-30,COHU,Technology,-0.1248548028026285,0.018828791458024043
2023-09-30,CSCO,Technology,-0.02331681248187023,-0.0032269044802029426
2023-09-30,DELL,Technology,-0.023400249463773504,0.014433813989089604
2023-09-30,ENTG,Technology,-0.06143575520990674,0.03527098261396532
2023-09-30,FORM,Technology,-0.03033765312696557,0.01735444157271264
2023-09-30,HPQ,Technology,0.02451356953630901,0.013414977772279731
2023-09-30,IBM,Technology,0.030933781889964873,-0.0013467158384107697
2023-09-30,IPGP,Technology,-0.1540279618734649,0.02173355314918274
2023-09-30,KEYS,Technology,-0.0775451190095614,0.02539129875622004
2023-09-30,MCHP,Technology,-0.0866111583239052,0.019091543855473868
2023-09-30,MKSI,Technology,-0.24127567911958947,0.017701060604005676
2023-09-30,MPWR,Technology,-0.043852843459415425,0.021756646455624633
2023-09-30,MRVL,Technology,-0.12667270216765314,0.04662259745145428
2023-09-30,NXPI,Technology,-0.1375049989970063,0.020370427432162583
2023-09-30,ONTO,Technology,-0.11880484861436924,0.019582143045771085
2023-09-30,QRVO,Technology,-0.08431971246285197,0.007464113189402788
2023-09-30,STX,Technology,0.034874881154201454,-0.0004359958311710502
2023-09-30,SWKS,Technology,-0.12019477113174448,0.007813125553268152
2023-09-30,TER,Technology,-0.1711128797482313,0.009318252499136625
2023-09-30,VRSN,Technology,-0.014170704469451012,0.003268820817194826
2023-09-30,WDC,Technology,-0.12009640948214673,0.009743330064275036
2023-09-30,AXP,Financials,-0.0171590865765483,0.006430935373104614
2023-09-30,BAC,Financials,-0.03798387716374585,0.019696760636273604
2023-09-30,BK,Financials,0.006584720160174529,4.188332085413096e-05
2023-09-30,BLK,Financials,-0.052916287376022386,0.0067666772457616355
2023-09-30,C,Financials,-0.03987331870325028,0.013198843333428112
2023-09-30,CFG,Financials,-0.10976065037392102,0.027593529633963602
2023-09-30,CME,Financials,0.0661273341154951,-0.0014501983862738807
2023-09-30,COF,Financials,0.043688839660840584,0.02028959214706605
2023-09-30,FITB,Financials,-0.06395576873173014,0.019897544242337716
2023-09-30,GS,Financials,-0.06168708300165282,0.009665324789301183
2023-09-30,HBAN,Financials,-0.0721155539431636,0.017411487069208666
2023-09-30,ICE,Financials,-0.023450296866300513,-0.0008841452824443451
2023-09-30,JPM,Financials,-0.034022407691076895,0.007465583971401889
2023-09-30,KEY,Financials,-0.05018590611339224,0.036839819939938546
2023-09-30,MCO,Financials,-0.025840643246065942,0.013737564761764427
2023-09-30,MS,Financials,-0.122253763207816,0.0067179452738216835
2023-09-30,MTB,Financials,-0.10834317844968211,0.03254884897132023
2023-09-30,PNC,Financials,-0.05521028451047516,0.018474228788667925
2023-09-30,RF,Financials,-0.1552326149810891,0.012876113394605499
2023-09-30,SCHW,Financials,-0.05209479821119489,0.024540952707804112
2023-09-30,SPGI,Financials,-0.04406015957177711,0.01196636302673795
2023-09-30,STT,Financials,-0.03479688469283837,0.01554692112987488
2023-09-30,TFC,Financials,-0.008738043047489374,0.02406964010160962
2023-09-30,USB,Financials,-0.03569290899938682,0.020330169304112765
2023-09-30,WFC,Financials,-0.026676327478079576,0.010751024453119568
2023-09-30,AFL,Financials,0.01771987316385215,-0.006928183020138905
2023-09-30,AJG,Financials,0.03316803868824825,-0.0002037792001863617
2023-09-30,ALL,Financials,0.1500762592365481,0.0038903701180326416
2023-09-30,AMTD,Financials,-0.36666670543391466,0.09047038471023733
2023-09-30,AON,Financials,-0.04380531665356069,-0.003781796645806277
2023-09-30,CB,Financials,0.030934775024847205,0.003850681293790355
2023-09-30,FDS,Financials,-0.012280983610040819,0.0034023587703269752
2023-09-30,FNF,Financials,-0.05351075045874332,0.0003078884390371045
2023-09-30,GL,Financials,0.07238041479499802,-0.00655423622525983
2023-09-30,HIG,Financials,0.03582003825884561,-0.007039607721338791
2023-09-30,IBKR,Financials,-0.07497703096862607,-0.0038972293985227863
2023-09-30,LPLA,Financials,-0.055249327441832974,0.008358365698243619
2023-09-30,MET,Financials,-0.04609776555740264,0.008716360456943606
2023-09-30,MSCI,Financials,-0.08094257134835003,0.0011513818478157845
2023-09-30,NDAQ,Financials,0.020786154674622193,0.013759322735903818
2023-09-30,PGR,Financials,0.1357035340398407,-0.01621173278953974
2023-09-30,PRU,Financials,-0.036357755014644444,0.00639335299756052
2023-09-30,RJF,Financials,-0.04968629660856072,0.015014203392390785
2023-09-30,SEIC,Financials,-0.10908179493334513,-0.004029267097820265
2023-09-30,SF,Financials,-0.07226549234916324,-0.002146165506552354
2023-09-30,SYF,Financials,-0.074264435988175,0.020126667813851237
2023-09-30,TRV,Financials,0.02528948425520028,0.004782137988470941
2023-09-30,UNM,Financials,0.0016947963595077553,0.00035881381211871205
2023-09-30,WTW,Financials,0.12887626222706006,0.006320878661000361
2023-09-30,ABBV,Healthcare,-0.04338436465486106,-0.0010345989751048904
2023-09-30,ABT,Healthcare,-0.01834382537556123,0.006495521276879272
2023-09-30,AMGN,Healthcare,-0.048593474689482496,0.00157450348854434
2023-09-30,BAX,Healthcare,-0.1406996895892263,0.041520472410020104
2023-09-30,BIIB,Healthcare,-0.07575586840857862,0.011251196358144467
2023-09-30,BMY,Healthcare,-0.10315306428246596,0.008539013028025181
2023-09-30,BSX,Healthcare,-0.030492436242716803,-0.012687616149348047
2023-09-30,CI,Healthcare,0.0808544671017064,0.014221293741638982
2023-09-30,CVS,Healthcare,-0.003117506827480576,0.025901430109954146
2023-09-30,DHR,Healthcare,-0.12589191325410354,0.002617932222223507
2023-09-30,EW,Healthcare,-0.08025400774480462,0.019468909268158755
2023-09-30,GILD,Healthcare,0.04803852748338766,-0.001791722839602359
2023-09-30,HUM,Healthcare,0.07639969879274178,0.000375301278452235
2023-09-30,ISRG,Healthcare,-0.10287730146477903,0.0302349938154404
2023-09-30,JNJ,Healthcare,-0.04757628673918968,-8.094790790062062e-05
2023-09-30,LLY,Healthcare,0.03127726754379179,0.005535569569662481
2023-09-30,MDT,Healthcare,-0.09954062316274603,0.005513920010686669
2023-09-30,MRK,Healthcare,-0.0024284217927470486,-0.006970266555815438
2023-09-30,PFE,Healthcare,-0.07868554417786267,0.022326075206592303
2023-09-30,REGN,Healthcare,-0.052335424342065506,-0.014852635423365408
2023-09-30,SYK,Healthcare,-0.011161139313364932,-0.0015341720069120025
2023-09-30,TMO,Healthcare,-0.12130316386810724,-0.0035112876980057037
2023-09-30,UNH,Healthcare,0.06221850436908616,0.007004204339476853
2023-09-30,VRTX,Healthcare,0.0413239648034216,0.005406377941257718
2023-09-30,ZBH,Healthcare,-0.0695955611215473,0.014509480549953439
2023-09-30,A,Healthcare,-0.07370412186074027,0.007503705722862393
2023-09-30,ACAD,Healthcare,0.08301341312713473,0.044531835636587754
2023-09-30,ALGN,Healthcare,-0.3954212239295709,0.021588006002886097
2023-09-30,ALKS,Healthcare,-0.13637985232450367,0.0032648686806215563
2023-09-30,BDX,Healthcare,-0.0222411039170628,0.004046464661111356
2023-09-30,DGX,Healthcare,0.07383844211925483,0.004989779119998495
2023-09-30,DXCM,Healthcare,-0.047909979362202315,0.03183098306371297
2023-09-30,FOLD,Healthcare,-0.09786180882531481,-0.008612130028749193
2023-09-30,HOLX,Healthcare,-0.04654183409101431,0.003061832723200184
2023-09-30,IDXX,Healthcare,-0.08644541986115328,0.007435547995228142
2023-09-30,INSP,Healthcare,-0.2584156326768763,0.031104174059011558
2023-09-30,IQV,Healthcare,-0.08091485727545267,0.009609142430469751
2023-09-30,MASI,Healthcare,-0.07470350169890638,0.029205492307772574
2023-09-30,MTD,Healthcare,-0.11088644222643518,0.013136856449412893
2023-09-30,NBIX,Healthcare,-0.013866644965277786,0.008436286456558889
2023-09-30,NTRA,Healthcare,-0.1080225712835452,-0.01923891413091383
2023-09-30,NVCR,Healthcare,-0.17647055697297742,0.0664965210628756
2023-09-30,PODD,Healthcare,-0.16878799449348025,0.03559207621808207
2023-09-30,RARE,Healthcare,-0.00701262242074574,0.025997736995431522
2023-09-30,RMD,Healthcare,-0.04497162850940151,0.029130872162583733
2023-09-30,WAT,Healthcare,-0.13011922901294593,0.0037064847525077396
2023-09-30,AMZN,Consumer,0.046963447626806376,0.02080476317953307
2023-09-30,AZO,Consumer,-0.024748171317035217,-0.00352337469403928
2023-09-30,BKNG,Consumer,-0.09545882765202984,0.0017739503505903934
2023-09-30,CMG,Consumer,0.060251258191192925,0.028047037213692595
2023-09-30,COST,Consumer,-0.022161075526382912,0.006184447317479708
2023-09-30,DG,Consumer,0.13141692893278822,0.03280055443087149
2023-09-30,DLTR,Consumer,0.043588534736215045,0.02840169387398573
2023-09-30,DRI,Consumer,0.025650753494233847,0.009174055636769388
2023-09-30,EBAY,Consumer,-0.11022902585247907,0.008373690372539728
2023-09-30,HD,Consumer,-0.05781696501694489,-0.0007303603293283591
2023-09-30,HLT,Consumer,0.008989458033072939,0.00043529608114060286
2023-09-30,KR,Consumer,0.013854735060194523,0.008958702701973319
2023-09-30,LOW,Consumer,-0.07770699314438934,-0.002975391549619507
2023-09-30,LULU,Consumer,0.020409289006327214,0.011934604076228563
2023-09-30,MAR,Consumer,-0.04070006464997955,0.008804078434624819
2023-09-30,MCD,Consumer,-0.004820967092140083,0.0008518137248483479
2023-09-30,MGM,Consumer,-0.05005441340050498,0.02146038135119545
2023-09-30,NKE,Consumer,0.07477520506662283,0.01636627795277784
2023-09-30,ORLY,Consumer,0.023743978019930223,-0.0018449953666317513
2023-09-30,ROST,Consumer,0.02673753102492671,-0.011056006913678383
2023-09-30,SBUX,Consumer,0.01062802913799854,0.005630068167833459
2023-09-30,TGT,Consumer,0.001989577545257415,0.015724102504908445
2023-09-30,TJX,Consumer,-0.009113408088458952,-0.006453002998289735
2023-09-30,WMT,Consumer,0.021759614891823986,-0.004834922776860394
2023-09-30,YUM,Consumer,-0.03265583182009202,0.002363511463707769
2023-09-30,BBY,Consumer,-0.0381459887463419,0.009646434591562832
2023-09-30,CCL,Consumer,-0.164723046015832,0.08292778391169417
2023-09-30,CHDN,Consumer,-0.05342986720570919,0.010794452479828076
2023-09-30,CMCSA,Consumer,-0.0626770249715779,0.013298542331404418
2023-09-30,CZR,Consumer,-0.13937431061792827,0.025639233052234506
2023-09-30,DIS,Consumer,0.006662512752955152,0.021281774610685516
2023-09-30,DKNG,Consumer,-0.061820640686427786,0.05534349016861451
2023-09-30,F,Consumer,-0.2027355075680516,0.036859403191665446
2023-09-30,FOX,Consumer,-0.03358721492901562,-0.0038375388961721935
2023-09-30,GM,Consumer,-0.1446767492228045,0.025085973706087762
2023-09-30,GRMN,Consumer,-0.02538034521030408,-0.005190865537889715
2023-09-30,H,Consumer,-0.03431365317005364,0.009978430868816609
2023-09-30,IHG,Consumer,-0.035050099113376976,-0.0019779652459257988
2023-09-30,LVS,Consumer,0.035340246598843716,0.011759956111765911
2023-09-30,NCLH,Consumer,-0.1747572354832594,0.06966496897903762
2023-09-30,NFLX,Consumer,0.09028073485862631,0.02414983122094946
2023-09-30,PENN,Consumer,-0.14030505941868665,0.02601601802111323
2023-09-30,POOL,Consumer,-0.1132547723919698,0.014867741909696865
2023-09-30,RCL,Consumer,-0.08042115192495447,0.03945160522370587
2023-09-30,SIRI,Consumer,-0.0530975398482344,0.061453790755263436
2023-09-30,TSLA,Consumer,-0.1973463537763216,0.05066652938888657
2023-09-30,WBD,Consumer,-0.08471455850629661,0.013547926047020176
2023-09-30,WYNN,Consumer,-0.05010281836506436,0.005596963746034668
2023-09-30,APA,Energy,-0.02796442852120018,0.01343156449914234
2023-09-30,BA,Energy,-0.025354682477388035,0.01410286090731705
2023-09-30,CAT,Energy,-0.16769951908585112,-0.00292869658846465
2023-09-30,COP,Energy,-0.008347257091168903,0.01661772446984376
2023-09-30,CVX,Energy,-0.1357490879344927,0.00851673289344703
2023-09-30,DE,Energy,-0.031851114658350776,0.0032729290058958384
2023-09-30,DVN,Energy,-0.023689781225860185,0.03977679144256226
2023-09-30,EOG,Energy,0.002153755770673449,0.020526242802916206
2023-09-30,FDX,Energy,-0.09368865828068063,0.028362836312837827
2023-09-30,GD,Energy,0.09866095073584913,0.001957137979810196
2023-09-30,GE,Energy,-0.017367828279332698,0.01734762320527809
2023-09-30,HAL,Energy,-0.028642008185373102,0.02217272450964465
2023-09-30,HON,Energy,-0.008011120469596733,0.009081375161729495
2023-09-30,LMT,Energy,0.11169793701500708,-0.00017907073108856808
2023-09-30,MMM,Energy,-0.028519718744548617,0.00909528497091562
2023-09-30,MPC,Energy,-0.0005948047835184767,0.005867644498451697
2023-09-30,NOC,Energy,0.07096939680653791,0.013715423351737355
2023-09-30,OXY,Energy,-0.047318025998198454,0.019916493896043184
2023-09-30,PSX,Energy,-0.050603493608675,0.004918558497078543
2023-09-30,RTX,Energy,0.13088786505670957,0.0032307963704928198
2023-09-30,SLB,Energy,-0.04528307957788913,0.0066588261330485805
2023-09-30,UNP,Energy,0.01954513720407758,0.009865837412108995
2023-09-30,UPS,Energy,-0.09379591092850958,0.009370664209746029
2023-09-30,VLO,Energy,-0.10380358886359298,0.00951425324907026
2023-09-30,XOM,Energy,-0.09976187375259671,-0.0016571564164346159
2023-09-30,AME,Energy,-0.04730628200103981,-0.004168814601746871
2023-09-30,BE,Energy,-0.21568631681635608,0.04853125450072647
2023-09-30,BKR,Energy,-0.025481329033707034,0.010689183513139114
2023-09-30,CTRA,Energy,0.016635828688508658,0.016116626183168677
2023-09-30,EMR,Energy,-0.07869933899836878,-0.001573570295259119
2023-09-30,ENPH,Energy,-0.3376612499341992,0.05657311236428911
2023-09-30,ETN,Energy,-0.025178104447799554,-0.0026315107547259416
2023-09-30,FSLR,Energy,-0.11844792266487836,0.031160003749752002
2023-09-30,FTV,Energy,-0.11974111841267654,0.0032773230873026013
2023-09-30,GNRC,Energy,-0.22843244859383804,0.09179768036203226
2023-09-30,HUBB,Energy,-0.13818949828252525,0.007839391021832363
2023-09-30,MTDR,Energy,0.03715515734861019,0.028524808711356126
2023-09-30,PH,Energy,-0.05291114218874271,0.004986090844224449
2023-09-30,PLUG,Energy,-0.22500000784271657,0.09212371443687298
2023-09-30,PR,Energy,0.04369630850824602,0.019293858473463057
2023-09-30,ROK,Energy,-0.08066584645301811,0.00886642143311614
2023-09-30,ROP,Energy,0.010272000057470088,-0.0006190345450231248
2023-09-30,SM,Energy,0.020470051896487762,0.03744702686724541
2023-09-30,VRSK,Energy,-0.0375890337187863,0.014208599565203019
2023-09-30,WMB,Energy,0.021074506525326386,0.007040814744621928
2023-09-30,XYL,Energy,0.027573487837701416,0.007060680146918855
2023-10-31,AAPL,Technology,0.11378021271312155,0.08919429307505708
2023-10-31,ADBE,Technology,0.14838554405386728,0.09957092038797774
2023-10-31,AMAT,Technology,0.13412793316317972,0.08991320396233862
2023-10-31,AMD,Technology,0.23005079860009525,0.08473952795882986
2023-10-31,AVGO,Technology,0.10026522197812793,0.09510886071071342
2023-10-31,CDNS,Technology,0.1393370108805947,0.08614773965148462
2023-10-31,CRM,Technology,0.2542944697540135,0.09057455467546975
2023-10-31,CRWD,Technology,0.3406686641693135,0.10197260969227674
2023-10-31,FTNT,Technology,-0.08063664410187865,0.08164847412623609
2023-10-31,GOOGL,Technology,0.06810106993143683,0.0998628919573671
2023-10-31,INTC,Technology,0.22868456839960816,0.08603840294431432
2023-10-31,INTU,Technology,0.15458135188432442,0.09283380991254056
2023-10-31,KLAC,Technology,0.16269745284404058,0.09098978555631375
2023-10-31,LRCX,Technology,0.21709586163691408,0.09361547599082698
2023-10-31,META,Technology,0.08590293888361877,0.09712143085142681
2023-10-31,MSFT,Technology,0.12294562842977941,0.08705730433761691
2023-10-31,MU,Technology,0.13832804009068478,0.08752658191426244
2023-10-31,NET,Technology,0.36091027332518544,0.08669954580185316
2023-10-31,NOW,Technology,0.17855110215802972,0.09503549798388401
2023-10-31,NVDA,Technology,0.14688588962292703,0.09566429139569359
2023-10-31,ORCL,Technology,0.12388786878965363,0.08976896002064233
2023-10-31,PANW,Technology,0.21426216422517874,0.0950392001207857
2023-10-31,QCOM,Technology,0.1915839978523306,0.08029183723057891
2023-10-31,SNPS,Technology,0.15718723935665024,0.08840806582388179
2023-10-31,TXN,Technology,0.0753468250577658,0.08059374491625154
2023-10-31,ACN,Technology,0.12134362792564746,0.08855533403464498
2023-10-31,ADI,Technology,0.16557551046143826,0.07766589094850658
2023-10-31,ANET,Technology,0.09652149557306999,0.08765879185055281
2023-10-31,CGNX,Technology,0.049619749684264525,0.0840879006235316
2023-10-31,COHU,Technology,0.05275382165846931,0.08316283223179141
2023-10-31,CSCO,Technology,-0.0719354965323753,0.0856201031504145
2023-10-31,DELL,Technology,0.13391134032373775,0.07366497908399855
2023-10-31,ENTG,Technology,0.18582451517243803,0.10159906495631457
2023-10-31,FORM,Technology,0.10920899192124156,0.0850821909929099
2023-10-31,HPQ,Technology,0.11431827614623158,0.08291136396607461
2023-10-31,IBM,Technology,0.10867144358381475,0.08842749247355534
2023-10-31,IPGP,Technology,0.11478463836093256,0.07652055484966513
2023-10-31,KEYS,Technology,0.11339611627884594,0.08013132254092836
2023-10-31,MCHP,Technology,0.176527843483947,0.08397990911536077
2023-10-31,MKSI,Technology,0.26080081015998235,0.09122289499365793
2023-10-31,MPWR,Technology,0.24217871528840673,0.0822023757904791
2023-10-31,MRVL,Technology,0.18022007102821536,0.10867513747536703
2023-10-31,NXPI,Technology,0.1835527901958076,0.08997320059888123
2023-10-31,ONTO,Technology,0.2548722173198048,0.10455931474011733
2023-10-31,QRVO,Technology,0.10386641525096962,0.08512074847184256
2023-10-31,STX,Technology,0.15897442034306142,0.08330689134240486
2023-10-31,SWKS,Technology,0.12560291482673613,0.07686471615004906
2023-10-31,TER,Technology,0.1089214012604689,0.07973704851284562
2023-10-31,VRSN,Technology,0.06280669500227098,0.08252472609275228
2023-10-31,WDC,Technology,0.2032378882487842,0.09602173121898452
2023-10-31,AXP,Financials,0.1694170667652406,0.08225082724905387
2023-10-31,BAC,Financials,0.16679383037180662,0.09058048303469886
2023-10-31,BK,Financials,0.13694125886469632,0.08419633127027062
2023-10-31,BLK,Financials,0.2269385225488456,0.08583692403667371
2023-10-31,C,Financials,0.18254101071438522,0.07950887856774157
2023-10-31,CFG,Financials,0.16389220085617517,0.08994585748614024
2023-10-31,CME,Financials,0.022955145861509596,0.08354915193856302
2023-10-31,COF,Financials,0.10874606252918162,0.09282690895513791
2023-10-31,FITB,Financials,0.22100376254438636,0.08881781153409118
2023-10-31,GS,Financials,0.13416743973994505,0.08531206326026575
2023-10-31,HBAN,Financials,0.16683968779623437,0.09135012451677463
2023-10-31,ICE,Financials,0.059568043789989034,0.08628390130680119
2023-10-31,JPM,Financials,0.12239338875446992,0.08906352912391591
2023-10-31,KEY,Financials,0.23332814451264228,0.08861480320522899
2023-10-31,MCO,Financials,0.18744828577351047,0.08770919880486597
2023-10-31,MS,Financials,0.12030463243429201,0.08387297460665777
2023-10-31,MTB,Financials,0.1484512994281415,0.09303562749939936
2023-10-31,PNC,Financials,0.17026308428782966,0.08272887896187844
2023-10-31,RF,Financials,0.14796975530210577,0.08955413805611445
2023-10-31,SCHW,Financials,0.18371475427678763,0.09832356937627107
2023-10-31,SPGI,Financials,0.19301922619107015,0.08912237213430944
2023-10-31,STT,Financials,0.12672133480293524,0.08251738857207529
2023-10-31,TFC,Financials,0.1530086320077355,0.08605099435162096
2023-10-31,USB,Financials,0.19573370565256165,0.09197037113499673
2023-10-31,WFC,Financials,0.1311921855053142,0.09412256605316699
2023-10-31,AFL,Financials,0.06438128856554926,0.09229999797062816
2023-10-31,AJG,Financials,0.05974864365077148,0.09231385696478282
2023-10-31,ALL,Financials,0.08308184227899051,0.08371110646339172
2023-10-31,AMTD,Financials,-0.22978175670326562,0.08054904376013161
2023-10-31,AON,Financials,0.06169992429272497,0.0859821353086576
2023-10-31,CB,Financials,0.06900566624604698,0.08787059895523634
2023-10-31,FDS,Financials,0.05220188239702739,0.08677128604765531
2023-10-31,FNF,Financials,0.14709637238057804,0.09549665938015439
2023-10-31,GL,Financials,0.058181405345254955,0.08505523773541132
2023-10-31,HIG,Financials,0.0706621316971403,0.08508009114304423
2023-10-31,IBKR,Financials,-0.02658276164519824,0.08744698063728248
2023-10-31,LPLA,Financials,-0.008544254552281916,0.09452733391676417
2023-10-31,MET,Financials,0.06958538059166886,0.09346386549147703
2023-10-31,MSCI,Financials,0.1076224087649511,0.08219487264698197
2023-10-31,NDAQ,Financials,0.12580640723534575,0.08331161998642014
2023-10-31,PGR,Financials,0.03757343674639113,0.07813186106721956
2023-10-31,PRU,Financials,0.08347970797176196,0.09629158728955348
2023-10-31,RJF,Financials,0.1017393898724448,0.09360372878388906
2023-10-31,SEIC,Financials,0.09336562269375914,0.08754799591364633
2023-10-31,SF,Financials,0.07687525086229319,0.09017155208592086
2023-10-31,SYF,Financials,0.1536541848198456,0.0947937002164966
2023-10-31,TRV,Financials,0.07871466031987406,0.08260911245000604
2023-10-31,UNM,Financials,-0.12065449860710908,0.0970509595291739
2023-10-31,WTW,Financials,0.04413065831958529,0.078223173221491
2023-10-31,ABBV,Healthcare,0.008570485089243851,0.07921697837280077
2023-10-31,ABT,Healthcare,0.10301425706135725,0.08298230578963675
2023-10-31,AMGN,Healthcare,0.06280831598201186,0.08845695340018278
2023-10-31,BAX,Healthcare,0.12148536736786597,0.09151521857599933
2023-10-31,BIIB,Healthcare,-0.01456593227612979,0.08277401754790782
2023-10-31,BMY,Healthcare,-0.04172313728736721,0.07988737675913475
2023-10-31,BSX,Healthcare,0.09181482494682403,0.08033907264753651
2023-10-31,CI,Healthcare,-0.14980616102008892,0.09214084035864269
2023-10-31,CVS,Healthcare,-0.015360207665292447,0.08043950498905565
2023-10-31,DHR,Healthcare,0.162951937779654,0.08553715291202862
2023-10-31,EW,Healthcare,0.06261766772335142,0.08234955830459467
2023-10-31,GILD,Healthcare,-0.024700843314540144,0.07852764871316095
2023-10-31,HUM,Healthcare,-0.07414689633541482,0.08325237685413155
2023-10-31,ISRG,Healthcare,0.18541680608210132,0.09401702537024469
2023-10-31,JNJ,Healthcare,0.050954100988973794,0.0867614606523065
2023-10-31,LLY,Healthcare,0.06896549017664344,0.11157422939689354
2023-10-31,MDT,Healthcare,0.12344105101102354,0.08588706022762597
2023-10-31,MRK,Healthcare,-0.0021421844496258835,0.08343222444719281
2023-10-31,PFE,Healthcare,0.010497753372173735,0.0761631765660823
2023-10-31,REGN,Healthcare,0.05631558524185554,0.0821879469506476
2023-10-31,SYK,Healthcare,0.09662497929818303,0.07572397866489781
2023-10-31,TMO,Healthcare,0.11464358758777249,0.081196277822058
2023-10-31,UNH,Healthcare,0.03250785884675911,0.08475954714152668
2023-10-31,VRTX,Healthcare,-0.0201595871096496,0.08987323081885247
2023-10-31,ZBH,Healthcare,0.11397381666219619,0.07567420622563872
2023-10-31,A,Healthcare,0.23633557980453435,0.07938392018839197
2023-10-31,ACAD,Healthcare,-0.012848870717761418,0.09227640504021586
2023-10-31,ALGN,Healthcare,0.15824263120087223,0.08232753736161995
2023-10-31,ALKS,Healthcare,-0.002067017085790601,0.07807825867099316
2023-10-31,BDX,Healthcare,-0.06566976820974235,0.08815051547111095
2023-10-31,DGX,Healthcare,0.05480399327593721,0.08184098112699567
2023-10-31,DXCM,Healthcare,0.3004614911837251,0.07603894844886544
2023-10-31,FOLD,Healthcare,0.004557902417299253,0.08631722713933762
2023-10-31,HOLX,Healthcare,0.07752765641181614,0.07897975246035972
2023-10-31,IDXX,Healthcare,0.166095090747147,0.08164317090119923
2023-10-31,INSP,Healthcare,-0.012571392073102872,0.07832593097970095
2023-10-31,IQV,Healthcare,0.18398498001202435,0.09047149389243299
2023-10-31,MASI,Healthcare,0.15567614088980397,0.0630601484389964
2023-10-31,MTD,Healthcare,0.10833337411843003,0.07190882649683676
2023-10-31,NBIX,Healthcare,0.050928373644740565,0.08194191839110472
2023-10-31,NTRA,Healthcare,0.41753227850401253,0.07873261872674762
2023-10-31,NVCR,Healthcare,-0.07744358783458638,0.06640915721642077
2023-10-31,PODD,Healthcare,0.4263406946598731,0.06734481517663227
2023-10-31,RARE,Healthcare,0.09745753670999391,0.07686084522911152
2023-10-31,RMD,Healthcare,0.1204888486018032,0.07403899401724223
2023-10-31,WAT,Healthcare,0.17641381288565183,0.07939886391708022
2023-10-31,AMZN,Consumer,0.0976782655173829,0.10160172717000357
2023-10-31,AZO,Consumer,0.053610450444909974,0.08048248508187449
2023-10-31,BKNG,Consumer,0.12049938431240981,0.08278970244469154
2023-10-31,CMG,Consumer,0.13389445376197062,0.09326345166017554
2023-10-31,COST,Consumer,0.07491811550419913,0.09048565847699262
2023-10-31,DG,Consumer,0.1014784471174377,0.06881114073100045
2023-10-31,DLTR,Consumer,0.11252138277131696,0.080952835345255
2023-10-31,DRI,Consumer,0.07517338405875473,0.08201169292635942
2023-10-31,EBAY,Consumer,0.051843981676316764,0.08588729593011475
2023-10-31,HD,Consumer,0.10855658998046036,0.08997351366559381
2023-10-31,HLT,Consumer,0.10652596889930566,0.08359086675907397
2023-10-31,KR,Consumer,-0.01779795228997294,0.07894398814916062
2023-10-31,LOW,Consumer,0.04334359005375332,0.08995391995910164
2023-10-31,LULU,Consumer,0.1355087306035816,0.08149044703440261
2023-10-31,MAR,Consumer,0.07769726922085374,0.0918156413210905
2023-10-31,MCD,Consumer,0.08146914383253079,0.08340168014827673
2023-10-31,MGM,Consumer,0.12943873696371933,0.08528158327993972
2023-10-31,NKE,Consumer,0.07297854855036756,0.06669191379891956
2023-10-31,ORLY,Consumer,0.05582303549736145,0.08619708038122287
2023-10-31,ROST,Consumer,0.12425620019611272,0.08760479437536287
2023-10-31,SBUX,Consumer,0.08245501645720021,0.08300853559070002
2023-10-31,TGT,Consumer,0.2202904963666985,0.07618417535579014
2023-10-31,TJX,Consumer,0.004138022382031981,0.08909477237335728
2023-10-31,WMT,Consumer,-0.04724310455900205,0.08683056694023181
2023-10-31,YUM,Consumer,0.04371904511412028,0.08015372825544032
2023-10-31,BBY,Consumer,0.061658123022030775,0.084991125046982
2023-10-31,CCL,Consumer,0.31413617599093224,0.11595100221136982
2023-10-31,CHDN,Consumer,0.05748755046365028,0.08164201502133227
2023-10-31,CMCSA,Consumer,0.014531436533369968,0.09172205161187813
2023-10-31,CZR,Consumer,0.12108302594529707,0.0924873934513628
2023-10-31,DIS,Consumer,0.13604614113720204,0.08264186768831762
2023-10-31,DKNG,Consumer,0.38450400132312823,0.10803146168026152
2023-10-31,F,Consumer,0.05230784964319812,0.08814113773555683
2023-10-31,FOX,Consumer,-0.00895741303585984,0.08044420151074791
2023-10-31,GM,Consumer,0.12376796153398995,0.08571273513430276
2023-10-31,GRMN,Consumer,0.19223650370029288,0.07919589508206352
2023-10-31,H,Consumer,0.12172592218751443,0.07941774491761074
2023-10-31,IHG,Consumer,0.08900593261571732,0.08525521264130953
2023-10-31,LVS,Consumer,-0.02423868370363258,0.07985304797870808
2023-10-31,NCLH,Consumer,0.12279411981262545,0.10552923127444186
2023-10-31,NFLX,Consumer,0.151278895158228,0.09230354788463929
2023-10-31,PENN,Consumer,0.24480486749968722,0.07087871274656934
2023-10-31,POOL,Consumer,0.1035930748624545,0.09089194845993982
2023-10-31,RCL,Consumer,0.26826390516236387,0.10411730633308712
2023-10-31,SIRI,Consumer,0.09945507078566007,0.08120923905396307
2023-10-31,TSLA,Consumer,0.19537943740621855,0.10124165398148016
2023-10-31,WBD,Consumer,0.051307872274796384,0.08596150466695629
2023-10-31,WYNN,Consumer,-0.03547564493268385,0.07584298229293818
2023-10-31,APA,Energy,-0.09365555572680473,0.09829042151634351
2023-10-31,BA,Energy,0.2398565239365813,0.08167676854756802
2023-10-31,CAT,Energy,0.1091351862077703,0.09302360048062232
2023-10-31,COP,Energy,-0.022283498580257355,0.09646172285468653
2023-10-31,CVX,Energy,-0.004286716275284097,0.08630765468308738
2023-10-31,DE,Energy,-0.002600161364863629,0.08340204803413545
2023-10-31,DVN,Energy,-0.0343568901732908,0.09017291329234399
2023-10-31,EOG,Energy,-0.02518804779038042,0.09297440641839504
2023-10-31,FDX,Energy,0.07800906766618976,0.07974044141363258
2023-10-31,GD,Energy,0.023455352916795347,0.08478570564212615
2023-10-31,GE,Energy,0.12123726643620558,0.07976123149102946
2023-10-31,HAL,Energy,-0.058718730099662775,0.09977429187007633
2023-10-31,HON,Energy,0.07537279901161664,0.08508703543493464
2023-10-31,LMT,Energy,-0.008089724078227833,0.08167508988807722
2023-10-31,MMM,Energy,0.10642150294985497,0.08801073537600654
2023-10-31,MPC,Energy,-0.008188989339139807,0.08508959461254421
2023-10-31,NOC,Energy,0.011925859432335928,0.08255515180132061
2023-10-31,OXY,Energy,-0.04303512492857664,0.08386254456702018
2023-10-31,PSX,Energy,0.14028735745333387,0.08971435338249535
2023-10-31,RTX,Energy,0.008485332785457045,0.07843006139207616
2023-10-31,SLB,Energy,-0.06503763279398944,0.09568657155614876
2023-10-31,UNP,Energy,0.08506344534528609,0.08800450959994295
2023-10-31,UPS,Energy,0.08591515627931967,0.07798394222833781
2023-10-31,VLO,Energy,-0.004902395781078206,0.07970321331686878
2023-10-31,XOM,Energy,-0.02050556327147346,0.08405992115839037
2023-10-31,AME,Energy,0.10272089269004936,0.08651824210717621
2023-10-31,BE,Energy,0.38846154904224495,0.08079841373204026
2023-10-31,BKR,Energy,-0.013911348153302416,0.09483822272027632
2023-10-31,CTRA,Energy,-0.038386278921488604,0.09253737377978286
2023-10-31,EMR,Energy,0.005184837421638777,0.09129963853560566
2023-10-31,ENPH,Energy,0.2694143543440475,0.06904242110191337
2023-10-31,ETN,Energy,0.09951173675045344,0.0949068189421624
2023-10-31,FSLR,Energy,0.10761672277623635,0.075724931049442
2023-10-31,FTV,Energy,0.057934595700363634,0.08986697866840974
2023-10-31,GNRC,Energy,0.3925300359199555,0.09918986489614177
2023-10-31,HUBB,Energy,0.11531358917958179,0.09753777251139228
2023-10-31,MTDR,Energy,-0.058363518596652786,0.10602107339451393
2023-10-31,PH,Energy,0.1784406213195866,0.09130100129872688
2023-10-31,PLUG,Energy,-0.31409167174334984,0.08625924352937042
2023-10-31,PR,Energy,-0.08967867787526007,0.09639002768784104
2023-10-31,ROK,Energy,0.053177668982024695,0.08398441640681067
2023-10-31,ROP,Energy,0.10168422335767913,0.08631325820188614
2023-10-31,SM,Energy,-0.0711804651045157,0.11384549153948417
2023-10-31,VRSK,Energy,0.061884281350774506,0.09397208976581767
2023-10-31,WMB,Energy,0.06947676906486966,0.09283087742058535
2023-10-31,XYL,Energy,0.12758235742162904,0.08327131282804381
2023-11-30,AAPL,Technology,0.013582487370106477,0.010024954623837084
2023-11-30,ADBE,Technology,-0.023583957626512553,0.021057905139966592
2023-11-30,AMAT,Technology,0.0820537403610675,0.023965647795333757
2023-11-30,AMD,Technology,0.2166556553861283,0.0327102703120823
2023-11-30,AVGO,Technology,0.21134968169597435,0.01768757345779016
2023-11-30,CDNS,Technology,-0.003293423839671461,-0.0006521978628839659
2023-11-30,CRM,Technology,0.044620804143763904,0.01730204017024537
2023-11-30,CRWD,Technology,0.07734504158903621,0.031057299216988334
2023-11-30,FTNT,Technology,0.11358442256509504,0.0262298288705547
2023-11-30,GOOGL,Technology,0.05402559097165072,0.020521874040042843
2023-11-30,INTC,Technology,0.12416102913298444,0.0046458792822847116
2023-11-30,INTU,Technology,0.09374239183361155,0.012588064708576405
2023-11-30,KLAC,Technology,0.06734976112360624,0.011902183020103308
2023-11-30,LRCX,Technology,0.09704336430287563,0.027593359339248242
2023-11-30,META,Technology,0.08195021332044705,0.002138778815356443
2023-11-30,MSFT,Technology,-0.0075743933529643925,-0.0018496290099616688
2023-11-30,MU,Technology,0.12262554838615691,0.01170598836576935
2023-11-30,NET,Technology,0.07919637705129601,0.04371690046156335
2023-11-30,NOW,Technology,0.030259349802534086,0.009606928654638225
2023-11-30,NVDA,Technology,0.05893416283127806,0.03863979634351451
2023-11-30,ORCL,Technology,-0.09276309218815826,0.018332705972379133
2023-11-30,PANW,Technology,-0.0007116183458746317,0.02344135041906257
2023-11-30,QCOM,Technology,0.12072856341774485,0.019665800457566357
2023-11-30,SNPS,Technology,-0.05213262953525055,0.010100034777731914
2023-11-30,TXN,Technology,0.11623355728809504,0.0145856671192673
2023-11-30,ACN,Technology,0.0533407379740678,0.00828468565007727
2023-11-30,ADI,Technology,0.08788061890775678,0.013755420159200215
2023-11-30,ANET,Technology,0.07191291843864622,-0.00952222429316265
2023-11-30,CGNX,Technology,0.10716180327635816,0.031141593505943324
2023-11-30,COHU,Technology,0.11534824772185148,0.030460193658578535
2023-11-30,CSCO,Technology,0.04423327916320874,0.00937214474696215
2023-11-30,DELL,Technology,0.008303601048375242,0.03712257720692509
2023-11-30,ENTG,Technology,0.1477012255586767,0.03982217325228958
2023-11-30,FORM,Technology,0.1098988039432478,0.017228469583917792
2023-11-30,HPQ,Technology,0.03496814191431796,0.01099950007005868
2023-11-30,IBM,Technology,0.03147056696501904,-0.0035101619774162533
2023-11-30,IPGP,Technology,0.1334586308917971,0.03166238757529755
2023-11-30,KEYS,Technology,0.17072630107031617,0.028970735734567453
2023-11-30,MCHP,Technology,0.08077664329674117,0.026859748919360993
2023-11-30,MKSI,Technology,0.24615374495990938,0.04532780550115058
2023-11-30,MPWR,Technology,0.1513568303675601,0.012067009560076575
2023-11-30,MRVL,Technology,0.08218210107625579,0.05833901831722946
2023-11-30,NXPI,Technology,0.13063927839015377,0.03235834456938906
2023-11-30,ONTO,Technology,0.08432025993073866,0.050064060574282546
2023-11-30,QRVO,Technology,0.1669430115062338,0.024853161488269306
2023-11-30,STX,Technology,0.08834704859132136,0.008695210335577052
2023-11-30,SWKS,Technology,0.15980611016632373,0.022187203185639916
2023-11-30,TER,Technology,0.1766235173094004,0.03191723523068686
2023-11-30,VRSN,Technology,-0.029406212271200993,-0.0042077330703193805
2023-11-30,WDC,Technology,0.08404051252012201,0.026811495147768483
2023-11-30,AXP,Financials,0.09703103345676545,0.008945430209246284
2023-11-30,BAC,Financials,0.10429659514827483,0.02426061512215373
2023-11-30,BK,Financials,0.07719379694228423,0.007141408533392136
2023-11-30,BLK,Financials,0.08783870357052104,0.009821081216184548
2023-11-30,C,Financials,0.11583510326019142,0.011482432911762805
2023-11-30,CFG,Financials,0.21525480139513165,0.04365721221984813
2023-11-30,CME,Financials,-0.006272245095297335,-0.0027312012219854534
2023-11-30,COF,Financials,0.1742789120103756,0.006690736028960687
2023-11-30,FITB,Financials,0.20337422909706415,0.03635177485061673
2023-11-30,GS,Financials,0.12950173155255817,0.008791644418933545
2023-11-30,HBAN,Financials,0.14310552461166637,0.03437470594583339
2023-11-30,ICE,Financials,0.1321946123216391,0.0015551233120993622
2023-11-30,JPM,Financials,0.0898259136838011,0.006435543969589556
2023-11-30,KEY,Financials,0.1622276594145473,0.056941224626115464
2023-11-30,MCO,Financials,0.0701449252172397,0.008210403315938855
2023-11-30,MS,Financials,0.17532165221778273,0.01864831801492349
2023-11-30,MTB,Financials,0.06951708781785992,0.034115606299029586
2023-11-30,PNC,Financials,0.15594199474349324,0.025238687274143936
2023-11-30,RF,Financials,0.17840960248308857,0.03281812564008602
2023-11-30,SCHW,Financials,0.12198312628853314,0.04242422732024598
2023-11-30,SPGI,Financials,0.059375101752943804,0.012463633533363997
2023-11-30,STT,Financials,0.07316109493196543,0.02352572252452749
2023-11-30,TFC,Financials,0.14872421638468603,0.03331744619697743
2023-11-30,USB,Financials,0.1481660853739637,0.029702308925968077
2023-11-30,WFC,Financials,0.10383505331614629,0.01641312114458786
2023-11-30,AFL,Financials,-0.0025391119275235408,0.0030314215217270655
2023-11-30,AJG,Financials,-0.0968674433494594,-0.0037759008319434954
2023-11-30,ALL,Financials,0.015304439935286851,-0.003379185524919188
2023-11-30,AMTD,Financials,0.0,0.049292840051510675
2023-11-30,AON,Financials,-0.11406730961314537,8.157832836088244e-05
2023-11-30,CB,Financials,-0.011189187048060267,-0.0009997192906426242
2023-11-30,FDS,Financials,0.05202234681016571,0.003759800051443059
2023-11-30,FNF,Financials,0.1493163175811989,0.011061626579312846
2023-11-30,GL,Financials,-0.01145130437442643,-0.005354412437830209
2023-11-30,HIG,Financials,0.028403343386737223,-0.006814093390585287
2023-11-30,IBKR,Financials,0.0650052516353612,0.016177237054919226
2023-11-30,LPLA,Financials,0.0239316126833633,0.023231048755923123
2023-11-30,MET,Financials,0.03928953087280318,0.02234869894486409
2023-11-30,MSCI,Financials,0.0860133052231693,0.01427848027027401
2023-11-30,NDAQ,Financials,0.045307414334794904,0.013120942105672422
2023-11-30,PGR,Financials,-0.028958162011281097,-0.013749779587631218
2023-11-30,PRU,Financials,0.06064634643885314,0.01530704642866691
2023-11-30,RJF,Financials,0.06463964351506801,0.02054080634382764
2023-11-30,SEIC,Financials,0.09094781797024121,0.009549686473737853
2023-11-30,SF,Financials,0.13323488385563031,0.011704566198960448
2023-11-30,SYF,Financials,0.18016060857373484,0.02944611748046416
2023-11-30,TRV,Financials,0.06043566035578629,-0.006302800005831347
2023-11-30,UNM,Financials,0.051627852031319144,0.007870477680387261
2023-11-30,WTW,Financials,-0.017256779763959895,-0.017195443064541304
2023-11-30,ABBV,Healthcare,0.08834930843127387,0.0029328766463490846
2023-11-30,ABT,Healthcare,0.05542230708567453,-0.0005494344431660782
2023-11-30,AMGN,Healthcare,0.06816498397725379,0.007783968134563503
2023-11-30,BAX,Healthcare,0.07150754261056402,0.03277963022149139
2023-11-30,BIIB,Healthcare,0.10547670450052782,0.008846637582118889
2023-11-30,BMY,Healthcare,0.039084607346421496,0.020871975046779886
2023-11-30,BSX,Healthcare,0.03435322964054621,-0.007489940733599699
2023-11-30,CI,Healthcare,0.14446740482128995,0.010767206152492654
2023-11-30,CVS,Healthcare,0.1620310507744085,0.02717163621511253
2023-11-30,DHR,Healthcare,0.037027910763642646,0.01318644820153391
2023-11-30,EW,Healthcare,0.12612614135281763,0.014798567278005954
2023-11-30,GILD,Healthcare,0.06720482990711285,-0.004453585879176554
2023-11-30,HUM,Healthcare,-0.05393455698108851,-0.006037466459011161
2023-11-30,ISRG,Healthcare,0.08531717065407496,0.019774076822680675
2023-11-30,JNJ,Healthcare,0.013448829875133628,0.005499382803068399
2023-11-30,LLY,Healthcare,-0.013738471643541916,0.025874424982659735
2023-11-30,MDT,Healthcare,0.047938451704526264,0.009403624155697978
2023-11-30,MRK,Healthcare,0.07152038892520407,-0.003843688169871972
2023-11-30,PFE,Healthcare,-0.0551361881315362,0.026655993697941645
2023-11-30,REGN,Healthcare,0.06613170652860867,0.000496931243963987
2023-11-30,SYK,Healthcare,0.01327348698489561,-0.004882076572097254
2023-11-30,TMO,Healthcare,0.0713822983753305,0.013136609298272496
2023-11-30,UNH,Healthcare,-0.04467479944878039,-0.004973924151834598
2023-11-30,VRTX,Healthcare,0.14678283432879646,-0.0008140295051246513
2023-11-30,ZBH,Healthcare,0.04842879104368514,0.012683726397053634
2023-11-30,A,Healthcare,0.08971163002127591,0.020374449274533905
2023-11-30,ACAD,Healthcare,0.4052961625225353,0.029667499702609384
2023-11-30,ALGN,Healthcare,0.28157154391465866,0.0517999712455373
2023-11-30,ALKS,Healthcare,0.14913009413800804,0.014423027112156591
2023-11-30,BDX,Healthcare,0.03660874101215361,0.0026394604242159763
2023-11-30,DGX,Healthcare,0.0047367150765347255,-0.003383050135730783
2023-11-30,DXCM,Healthcare,0.0741862876026893,0.00798776505681296
2023-11-30,FOLD,Healthcare,0.2876587106116082,0.015414139456223505
2023-11-30,HOLX,Healthcare,0.0021037011229227964,0.006930837327764335
2023-11-30,IDXX,Healthcare,0.19155463283191354,0.01701097864755164
2023-11-30,INSP,Healthcare,0.3999724457620448,0.039360060817345416
2023-11-30,IQV,Healthcare,0.08070994061972203,0.021600501847476257
2023-11-30,MASI,Healthcare,0.2501066170430548,0.03160357449820417
2023-11-30,MTD,Healthcare,0.11084034807471488,0.019199889140732264
2023-11-30,NBIX,Healthcare,0.1301140633453748,0.012082279916908072
2023-11-30,NTRA,Healthcare,0.11957101940095693,0.031027951578367866
2023-11-30,NVCR,Healthcare,0.21678889553170566,0.0650098232438861
2023-11-30,PODD,Healthcare,0.14749590105132238,0.03547835452358086
2023-11-30,RARE,Healthcare,0.230888071377358,0.0097035815742678
2023-11-30,RMD,Healthcare,0.09059790390458766,0.021606529381479007
2023-11-30,WAT,Healthcare,0.17326548652162876,0.024152623451036102
2023-11-30,AMZN,Consumer,0.04004385139407618,0.013566600461098947
2023-11-30,AZO,Consumer,-0.00931819047090754,-0.0027485767686513257
2023-11-30,BKNG,Consumer,0.1348560773034715,0.01357489542485336
2023-11-30,CMG,Consumer,0.03846526265246242,0.00034569855662890114
2023-11-30,COST,Consumer,0.1389319719777269,0.003974103629359823
2023-11-30,DG,Consumer,0.03683632079457766,0.016810187583689497
2023-11-30,DLTR,Consumer,0.1493648940922223,0.01446885274691843
2023-11-30,DRI,Consumer,0.05004156746757116,0.0018696779914538185
2023-11-30,EBAY,Consumer,0.06364294358949896,0.01658738277013856
2023-11-30,HD,Consumer,0.10545788659241118,0.007845280726872976
2023-11-30,HLT,Consumer,0.08697471267863044,-0.0028801865049350693
2023-11-30,KR,Consumer,0.032527787667503416,-0.0030639732667287235
2023-11-30,LOW,Consumer,0.11929774389150594,0.011612729425332965
2023-11-30,LULU,Consumer,0.14433756157987077,-0.00747388057034757
2023-11-30,MAR,Consumer,0.11253076518252825,0.012621431489818188
2023-11-30,MCD,Consumer,0.05205073293652229,-0.0051865567543631155
2023-11-30,MGM,Consumer,0.1328600877515811,0.01961263951526626
2023-11-30,NKE,Consumer,-0.012101979964209697,0.00029411290881023455
2023-11-30,ORLY,Consumer,-0.03287925316457618,-0.013376141283999415
2023-11-30,ROST,Consumer,0.06413362777278131,-0.0012198571003966437
2023-11-30,SBUX,Consumer,-0.0331319464722275,0.002558539573873206
2023-11-30,TGT,Consumer,0.0643448958494266,0.019641663879905732
2023-11-30,TJX,Consumer,0.06469174679490042,0.0050169372246532725
2023-11-30,WMT,Consumer,0.016349802275260172,-0.0055355427973867895
2023-11-30,YUM,Consumer,0.04070070834228767,-0.0003288583079101813
2023-11-30,BBY,Consumer,0.11736110773479314,0.018011537411821057
2023-11-30,CCL,Consumer,0.23107579960778413,0.08700708226968931
2023-11-30,CHDN,Consumer,0.16550043890292176,0.011206990204363644
2023-11-30,CMCSA,Consumer,0.046789406106412246,0.008478199990673398
2023-11-30,CZR,Consumer,0.0483005319421177,0.04106325641869285
2023-11-30,DIS,Consumer,-0.022718060838568088,0.01758049421269306
2023-11-30,DKNG,Consumer,-0.07819041702998897,0.03926191184083776
2023-11-30,F,Consumer,0.18810903676060087,0.04212289981028165
2023-11-30,FOX,Consumer,-0.0003615206920909442,0.007504801871426088
2023-11-30,GM,Consumer,0.13670891001416563,0.03477589430732644
2023-11-30,GRMN,Consumer,0.05762240155026155,-0.0029959404629858223
2023-11-30,H,Consumer,0.13637134279146745,0.0057827389184881735
2023-11-30,IHG,Consumer,0.1607892893750309,0.004064837942059772
2023-11-30,LVS,Consumer,0.06699928071225991,0.009409173645856587
2023-11-30,NCLH,Consumer,0.31237723082964797,0.0675792242702049
2023-11-30,NFLX,Consumer,0.027238018939319764,0.00034291750410353483
2023-11-30,PENN,Consumer,0.05944629574792493,0.034742374706435535
2023-11-30,POOL,Consumer,0.14796157365516538,0.025272049374762514
2023-11-30,RCL,Consumer,0.20500667651287374,0.04729937375011349
2023-11-30,SIRI,Consumer,0.1688034362166655,0.0681301693874152
2023-11-30,TSLA,Consumer,0.03498831153123483,0.0756387468895712
2023-11-30,WBD,Consumer,0.08899524613878262,0.03912005599181239
2023-11-30,WYNN,Consumer,0.07924665973680267,0.009991431065591937
2023-11-30,APA,Energy,-0.0033332223119254545,0.021701629121687098
2023-11-30,BA,Energy,0.1253291808804471,0.012388105772665813
2023-11-30,CAT,Energy,0.17928348131029792,0.03005756435633726
2023-11-30,COP,Energy,0.004326370958554815,0.009565339081852978
2023-11-30,CVX,Energy,0.038718787010191935,0.01175628326989707
2023-11-30,DE,Energy,0.10133870328531658,0.01317203376877246
2023-11-30,DVN,Energy,0.025189785326542813,0.02979253144184059
2023-11-30,EOG,Energy,-0.004624170915244252,0.008112534748969233
2023-11-30,FDX,Energy,-0.018017040189129974,0.008773734129042813
2023-11-30,GD,Energy,0.05142323375736835,-0.015012359949122648
2023-11-30,GE,Energy,0.04852341403198568,-0.004759522368219329
2023-11-30,HAL,Energy,-0.01944614999772598,0.01496249688487434
2023-11-30,HON,Energy,0.0703858131837265,0.0013073411771254255
2023-11-30,LMT,Energy,0.01221607241875522,-0.018566246541038594
2023-11-30,MMM,Energy,0.10346204798883618,0.013944302627092156
2023-11-30,MPC,Energy,-0.00556351197282956,0.01392055098635646
2023-11-30,NOC,Energy,-0.014773961488587228,-0.010981596863149212
2023-11-30,OXY,Energy,0.01269475650891927,0.013489767804956585
2023-11-30,PSX,Energy,0.03297409530394302,0.015623902274588174
2023-11-30,RTX,Energy,0.03264594124592479,-0.006358446075497615
2023-11-30,SLB,Energy,0.004828081296889719,0.015098933216621922
2023-11-30,UNP,Energy,0.09645438055831423,0.008588794690485192
2023-11-30,UPS,Energy,0.03706871302074477,0.013082828116457496
2023-11-30,VLO,Energy,0.03701338999725445,0.025193084807997243
2023-11-30,XOM,Energy,-0.02686378126284017,0.0019374276118349527
2023-11-30,AME,Energy,0.06392986468305839,0.007643033426289024
2023-11-30,BE,Energy,0.02493079091502337,0.051384668961726485
2023-11-30,BKR,Energy,0.012740541981818954,0.011925840594576659
2023-11-30,CTRA,Energy,-0.02780955287893372,0.004494991920220334
2023-11-30,EMR,Energy,0.09482577541685155,0.014207173979471025
2023-11-30,ENPH,Energy,0.30805784775996603,0.06455091732650427
2023-11-30,ETN,Energy,0.057666045981269454,0.01647612231341461
2023-11-30,FSLR,Energy,0.0919001147939078,0.035693236429758496
2023-11-30,FTV,Energy,0.06741075729035906,0.021089860688373457
2023-11-30,GNRC,Energy,0.10395494857832377,0.05836911849315807
2023-11-30,HUBB,Energy,0.09643340694318603,0.02156004197422762
2023-11-30,MTDR,Energy,-0.017622489023584764,0.02866755523537786
2023-11-30,PH,Energy,0.06353013926303297,0.017500814851284182
2023-11-30,PLUG,Energy,0.11386139665604955,0.0687548749629589
2023-11-30,PR,Energy,0.03500752619445335,0.023937449845681434
2023-11-30,ROK,Energy,0.12721451713494614,0.01832938379696422
2023-11-30,ROP,Energy,0.012856709490092877,-0.007086974667602879
2023-11-30,SM,Energy,0.03391199360872377,0.04365526127897834
2023-11-30,VRSK,Energy,-0.00928232292759601,0.011777035754331002
2023-11-30,WMB,Energy,-0.0412915522856222,0.005488160117191084
2023-11-30,XYL,Energy,0.08779617748600743,0.002243113074979722
2023-12-31,AAPL,Technology,-0.0422272252814021,-0.0028546839208880535
2023-12-31,ADBE,Technology,0.03550126479662685,0.017093743047060083
2023-12-31,AMAT,Technology,0.013759401800516935,-0.0009068734217306668
2023-12-31,AMD,Technology,0.13757545807937377,-0.005236048738233485
2023-12-31,AVGO,Technology,0.05711073206152251,0.0021073039630301327
2023-12-31,CDNS,Technology,0.05907404129066385,-0.004463198545111305
2023-12-31,CRM,Technology,0.06821464215070017,-0.00837584900076745
2023-12-31,CRWD,Technology,0.14562114839895068,0.007345579614574592
2023-12-31,FTNT,Technology,0.10182810881213977,0.031208697463778433
2023-12-31,GOOGL,Technology,0.002935125466976718,0.005428564085512681
2023-12-31,INTC,Technology,-0.14268646575293564,0.011677530836074953
2023-12-31,INTU,Technology,0.01160086374716407,0.006343282515401777
2023-12-31,KLAC,Technology,0.021916377093094574,0.00012627096454730785
2023-12-31,LRCX,Technology,0.05350710957956517,-0.0019445294194987209
2023-12-31,META,Technology,0.10221501965980928,-0.00245447851795233
2023-12-31,MSFT,Technology,0.057281145441291814,-0.002767456208631589
2023-12-31,MU,Technology,0.0048046072035135,0.0025046968001869313
2023-12-31,NET,Technology,-0.05056448446379125,-0.010543384749626825
2023-12-31,NOW,Technology,0.08338403469679512,0.0033864980402518
2023-12-31,NVDA,Technology,0.2424174876377423,0.01149787075377887
2023-12-31,ORCL,Technology,0.06357591484069691,0.0011932158803083133
2023-12-31,PANW,Technology,0.14795850569844982,0.012087649025735128
2023-12-31,QCOM,Technology,0.02682690450321612,0.001798031660710353
2023-12-31,SNPS,Technology,0.03581209027433285,8.399686770879308e-05
2023-12-31,TXN,Technology,-0.053246947455213633,0.004459303892835425
2023-12-31,ACN,Technology,0.04074784848084412,-0.00579186160350998
2023-12-31,ADI,Technology,-0.031224865778826216,-0.0030048426720884897
2023-12-31,ANET,Technology,0.09838222881990166,0.008329054652247704
2023-12-31,CGNX,Technology,-0.13416393925810388,0.02056580972987544
2023-12-31,COHU,Technology,-0.09974565810050273,0.015564976459367011
2023-12-31,CSCO,Technology,0.0009989489895756432,0.014872788221579968
2023-12-31,DELL,Technology,0.08823883849450409,0.027126730577819405
2023-12-31,ENTG,Technology,-0.01689384900117874,0.0016117379755046582
2023-12-31,FORM,Technology,-0.07048666246083557,-0.0018869366569552216
2023-12-31,HPQ,Technology,-0.045862507055901336,0.0058103144676018605
2023-12-31,IBM,Technology,0.12295939591187532,0.00168317647756459
2023-12-31,IPGP,Technology,-0.09812052179884734,0.023164965353076966
2023-12-31,KEYS,Technology,-0.03664593604410149,0.015328808431634904
2023-12-31,MCHP,Technology,-0.05544468195306851,0.006483632950325726
2023-12-31,MKSI,Technology,0.034801286101865614,0.009955849092129083
2023-12-31,MPWR,Technology,-0.04448477934441897,0.0016679167003223402
2023-12-31,MRVL,Technology,0.12372128701301044,0.015242661798568936
2023-12-31,NXPI,Technology,-0.08320273813334178,0.006407960159187327
2023-12-31,ONTO,Technology,0.05624595452461545,0.0004653334810632223
2023-12-31,QRVO,Technology,-0.11428827525820096,0.00854223307102867
2023-12-31,STX,Technology,0.003631455885043877,0.005458814034307789
2023-12-31,SWKS,Technology,-0.07080601729900582,0.0089856433791579
2023-12-31,TER,Technology,-0.10993364293297203,0.011410738801305585
2023-12-31,VRSN,Technology,-0.03437560992953659,-0.008836671687278828
2023-12-31,WDC,Technology,0.09318312433907949,0.008692011121441318
2023-12-31,AXP,Financials,0.07498947112374021,-0.0017881189283452809
2023-12-31,BAC,Financials,0.010097935805548408,0.01448202550934898
2023-12-31,BK,Financials,0.07376751285285832,0.005260103588338935
2023-12-31,BLK,Financials,-0.046181431447661514,-0.00912151618995784
2023-12-31,C,Financials,0.09195181075218906,0.0006525188133356848
2023-12-31,CFG,Financials,-0.001030421671481374,0.03854886049491536
2023-12-31,CME,Financials,-0.022602162395939818,0.0018567549169920157
2023-12-31,COF,Financials,0.0320317634044629,0.005314523210256539
2023-12-31,FITB,Financials,-0.007248542477884867,0.025671858508931646
2023-12-31,GS,Financials,-0.004562167858787269,0.001360720890143375
2023-12-31,HBAN,Financials,0.0007860417668890118,0.023561311479353177
2023-12-31,ICE,Financials,-0.008565050746455194,-0.0025059662305411956
2023-12-31,JPM,Financials,0.031364783912212646,-0.00302114999446932
2023-12-31,KEY,Financials,0.009027698210111401,0.04990414838947601
2023-12-31,MCO,Financials,0.0037892751360990573,-0.006868834445625811
2023-12-31,MS,Financials,-0.055285890304511476,0.01082532815236744
2023-12-31,MTB,Financials,0.007441101789050331,0.02234354089433903
2023-12-31,PNC,Financials,-0.013482480591006207,0.018022771452839908
2023-12-31,RF,Financials,-0.03663570842595143,0.020991073807758623
2023-12-31,SCHW,Financials,-0.0854653484630038,0.031181868055443082
2023-12-31,SPGI,Financials,0.017774566321180574,-0.009410581460921809
2023-12-31,STT,Financials,-0.04634631127043842,0.020773728499184078
2023-12-31,TFC,Financials,0.003792010277475777,0.035563735138260555
2023-12-31,USB,Financials,-0.04020333535352161,0.028054323803237684
2023-12-31,WFC,Financials,0.019504110036153044,0.007245538668467047
2023-12-31,AFL,Financials,0.02230316971554336,0.00412400210842177
2023-12-31,AJG,Financials,0.032372724860999735,0.004816605365672761
2023-12-31,ALL,Financials,0.10908709374830705,0.005469686820970715
2023-12-31,AMTD,Financials,-0.06666667108182567,0.052080214127966616
2023-12-31,AON,Financials,0.027577044817590934,-0.0037513669611736536
2023-12-31,CB,Financials,0.08407088722579115,0.0010600380032568073
2023-12-31,FDS,Financials,-0.002368855463114272,0.005695228788150113
2023-12-31,FNF,Financials,-0.01940408123177606,0.008677976296896282
2023-12-31,GL,Financials,0.01090637560275698,-0.002303717581373377
2023-12-31,HIG,Financials,0.08186106043116337,-0.005184792102695936
2023-12-31,IBKR,Financials,0.07056689394809146,0.017353394003101107
2023-12-31,LPLA,Financials,0.050830346449241226,0.020876947243310972
2023-12-31,MET,Financials,0.04823819631011661,0.027822912963660566
2023-12-31,MSCI,Financials,0.05828696294882363,0.005631948518225681
2023-12-31,NDAQ,Financials,-0.0063640639759354745,0.012149506985990006
2023-12-31,PGR,Financials,0.12472589268853151,0.006980338557606297
2023-12-31,PRU,Financials,0.011763545601016778,0.011836805680449217
2023-12-31,RJF,Financials,-0.011838623484415889,0.011839945096980362
2023-12-31,SEIC,Financials,-0.0048779734409344355,-0.00047490126626545046
2023-12-31,SF,Financials,0.05495310953680477,0.006198449666362045
2023-12-31,SYF,Financials,0.01780569001862564,0.007816034361237165
2023-12-31,TRV,Financials,0.10955972108422651,-0.0020403022932561597
2023-12-31,UNM,Financials,0.07734672169341894,0.01967012291576059
2023-12-31,WTW,Financials,0.021144305280822007,0.0005376999640731746
2023-12-31,ABBV,Healthcare,0.07098591694464118,0.005597876690589925
2023-12-31,ABT,Healthcare,0.03294831858582459,-0.0003313195609972487
2023-12-31,AMGN,Healthcare,0.09110478228578578,0.010206368605297968
2023-12-31,BAX,Healthcare,0.0007760838364951894,0.02982655893196809
2023-12-31,BIIB,Healthcare,-0.046798260485000354,0.011723918543081063
2023-12-31,BMY,Healthcare,-0.03650060030298019,0.022933812223929765
2023-12-31,BSX,Healthcare,0.09427429196983472,-0.014821830620771588
2023-12-31,CI,Healthcare,0.005009314934061981,0.032578167267370305
2023-12-31,CVS,Healthcare,-0.04957572470576177,0.03746745761748796
2023-12-31,DHR,Healthcare,0.03704502594116432,0.00170378465964275
2023-12-31,EW,Healthcare,0.02911477010758201,0.013293938107664102
2023-12-31,GILD,Healthcare,-0.03394650332582039,0.004537302537292285
2023-12-31,HUM,Healthcare,-0.17419897636665194,0.008751744703150656
2023-12-31,ISRG,Healthcare,0.12111696005251016,0.00464123359815531
2023-12-31,JNJ,Healthcare,0.013780761501692496,0.0033928894692258783
2023-12-31,LLY,Healthcare,0.1075449913896962,0.01568852638227947
2023-12-31,MDT,Healthcare,0.06263665447533451,-0.0020669766718684514
2023-12-31,MRK,Healthcare,0.10787013195277373,0.0011038594970217697
2023-12-31,PFE,Healthcare,-0.045241149721260254,0.028692504455501863
2023-12-31,REGN,Healthcare,0.07342684960779988,-0.0030076331574140497
2023-12-31,SYK,Healthcare,0.1202831622244982,-0.008696591590329952
2023-12-31,TMO,Healthcare,0.015429532042093408,0.007826694194524688
2023-12-31,UNH,Healthcare,-0.02797886525202975,-0.004511675566957446
2023-12-31,VRTX,Healthcare,0.0651035643065927,0.011315328149926862
2023-12-31,ZBH,Healthcare,0.03204598048811658,0.004487148191404595
2023-12-31,A,Healthcare,-0.06423065057359945,0.007834743809352425
2023-12-31,ACAD,Healthcare,-0.17246885054738348,0.032905388379630286
2023-12-31,ALGN,Healthcare,-0.024379535313070244,0.035043342444013
2023-12-31,ALKS,Healthcare,-0.02487384786412361,0.013944752589939078
2023-12-31,BDX,Healthcare,-0.020587809099915533,0.016322368099038448
2023-12-31,DGX,Healthcare,-0.06362437445734781,0.004195391012915229
2023-12-31,DXCM,Healthcare,-0.0220807312807767,0.004906998133497631
2023-12-31,FOLD,Healthcare,-0.12403096034200012,0.013749590100925259
2023-12-31,HOLX,Healthcare,0.041847524434885486,-0.0020826284049651686
2023-12-31,IDXX,Healthcare,-0.07201147929406604,0.005357038412501762
2023-12-31,INSP,Healthcare,0.036572790194530524,0.02783871504184496
2023-12-31,IQV,Healthcare,-0.1000519001933563,0.0036091426146228067
2023-12-31,MASI,Healthcare,0.10007681467926499,0.03513909838052642
2023-12-31,MTD,Healthcare,-0.013001269653667102,0.01574392941054624
2023-12-31,NBIX,Healthcare,0.06079242637801885,0.018913586337917218
2023-12-31,NTRA,Healthcare,0.05268204156948242,0.005723635512024894
2023-12-31,NVCR,Healthcare,-0.06764904274862604,0.05981626045256245
2023-12-31,PODD,Healthcare,-0.1203336764884897,0.011089826631626488
2023-12-31,RARE,Healthcare,-0.0775825827718315,0.0014044728099866302
2023-12-31,RMD,Healthcare,0.10568539126251109,0.02159574456536072
2023-12-31,WAT,Healthcare,-0.034990794116057655,0.014285890656956098
2023-12-31,AMZN,Consumer,0.021455801332457725,0.005997147014111652
2023-12-31,AZO,Consumer,0.06827006704681926,-0.0020433179022988496
2023-12-31,BKNG,Consumer,-0.011205924961241398,0.0026306574875759967
2023-12-31,CMG,Consumer,0.053262828311353205,-0.0008637848311204462
2023-12-31,COST,Consumer,0.05272080429968895,0.0017544711580736935
2023-12-31,DG,Consumer,-0.024299442397017534,0.033771611059574796
2023-12-31,DLTR,Consumer,-0.08046467926090528,0.015131908599699484
2023-12-31,DRI,Consumer,-0.0024983567679225382,-0.0016918285275933087
2023-12-31,EBAY,Consumer,-0.05845937200334528,0.01268267772374558
2023-12-31,HD,Consumer,0.018496555510471246,-0.0030180214979151805
2023-12-31,HLT,Consumer,0.048712244970356755,0.0039726861694721755
2023-12-31,KR,Consumer,0.009407022243530072,0.005674351519914864
2023-12-31,LOW,Consumer,-0.0388215700789184,0.005766227339517574
2023-12-31,LULU,Consumer,-0.1124019641695263,0.011681830217448669
2023-12-31,MAR,Consumer,0.06305713279662695,0.005820063079698675
2023-12-31,MCD,Consumer,-0.012782094848565517,-0.008998489204834072
2023-12-31,MGM,Consumer,-0.029319636623620693,0.017538131550012936
2023-12-31,NKE,Consumer,-0.06484303665304714,0.007063353461164018
2023-12-31,ORLY,Consumer,0.07680398500299801,-0.007385962146931331
2023-12-31,ROST,Consumer,0.013657002044065392,-0.004965452049644003
2023-12-31,SBUX,Consumer,-0.0310384688480575,-0.005165069769431645
2023-12-31,TGT,Consumer,-0.023451720007283905,-0.0014139030402141178
2023-12-31,TJX,Consumer,0.01172590898082837,0.005511617272026597
2023-12-31,WMT,Consumer,0.04820796582833342,0.008012723954203797
2023-12-31,YUM,Consumer,-0.008954444716848364,-0.0010298457156455339
2023-12-31,BBY,Consumer,-0.07396529326544543,0.014252093570523924
2023-12-31,CCL,Consumer,-0.10571743798172206,0.04508824248413022
2023-12-31,CHDN,Consumer,-0.10346095118318654,0.008117012978022028
2023-12-31,CMCSA,Consumer,0.06841111195514982,0.008065807660872204
2023-12-31,CZR,Consumer,-0.06420652874681099,0.026276910036603672
2023-12-31,DIS,Consumer,0.06379448425804046,0.012275931954747066
2023-12-31,DKNG,Consumer,0.10780139679604384,0.005954946011817501
2023-12-31,F,Consumer,-0.03855615460743156,0.02635189987886731
2023-12-31,FOX,Consumer,0.08535258948485791,0.009534862023865671
2023-12-31,GM,Consumer,0.08017809046121704,0.0173573009800468
2023-12-31,GRMN,Consumer,-0.07040616419998336,-0.0187032817626048
2023-12-31,H,Consumer,-0.01564278965109167,0.0055991960730796715
2023-12-31,IHG,Consumer,0.04474662584147571,-0.0017200081168698735
2023-12-31,LVS,Consumer,-0.005893120998792467,0.019257834622879222
2023-12-31,NCLH,Consumer,-0.11177652575510633,0.044610180673372454
2023-12-31,NFLX,Consumer,0.15862223990142965,0.00419246622196214
2023-12-31,PENN,Consumer,-0.1333589992181483,0.016118517071621347
2023-12-31,POOL,Consumer,-0.06887213689676597,0.015679414210144623
2023-12-31,RCL,Consumer,-0.015368121766023979,0.012451608460986693
2023-12-31,SIRI,Consumer,-0.06946976206776201,0.06773311876885424
2023-12-31,TSLA,Consumer,-0.24625725810339172,0.0373009574086835
2023-12-31,WBD,Consumer,-0.11950787724083078,0.036290360654560705
2023-12-31,WYNN,Consumer,0.03643961511575311,0.01933729981520606
2023-12-31,APA,Energy,-0.11963800038171613,0.03833482182043168
2023-12-31,BA,Energy,-0.19036296201506397,-0.005169365861084199
2023-12-31,CAT,Energy,0.020398794780918994,0.017541924457951115
2023-12-31,COP,Energy,-0.03618502282655922,0.01280485299641974
2023-12-31,CVX,Energy,-0.01159842311774506,0.012586575495665397
2023-12-31,DE,Energy,-0.015729973023103305,0.019398905439287753
2023-12-31,DVN,Energy,-0.0724060676884557,0.03388836661411185
2023-12-31,EOG,Energy,-0.05176231644053142,0.016915534987925383
2023-12-31,FDX,Energy,-0.04617154387232725,0.0020046624383485354
2023-12-31,GD,Energy,0.025904906003753503,0.002698792337321853
2023-12-31,GE,Energy,0.03753047383322383,-0.004265215783562308
2023-12-31,HAL,Energy,-0.013831395897254573,0.03481567146681466
2023-12-31,HON,Energy,-0.03552521236173689,-0.00016948018695141231
2023-12-31,LMT,Energy,-0.052576891581090135,0.0012751280774209242
2023-12-31,MMM,Energy,-0.13693740769649787,0.018621996364794096
2023-12-31,MPC,Energy,0.1162039867131126,0.02647673852756151
2023-12-31,NOC,Energy,-0.04567007386971356,0.009974476773045922
2023-12-31,OXY,Energy,-0.03583993286425069,0.011753976384893174
2023-12-31,PSX,Energy,0.0838964323689333,0.008024983220156667
2023-12-31,RTX,Energy,0.08295714138699473,0.010080586451576513
2023-12-31,SLB,Energy,-0.06418143509964958,0.03144895645152537
2023-12-31,UNP,Energy,-0.006880618526975302,0.0036540508446756634
2023-12-31,UPS,Energy,-0.09750050130195198,0.008824362067918779
2023-12-31,VLO,Energy,0.07658012463431563,0.02512537099862924
2023-12-31,XOM,Energy,0.02830553676976577,0.008095720570540092
2023-12-31,AME,Energy,-0.01722364065785409,-0.0042614429521390905
2023-12-31,BE,Energy,-0.23513516561230885,0.035434849013037686
2023-12-31,BKR,Energy,-0.16617893538459438,0.019349775995153497
2023-12-31,CTRA,Energy,-0.02507839135647494,0.018230106037596623
2023-12-31,EMR,Energy,-0.057536272511167774,0.0158652202481885
2023-12-31,ENPH,Energy,-0.21197216789471784,0.038648835197842984
2023-12-31,ETN,Energy,0.021841938881935974,0.007121922134244129
2023-12-31,FSLR,Energy,-0.15080099786175016,0.014830979039080386
2023-12-31,FTV,Energy,0.061795385098018185,0.008672462816762143
2023-12-31,GNRC,Energy,-0.120473589155351,0.015147703752119575
2023-12-31,HUBB,Energy,0.020186531183704837,0.005018315099535195
2023-12-31,MTDR,Energy,-0.034646534732065026,0.042936954700900226
2023-12-31,PH,Energy,0.008248354424633897,-0.004362636190777723
2023-12-31,PLUG,Energy,-0.011111153496636272,0.06384070280470444
2023-12-31,PR,Energy,-0.00882367697994857,0.045380414504146024
2023-12-31,ROK,Energy,-0.1842308426386795,0.015588386688081613
2023-12-31,ROP,Energy,-0.01357188992552849,-0.006024720132012117
2023-12-31,SM,Energy,-0.03749828814384226,0.04963407824912713
2023-12-31,VRSK,Energy,0.011178103915177484,-0.0041444683653994625
2023-12-31,WMB,Energy,-0.0048808480789530595,0.006147368811779427
2023-12-31,XYL,Energy,-0.01678916571389122,0.0013649392537570526
2024-01-31,AAPL,Technology,-0.0185430729349777,0.07194587168176247
2024-01-31,ADBE,Technology,-0.09307520035156125,0.08635423646721643
2024-01-31,AMAT,Technology,0.22922498383825185,0.0703293026575063
2024-01-31,AMD,Technology,0.14813045486459542,0.06312323773731078
2024-01-31,AVGO,Technology,0.10211022452574814,0.06231486951989394
2024-01-31,CDNS,Technology,0.05518967586260093,0.0743681212372907
2024-01-31,CRM,Technology,0.09865189517271533,0.08217255381835774
2024-01-31,CRWD,Technology,0.10820510733840805,0.0978001538071425
2024-01-31,FTNT,Technology,0.07163905876290233,0.06108298645798575
2024-01-31,GOOGL,Technology,-0.011705923242403937,0.072446776345717
2024-01-31,INTC,Technology,0.0022326083577801636,0.0867423247241534
2024-01-31,INTU,Technology,0.04998972973233151,0.08487977627658018
2024-01-31,KLAC,Technology,0.1511286621931507,0.07558993959937535
2024-01-31,LRCX,Technology,0.13703846967219535,0.0761960446555306
2024-01-31,META,Technology,0.2576255269592984,0.06319141460546532
2024-01-31,MSFT,Technology,0.04231835331155409,0.0766891848686323
2024-01-31,MU,Technology,0.05667621552425062,0.0728590861247833
2024-01-31,NET,Technology,0.246552778132197,0.08545932329133384
2024-01-31,NOW,Technology,0.0077606710597650785,0.08124793867945274
2024-01-31,NVDA,Technology,0.2858094081170013,0.0633944368753008
2024-01-31,ORCL,Technology,-0.00017901754777871481,0.0747415906545852
2024-01-31,PANW,Technology,-0.08259732700966504,0.07542819289194336
2024-01-31,QCOM,Technology,0.06788410952996982,0.08559730020910768
2024-01-31,SNPS,Technology,0.07571014667892517,0.08132245213712304
2024-01-31,TXN,Technology,0.04502884600128998,0.06833312498857547
2024-01-31,ACN,Technology,0.029954852165485102,0.07666812015122534
2024-01-31,ADI,Technology,-0.0028071800372458933,0.07248008312071652
2024-01-31,ANET,Technology,0.07290867636902632,0.08224087274068367
2024-01-31,CGNX,Technology,0.09371064478721003,0.0563856610102241
2024-01-31,COHU,Technology,0.008474590476810873,0.06491897927316166
2024-01-31,CSCO,Technology,-0.036070351059144024,0.07114916657908864
2024-01-31,DELL,Technology,0.14213344895852376,0.0857721985542294
2024-01-31,ENTG,Technology,0.1415464805163673,0.07029791914278731
2024-01-31,FORM,Technology,0.10987872765629914,0.07422926006122733
2024-01-31,HPQ,Technology,-0.013235849648619569,0.0744709468102935
2024-01-31,IBM,Technology,0.016644238461789973,0.08522190688542979
2024-01-31,IPGP,Technology,-0.11788743474798369,0.06702903665062954
2024-01-31,KEYS,Technology,0.00678591010177465,0.07005376988512647
2024-01-31,MCHP,Technology,-0.006855975748494725,0.07500240678728004
2024-01-31,MKSI,Technology,0.1552740166783415,0.06196656460370091
2024-01-31,MPWR,Technology,0.19465107561236228,0.07247525834087097
2024-01-31,MRVL,Technology,0.05849350464265313,0.07315831537582809
2024-01-31,NXPI,Technology,0.1859712868713721,0.07472110293957963
2024-01-31,ONTO,Technology,0.14030962019881965,0.07549320281547456
2024-01-31,QRVO,Technology,0.14848611896118769,0.07546393023183308
2024-01-31,STX,Technology,0.08601765094349512,0.08702181918744852
2024-01-31,SWKS,Technology,0.010914999746475917,0.07198049641750542
2024-01-31,TER,Technology,0.07373986056695725,0.06449353037721033
2024-01-31,VRSN,Technology,-0.018051171656795595,0.07262923907115318
2024-01-31,WDC,Technology,0.03877727132801723,0.08812715015329282
2024-01-31,AXP,Financials,0.09305567730375852,0.07776933282161512
2024-01-31,BAC,Financials,0.022145530442752026,0.07913608112936585
2024-01-31,BK,Financials,0.011359730120526601,0.08357189978295324
2024-01-31,BLK,Financials,0.04782334595958759,0.08172100683784257
2024-01-31,C,Financials,-0.0026772636501039004,0.0807468455594973
2024-01-31,CFG,Financials,-0.04006110903771343,0.08451345934980986
2024-01-31,CME,Financials,0.07049165437797877,0.07929408553419542
2024-01-31,COF,Financials,0.02144991832048415,0.07824842663288295
2024-01-31,FITB,Financials,0.0029204298184040134,0.08060841500699034
2024-01-31,GS,Financials,0.02030410401231908,0.07588537011702577
2024-01-31,HBAN,Financials,0.024352100897242712,0.0802740657153751
2024-01-31,ICE,Financials,0.08709660107642803,0.07279116165975116
2024-01-31,JPM,Financials,0.06710252629765812,0.07997232607236147
2024-01-31,KEY,Financials,-0.0035694353435118398,0.10385508665490611
2024-01-31,MCO,Financials,-0.02999692972638912,0.07905208843820109
2024-01-31,MS,Financials,-0.013755032442698267,0.07132871561776524
2024-01-31,MTB,Financials,0.011875414470316814,0.08108266418417194
2024-01-31,PNC,Financials,-0.02651936986008263,0.08401176932715752
2024-01-31,RF,Financials,0.01092257284418241,0.07217127029790223
2024-01-31,SCHW,Financials,0.06561517546759377,0.08394353669904761
2024-01-31,SPGI,Financials,-0.042553251911364165,0.07965741638620492
2024-01-31,STT,Financials,-0.0018953975600539685,0.08082760583196591
2024-01-31,TFC,Financials,-0.04229549582090264,0.08361732152913189
2024-01-31,USB,Financials,0.010110682863084364,0.08859511130845572
2024-01-31,WFC,Financials,0.11559304283230887,0.07646819473316237
2024-01-31,AFL,Financials,-0.03661631457801584,0.08561605280173565
2024-01-31,AJG,Financials,0.053272202375728606,0.08172111281988023
2024-01-31,ALL,Financials,0.027503800277780543,0.08956835107437645
2024-01-31,AMTD,Financials,0.011904821881092875,0.051342768282486115
2024-01-31,AON,Financials,0.0588411634660837,0.0778116440542655
2024-01-31,CB,Financials,0.02722455235249721,0.0872001036184568
2024-01-31,FDS,Financials,-0.02596159408648524,0.07704158904115396
2024-01-31,FNF,Financials,0.010993494594578657,0.08958766161705391
2024-01-31,GL,Financials,0.03346355727148165,0.08315227055758079
2024-01-31,HIG,Financials,0.10211598022036528,0.08008240720871311
2024-01-31,IBKR,Financials,0.22614327016501012,0.07036764775208654
2024-01-31,LPLA,Financials,0.11998833018520427,0.07602870469122194
2024-01-31,MET,Financials,0.014054542832752315,0.09032538276019929
2024-01-31,MSCI,Financials,-0.0602697716472258,0.08268675653511758
2024-01-31,NDAQ,Financials,-0.02717655638715688,0.08038334159548505
2024-01-31,PGR,Financials,0.0634501247311019,0.08501488468399909
2024-01-31,PRU,Financials,0.05119629200809017,0.08611088650481181
2024-01-31,RJF,Financials,0.09203124003429153,0.07908628388082935
2024-01-31,SEIC,Financials,0.06340927178738576,0.07667973069599927
2024-01-31,SF,Financials,0.04566354459088928,0.078246659509527
2024-01-31,SYF,Financials,0.06944081291559634,0.07506576675661181
2024-01-31,TRV,Financials,0.045420250117058414,0.07837896029347366
2024-01-31,UNM,Financials,0.022962407718561284,0.06438890338073112
2024-01-31,WTW,Financials,0.10682089222537527,0.08057435750892787
2024-01-31,ABBV,Healthcare,0.07086373894002485,0.08080907329618675
2024-01-31,ABT,Healthcare,0.048519718687056734,0.0773541825649108
2024-01-31,AMGN,Healthcare,-0.12183972727059966,0.08537502373093402
2024-01-31,BAX,Healthcare,0.06506950095951036,0.07409557789822258
2024-01-31,BIIB,Healthcare,-0.12028702557545234,0.06704949890664216
2024-01-31,BMY,Healthcare,0.03846948439057196,0.06530471536540484
2024-01-31,BSX,Healthcare,0.04663295670583811,0.07215394093594031
2024-01-31,CI,Healthcare,0.1169296550810881,0.05065635091525045
2024-01-31,CVS,Healthcare,0.0,0.07690199466759971
2024-01-31,DHR,Healthcare,0.05514572387522998,0.08078746577668754
2024-01-31,EW,Healthcare,0.08155984995945631,0.0618226915444865
2024-01-31,GILD,Healthcare,-0.0787120151510351,0.07259511896932984
2024-01-31,HUM,Healthcare,-0.0733745040503766,0.07963369419529202
2024-01-31,ISRG,Healthcare,0.01951246591664524,0.07433417804842475
2024-01-31,JNJ,Healthcare,0.023318660162927385,0.07401723764528907
2024-01-31,LLY,Healthcare,0.1694381547739079,0.08471728308879566
2024-01-31,MDT,Healthcare,-0.047749570780633244,0.0738755318346584
2024-01-31,MRK,Healthcare,0.05274048196136438,0.06866435891223648
2024-01-31,PFE,Healthcare,-0.01920230170398385,0.06937947932107548
2024-01-31,REGN,Healthcare,0.024724731823071222,0.08025131163738958
2024-01-31,SYK,Healthcare,0.040509343025018296,0.07205244330008523
2024-01-31,TMO,Healthcare,0.0578873028497946,0.07397795513706926
2024-01-31,UNH,Healthcare,-0.03544763937578377,0.0844403375399973
2024-01-31,VRTX,Healthcare,-0.029166123277550415,0.055116760526700906
2024-01-31,ZBH,Healthcare,-0.009872645448352757,0.07179690936047818
2024-01-31,A,Healthcare,0.05580294818834619,0.08376271370287043
2024-01-31,ACAD,Healthcare,-0.10304901937545263,0.01722456661191974
2024-01-31,ALGN,Healthcare,0.1313033261328047,0.056610069426935306
2024-01-31,ALKS,Healthcare,0.09759709321470411,0.05568433829475297
2024-01-31,BDX,Healthcare,-0.013651103602372872,0.07244192119550161
2024-01-31,DGX,Healthcare,-0.02756359374593731,0.07723768918957148
2024-01-31,DXCM,Healthcare,-0.051751123677485134,0.07309514149723781
2024-01-31,FOLD,Healthcare,0.03137565406865228,0.07067172385360775
2024-01-31,HOLX,Healthcare,-0.008597519729425018,0.0719600750112466
2024-01-31,IDXX,Healthcare,0.11677790126425047,0.06948072433844062
2024-01-31,INSP,Healthcare,-0.15094609270212056,0.05512924484295219
2024-01-31,IQV,Healthcare,0.18695677247916165,0.0763570961341629
2024-01-31,MASI,Healthcare,-0.0031022890313284757,0.06511090989291718
2024-01-31,MTD,Healthcare,0.04178955031822973,0.06895119013053555
2024-01-31,NBIX,Healthcare,-0.06703877863315444,0.0818287090698323
2024-01-31,NTRA,Healthcare,0.31164687081447773,0.0884629663155597
2024-01-31,NVCR,Healthcare,0.09985634595576998,0.04695618475067358
2024-01-31,PODD,Healthcare,-0.14077642272003132,0.07509163790868333
2024-01-31,RARE,Healthcare,0.17252324881096648,0.06356796137317304
2024-01-31,RMD,Healthcare,-0.08434102433402324,0.07186369498857442
2024-01-31,WAT,Healthcare,0.06203777817117562,0.08095103169026222
2024-01-31,AMZN,Consumer,0.1389175127740745,0.0759979627235684
2024-01-31,AZO,Consumer,0.08829785240598897,0.07680530936497204
2024-01-31,BKNG,Consumer,-0.01101650176351554,0.07915605514704813
2024-01-31,CMG,Consumer,0.11624186824940774,0.0760701234649171
2024-01-31,COST,Consumer,0.0721038744796898,0.07355233514298261
2024-01-31,DG,Consumer,0.10024960642535752,0.07187060210942224
2024-01-31,DLTR,Consumer,0.12295206062582764,0.07561683864527531
2024-01-31,DRI,Consumer,0.050006335176856265,0.0715089950845966
2024-01-31,EBAY,Consumer,0.15120520062306086,0.07460123745059632
2024-01-31,HD,Consumer,0.07833749911803811,0.07787776163881183
2024-01-31,HLT,Consumer,0.0707693299076757,0.07891352255064711
2024-01-31,KR,Consumer,0.0820920917846304,0.07125159706525058
2024-01-31,LOW,Consumer,0.13075535140046046,0.06749853012467588
2024-01-31,LULU,Consumer,0.029240643425823,0.07746031895083592
2024-01-31,MAR,Consumer,0.04453331049246967,0.07708145457677286
2024-01-31,MCD,Consumer,0.004177961237987304,0.07322077164950104
2024-01-31,MGM,Consumer,-0.002075170735633236,0.07353996185262072
2024-01-31,NKE,Consumer,0.023638421250371966,0.07982337612938742
2024-01-31,ORLY,Consumer,0.06291974302501013,0.07434867221476767
2024-01-31,ROST,Consumer,0.06187629838125863,0.08296983265960166
2024-01-31,SBUX,Consumer,0.02623840575155234,0.08058968654971142
2024-01-31,TGT,Consumer,0.10765489808815798,0.08592936059774174
2024-01-31,TJX,Consumer,0.048131516508073346,0.07654820862314574
2024-01-31,WMT,Consumer,0.06402444212146707,0.07110865985750572
2024-01-31,YUM,Consumer,0.07431242274032535,0.0716147548965045
2024-01-31,BBY,Consumer,0.11574008704487926,0.06563460632929127
2024-01-31,CCL,Consumer,-0.043425877107926336,0.07417228192922776
2024-01-31,CHDN,Consumer,0.007439944492981354,0.0685595430252223
2024-01-31,CMCSA,Consumer,-0.07928648428126162,0.07549510748127505
2024-01-31,CZR,Consumer,-0.009117796237075426,0.07218241734576868
2024-01-31,DIS,Consumer,0.16168665562011486,0.08452445062685866
2024-01-31,DKNG,Consumer,0.10934700489600035,0.08251118288189886
2024-01-31,F,Consumer,0.09007392612945475,0.05934949829825145
2024-01-31,FOX,Consumer,-0.08763751684192911,0.06957209092581627
2024-01-31,GM,Consumer,0.05931406138249917,0.06688935235068619
2024-01-31,GRMN,Consumer,0.14946880060455925,0.08263295406570006
2024-01-31,H,Consumer,0.19765199909839914,0.07422134223837713
2024-01-31,IHG,Consumer,0.12492116218175031,0.07808158686171576
2024-01-31,LVS,Consumer,0.1189055107396566,0.07056165928730955
2024-01-31,NCLH,Consumer,0.08932585509764657,0.06487794046028669
2024-01-31,NFLX,Consumer,0.06879864861620777,0.07662702092970677
2024-01-31,PENN,Consumer,-0.1884700728953993,0.08169863124651429
2024-01-31,POOL,Consumer,0.07237700727892005,0.06810444051033035
2024-01-31,RCL,Consumer,-0.03254897646978383,0.06992257986854333
2024-01-31,SIRI,Consumer,-0.12698152869142298,0.08051669464427372
2024-01-31,TSLA,Consumer,0.07790064669600238,0.07130975802077784
2024-01-31,WBD,Consumer,-0.12275453490200383,0.07204689387812391
2024-01-31,WYNN,Consumer,0.1166930501375214,0.06969542106357933
2024-01-31,APA,Energy,-0.04915411864352637,0.08358304352598618
2024-01-31,BA,Energy,-0.03468533120878692,0.08415945281957647
2024-01-31,CAT,Energy,0.11205103012176054,0.07474021038999955
2024-01-31,COP,Energy,0.01316547870636997,0.08235052888695231
2024-01-31,CVX,Energy,0.0423162210070287,0.07160552119907397
2024-01-31,DE,Energy,-0.07248855465141446,0.0706782715831826
2024-01-31,DVN,Energy,0.04854820472961596,0.0764739735545783
2024-01-31,EOG,Energy,0.005888049452380528,0.08211915224818585
2024-01-31,FDX,Energy,0.031829022769688686,0.0770849024522767
2024-01-31,GD,Energy,0.031171117798543868,0.08356936388857018
2024-01-31,GE,Energy,0.184790717517044,0.07208974044993824
2024-01-31,HAL,Energy,-0.01626933536061692,0.08603126863404867
2024-01-31,HON,Energy,-0.01205210919676536,0.07285192877952665
2024-01-31,LMT,Energy,0.004592330824128021,0.07510582697674115
2024-01-31,MMM,Energy,-0.007418120327063016,0.07978742551305276
2024-01-31,MPC,Energy,0.026903147625386703,0.08960969250189915
2024-01-31,NOC,Energy,0.03615808499442208,0.08036238542592158
2024-01-31,OXY,Energy,0.052805350129006445,0.0750416620420792
2024-01-31,PSX,Energy,-0.005337923208611595,0.09277599057898346
2024-01-31,RTX,Energy,-0.009434491891378238,0.07084166134095705
2024-01-31,SLB,Energy,-0.0019442817566019954,0.0760892888270788
2024-01-31,UNP,Energy,0.04537689695838476,0.08012528804733461
2024-01-31,UPS,Energy,0.05653729151945508,0.0714026095416166
2024-01-31,VLO,Energy,0.018430777983343027,0.08163662327618319
2024-01-31,XOM,Energy,0.026080821177828284,0.07487088896043072
2024-01-31,AME,Energy,0.11187914480705419,0.07340254316042391
2024-01-31,BE,Energy,-0.22526495634328236,0.08768116033097313
2024-01-31,BKR,Energy,0.045802952178293,0.07896448862486755
2024-01-31,CTRA,Energy,0.03617356454089293,0.07429420210031906
2024-01-31,EMR,Energy,0.170616320807516,0.07355915035537879
2024-01-31,ENPH,Energy,0.2197253960079355,0.05885315319546887
2024-01-31,ETN,Energy,0.17441520648734077,0.07793309700841757
2024-01-31,FSLR,Energy,0.05187967313442532,0.06746721846666683
2024-01-31,FTV,Energy,0.08993042347805202,0.07267245311688215
2024-01-31,GNRC,Energy,-0.01020494458872745,0.07919140577289803
2024-01-31,HUBB,Energy,0.13817672227043998,0.0674852582790822
2024-01-31,MTDR,Energy,0.15429543989796457,0.0856928791950364
2024-01-31,PH,Energy,0.15607211260533926,0.07882597210884752
2024-01-31,PLUG,Energy,-0.2067415454625139,0.05522337103299721
2024-01-31,PR,Energy,0.15430275232291613,0.0826476840073592
2024-01-31,ROK,Energy,0.13057522519655196,0.06454162270128176
2024-01-31,ROP,Energy,0.014394599129794683,0.07866848427648172
2024-01-31,SM,Energy,0.1804204664219311,0.08405500079050666
2024-01-31,VRSK,Energy,0.0015318418146244017,0.07465217283065834
2024-01-31,WMB,Energy,0.03692999983044376,0.0842523045983388
2024-01-31,XYL,Energy,0.1332316109015983,0.07635821705052206
2024-02-29,AAPL,Technology,-0.05128650724831385,-0.00270673000389339
2024-02-29,ADBE,Technology,-0.09937891818709865,0.007549040567620095
2024-02-29,AMAT,Technology,0.0228649014757083,0.004603954480065004
2024-02-29,AMD,Technology,-0.06253567424541784,0.022753966374071007
2024-02-29,AVGO,Technology,0.023502496915603244,0.014528221681434226
2024-02-29,CDNS,Technology,0.02266901171494795,0.0004162546981327231
2024-02-29,CRM,Technology,-0.023465468497677944,0.011532684224656468
2024-02-29,CRWD,Technology,-0.010982562473009438,0.03544216151478699
2024-02-29,FTNT,Technology,-0.011575792861995504,0.0051064098452961604
2024-02-29,GOOGL,Technology,0.09006201518000756,0.008919326508536577
2024-02-29,INTC,Technology,0.026016233083673512,0.04144789686686586
2024-02-29,INTU,Technology,-0.019445286450439525,0.015588769030895053
2024-02-29,KLAC,Technology,0.023845821013524393,0.011194261220700379
2024-02-29,LRCX,Technology,0.03774173536142822,0.009255869707276876
2024-02-29,META,Technology,-0.009283222861163343,-0.0015698191524399219
2024-02-29,MSFT,Technology,0.017116225817110697,0.003968687791722396
2024-02-29,MU,Technology,0.3023264064381126,0.013099314322032242
2024-02-29,NET,Technology,-0.017353349589863898,0.028074425418235294
2024-02-29,NOW,Technology,-0.011590281725971652,0.013155915251162355
2024-02-29,NVDA,Technology,0.14218125137688942,-0.00018696980626223964
2024-02-29,ORCL,Technology,0.12473142559880124,0.004944540436794563
2024-02-29,PANW,Technology,-0.08507481548435736,0.009863119617592595
2024-02-29,QCOM,Technology,0.07294522452896524,0.011582686031368
2024-02-29,SNPS,Technology,-0.0038868118185632072,0.005455340637874383
2024-02-29,TXN,Technology,0.041116380611235126,0.004103439028391904
2024-02-29,ACN,Technology,-0.07516408842439104,0.004177781238798322
2024-02-29,ADI,Technology,0.03598169845811805,0.0029275890819344032
2024-02-29,ANET,Technology,0.044822375363560374,0.026273326060241763
2024-02-29,CGNX,Technology,0.07528501644665742,0.03151751603809516
2024-02-29,COHU,Technology,0.037348295146192756,0.015655807339746433
2024-02-29,CSCO,Technology,0.031838040463743944,0.004151458061114138
2024-02-29,DELL,Technology,0.20547201771699442,0.018461595032018347
2024-02-29,ENTG,Technology,0.0459955353302981,0.013450160701215179
2024-02-29,FORM,Technology,0.06042301563041885,0.015020562707136382
2024-02-29,HPQ,Technology,0.07634034342850748,0.004905964993067762
2024-02-29,IBM,Technology,0.03204898384211119,-0.002501078849926553
2024-02-29,IPGP,Technology,0.05026061429040851,0.028813509519886905
2024-02-29,KEYS,Technology,0.013480244911965311,0.023276559987938827
2024-02-29,MCHP,Technology,0.06619937046225921,0.0068608437123940345
2024-02-29,MKSI,Technology,0.08341459476302138,0.015700591800315862
2024-02-29,MPWR,Technology,-0.057423325939474745,0.014516597619019859
2024-02-29,MRVL,Technology,-0.010884839703744542,0.007237077920782074
2024-02-29,NXPI,Technology,-0.0035740964486783433,0.01425697971031753
2024-02-29,ONTO,Technology,-0.016724596925539625,0.01555772725121259
2024-02-29,QRVO,Technology,0.00244433672490052,0.013932471820339003
2024-02-29,STX,Technology,0.00815196267774465,0.02644761167667293
2024-02-29,SWKS,Technology,0.03240586684012747,0.012433533983559054
2024-02-29,TER,Technology,0.08919775693066101,0.017730106635214668
2024-02-29,VRSN,Technology,-0.029596928360179575,0.0038253145523424147
2024-02-29,WDC,Technology,0.1474693289115998,0.023229041516228878
2024-02-29,AXP,Financials,0.037690343452074115,0.0008362558146792175
2024-02-29,BAC,Financials,0.09849343838281199,0.01001307800278024
2024-02-29,BK,Financials,0.027277472095402322,0.007725110265504752
2024-02-29,BLK,Financials,0.033935869404902785,0.014105136079073644
2024-02-29,C,Financials,0.13966491249576785,0.005509748275714011
2024-02-29,CFG,Financials,0.15610071593589936,0.040822501286684854
2024-02-29,CME,Financials,-0.01782200679921009,-0.0015333284089819599
2024-02-29,COF,Financials,0.08197072527877691,0.010382492586047546
2024-02-29,FITB,Financials,0.09420538771660514,0.027644954465769138
2024-02-29,GS,Financials,0.07361529628024188,0.006883650946348262
2024-02-29,HBAN,Financials,0.08263419429907537,0.024646439158580988
2024-02-29,ICE,Financials,-0.0038914726487863094,0.0032233542903776467
2024-02-29,JPM,Financials,0.07653432174857122,0.003783014499035094
2024-02-29,KEY,Financials,0.10791882059387659,0.05210578735265263
2024-02-29,MCO,Financials,0.03587056592427329,0.008014599443769935
2024-02-29,MS,Financials,0.09437471744011616,0.0145011686066484
2024-02-29,MTB,Financials,0.050563160452316236,0.011648197072024937
2024-02-29,PNC,Financials,0.09782601008692171,0.018436054062375647
2024-02-29,RF,Financials,0.12936148253334778,0.023962536471198802
2024-02-29,SCHW,Financials,0.08325831094781067,0.037765589984310954
2024-02-29,SPGI,Financials,-0.006839637007670207,0.009127016957262458
2024-02-29,STT,Financials,0.05818873130010149,0.025951315313003376
2024-02-29,TFC,Financials,0.11435097417317808,0.0385796943777566
2024-02-29,USB,Financials,0.07742845411603305,0.027550968534579875
2024-02-29,WFC,Financials,0.042633553158526016,0.0062296320946155555
2024-02-29,AFL,Financials,0.06341353134341032,0.0039326172949000985
2024-02-29,AJG,Financials,0.025048180112273943,0.004925812823645147
2024-02-29,ALL,Financials,0.09085757003808892,0.016466667105595002
2024-02-29,AMTD,Financials,0.04117643016432515,0.03930254915454391
2024-02-29,AON,Financials,0.05610958462557414,0.0038349908012909693
2024-02-29,CB,Financials,0.03305633194121449,0.0014656637335806015
2024-02-29,FDS,Financials,-0.017704988037170244,-0.0007858678213547715
2024-02-29,FNF,Financials,0.059737564901803486,0.023761511176567898
2024-02-29,GL,Financials,-0.0831954096986588,0.0008504217693739297
2024-02-29,HIG,Financials,0.08052846869646202,0.003152584085689013
2024-02-29,IBKR,Financials,0.027501847919950695,-0.001652621320659603
2024-02-29,LPLA,Financials,-0.012652255971432158,0.005624663589113194
2024-02-29,MET,Financials,0.06266139590816433,0.009281967246571115
2024-02-29,MSCI,Financials,-0.0009267670982392451,-0.00867934285704031
2024-02-29,NDAQ,Financials,0.1269256018476801,0.008701785610911898
2024-02-29,PGR,Financials,0.09105306028571047,0.0074419784279167855
2024-02-29,PRU,Financials,0.07716315220932057,0.008297050859441714
2024-02-29,RJF,Financials,0.07110384724231289,0.00563974840252914
2024-02-29,SEIC,Financials,0.06914489434363458,-0.000260319021211812
2024-02-29,SF,Financials,0.030450917828776847,0.005388066684612936
2024-02-29,SYF,Financials,0.044067777109285666,0.011519057583177804
2024-02-29,TRV,Financials,0.046288350666467526,-0.002039310807129352
2024-02-29,UNM,Financials,0.08513625481270304,-0.0028922229214052297
2024-02-29,WTW,Financials,0.012015768640736724,0.006788923042124806
2024-02-29,ABBV,Healthcare,0.034365440834228655,0.0005768981475235135
2024-02-29,ABT,Healthcare,-0.04197564930161779,0.0007809669958520477
2024-02-29,AMGN,Healthcare,0.038308372323252016,0.010097568492293565
2024-02-29,BAX,Healthcare,0.04447705257827117,0.018390463399410462
2024-02-29,BIIB,Healthcare,-0.00626757258824262,0.017870951883277673
2024-02-29,BMY,Healthcare,0.06857148553137726,0.01946172828332933
2024-02-29,BSX,Healthcare,0.03443586785717945,-0.0009796896391167653
2024-02-29,CI,Healthcare,0.08498254092140223,0.005595593295837342
2024-02-29,CVS,Healthcare,0.07247529432592326,0.019875419879589254
2024-02-29,DHR,Healthcare,-0.012437227950137575,-0.0004639782209758664
2024-02-29,EW,Healthcare,0.125957281325082,0.007442791630841465
2024-02-29,GILD,Healthcare,0.02635705889928186,0.007289076510108487
2024-02-29,HUM,Healthcare,-0.007755848085791217,0.022562144601400925
2024-02-29,ISRG,Healthcare,0.03498441395447904,-0.00785207026566228
2024-02-29,JNJ,Healthcare,-0.01976713395013685,0.0008119584688777645
2024-02-29,LLY,Healthcare,0.03221520178492887,0.008623921806122346
2024-02-29,MDT,Healthcare,0.05412025583902613,-0.0022755758671351746
2024-02-29,MRK,Healthcare,0.044333227772352934,-0.0023744081326954533
2024-02-29,PFE,Healthcare,0.04480421341582397,0.022687546345090105
2024-02-29,REGN,Healthcare,-0.003726322340048549,0.00816941701393713
2024-02-29,SYK,Healthcare,0.02755585302604535,-0.005941643700891945
2024-02-29,TMO,Healthcare,0.020015461783302158,0.007397552807994111
2024-02-29,UNH,Healthcare,0.006179428089232664,0.002181421834769149
2024-02-29,VRTX,Healthcare,-0.0064885214909788935,0.00954363845048628
2024-02-29,ZBH,Healthcare,0.06326926444792469,0.007921444030267044
2024-02-29,A,Healthcare,0.059333258743661244,0.029485043752654212
2024-02-29,ACAD,Healthcare,-0.2043889865224151,0.03821344125917048
2024-02-29,ALGN,Healthcare,0.08431981637383745,0.033988755175956314
2024-02-29,ALKS,Healthcare,-0.08824522708337357,0.01494773514475477
2024-02-29,BDX,Healthcare,0.05477323853742977,0.00403760234875258
2024-02-29,DGX,Healthcare,0.06581802325577679,0.008317617068483118
2024-02-29,DXCM,Healthcare,0.20535323990689847,0.016487544955103208
2024-02-29,FOLD,Healthcare,-0.08112324388532577,0.0182818546465419
2024-02-29,HOLX,Healthcare,0.056368507597450046,0.008047292124814791
2024-02-29,IDXX,Healthcare,-0.06136673850727159,0.012581066024131022
2024-02-29,INSP,Healthcare,0.19967605753238682,0.026305355443521382
2024-02-29,IQV,Healthcare,0.023183345374005127,0.019572334796290388
2024-02-29,MASI,Healthcare,0.1424460383829671,0.042253569620770606
2024-02-29,MTD,Healthcare,0.06740596713824276,0.02493887634820141
2024-02-29,NBIX,Healthcare,0.05766874711996195,0.015730826438951923
2024-02-29,NTRA,Healthcare,0.05746330608692318,0.03100257295399344
2024-02-29,NVCR,Healthcare,0.020901351146548786,0.05423298102966154
2024-02-29,PODD,Healthcare,0.04512191400295351,0.053440056290901344
2024-02-29,RARE,Healthcare,-0.09725449488157922,0.023844881016671066
2024-02-29,RMD,Healthcare,0.139937624778389,0.007846392951214537
2024-02-29,WAT,Healthcare,0.02018255375374256,0.023094855382259527
2024-02-29,AMZN,Consumer,0.020479805886374214,0.00802522046697933
2024-02-29,AZO,Consumer,0.04844607882392249,-0.004708622857023975
2024-02-29,BKNG,Consumer,0.04852748592124412,0.009935248750375802
2024-02-29,CMG,Consumer,0.08107797899935143,0.007060085097370272
2024-02-29,COST,Consumer,-0.015136639289769604,0.009253542977889611
2024-02-29,DG,Consumer,0.07397987587589094,0.04255246833363159
2024-02-29,DLTR,Consumer,-0.09224161068240122,0.02197290202024455
2024-02-29,DRI,Consumer,-0.020854269522199487,-0.0015719578895940882
2024-02-29,EBAY,Consumer,0.12229556207541914,0.017522512559119553
2024-02-29,HD,Consumer,0.0138837953199209,0.003610341633366484
2024-02-29,HLT,Consumer,0.043999528456954984,0.0074542284002702165
2024-02-29,KR,Consumer,0.1515825402977946,-0.0005577914608538917
2024-02-29,LOW,Consumer,0.05842036523284477,0.0033376629980231363
2024-02-29,LULU,Consumer,-0.16365155118010688,0.02981618254730129
2024-02-29,MAR,Consumer,0.009765145252449647,0.005131700202903967
2024-02-29,MCD,Consumer,-0.03534270388142302,-0.0037973379306579236
2024-02-29,MGM,Consumer,0.09080407615574404,0.013060389555541547
2024-02-29,NKE,Consumer,-0.09250674921922308,0.01994414651639286
2024-02-29,ORLY,Consumer,0.038126941626418276,-0.008462219428667102
2024-02-29,ROST,Consumer,-0.01229778021938166,0.012530476136528867
2024-02-29,SBUX,Consumer,-0.03698627873986193,0.013012821004835064
2024-02-29,TGT,Consumer,0.1588413366918151,0.03122097980981884
2024-02-29,TJX,Consumer,0.022997731053682413,0.0015181202889974973
2024-02-29,WMT,Consumer,0.030113002553316948,-0.007364431475286922
2024-02-29,YUM,Consumer,0.0016614734404254428,0.0007119123944504153
2024-02-29,BBY,Consumer,0.02655365351993577,0.013962891344992723
2024-02-29,CCL,Consumer,0.030264903230623474,0.03455084463653685
2024-02-29,CHDN,Consumer,0.015426191972069736,0.028821093200613233
2024-02-29,CMCSA,Consumer,0.011668702867895009,-0.007439853588890159
2024-02-29,CZR,Consumer,0.006211190480369222,0.02020448462674616
2024-02-29,DIS,Consumer,0.09661225847388821,0.016144488459656006
2024-02-29,DKNG,Consumer,0.04824561789730564,0.004530652371035428
2024-02-29,F,Consumer,0.0675240775542707,0.025206833485213034
2024-02-29,FOX,Consumer,0.055618388208596325,4.620265050471473e-06
2024-02-29,GM,Consumer,0.10663745461179674,0.004026997925629581
2024-02-29,GRMN,Consumer,0.08923326571446832,0.016781030255935803
2024-02-29,H,Consumer,0.039260650527055185,0.005003395673438247
2024-02-29,IHG,Consumer,-0.013997713288997682,0.010279212281498635
2024-02-29,LVS,Consumer,-0.05172395086694703,0.015547693094244142
2024-02-29,NCLH,Consumer,0.07942243238798086,0.03425899683140733
2024-02-29,NFLX,Consumer,0.0073144346418954065,0.000952796359102729
2024-02-29,PENN,Consumer,-0.0049180413300577985,0.04775203920302398
2024-02-29,POOL,Consumer,0.01627329307923242,0.015112846803429374
2024-02-29,RCL,Consumer,0.1269555945307923,0.017468431720599482
2024-02-29,SIRI,Consumer,-0.12217187699096754,0.06371630360040227
2024-02-29,TSLA,Consumer,-0.12923524353897475,0.03858436378938787
2024-02-29,WBD,Consumer,-0.0068259863341398885,0.03951838760394741
2024-02-29,WYNN,Consumer,-0.02823180814805426,0.006238704457227448
2024-02-29,APA,Energy,0.15407841097908048,0.028036303821953837
2024-02-29,BA,Energy,-0.052670310540174015,0.026182308956517554
2024-02-29,CAT,Energy,0.09722696687053634,0.010872286143269613
2024-02-29,COP,Energy,0.1309756652049594,0.009213933673571607
2024-02-29,CVX,Energy,0.037694917910380044,0.0046129589357386865
2024-02-29,DE,Energy,0.12932676438988033,0.009578333974905989
2024-02-29,DVN,Energy,0.1495703828542061,0.02653266233737544
2024-02-29,EOG,Energy,0.11689665453650377,0.009843856644091407
2024-02-29,FDX,Energy,0.16964393908566255,0.008099138554023385
2024-02-29,GD,Energy,0.03381509712186692,-6.108593808148294e-05
2024-02-29,GE,Energy,0.11880919557185643,0.0005296768961325776
2024-02-29,HAL,Energy,0.12949576124160833,0.01348507761148373
2024-02-29,HON,Energy,0.03280813353811518,0.0042894207698829095
2024-02-29,LMT,Energy,0.06218479831487245,0.006387623698341361
2024-02-29,MMM,Energy,0.15143299208185423,0.01831098861517417
2024-02-29,MPC,Energy,0.19068744609266464,0.003349813259212464
2024-02-29,NOC,Energy,0.038262994632064506,0.001137057447767275
2024-02-29,OXY,Energy,0.07614065275857662,0.007724976504549204
2024-02-29,PSX,Energy,0.14616523406936754,0.010467157534602206
2024-02-29,RTX,Energy,0.08765476481830703,0.003878503382410678
2024-02-29,SLB,Energy,0.13407837182115312,0.017477090982857574
2024-02-29,UNP,Energy,-0.030588603365740985,0.0020921878033625767
2024-02-29,UPS,Energy,0.0024956701215903543,0.017757051248480236
2024-02-29,VLO,Energy,0.20663060589392535,0.0053585946600131235
2024-02-29,XOM,Energy,0.11213178592257078,0.006316526063843154
2024-02-29,AME,Energy,0.016674453354332375,0.0011429715521996398
2024-02-29,BE,Energy,0.2816418682359265,0.06743603116043742
2024-02-29,BKR,Energy,0.1321391893273438,0.019730548569754074
2024-02-29,CTRA,Energy,0.09009378314134797,0.00793917093044638
2024-02-29,EMR,Energy,0.06148812470372911,0.009204437685664445
2024-02-29,ENPH,Energy,-0.04747656623790242,0.06852499665015513
2024-02-29,ETN,Energy,0.0853254694950416,0.007521206725663391
2024-02-29,FSLR,Energy,0.0968874112758773,0.039011233915293236
2024-02-29,FTV,Energy,0.010454634588071388,-0.00733795518473682
2024-02-29,GNRC,Energy,0.1211447604179614,0.04015663018672695
2024-02-29,HUBB,Energy,0.0903145591663923,0.00147183124311967
2024-02-29,MTDR,Energy,0.057323837134016564,0.025079454013126074
2024-02-29,PH,Energy,0.0379866513310656,0.010131686045865255
2024-02-29,PLUG,Energy,-0.025495726600212487,0.018278801249462514
2024-02-29,PR,Energy,0.14568226006132967,0.02140357396522867
2024-02-29,ROK,Energy,0.021923603158235494,0.025393609154902186
2024-02-29,ROP,Energy,0.0295747596268936,0.0027775099946614895
2024-02-29,SM,Energy,0.13890797900511664,0.021728464312334612
2024-02-29,VRSK,Energy,-0.023895089187781715,-0.0013276347102143017
2024-02-29,WMB,Energy,0.09859238588558528,0.003061936506847598
2024-02-29,XYL,Energy,0.017237473999985653,0.002284998143125626
2024-03-31,AAPL,Technology,-0.006706171284872275,0.0033777275686455947
2024-03-31,ADBE,Technology,-0.08277847607215671,0.011300343264290122
2024-03-31,AMAT,Technology,-0.03675517026728292,0.005764676516866272
2024-03-31,AMD,Technology,-0.12249986114155753,0.028263260016758177
2024-03-31,AVGO,Technology,-0.018967842874475727,0.01057599416015465
2024-03-31,CDNS,Technology,-0.11452709469380606,0.003392676938887401
2024-03-31,CRM,Technology,-0.10704556763371587,0.015788633704281477
2024-03-31,CRWD,Technology,-0.08749489414325029,0.047964934981107085
2024-03-31,FTNT,Technology,-0.075098776705674,0.020810238441465862
2024-03-31,GOOGL,Technology,0.07851336548876442,0.004977546913305526
2024-03-31,INTC,Technology,-0.31016523950801467,0.030393908710740956
2024-03-31,INTU,Technology,-0.03616335369224477,0.008017305204536352
2024-03-31,KLAC,Technology,-0.013284258565723905,0.008918536386699516
2024-03-31,LRCX,Technology,-0.07941775910545157,0.011208976209400374
2024-03-31,META,Technology,-0.11411096847803359,-0.013670922623258447
2024-03-31,MSFT,Technology,-0.07461028894915744,0.006611770440237346
2024-03-31,MU,Technology,-0.04181858374033187,0.008092292638447147
2024-03-31,NET,Technology,-0.09738717470674929,0.015317164037198171
2024-03-31,NOW,Technology,-0.09059546004980124,0.01713699321449378
2024-03-31,NVDA,Technology,-0.04376020469630204,-0.001455606865413496
2024-03-31,ORCL,Technology,-0.09149676152602682,0.003523508477946191
2024-03-31,PANW,Technology,0.0237919601923533,0.0356756610494583
2024-03-31,QCOM,Technology,-0.020378206567280066,0.022364956922298115
2024-03-31,SNPS,Technology,-0.0715835050647966,-0.00105191977669674
2024-03-31,TXN,Technology,0.01268575644922909,0.005020816691038672
2024-03-31,ACN,Technology,-0.12848706950903055,0.0017298841331287347
2024-03-31,ADI,Technology,0.014257532138408413,0.009622629952002327
2024-03-31,ANET,Technology,-0.11524936947916053,0.01600335674877954
2024-03-31,CGNX,Technology,-0.020744678809842765,0.019462073751692517
2024-03-31,COHU,Technology,-0.09030909003509113,0.021342581119303258
2024-03-31,CSCO,Technology,-0.051015481661991324,0.004133207902508812
2024-03-31,DELL,Technology,0.09652744915112921,0.016262988874374495
2024-03-31,ENTG,Technology,-0.05352359086695513,0.01680308081579445
2024-03-31,FORM,Technology,-0.022792042322656525,-0.0021082386439640888
2024-03-31,HPQ,Technology,-0.07048328732469344,0.01324025574701779
2024-03-31,IBM,Technology,-0.1296606727698697,0.011363228677560566
2024-03-31,IPGP,Technology,-0.0739882997445932,0.04508662860652368
2024-03-31,KEYS,Technology,-0.05397110997490373,0.02041066044079925
2024-03-31,MCHP,Technology,0.025303692150066448,0.016783977011477536
2024-03-31,MKSI,Technology,-0.10541345372933608,0.018278705246125484
2024-03-31,MPWR,Technology,-0.01194219451283507,0.006872761537682256
2024-03-31,MRVL,Technology,-0.06933671296866784,0.015046397351452091
2024-03-31,NXPI,Technology,0.033983232829296384,0.010364954681936586
2024-03-31,ONTO,Technology,0.024353896717009382,0.006561408538561676
2024-03-31,QRVO,Technology,0.01750408843320561,-0.004603016149148809
2024-03-31,STX,Technology,-0.07673288951493129,0.013271298197678
2024-03-31,SWKS,Technology,-0.01597119152130244,0.009091998270447781
2024-03-31,TER,Technology,0.030931546215487993,0.009776427884836464
2024-03-31,VRSN,Technology,-0.10569366958090354,0.00601216097782797
2024-03-31,WDC,Technology,0.03795433271985882,0.017545207162102706
2024-03-31,AXP,Financials,0.031029232003013885,0.020158306616550953
2024-03-31,BAC,Financials,-0.02399791978678445,0.013975839533344947
2024-03-31,BK,Financials,-0.01245385126763543,0.017177686552461685
2024-03-31,BLK,Financials,-0.09483021832883398,0.010470331004090117
2024-03-31,C,Financials,-0.03020235918715708,0.025289346873952723
2024-03-31,CFG,Financials,-0.04864894826768462,0.047042449779436696
2024-03-31,CME,Financials,-0.026243840047108336,-0.006757939932489052
2024-03-31,COF,Financials,-0.036671451403083366,0.022086117640881156
2024-03-31,FITB,Financials,-0.02015591773258485,0.0344511114522954
2024-03-31,GS,Financials,0.021594930902516962,0.01089403613862535
2024-03-31,HBAN,Financials,-0.03440840246348198,0.030409429136302037
2024-03-31,ICE,Financials,-0.06308657248997618,-0.0017406765019686715
2024-03-31,JPM,Financials,-0.037151854967184095,0.011458151773610974
2024-03-31,KEY,Financials,-0.08349164206761894,0.05587642989935609
2024-03-31,MCO,Financials,-0.057756543823890616,0.012334327981805612
2024-03-31,MS,Financials,-0.026343895608964663,0.014997825909305387
2024-03-31,MTB,Financials,-0.007219286179685813,0.018497653946571626
2024-03-31,PNC,Financials,-0.04197125166810045,0.028007191067962525
2024-03-31,RF,Financials,-0.08412556563418261,0.027380277957741346
2024-03-31,SCHW,Financials,0.02225615139851933,0.031832586689832736
2024-03-31,SPGI,Financials,-0.02261133489848932,0.011910350666847948
2024-03-31,STT,Financials,-0.06246772629229458,0.024080671350059566
2024-03-31,TFC,Financials,-0.03668539633068524,0.04385257861118522
2024-03-31,USB,Financials,-0.09105127462955787,0.029713259475045217
2024-03-31,WFC,Financials,0.02346440695617824,0.010149712503584003
2024-03-31,AFL,Financials,-0.025739544839024076,0.00606585858152542
2024-03-31,AJG,Financials,-0.061390096523640136,-0.0032742251160910105
2024-03-31,ALL,Financials,-0.0170510793870301,0.025953246682414405
2024-03-31,AMTD,Financials,0.011299424374030087,0.03810460832034443
2024-03-31,AON,Financials,-0.15291561360778416,-0.000981296398490903
2024-03-31,CB,Financials,-0.04048176657751423,0.011385663666756609
2024-03-31,FDS,Financials,-0.08252833819508298,0.003702621442263203
2024-03-31,FNF,Financials,-0.06779649214696559,0.019488044606774807
2024-03-31,GL,Financials,-0.3440304415680875,0.0025238365770441883
2024-03-31,HIG,Financials,-0.05977675036555896,0.008754010913118691
2024-03-31,IBKR,Financials,0.03052543883297898,-0.0020544945637751555
2024-03-31,LPLA,Financials,0.01866004419637357,0.0019346311644188596
2024-03-31,MET,Financials,-0.0408852922553955,0.01229094168988459
2024-03-31,MSCI,Financials,-0.16890006359912046,0.013936264897839227
2024-03-31,NDAQ,Financials,-0.05150547248010062,0.007404198643538666
2024-03-31,PGR,Financials,0.007393784437019768,0.01738428151634274
2024-03-31,PRU,Financials,-0.058943805470428545,0.0027851985807711803
2024-03-31,RJF,Financials,-0.04999220240004876,0.006378249157047605
2024-03-31,SEIC,Financials,-0.0827538196886165,-0.004757487106074081
2024-03-31,SF,Financials,0.022387091525185143,0.009315126343655916
2024-03-31,SYF,Financials,0.01994436420325396,0.018667532069192153
2024-03-31,TRV,Financials,-0.07812629168115859,0.01779334887426584
2024-03-31,UNM,Financials,-0.04847909781816351,-0.00014201524805587673
2024-03-31,WTW,Financials,-0.08676368084183295,0.0022181315891277725
2024-03-31,ABBV,Healthcare,-0.09852340244177593,0.007948138754337463
2024-03-31,ABT,Healthcare,-0.06303407288363394,0.0059968927152762724
2024-03-31,AMGN,Healthcare,-0.036508149452178174,0.02025357139088754
2024-03-31,BAX,Healthcare,-0.055451793027628704,0.018624339357939067
2024-03-31,BIIB,Healthcare,-0.0037564232261366737,0.02493362843189815
2024-03-31,BMY,Healthcare,-0.18032224923519424,0.011419497609947
2024-03-31,BSX,Healthcare,0.04935034294402407,0.0054960733367767235
2024-03-31,CI,Healthcare,-0.016933466043519974,0.003103783711575145
2024-03-31,CVS,Healthcare,-0.1428638761815264,0.014297083187603988
2024-03-31,DHR,Healthcare,-0.012413787646496366,0.0031137045167267466
2024-03-31,EW,Healthcare,-0.1139598123469091,0.0026169583277428424
2024-03-31,GILD,Healthcare,-0.10989775067459351,0.012865590735235712
2024-03-31,HUM,Healthcare,-0.12872041112120725,0.02046382121548789
2024-03-31,ISRG,Healthcare,-0.07133729605339179,0.012937570088854187
2024-03-31,JNJ,Healthcare,-0.08597244461253328,-0.00023096662175835225
2024-03-31,LLY,Healthcare,0.004036197704160971,0.0033627356983717653
2024-03-31,MDT,Healthcare,-0.07928867409505713,0.011156731506405048
2024-03-31,MRK,Healthcare,-0.020689561989097216,-2.3439201977625695e-05
2024-03-31,PFE,Healthcare,-0.0767566819707517,0.014269996808521392
2024-03-31,REGN,Healthcare,-0.07462937362236488,0.00783583549746825
2024-03-31,SYK,Healthcare,-0.059714472214324466,0.008889447448818595
2024-03-31,TMO,Healthcare,-0.021489701021541685,0.0018824194158622784
2024-03-31,UNH,Healthcare,-0.022235716575280118,0.006566784097130934
2024-03-31,VRTX,Healthcare,-0.06028566689386383,0.012479677811708027
2024-03-31,ZBH,Healthcare,-0.08864962815420696,0.019136798519215792
2024-03-31,A,Healthcare,-0.05667912921811313,0.012687054183387687
2024-03-31,ACAD,Healthcare,-0.09626829143751059,0.03858092269378968
2024-03-31,ALGN,Healthcare,-0.13887535581892074,0.027297843011421588
2024-03-31,ALKS,Healthcare,-0.09346135233908448,-0.01497723531317173
2024-03-31,BDX,Healthcare,-0.0519297400694928,0.004413761073403636
2024-03-31,DGX,Healthcare,0.04404333106969616,0.006855669695796384
2024-03-31,DXCM,Healthcare,-0.08154288253383479,0.0355761018946114
2024-03-31,FOLD,Healthcare,-0.151952462005833,0.01292157652145234
2024-03-31,HOLX,Healthcare,-0.028091360532640608,0.011944042189652337
2024-03-31,IDXX,Healthcare,-0.0873631462412221,-0.0025272424781394957
2024-03-31,INSP,Healthcare,0.1250989860602194,0.05590138855788554
2024-03-31,IQV,Healthcare,-0.08351455244636297,-0.013499976681723945
2024-03-31,MASI,Healthcare,-0.08471230455814349,0.05744275538099547
2024-03-31,MTD,Healthcare,-0.07630950800335379,0.02556942160083157
2024-03-31,NBIX,Healthcare,-0.0027552558574356345,0.02094230340747999
2024-03-31,NTRA,Healthcare,0.015525893102555033,0.018226043857581108
2024-03-31,NVCR,Healthcare,-0.21689061538717802,0.07475298218957901
2024-03-31,PODD,Healthcare,0.003150575053392446,0.07268110343598624
2024-03-31,RARE,Healthcare,-0.08888408295663641,0.01789894452417493
2024-03-31,RMD,Healthcare,0.0805939961652613,0.04674787962946425
2024-03-31,WAT,Healthcare,-0.10222816523340228,0.01435934810919778
2024-03-31,AMZN,Consumer,-0.029825949313549094,-0.005388437082582742
2024-03-31,AZO,Consumer,-0.06195167802578605,-0.005896352422021994
2024-03-31,BKNG,Consumer,-0.04847167991808332,0.014509216923182848
2024-03-31,CMG,Consumer,0.08697975032031158,0.004145007697672525
2024-03-31,COST,Consumer,-0.011697065586665945,0.012974193667969619
2024-03-31,DG,Consumer,-0.10478903143693552,0.039563676809107134
2024-03-31,DLTR,Consumer,-0.11190382710845759,0.019369396493889603
2024-03-31,DRI,Consumer,-0.07452547934818143,-0.0023735788552457955
2024-03-31,EBAY,Consumer,-0.023493801721224394,-0.010377882215941436
2024-03-31,HD,Consumer,-0.12872773544765925,0.0046270316361446875
2024-03-31,HLT,Consumer,-0.07514882497932307,0.014664216161668865
2024-03-31,KR,Consumer,-0.030632015444404748,-0.005028473422968433
2024-03-31,LOW,Consumer,-0.1006958222774933,-0.004196732491523778
2024-03-31,LULU,Consumer,-0.07692304687692253,0.018167050890248008
2024-03-31,MAR,Consumer,-0.06412759083875175,0.008066842921076447
2024-03-31,MCD,Consumer,-0.03160141698019059,-0.0011267502695255296
2024-03-31,MGM,Consumer,-0.16458378751206582,0.01957652706883754
2024-03-31,NKE,Consumer,-0.018301902339217357,0.016863524228435515
2024-03-31,ORLY,Consumer,-0.10242009978605693,-0.00011038132742668613
2024-03-31,ROST,Consumer,-0.11726643541330473,0.008464160853940401
2024-03-31,SBUX,Consumer,-0.03173225518218348,0.009262881015582642
2024-03-31,TGT,Consumer,-0.09158633774858105,0.020247265304660055
2024-03-31,TJX,Consumer,-0.07227368972269899,-0.003670668304921375
2024-03-31,WMT,Consumer,-0.013628096558876979,-0.007254793943908419
2024-03-31,YUM,Consumer,0.018752440383727143,-0.0026337928189568496
2024-03-31,BBY,Consumer,-0.10227953123266087,0.001895368572927606
2024-03-31,CCL,Consumer,-0.09302331717531431,0.03660815035824029
2024-03-31,CHDN,Consumer,0.04242429358587674,0.01779830379805085
2024-03-31,CMCSA,Consumer,-0.11438322789282773,0.003467712233003805
2024-03-31,CZR,Consumer,-0.1810699972501737,0.02309125287984516
2024-03-31,DIS,Consumer,-0.09202354548416602,-0.0029329008093133928
2024-03-31,DKNG,Consumer,-0.08478305410830123,0.02657575191288577
2024-03-31,F,Consumer,-0.08509021384108839,0.016564498588001277
2024-03-31,FOX,Consumer,0.0020965075182970416,0.009230235496287114
2024-03-31,GM,Consumer,-0.018081531882698232,0.018016382537377775
2024-03-31,GRMN,Consumer,-0.029555989576855346,-0.0029430749013327935
2024-03-31,H,Consumer,-0.06784877287780011,0.0017559974010407618
2024-03-31,IHG,Consumer,-0.05974259446740193,0.009011793513288194
2024-03-31,LVS,Consumer,-0.14197287699953953,0.010720722770897929
2024-03-31,NCLH,Consumer,-0.09603440991755663,0.008733465892210515
2024-03-31,NFLX,Consumer,-0.09334303218081108,0.0161423703386541
2024-03-31,PENN,Consumer,-0.09170775688667054,0.04307316041187838
2024-03-31,POOL,Consumer,-0.10153661809666192,0.0071085341008867865
2024-03-31,RCL,Consumer,0.004460218656268111,0.02112349192554798
2024-03-31,SIRI,Consumer,-0.2422679775465001,0.06671276955065635
2024-03-31,TSLA,Consumer,0.042607689739043275,0.02598531823161738
2024-03-31,WBD,Consumer,-0.1569300665015816,0.03774936259031246
2024-03-31,WYNN,Consumer,-0.10349220378626556,-9.97308664804665e-05
2024-03-31,APA,Energy,-0.07841031639909701,0.01584956837884446
2024-03-31,BA,Energy,-0.1303176767677966,0.026026681783318344
2024-03-31,CAT,Energy,-0.083618531354266,0.011860716227100505
2024-03-31,COP,Energy,-0.013042022664981556,-9.011290290363017e-05
2024-03-31,CVX,Energy,0.022378763418293923,-0.0006014869255618512
2024-03-31,DE,Energy,-0.04706145406397122,0.01646895553262212
2024-03-31,DVN,Energy,0.019928336349861242,0.008045220236437176
2024-03-31,EOG,Energy,0.040556813873511954,0.0053089696133270855
2024-03-31,FDX,Energy,-0.09650034779534689,0.00635784489388585
2024-03-31,GD,Energy,0.021283847764655306,0.005841722121683206
2024-03-31,GE,Energy,0.15718796821111547,0.006786973364548256
2024-03-31,HAL,Energy,-0.04946734635170946,0.013712835466704511
2024-03-31,HON,Energy,-0.06099875671082833,0.004082229071793991
2024-03-31,LMT,Energy,0.022116098660725392,0.005837423373537917
2024-03-31,MMM,Energy,0.0882056817446637,0.012615277309277608
2024-03-31,MPC,Energy,-0.09816370903348104,0.008754538171136955
2024-03-31,NOC,Energy,0.013308062211083937,0.0009464352634658973
2024-03-31,OXY,Energy,0.01769505792293291,-0.005016630941875721
2024-03-31,PSX,Energy,-0.1232397305067422,0.018765094039482937
2024-03-31,RTX,Energy,0.040910397111884045,0.016964993752732624
2024-03-31,SLB,Energy,-0.13373489638211145,0.013499145931679321
2024-03-31,UNP,Energy,-0.035660418831882534,0.005896790076217878
2024-03-31,UPS,Energy,-0.007737418132871321,0.010175339247966863
2024-03-31,VLO,Energy,-0.06338986635375665,0.007574795500954582
2024-03-31,XOM,Energy,0.017463698763337643,0.002731058165821549
2024-03-31,AME,Energy,-0.04505203513015754,-0.0016171791730882276
2024-03-31,BE,Energy,-0.009786446522881298,0.06646515289072191
2024-03-31,BKR,Energy,-0.026268668854523503,0.007898869078160889
2024-03-31,CTRA,Energy,-0.018651416894776784,-0.004907519827330543
2024-03-31,EMR,Energy,-0.04972668384592249,-0.016609544773558922
2024-03-31,ENPH,Energy,-0.10100843843300134,0.03861763195820522
2024-03-31,ETN,Energy,0.017845701865823127,-0.002254266020006824
2024-03-31,FSLR,Energy,0.04443127881757403,0.0292071799396181
2024-03-31,FTV,Energy,-0.12497089620455637,-0.003331168517410117
2024-03-31,GNRC,Energy,0.0778500663685957,0.04125593172784055
2024-03-31,HUBB,Energy,-0.10728829943097595,0.004821515697045878
2024-03-31,MTDR,Energy,-0.06694622146034135,-0.0018246067527828425
2024-03-31,PH,Energy,-0.019575595183097705,0.004045873642870488
2024-03-31,PLUG,Energy,-0.32848839989670375,0.05296699330474087
2024-03-31,PR,Energy,-0.05152891168438789,-0.0018110759535965026
2024-03-31,ROK,Energy,-0.0699206739431878,0.010458162621392842
2024-03-31,ROP,Energy,-0.0867891831206703,-0.0002289270700906662
2024-03-31,SM,Energy,-0.023716623324414154,-0.004830692804912599
2024-03-31,VRSK,Energy,-0.0753827916275478,-0.005451902264712899
2024-03-31,WMB,Energy,-0.015652996767114624,-0.0032702669577540228
2024-03-31,XYL,Energy,0.011296576572134454,0.004421085402955664
2024-04-30,AAPL,Technology,0.1302223489415002,0.08300720078298873
2024-04-30,ADBE,Technology,-0.03904236400166605,0.08064532383726665
2024-04-30,AMAT,Technology,0.08468229914119307,0.09845921375603334
2024-04-30,AMD,Technology,0.05379460001896019,0.11911517695446368
2024-04-30,AVGO,Technology,0.02174929730354358,0.09313233981372476
2024-04-30,CDNS,Technology,0.0387475691564203,0.08628123260718532
2024-04-30,CRM,Technology,-0.12828145015328074,0.10524408615066141
2024-04-30,CRWD,Technology,0.07222945329054986,0.1067599102614826
2024-04-30,FTNT,Technology,-0.06109529268291802,0.09109136675275878
2024-04-30,GOOGL,Technology,0.05971237851357358,0.07409676014555483
2024-04-30,INTC,Technology,0.016583726214154382,0.08802247041573474
2024-04-30,INTU,Technology,-0.07860985207816085,0.09329880613181518
2024-04-30,KLAC,Technology,0.10414391707755066,0.0953145403748268
2024-04-30,LRCX,Technology,0.042519539472575474,0.09870785642426087
2024-04-30,META,Technology,0.08522198045196405,0.09925642377793027
2024-04-30,MSFT,Technology,0.06819105762233146,0.08896979146821657
2024-04-30,MU,Technology,0.1065863606724804,0.07340731220278549
2024-04-30,NET,Technology,-0.22551485972956853,0.11807035508245443
2024-04-30,NOW,Technology,-0.05250024346321891,0.08995220424727905
2024-04-30,NVDA,Technology,0.2688708817850005,0.10225992604426559
2024-04-30,ORCL,Technology,0.03024165747439067,0.06582014047656048
2024-04-30,PANW,Technology,0.013819618451084814,0.09625608407763851
2024-04-30,QCOM,Technology,0.23537092617416921,0.10019490879243534
2024-04-30,SNPS,Technology,0.056936541224754444,0.08534782032515228
2024-04-30,TXN,Technology,0.11334052290662999,0.08519341347181227
2024-04-30,ACN,Technology,-0.06187874515701852,0.08894445524844691
2024-04-30,ADI,Technology,0.16888490645993492,0.08724061273898674
2024-04-30,ANET,Technology,0.16015745528882142,0.09702718509433156
2024-04-30,CGNX,Technology,0.09755929385277207,0.08364954154749535
2024-04-30,COHU,Technology,0.0633246043195157,0.07832318486676801
2024-04-30,CSCO,Technology,-0.010216951720560807,0.0754321552931117
2024-04-30,DELL,Technology,0.11970468717672178,0.03084040024599886
2024-04-30,ENTG,Technology,-0.04942837181844084,0.1017120424598807
2024-04-30,FORM,Technology,0.22718100545974806,0.0878773990301335
2024-04-30,HPQ,Technology,0.299395016464181,0.08523327398490284
2024-04-30,IBM,Technology,0.013876727795188337,0.08947284575125455
2024-04-30,IPGP,Technology,0.03274589057006683,0.08474176807273802
2024-04-30,KEYS,Technology,-0.06394488683082156,0.09388205685510081
2024-04-30,MCHP,Technology,0.06205432192496674,0.08390029378494193
2024-04-30,MKSI,Technology,0.06578465443186254,0.10784539505454839
2024-04-30,MPWR,Technology,0.09905391697371946,0.10857030543671371
2024-04-30,MRVL,Technology,0.043999371627198025,0.09081032392526057
2024-04-30,NXPI,Technology,0.062102302654659214,0.09678101369737113
2024-04-30,ONTO,Technology,0.16825699784794246,0.09589835642561255
2024-04-30,QRVO,Technology,-0.15790822942929983,0.09117153548131449
2024-04-30,STX,Technology,0.08532172873160171,0.08926457622793996
2024-04-30,SWKS,Technology,-0.12432733289876152,0.08653167112659824
2024-04-30,TER,Technology,0.212700448437666,0.08641494504661634
2024-04-30,VRSN,Technology,0.028558091099077254,0.07785732651768681
2024-04-30,WDC,Technology,0.06296778640455303,0.08219075013409144
2024-04-30,AXP,Financials,0.025509673091496765,0.10308940626349118
2024-04-30,BAC,Financials,0.08051893942952826,0.09485661963735045
2024-04-30,BK,Financials,0.0552310063568584,0.09612094120463867
2024-04-30,BLK,Financials,0.0230439121764916,0.09426994931642807
2024-04-30,C,Financials,0.024804910925404045,0.10096906051114202
2024-04-30,CFG,Financials,0.034593922115322195,0.09366169789200962
2024-04-30,CME,Financials,-0.03176869964594964,0.08267017758711333
2024-04-30,COF,Financials,-0.03638014553021385,0.09698139691849267
2024-04-30,FITB,Financials,0.02633011037020272,0.10032011272686507
2024-04-30,GS,Financials,0.07633441868970703,0.08700711732113209
2024-04-30,HBAN,Financials,0.0334075011063002,0.09452869477454941
2024-04-30,ICE,Financials,0.03991925266862251,0.09126893199756415
2024-04-30,JPM,Financials,0.05679540411132722,0.0917767112318639
2024-04-30,KEY,Financials,0.00598038178499305,0.1046092162478012
2024-04-30,MCO,Financials,0.07421752475409926,0.09079420701413765
2024-04-30,MS,Financials,0.0770585289413741,0.08510293717522834
2024-04-30,MTB,Financials,0.04993419068680427,0.08557296795353485
2024-04-30,PNC,Financials,0.02694761064383755,0.09125070411531641
2024-04-30,RF,Financials,0.004151530877010812,0.08906000716527
2024-04-30,SCHW,Financials,-0.005807051963418797,0.09278803027911417
2024-04-30,SPGI,Financials,0.030263741550987433,0.09102983920618211
2024-04-30,STT,Financials,0.0427643236460824,0.08550813053634349
2024-04-30,TFC,Financials,0.018775492871494714,0.0937406987894907
2024-04-30,USB,Financials,-0.001969257049110329,0.09902547813388397
2024-04-30,WFC,Financials,0.015921877737213208,0.0966280957748145
2024-04-30,AFL,Financials,0.08051851398084553,0.07863287620454643
2024-04-30,AJG,Financials,0.07942392005369259,0.0810909809666485
2024-04-30,ALL,Financials,-0.00941178007820287,0.09621726251536794
2024-04-30,AMTD,Financials,-0.03966479412621848,0.06536083159984432
2024-04-30,AON,Financials,-0.0013122390315445376,0.08104976592767647
2024-04-30,CB,Financials,0.0892051463138146,0.08458980582846454
2024-04-30,FDS,Financials,-0.027808439546591845,0.07949284814010202
2024-04-30,FNF,Financials,0.01737369872841632,0.08647526911656761
2024-04-30,GL,Financials,0.08651731451645794,0.08717348952964263
2024-04-30,HIG,Financials,0.06770560123132352,0.09278381333557101
2024-04-30,IBKR,Financials,0.09422276919182115,0.0933844791774659
2024-04-30,LPLA,Financials,0.06465658042268951,0.08330232565192995
2024-04-30,MET,Financials,0.026078503624657134,0.08815987833572134
2024-04-30,MSCI,Financials,0.06657933734137034,0.08774103608621292
2024-04-30,NDAQ,Financials,-0.013700973797625027,0.08528132880753095
2024-04-30,PGR,Financials,0.014069492349898072,0.09211709479381601
2024-04-30,PRU,Financials,0.10113758904488335,0.0858456794384225
2024-04-30,RJF,Financials,0.006147529393011553,0.08803495422297596
2024-04-30,SEIC,Financials,0.02668697968109579,0.08532959029415109
2024-04-30,SF,Financials,0.012887945125666711,0.09099135940568776
2024-04-30,SYF,Financials,0.0014400480292122708,0.09649931075623297
2024-04-30,TRV,Financials,0.01668543290526281,0.0952412760285735
2024-04-30,UNM,Financials,0.062327315125325855,0.07630229065447693
2024-04-30,WTW,Financials,0.01652465954250304,0.0954851837078111
2024-04-30,ABBV,Healthcare,-0.008607978420670181,0.0899185570956783
2024-04-30,ABT,Healthcare,-0.035670513126707215,0.09272967576822987
2024-04-30,AMGN,Healthcare,0.12441513443472019,0.07892224506061851
2024-04-30,BAX,Healthcare,-0.14817131213959234,0.08918048812788064
2024-04-30,BIIB,Healthcare,0.04710918337282166,0.07209900170478067
2024-04-30,BMY,Healthcare,-0.06486123024230017,0.07372290714700039
2024-04-30,BSX,Healthcare,0.05148179778549067,0.08812283581742975
2024-04-30,CI,Healthcare,-0.03478598009931522,0.08705661628100092
2024-04-30,CVS,Healthcare,-0.11977556321820537,0.08569354673825573
2024-04-30,DHR,Healthcare,0.04127790537229825,0.09153938465416563
2024-04-30,EW,Healthcare,0.026219455163722483,0.0886151539284189
2024-04-30,GILD,Healthcare,-0.014263832574847757,0.07640449466820667
2024-04-30,HUM,Healthcare,0.18547444712708816,0.06705750940137667
2024-04-30,ISRG,Healthcare,0.08499271602990532,0.09435162357938887
2024-04-30,JNJ,Healthcare,0.022584888126224945,0.08157057988897065
2024-04-30,LLY,Healthcare,0.05202709983298304,0.08581707098806675
2024-04-30,MDT,Healthcare,0.014082865765516539,0.08294837927698726
2024-04-30,MRK,Healthcare,-0.02847853033221559,0.08427099678298997
2024-04-30,PFE,Healthcare,0.13552747955191347,0.06715547214189621
2024-04-30,REGN,Healthcare,0.10048726937355923,0.08682589513891781
2024-04-30,SYK,Healthcare,0.01364057597506485,0.09207280841155112
2024-04-30,TMO,Healthcare,-0.0013010950415142108,0.08988830112516603
2024-04-30,UNH,Healthcare,0.024126520005823604,0.0740446650596615
2024-04-30,VRTX,Healthcare,0.15918637297404725,0.0849474875579775
2024-04-30,ZBH,Healthcare,-0.042650569486628265,0.08707839715063923
2024-04-30,A,Healthcare,-0.04837992802193314,0.09735184674917587
2024-04-30,ACAD,Healthcare,-0.09634941898345051,0.09658864606899414
2024-04-30,ALGN,Healthcare,-0.08913525388661958,0.0966758119479562
2024-04-30,ALKS,Healthcare,-0.04645481884541214,0.0860362078188528
2024-04-30,BDX,Healthcare,-0.011210527041324525,0.07575206117478665
2024-04-30,DGX,Healthcare,0.027428160749802588,0.0821817634386607
2024-04-30,DXCM,Healthcare,-0.06766624372307273,0.08809413177591036
2024-04-30,FOLD,Healthcare,-0.019018977451091046,0.08534705978566466
2024-04-30,HOLX,Healthcare,-0.026263665724362006,0.08453946090234883
2024-04-30,IDXX,Healthcare,0.008503130039710705,0.10449155530430525
2024-04-30,INSP,Healthcare,-0.3429198424239286,0.0834564004291639
2024-04-30,IQV,Healthcare,-0.054709443417294557,0.0978719466254037
2024-04-30,MASI,Healthcare,-0.07372965844880075,0.11708229547169784
2024-04-30,MTD,Healthcare,0.141815094391317,0.09015802250509843
2024-04-30,NBIX,Healthcare,-0.015486329271459875,0.0835361677763257
2024-04-30,NTRA,Healthcare,0.14696384506381532,0.13999675405452106
2024-04-30,NVCR,Healthcare,0.7982026667040656,0.08251506167595964
2024-04-30,PODD,Healthcare,0.03053390674336587,0.09912919409968543
2024-04-30,RARE,Healthcare,-0.05641752407680112,0.10467270559785719
2024-04-30,RMD,Healthcare,-0.03365030316533524,0.09556418763735436
2024-04-30,WAT,Healthcare,-0.00045306317811966146,0.09504880484072284
2024-04-30,AMZN,Consumer,0.00822858537946436,0.09294052207817183
2024-04-30,AZO,Consumer,-0.06306993880959066,0.0868780704191606
2024-04-30,BKNG,Consumer,0.09395051981957026,0.08501616086398776
2024-04-30,CMG,Consumer,-0.009520202465330807,0.09772848205961131
2024-04-30,COST,Consumer,0.12033464548784867,0.0892874643269767
2024-04-30,DG,Consumer,-0.016380504907081317,0.10725848332781765
2024-04-30,DLTR,Consumer,-0.0025370236935121637,0.10557767766980206
2024-04-30,DRI,Consumer,-0.019685925111678104,0.08951396244295588
2024-04-30,EBAY,Consumer,0.057349679929156405,0.0838741237237971
2024-04-30,HD,Consumer,0.008909905697805254,0.09154887761654952
2024-04-30,HLT,Consumer,0.01757503349385159,0.09452303474811194
2024-04-30,KR,Consumer,-0.049357488677092776,0.07095813435318704
2024-04-30,LOW,Consumer,-0.029387195500135466,0.08696560032978556
2024-04-30,LULU,Consumer,-0.13480314766047563,0.09417955581158005
2024-04-30,MAR,Consumer,-0.0183867118887604,0.08895233274016658
2024-04-30,MCD,Consumer,-0.05182385930897537,0.08587844058280146
2024-04-30,MGM,Consumer,0.01850911682694556,0.09388632037642457
2024-04-30,NKE,Consumer,0.030240679029546857,0.08909314039341173
2024-04-30,ORLY,Consumer,-0.04934571387556874,0.08527915980674527
2024-04-30,ROST,Consumer,0.07881110661810697,0.0927728220013786
2024-04-30,SBUX,Consumer,-0.08657903054780791,0.085996384998562
2024-04-30,TGT,Consumer,-0.02326387700287491,0.09107350797263768
2024-04-30,TJX,Consumer,0.09992411597355022,0.08072319470779522
2024-04-30,WMT,Consumer,0.11183848461017454,0.08090481163607868
2024-04-30,YUM,Consumer,-0.02226312674404296,0.08569649613074411
2024-04-30,BBY,Consumer,0.15181950852031711,0.09098311007280441
2024-04-30,CCL,Consumer,0.017543903881935163,0.10365231648220459
2024-04-30,CHDN,Consumer,0.0038758997539365403,0.0863592233984699
2024-04-30,CMCSA,Consumer,0.0503802393091326,0.07669696631205965
2024-04-30,CZR,Consumer,-0.007258467999673668,0.08534304114096596
2024-04-30,DIS,Consumer,-0.0647165488206477,0.10010352279540002
2024-04-30,DKNG,Consumer,-0.15471607537790144,0.0944226211336744
2024-04-30,F,Consumer,0.010479405847654943,0.08552595265068219
2024-04-30,FOX,Consumer,0.11366791401628107,0.07500269208158347
2024-04-30,GM,Consumer,0.010330037315634089,0.09673614562401713
2024-04-30,GRMN,Consumer,0.1341452879392695,0.09290799396707976
2024-04-30,H,Consumer,-0.00786553029441428,0.1034798647734003
2024-04-30,IHG,Consumer,0.03253695573974791,0.09681187029559038
2024-04-30,LVS,Consumer,0.01945359848883177,0.0953278837457531
2024-04-30,NCLH,Consumer,-0.12262154785776624,0.09592069937550705
2024-04-30,NFLX,Consumer,0.16522598292156743,0.106182794575235
2024-04-30,PENN,Consumer,0.05804105388963032,0.0778042907503565
2024-04-30,POOL,Consumer,0.006011517394764576,0.08857964065088964
2024-04-30,RCL,Consumer,0.057652373983425376,0.09444263275711916
2024-04-30,SIRI,Consumer,-0.032333506796986544,0.08940206163740338
2024-04-30,TSLA,Consumer,-0.02837187354253501,0.07825863779724873
2024-04-30,WBD,Consumer,0.11956516598370759,0.07739694414388601
2024-04-30,WYNN,Consumer,0.03791468187668512,0.08939063929078409
2024-04-30,APA,Energy,-0.028943927096919397,0.06866977559157657
2024-04-30,BA,Energy,0.05821022691630806,0.08983460282291689
2024-04-30,CAT,Energy,0.011806101093207566,0.09316340935141236
2024-04-30,COP,Energy,-0.06686032118787988,0.07288885054837119
2024-04-30,CVX,Energy,0.016549238096534857,0.07714050403251133
2024-04-30,DE,Energy,-0.04253854890407216,0.08150653522295867
2024-04-30,DVN,Energy,-0.04103182640735925,0.08030388219402868
2024-04-30,EOG,Energy,-0.05736789766431938,0.07666537259856535
2024-04-30,FDX,Energy,-0.02987233513447618,0.06865644849783065
2024-04-30,GD,Energy,0.044167279263063186,0.08963501096617184
2024-04-30,GE,Energy,0.02051655098033267,0.09167818395281103
2024-04-30,HAL,Energy,-0.020549699813292577,0.07245890599074988
2024-04-30,HON,Energy,0.05463875277553387,0.08305956829654765
2024-04-30,LMT,Energy,0.011636318089671027,0.0816801644012621
2024-04-30,MMM,Energy,0.044818752451263544,0.08086547932006347
2024-04-30,MPC,Energy,-0.02350376328950199,0.08175587197566561
2024-04-30,NOC,Energy,-0.06651908448672283,0.08017438270660668
2024-04-30,OXY,Energy,-0.05503471246692959,0.07558362780939237
2024-04-30,PSX,Energy,0.00020524813539601894,0.08536480358749654
2024-04-30,RTX,Energy,0.06834700253078907,0.09779933217881265
2024-04-30,SLB,Energy,-0.03348780031543863,0.07431217276010507
2024-04-30,UNP,Energy,-0.012701125222499776,0.09268747600169666
2024-04-30,UPS,Energy,-0.04748773690842478,0.08331476633824317
2024-04-30,VLO,Energy,-0.010274333609918918,0.07768531811966936
2024-04-30,XOM,Energy,-0.0004866325051338105,0.07551733390289496
2024-04-30,AME,Energy,-0.029085003186291813,0.092235553829891
2024-04-30,BE,Energy,0.46630723513195615,0.07561996692167132
2024-04-30,BKR,Energy,0.03315921686785983,0.07377120591927352
2024-04-30,CTRA,Energy,0.050229835754556085,0.07582977714061018
2024-04-30,EMR,Energy,0.04541837421547035,0.08786209887446259
2024-04-30,ENPH,Energy,0.17598380851146067,0.09363843112452187
2024-04-30,ETN,Energy,0.04897053610977142,0.09284429592329072
2024-04-30,FSLR,Energy,0.5414634433434593,0.07466904018742201
2024-04-30,FTV,Energy,-0.009950499879170405,0.08884012434168802
2024-04-30,GNRC,Energy,0.08274492089189156,0.09660780090141756
2024-04-30,HUBB,Energy,0.052866802957502124,0.08890781414682535
2024-04-30,MTDR,Energy,0.021686233625589635,0.08286015951290729
2024-04-30,PH,Energy,-0.021698993110152442,0.09784630507511606
2024-04-30,PLUG,Energy,0.44155844423925994,0.06008924394968935
2024-04-30,PR,Energy,-0.009404850892327898,0.0816727531439201
2024-04-30,ROK,Energy,-0.04515201180219075,0.08571113987190802
2024-04-30,ROP,Energy,0.04164534607813164,0.08236985697433548
2024-04-30,SM,Energy,0.04000825889156734,0.0830740902915469
2024-04-30,VRSK,Energy,0.15975399719779748,0.07793196197851661
2024-04-30,WMB,Energy,0.08211687061265005,0.08193685087037694
2024-04-30,XYL,Energy,0.08178286463255935,0.10342659061040704
2024-05-31,AAPL,Technology,0.09555251743217275,0.004617519202020512
2024-05-31,ADBE,Technology,0.2490780776808068,0.022653792984820696
2024-05-31,AMAT,Technology,0.0972197114524509,0.03339967989733579
2024-05-31,AMD,Technology,-0.0281005833081458,0.07247677772465713
2024-05-31,AVGO,Technology,0.2123203617043694,0.030122006697416583
2024-05-31,CDNS,Technology,0.07488387630270754,0.02439893099397151
2024-05-31,CRM,Technology,0.09665585017963974,0.03998344775502634
2024-05-31,CRWD,Technology,0.22163415703646283,0.04981947308968719
2024-05-31,FTNT,Technology,0.016014847738145654,0.03213157628404071
2024-05-31,GOOGL,Technology,0.05715389095358758,-0.002090898261346813
2024-05-31,INTC,Technology,0.003889728738131204,0.054984430884871566
2024-05-31,INTU,Technology,0.14011846647444748,0.016220785250582685
2024-05-31,KLAC,Technology,0.0855528329722306,0.021812627692207837
2024-05-31,LRCX,Technology,0.14413899859969415,0.042630380552328054
2024-05-31,META,Technology,0.08116589363527726,0.04624116638390674
2024-05-31,MSFT,Technology,0.07665067269241543,0.01531395433553804
2024-05-31,MU,Technology,0.052240038446510706,0.05272280490529399
2024-05-31,NET,Technology,0.2236666988268159,0.06269071600801694
2024-05-31,NOW,Technology,0.1974943885457232,0.022866932150726816
2024-05-31,NVDA,Technology,0.1269432400459276,0.06393773100355749
2024-05-31,ORCL,Technology,0.2048810009505455,0.02180463272018897
2024-05-31,PANW,Technology,0.14953716576546805,0.03095620312071989
2024-05-31,QCOM,Technology,-0.023866749057399383,0.03610575620721421
2024-05-31,SNPS,Technology,0.06109131688903102,0.017694257937873752
2024-05-31,TXN,Technology,-0.002461495014481896,0.005551851592407762
2024-05-31,ACN,Technology,0.07481656200559383,0.027900725600021534
2024-05-31,ADI,Technology,-0.022696317342249528,0.011203976124821224
2024-05-31,ANET,Technology,0.17749040206000055,0.03588196147606554
2024-05-31,CGNX,Technology,0.02724072607478445,0.04225510554187743
2024-05-31,COHU,Technology,0.026674837186149825,0.03639659205063021
2024-05-31,CSCO,Technology,0.021720208343184444,0.0043153293742552445
2024-05-31,DELL,Technology,-0.011822701493390264,0.031014646206012596
2024-05-31,ENTG,Technology,0.07162632551897596,0.0409827388839608
2024-05-31,FORM,Technology,0.10617685359984153,0.017191970468053087
2024-05-31,HPQ,Technology,-0.03320107205947831,0.020702635511661856
2024-05-31,IBM,Technology,0.036559684805131276,0.02862382004213671
2024-05-31,IPGP,Technology,-0.026980328337530057,0.04891311672574132
2024-05-31,KEYS,Technology,-0.012492748273496779,0.029683673993015962
2024-05-31,MCHP,Technology,-0.0589324918747417,0.011261014696969496
2024-05-31,MKSI,Technology,0.03151907079549554,0.07168987466701354
2024-05-31,MPWR,Technology,0.1186995313624255,0.0423460230098721
2024-05-31,MRVL,Technology,0.015840772650099755,0.05270750435674475
2024-05-31,NXPI,Technology,-0.007505734993298541,0.022315941239442375
2024-05-31,ONTO,Technology,0.013197972545586412,0.03477622272073223
2024-05-31,QRVO,Technology,0.17938816582344508,0.01710972895306335
2024-05-31,STX,Technology,0.11493521959955166,0.02644571157858917
2024-05-31,SWKS,Technology,0.15022674493434707,0.018081219785720252
2024-05-31,TER,Technology,0.052149912904709605,0.011971482284391516
2024-05-31,VRSN,Technology,0.019963215161174608,0.01703914364304278
2024-05-31,WDC,Technology,0.006375202241910349,0.03648456911431071
2024-05-31,AXP,Financials,-0.035208351674197336,0.02394470163358354
2024-05-31,BAC,Financials,0.0005473045102948326,0.025220506537887617
2024-05-31,BK,Financials,0.004697232963068343,0.01658036705693919
2024-05-31,BLK,Financials,0.026529651094876705,0.03017285535103307
2024-05-31,C,Financials,0.01845609544948701,0.036389158231182876
2024-05-31,CFG,Financials,0.02096922427571757,0.041704207832112164
2024-05-31,CME,Financials,-0.025871825003736082,-0.001113483120369206
2024-05-31,COF,Financials,0.005957769384246081,0.02437927571779777
2024-05-31,FITB,Financials,-0.015238720416368756,0.030484685091848
2024-05-31,GS,Financials,-0.009199935755238808,0.018216514632881188
2024-05-31,HBAN,Financials,-0.041146168107973,0.029765944365822333
2024-05-31,ICE,Financials,0.02572269427556506,0.019100927779115505
2024-05-31,JPM,Financials,-0.00182594127956337,0.021641441653710885
2024-05-31,KEY,Financials,-0.011134245307058865,0.04806711810920751
2024-05-31,MCO,Financials,0.06030383219277513,0.020451867664546694
2024-05-31,MS,Financials,-0.006643414331914621,0.02107332637871594
2024-05-31,MTB,Financials,0.00738754319898427,0.013736051858468918
2024-05-31,PNC,Financials,-0.012135403940636391,0.02708382230194656
2024-05-31,RF,Financials,0.04866569485875005,0.038329894030857
2024-05-31,SCHW,Financials,0.005594991438661712,0.023926362093744047
2024-05-31,SPGI,Financials,0.04325047223282552,0.01893469305298394
2024-05-31,STT,Financials,-0.02103448564674737,0.01393395892689809
2024-05-31,TFC,Financials,0.029138952551797326,0.024040346396390588
2024-05-31,USB,Financials,-0.008720428268461533,0.03535869959927885
2024-05-31,WFC,Financials,-0.008845119096861254,0.024976934799690025
2024-05-31,AFL,Financials,-0.006231464507282514,-0.0006347798075431801
2024-05-31,AJG,Financials,0.026052154359828883,0.005549128339041125
2024-05-31,ALL,Financials,-0.046919787747855324,0.015062436770569466
2024-05-31,AMTD,Financials,-0.02850495946017262,0.05278819122160895
2024-05-31,AON,Financials,0.04239454470980841,0.019868702558600997
2024-05-31,CB,Financials,-0.05485201502110293,0.008353033367642992
2024-05-31,FDS,Financials,0.009919515037362991,0.011141725813711905
2024-05-31,FNF,Financials,-0.008959498449025438,0.021053400199274097
2024-05-31,GL,Financials,-0.005799859562293119,0.013766698337537658
2024-05-31,HIG,Financials,-0.023694002594581876,0.021859227557534187
2024-05-31,IBKR,Financials,-0.02481723487645182,0.021455266526859727
2024-05-31,LPLA,Financials,-0.024143136633506868,0.0055678328806482436
2024-05-31,MET,Financials,-0.03012286177501311,0.01696372778408655
2024-05-31,MSCI,Financials,-0.027121408058740415,0.02777595863558372
2024-05-31,NDAQ,Financials,0.024992321439654575,0.017476257874753806
2024-05-31,PGR,Financials,-0.016431357164865767,0.01564965033252857
2024-05-31,PRU,Financials,-0.026256748365254823,0.018333349547615393
2024-05-31,RJF,Financials,0.007006110479243155,0.02181272223109074
2024-05-31,SEIC,Financials,-0.03781989324686885,0.023993227753808265
2024-05-31,SF,Financials,0.044952020094038536,0.017268499944996085
2024-05-31,SYF,Financials,0.07739732407120381,0.025513185974369204
2024-05-31,TRV,Financials,-0.05263056274480382,0.024369623360987018
2024-05-31,UNM,Financials,-0.05105836475653436,0.006359694399143185
2024-05-31,WTW,Financials,0.030266211860606518,0.015382130119306671
2024-05-31,ABBV,Healthcare,0.06375587322284315,0.022956751205905214
2024-05-31,ABT,Healthcare,0.01683141594911275,0.01974608770881148
2024-05-31,AMGN,Healthcare,0.02157924758151797,0.016743616939365585
2024-05-31,BAX,Healthcare,-0.018773925571558547,0.03788405875973712
2024-05-31,BIIB,Healthcare,0.03058595540206177,0.01997047875371677
2024-05-31,BMY,Healthcare,0.010708129207287254,0.03588400828973022
2024-05-31,BSX,Healthcare,0.019055213010737537,0.008374109598107481
2024-05-31,CI,Healthcare,-0.03682094800279512,0.011436761939032295
2024-05-31,CVS,Healthcare,-0.009060222792659611,0.023499459206189857
2024-05-31,DHR,Healthcare,-0.026019136288194855,0.007945135480531438
2024-05-31,EW,Healthcare,0.06306828628642447,0.04177658000591074
2024-05-31,GILD,Healthcare,0.08061901472659061,0.018106873235598394
2024-05-31,HUM,Healthcare,0.04591540621669643,0.023655480687901846
2024-05-31,ISRG,Healthcare,0.10626184100563218,0.034067452131580765
2024-05-31,JNJ,Healthcare,-0.0034769438846722345,0.01336460296342388
2024-05-31,LLY,Healthcare,0.10366415052591327,0.010410805425345716
2024-05-31,MDT,Healthcare,-0.024078988491262776,0.021430734035529527
2024-05-31,MRK,Healthcare,-0.007960671129171426,0.01178044519412185
2024-05-31,PFE,Healthcare,-0.023726443265656982,0.02508963768363959
2024-05-31,REGN,Healthcare,0.07230449408758477,0.019346858849473424
2024-05-31,SYK,Healthcare,-0.00011387020200970266,0.020567749842655306
2024-05-31,TMO,Healthcare,-0.02571085025983333,0.014758182008494797
2024-05-31,UNH,Healthcare,0.03240082226102725,-0.005335360776879978
2024-05-31,VRTX,Healthcare,0.029384646616643195,0.015871996150552438
2024-05-31,ZBH,Healthcare,-0.055395318285971884,0.03207515564635918
2024-05-31,A,Healthcare,-0.005981146982609209,0.029988930222912963
2024-05-31,ACAD,Healthcare,0.07615891321046053,0.05561267938042702
2024-05-31,ALGN,Healthcare,-0.06135064462320028,0.08387952608847042
2024-05-31,ALKS,Healthcare,0.02991456300645101,0.03301354148351026
2024-05-31,BDX,Healthcare,0.011494294938301675,0.011544755478048098
2024-05-31,DGX,Healthcare,-0.0358526487072055,-0.005820473167321687
2024-05-31,DXCM,Healthcare,-0.045381826572301165,0.044856476254034855
2024-05-31,FOLD,Healthcare,0.012244886043219827,0.03978883391307655
2024-05-31,HOLX,Healthcare,0.006370306702078832,0.01999051444363253
2024-05-31,IDXX,Healthcare,-0.019619679566358683,0.03584517343878063
2024-05-31,INSP,Healthcare,-0.15718869267851965,0.05774658895016341
2024-05-31,IQV,Healthcare,-0.034917130057760426,0.031288124882636714
2024-05-31,MASI,Healthcare,0.011566284669929816,0.09001482344830733
2024-05-31,MTD,Healthcare,-0.00462933299021373,0.037463467460561936
2024-05-31,NBIX,Healthcare,0.01669001141507498,0.008495906727396016
2024-05-31,NTRA,Healthcare,0.01652118798834068,0.0893124338368297
2024-05-31,NVCR,Healthcare,-0.221717447404277,0.11577967941277759
2024-05-31,PODD,Healthcare,0.1388904581029602,0.08094262258531368
2024-05-31,RARE,Healthcare,0.0239162705298952,0.03667132458147093
2024-05-31,RMD,Healthcare,-0.07226281819499258,0.014193705435645266
2024-05-31,WAT,Healthcare,-0.0607963714806361,0.037209926714780905
2024-05-31,AMZN,Consumer,0.09527316552932019,0.017389797552085782
2024-05-31,AZO,Consumer,0.07009543901931248,0.019591246420609918
2024-05-31,BKNG,Consumer,0.05144341960797516,0.02418138681021776
2024-05-31,CMG,Consumer,0.0009522359565614646,0.02030200878526442
2024-05-31,COST,Consumer,0.049512949974979126,0.021165499519039455
2024-05-31,DG,Consumer,-0.03418302859217892,0.06347961749636964
2024-05-31,DLTR,Consumer,-0.09478593127969048,0.046142641325810654
2024-05-31,DRI,Consumer,0.006184176658007301,0.015952395582011857
2024-05-31,EBAY,Consumer,-0.009221695894588988,0.022777771696602802
2024-05-31,HD,Consumer,0.027981095573824444,0.03358057771996687
2024-05-31,HLT,Consumer,0.08773682679022987,0.020670199537362474
2024-05-31,KR,Consumer,-0.04659146599747299,0.015552533339472784
2024-05-31,LOW,Consumer,-0.003750618136340478,0.030182027378930557
2024-05-31,LULU,Consumer,-0.042597450057163644,0.03044572293245301
2024-05-31,MAR,Consumer,0.04585376272143882,0.020449079241112646
2024-05-31,MCD,Consumer,-0.009252976522669876,0.0068296428165721245
2024-05-31,MGM,Consumer,0.10629824875283989,0.04836008844048264
2024-05-31,NKE,Consumer,-0.20395021930761992,0.02084118792655806
2024-05-31,ORLY,Consumer,0.09633954426551483,0.01858525739263895
2024-05-31,ROST,Consumer,0.042432586942979356,0.024011313124553575
2024-05-31,SBUX,Consumer,-0.02954373830779189,0.020025466201501536
2024-05-31,TGT,Consumer,-0.05199800095809215,0.05223755605754861
2024-05-31,TJX,Consumer,0.0678950755504737,0.008526921394447329
2024-05-31,WMT,Consumer,0.029653343223521977,0.001303264990054235
2024-05-31,YUM,Consumer,-0.03616366499807788,0.005608293759481476
2024-05-31,BBY,Consumer,0.003829511029892485,0.02224265448377792
2024-05-31,CCL,Consumer,0.2413792095678151,0.060339458228720666
2024-05-31,CHDN,Consumer,0.07799240862279477,0.01752449498843817
2024-05-31,CMCSA,Consumer,-0.021733588160916972,0.016162609410184128
2024-05-31,CZR,Consumer,0.11754781056660368,0.050163318547914754
2024-05-31,DIS,Consumer,-0.044461445241357866,0.040267456365176785
2024-05-31,DKNG,Consumer,0.08653563929405195,0.04763719982372147
2024-05-31,F,Consumer,0.03380061720871974,0.036672947856451435
2024-05-31,FOX,Consumer,0.002504720747735112,0.008616362256482662
2024-05-31,GM,Consumer,0.03539817420353342,0.03568799238552578
2024-05-31,GRMN,Consumer,-0.0009792589831286724,0.02500196813051992
2024-05-31,H,Consumer,0.030175680732748233,0.03961248211214251
2024-05-31,IHG,Consumer,0.043328427878781994,0.03240057948870021
2024-05-31,LVS,Consumer,-0.0173216390871479,0.038154714713500695
2024-05-31,NCLH,Consumer,0.13192773998380591,0.05372097702651084
2024-05-31,NFLX,Consumer,0.05183747804061012,0.032982959333284566
2024-05-31,PENN,Consumer,0.10628574916294653,0.05059320436886859
2024-05-31,POOL,Consumer,-0.15464187565895227,0.029379017802536298
2024-05-31,RCL,Consumer,0.07956392786248978,0.03566486252926217
2024-05-31,SIRI,Consumer,0.0035460460293610385,0.06493037867701563
2024-05-31,TSLA,Consumer,0.11118599982126098,0.018587956632545834
2024-05-31,WBD,Consumer,-0.09708734661641205,0.048945615726683114
2024-05-31,WYNN,Consumer,-0.05670329339302793,0.02871869531629915
2024-05-31,APA,Energy,-0.035702675553625274,0.027337614087396867
2024-05-31,BA,Energy,0.02477334542741927,0.04133064060454377
2024-05-31,CAT,Energy,-0.016010911938456385,0.04366425442032845
2024-05-31,COP,Energy,-0.01802894481008066,0.005423228723931325
2024-05-31,CVX,Energy,-0.036229308261657045,0.006187005928094801
2024-05-31,DE,Energy,0.0008895758042080093,0.01749714004877521
2024-05-31,DVN,Energy,-0.02678606798001526,0.012442096860477942
2024-05-31,EOG,Energy,0.010598236630870561,0.003339631872668858
2024-05-31,FDX,Energy,0.18711648209315457,0.020615453454508964
2024-05-31,GD,Energy,-0.03212471458680255,0.0052203448237193115
2024-05-31,GE,Energy,-0.037362138992228955,0.02392210436225826
2024-05-31,HAL,Energy,-0.07492094282559358,0.011576164342146887
2024-05-31,HON,Energy,0.05613529072153156,0.008777871308279771
2024-05-31,LMT,Energy,-0.00019269631047791336,-0.004356629226837737
2024-05-31,MMM,Energy,0.020471469642244777,0.010320280715073491
2024-05-31,MPC,Energy,-0.017722706688141354,0.03178119675990969
2024-05-31,NOC,Energy,-0.032876945176297134,-0.007189320980112036
2024-05-31,OXY,Energy,0.012223933273485255,0.0013006266183080914
2024-05-31,PSX,Energy,-0.006614466338672242,0.035590931822587865
2024-05-31,RTX,Energy,-0.06882480199914254,0.012428280716787836
2024-05-31,SLB,Energy,0.03466541210403773,0.02405248447488234
2024-05-31,UNP,Energy,-0.028176256167748437,0.007232453010417304
2024-05-31,UPS,Energy,-0.01497130834776117,0.021813035151322976
2024-05-31,VLO,Energy,-0.0024181086357051296,0.029870937312573728
2024-05-31,XOM,Energy,-0.01824990900958956,0.0069875285127226384
2024-05-31,AME,Energy,-0.015339041253858543,0.016697817287648336
2024-05-31,BE,Energy,-0.25,0.053247557518036975
2024-05-31,BKR,Energy,0.050477740165984164,0.008989097266815913
2024-05-31,CTRA,Energy,-0.06486693068115856,0.0033228370336343543
2024-05-31,EMR,Energy,-0.017831629352621947,0.020365978195227084
2024-05-31,ENPH,Energy,-0.22040658408985525,0.08579189883364607
2024-05-31,ETN,Energy,-0.05798403245998274,0.024079332936940603
2024-05-31,FSLR,Energy,-0.17037092062106007,0.04060584185377511
2024-05-31,FTV,Energy,-0.004567434431656525,0.026805304498560563
2024-05-31,GNRC,Energy,-0.10182735418455768,0.05450036846851285
2024-05-31,HUBB,Energy,-0.060196955922818596,0.04067094518807084
2024-05-31,MTDR,Energy,-0.0606777635939455,0.015582819201921554
2024-05-31,PH,Energy,-0.048370968171328466,0.029056750064119157
2024-05-31,PLUG,Energy,-0.30030030718050904,0.08410224005215468
2024-05-31,PR,Energy,-0.014643021809483736,0.02031531365023419
2024-05-31,ROK,Energy,0.06892383667742252,0.029796200164842086
2024-05-31,ROP,Energy,0.05800003553205135,0.008827731810929267
2024-05-31,SM,Energy,-0.1427721962523152,0.020669858388075908
2024-05-31,VRSK,Energy,0.0679305467660889,0.00738502281760005
2024-05-31,WMB,Energy,0.03572713414137363,0.004578058537048317
2024-05-31,XYL,Energy,-0.038221691977563976,0.022821524628386547
2024-06-30,AAPL,Technology,0.05441097107333026,-0.011661618231790856
2024-06-30,ADBE,Technology,-0.007002112840004848,0.015773421872574286
2024-06-30,AMAT,Technology,-0.1008093353867745,0.01871140587094172
2024-06-30,AMD,Technology,-0.10930281889207516,0.041330864424259206
2024-06-30,AVGO,Technology,0.0007910778254107687,0.023654830969420275
2024-06-30,CDNS,Technology,-0.13026806283636272,0.005423678917096129
2024-06-30,CRM,Technology,0.008179127683607179,0.02097648821454433
2024-06-30,CRWD,Technology,-0.3946605985647126,0.022972470191532327
2024-06-30,FTNT,Technology,-0.03700015804378631,0.03825660500806305
2024-06-30,GOOGL,Technology,-0.05824864955341702,0.011824116824172618
2024-06-30,INTC,Technology,-0.0074265350905735605,0.02831832337967703
2024-06-30,INTU,Technology,-0.013637897495592965,0.01054777852289464
2024-06-30,KLAC,Technology,-0.0017465320569289844,0.013805156044461371
2024-06-30,LRCX,Technology,-0.13486390106058743,0.01809345918539065
2024-06-30,META,Technology,-0.058288083509665634,0.027681365559546568
2024-06-30,MSFT,Technology,-0.0639891362666235,-0.00011046975868022127
2024-06-30,MU,Technology,-0.16432711659985133,0.03353429412311388
2024-06-30,NET,Technology,-0.06434868662596549,0.05268262909121835
2024-06-30,NOW,Technology,0.035237179252802786,0.009505426823725774
2024-06-30,NVDA,Technology,-0.05277651321929078,0.04811370952288406
2024-06-30,ORCL,Technology,-0.009605350653794087,0.00541062777638285
2024-06-30,PANW,Technology,-0.042122646435039934,0.021067953951316575
2024-06-30,QCOM,Technology,-0.0915254401983161,0.013199917025127262
2024-06-30,SNPS,Technology,-0.06174165695074696,-0.00042222852589610463
2024-06-30,TXN,Technology,0.054525353261078324,0.012129809926203008
2024-06-30,ACN,Technology,0.0944594439523001,0.018780916332989964
2024-06-30,ADI,Technology,0.01366873636912902,-0.00396768562239342
2024-06-30,ANET,Technology,-0.011213259159343791,0.013717914635769745
2024-06-30,CGNX,Technology,0.06116347118755838,0.027032596391837936
2024-06-30,COHU,Technology,-0.03353470556413385,0.021625276856710736
2024-06-30,CSCO,Technology,0.028522104840654983,0.010650286089377603
2024-06-30,DELL,Technology,-0.17283531246163908,0.04057306688858521
2024-06-30,ENTG,Technology,-0.12565209535336175,0.0253451684663098
2024-06-30,FORM,Technology,-0.11514947210588433,-0.002571901383941356
2024-06-30,HPQ,Technology,0.03055377946610749,-0.01335982750134717
2024-06-30,IBM,Technology,0.11095672037428383,0.013286506473964257
2024-06-30,IPGP,Technology,-0.04728045849777496,0.03699773008591446
2024-06-30,KEYS,Technology,0.020621625771252372,0.023010324294662342
2024-06-30,MCHP,Technology,-0.029726818002207223,0.006914074535134986
2024-06-30,MKSI,Technology,-0.03584016603297335,0.035164326111512975
2024-06-30,MPWR,Technology,0.05039687864804465,0.010113785390055478
2024-06-30,MRVL,Technology,-0.040976678982688974,0.02937240493224621
2024-06-30,NXPI,Technology,-0.022037234883413803,0.019989417016499336
2024-06-30,ONTO,Technology,-0.12871194580558432,0.020772567573900766
2024-06-30,QRVO,Technology,0.03240263794006348,0.029968673084441403
2024-06-30,STX,Technology,-0.010651645660508358,0.006787265665986333
2024-06-30,SWKS,Technology,0.0660537185493586,0.020612840717008217
2024-06-30,TER,Technology,-0.1155167962457766,0.019552535216918424
2024-06-30,VRSN,Technology,0.05179973736406707,0.005567289533380686
2024-06-30,WDC,Technology,-0.11508517564770182,0.025148775115268623
2024-06-30,AXP,Financials,0.09606445308356859,0.020032617103584498
2024-06-30,BAC,Financials,0.013578033888146601,0.008911124706911685
2024-06-30,BK,Financials,0.09469895331516764,0.004119785977303461
2024-06-30,BLK,Financials,0.11327029695859969,0.009138123635689365
2024-06-30,C,Financials,0.0223762427969032,0.020854278033615586
2024-06-30,CFG,Financials,0.19591765247104576,0.023996092021453946
2024-06-30,CME,Financials,-0.014699858707922786,-0.002655245255383125
2024-06-30,COF,Financials,0.09353591852030574,0.02200356587549478
2024-06-30,FITB,Financials,0.16031771406779627,0.02054143295923204
2024-06-30,GS,Financials,0.12537583885104686,0.01486780702991651
2024-06-30,HBAN,Financials,0.13429438208286726,0.014206610196213356
2024-06-30,ICE,Financials,0.10716639716087961,0.00329051213728874
2024-06-30,JPM,Financials,0.057941147909908564,0.009485393780927364
2024-06-30,KEY,Financials,0.13511585999248377,0.01984968827706432
2024-06-30,MCO,Financials,0.08445598005881694,0.0029171152785340236
2024-06-30,MS,Financials,0.07149253619899931,0.012807360509867579
2024-06-30,MTB,Financials,0.13748690716296852,0.007655927665220099
2024-06-30,PNC,Financials,0.1759421959747427,0.010168294157394439
2024-06-30,RF,Financials,0.11626750671915143,0.021182048472839915
2024-06-30,SCHW,Financials,-0.1153479527012432,0.016836185704854924
2024-06-30,SPGI,Financials,0.08683853271810249,0.003195204115799405
2024-06-30,STT,Financials,0.1590507838619042,0.0005572330860444605
2024-06-30,TFC,Financials,0.15032174612422056,0.015346216915702909
2024-06-30,USB,Financials,0.13047845961344517,0.013390400070595773
2024-06-30,WFC,Financials,-0.0008418703932643323,0.01893201407775959
2024-06-30,AFL,Financials,0.06796561067486095,-0.00725528645086785
2024-06-30,AJG,Financials,0.0932473270081573,-0.0065979372687844096
2024-06-30,ALL,Financials,0.07177744506883665,0.009741798937455873
2024-06-30,AMTD,Financials,-0.07784431052236152,0.06637010896061185
2024-06-30,AON,Financials,0.11897966930167914,0.0082058794686402
2024-06-30,CB,Financials,0.08068056783235167,-0.005826205919197778
2024-06-30,FDS,Financials,0.011805835965710276,0.005122581924024535
2024-06-30,FNF,Financials,0.12120604675402524,0.007306442478207048
2024-06-30,GL,Financials,0.13041774174044574,0.018130030497260658
2024-06-30,HIG,Financials,0.10324264844811126,0.006914710225881996
2024-06-30,IBKR,Financials,-0.027161395960200174,0.025061916522543567
2024-06-30,LPLA,Financials,-0.20687434660434478,0.002645938351731941
2024-06-30,MET,Financials,0.09488520815399015,0.0018653357233947357
2024-06-30,MSCI,Financials,0.12249082432992164,0.012479204029699658
2024-06-30,NDAQ,Financials,0.12313321507634312,0.00946567065930209
2024-06-30,PGR,Financials,0.031348889104972244,0.008087144114570117
2024-06-30,PRU,Financials,0.06937446579272044,0.0010703012177841163
2024-06-30,RJF,Financials,-0.05813580237202087,0.010369432660937379
2024-06-30,SEIC,Financials,0.04869375913645335,0.009860305495893716
2024-06-30,SF,Financials,0.05371370576956802,0.013799532576377864
2024-06-30,SYF,Financials,0.0762874553810784,0.022133844324311383
2024-06-30,TRV,Financials,0.0644241030733772,0.010860071733483192
2024-06-30,UNM,Financials,0.13453812348501892,0.004852869970188002
2024-06-30,WTW,Financials,0.0768291890372399,0.006208903392865948
2024-06-30,ABBV,Healthcare,0.09038244140479046,0.011913617280242018
2024-06-30,ABT,Healthcare,0.02494503515854518,0.012085999124183918
2024-06-30,AMGN,Healthcare,0.06407426083027135,-0.014814885011212923
2024-06-30,BAX,Healthcare,0.07085193457852124,0.03393447252339657
2024-06-30,BIIB,Healthcare,-0.0803209808803732,0.018572065368578437
2024-06-30,BMY,Healthcare,0.16260947230587042,0.027259125843274737
2024-06-30,BSX,Healthcare,-0.04064413447587667,0.010027887205808373
2024-06-30,CI,Healthcare,0.05475412484963815,0.01692435346148231
2024-06-30,CVS,Healthcare,0.033035739865674874,0.016939286040728606
2024-06-30,DHR,Healthcare,0.10898523450383268,0.005432319447891781
2024-06-30,EW,Healthcare,-0.3174191040132497,0.021446904295910688
2024-06-30,GILD,Healthcare,0.1085847091990193,0.011660381473643589
2024-06-30,HUM,Healthcare,-0.03222264799680041,0.011624554692849698
2024-06-30,ISRG,Healthcare,-0.000539554341148607,0.0093542174074542
2024-06-30,JNJ,Healthcare,0.07998066886007793,-0.0011696946826177806
2024-06-30,LLY,Healthcare,-0.11167683389099647,0.00917331061891474
2024-06-30,MDT,Healthcare,0.02045498122033451,0.006884646471462242
2024-06-30,MRK,Healthcare,-0.08618740470677055,0.012624223400907313
2024-06-30,PFE,Healthcare,0.10689803115146046,0.009639329245875622
2024-06-30,REGN,Healthcare,0.026792680906253974,-0.0024062575741097096
2024-06-30,SYK,Healthcare,-0.03761928555407035,0.007271036496351394
2024-06-30,TMO,Healthcare,0.10911401615817251,0.008512027899035697
2024-06-30,UNH,Healthcare,0.1313668637275387,-0.004904908368452154
2024-06-30,VRTX,Healthcare,0.05760368648592551,0.002227788200569526
2024-06-30,ZBH,Healthcare,0.02598352944490867,0.020966808021975543
2024-06-30,A,Healthcare,0.09282124038673478,0.017378930387769033
2024-06-30,ACAD,Healthcare,0.1704615666316105,0.05356694161160465
2024-06-30,ALGN,Healthcare,-0.03955592959733678,0.06456718122242318
2024-06-30,ALKS,Healthcare,0.1336099278998486,0.030903889595604493
2024-06-30,BDX,Healthcare,0.03144925631077555,0.009590591111306635
2024-06-30,DGX,Healthcare,0.04517797019050107,-0.0024228270987759794
2024-06-30,DXCM,Healthcare,-0.4018345269206671,0.02763647657277464
2024-06-30,FOLD,Healthcare,0.039314550435815665,0.026878972875412837
2024-06-30,HOLX,Healthcare,0.09912458734480212,0.00851429430575709
2024-06-30,IDXX,Healthcare,-0.022742234836265585,0.014587590487372529
2024-06-30,INSP,Healthcare,0.05394904820981439,0.09502939019290427
2024-06-30,IQV,Healthcare,0.1645383696766356,0.02127610064030362
2024-06-30,MASI,Healthcare,-0.1505478697548368,0.057724581715721826
2024-06-30,MTD,Healthcare,0.0883235186967799,-0.006833161401615558
2024-06-30,NBIX,Healthcare,0.02832867877638412,0.003345362478961991
2024-06-30,NTRA,Healthcare,-0.05448334542430433,0.042747030452287754
2024-06-30,NVCR,Healthcare,0.3292470270468284,0.10328760386206054
2024-06-30,PODD,Healthcare,-0.036917724655987305,0.04668014345440261
2024-06-30,RARE,Healthcare,0.09537718075855484,0.03429431824546226
2024-06-30,RMD,Healthcare,0.11404247373005227,0.033661669129926006
2024-06-30,WAT,Healthcare,0.15910659188955267,0.016018843605041154
2024-06-30,AMZN,Consumer,-0.032445041513381345,0.009913394900226722
2024-06-30,AZO,Consumer,0.057214614271662745,0.0155696090699892
2024-06-30,BKNG,Consumer,-0.06222127597763527,0.0031597248444037874
2024-06-30,CMG,Consumer,-0.1329609198431353,0.023808998116035162
2024-06-30,COST,Consumer,-0.03155290406104294,0.009414113523071702
2024-06-30,DG,Consumer,-0.08539388477713594,0.03579226836030221
2024-06-30,DLTR,Consumer,-0.02275920559686173,0.02562391989090326
2024-06-30,DRI,Consumer,-0.023496158067467188,0.008801130307897958
2024-06-30,EBAY,Consumer,0.03518247863026436,0.011134893053337199
2024-06-30,HD,Consumer,0.06948640539280904,0.01475922796820407
2024-06-30,HLT,Consumer,-0.016177901092007785,0.00859525078345692
2024-06-30,KR,Consumer,0.0915281986157408,0.01829717803139079
2024-06-30,LOW,Consumer,0.11902594265324873,0.020127770441306418
2024-06-30,LULU,Consumer,-0.13404756246601635,0.026803086258155757
2024-06-30,MAR,Consumer,-0.05985024794913851,0.012504675046939789
2024-06-30,MCD,Consumer,0.04143775751305623,0.003010619677931729
2024-06-30,MGM,Consumer,-0.033078250482266536,0.022212545587401402
2024-06-30,NKE,Consumer,-0.00676644427375539,0.010654370363433677
2024-06-30,ORLY,Consumer,0.06654924857441924,0.01471581011084834
2024-06-30,ROST,Consumer,-0.014382027276590437,-0.006912989464096641
2024-06-30,SBUX,Consumer,0.001284658305899189,0.008772494010013955
2024-06-30,TGT,Consumer,0.016009067762343676,0.022848293559601978
2024-06-30,TJX,Consumer,0.0265214679421939,-0.0048461540445225645
2024-06-30,WMT,Consumer,0.013734951243414839,-0.007213530466991556
2024-06-30,YUM,Consumer,0.002793237855514885,0.0017335378430104534
2024-06-30,BBY,Consumer,0.026456204316454457,-0.012970956276316854
2024-06-30,CCL,Consumer,-0.11004266231953674,0.0324572516052672
2024-06-30,CHDN,Consumer,0.02836665894134982,0.014392535249528195
2024-06-30,CMCSA,Consumer,0.06251330937095223,0.0040291256861076895
2024-06-30,CZR,Consumer,0.005284325002594237,0.020259537942413204
2024-06-30,DIS,Consumer,-0.052047192280682775,0.023732684621187137
2024-06-30,DKNG,Consumer,-0.031962207611485716,0.030614562621157075
2024-06-30,F,Consumer,-0.13716099139993654,0.031567830178089985
2024-06-30,FOX,Consumer,0.10649576562867602,-8.763786104252005e-05
2024-06-30,GM,Consumer,-0.0460612657461309,0.023794512431385015
2024-06-30,GRMN,Consumer,0.05112955254962803,-0.003315604558536585
2024-06-30,H,Consumer,-0.03021323796069675,0.022723964312895965
2024-06-30,IHG,Consumer,-0.043605435598611186,0.01546381768747862
2024-06-30,LVS,Consumer,-0.10350280973756487,0.019503724607449414
2024-06-30,NCLH,Consumer,-0.019159158744589067,0.04436544792093651
2024-06-30,NFLX,Consumer,-0.06894558957840613,0.012840399321994721
2024-06-30,PENN,Consumer,0.03150819647581882,-0.001563630125943568
2024-06-30,POOL,Consumer,0.21706348317932056,0.015346289221744866
2024-06-30,RCL,Consumer,-0.016997990906207017,0.019744083883232618
2024-06-30,SIRI,Consumer,0.21908113251820338,0.052358000940338184
2024-06-30,TSLA,Consumer,0.17278149180183244,0.029432834013803207
2024-06-30,WBD,Consumer,0.16263434838760782,0.028833415340765958
2024-06-30,WYNN,Consumer,-0.07463669616879598,0.014505703511182072
2024-06-30,APA,Energy,0.06778241331353274,0.024107747854538362
2024-06-30,BA,Energy,0.047195274193347014,0.021537894098656862
2024-06-30,CAT,Energy,0.04356035990590601,0.027796255064561626
2024-06-30,COP,Energy,-0.02780205699500693,0.00907731885685388
2024-06-30,CVX,Energy,0.025891877123187967,0.0018020846343481702
2024-06-30,DE,Energy,-0.004416153889909458,0.015797675531956025
2024-06-30,DVN,Energy,-0.007805871573856038,0.013381234392046287
2024-06-30,EOG,Energy,0.014407279429358821,0.008204389485022534
2024-06-30,FDX,Energy,0.008037885797072875,0.01178208330369232
2024-06-30,GD,Energy,0.034695057402098106,0.001142465442024513
2024-06-30,GE,Energy,0.07245432743281777,0.033366284823197104
2024-06-30,HAL,Energy,0.02664324171688981,0.010835459347829948
2024-06-30,HON,Energy,-0.04116323750476025,-0.0034920665207834913
2024-06-30,LMT,Energy,0.16017969571924429,-0.004305091696581161
2024-06-30,MMM,Energy,0.2481650472765129,0.013247113574661882
2024-06-30,MPC,Energy,0.020405934299273065,0.024159784085193085
2024-06-30,NOC,Energy,0.11095304981703968,0.0012524872866984983
2024-06-30,OXY,Energy,-0.035062630424540164,0.00829654078459612
2024-06-30,PSX,Energy,0.030530386095976247,0.019058441334476012
2024-06-30,RTX,Energy,0.17033586215358643,0.014098829553359437
2024-06-30,SLB,Energy,0.02352687405118825,0.020568714715346
2024-06-30,UNP,Energy,0.09047103917821775,0.006011710679950802
2024-06-30,UPS,Energy,-0.047351308405270354,0.019525803821624863
2024-06-30,VLO,Energy,0.03164061183188793,0.0208252339553612
2024-06-30,XOM,Energy,0.03014237154601962,0.003667481821661076
2024-06-30,AME,Energy,0.04060946977832747,0.00794186754170248
2024-06-30,BE,Energy,0.10620916789576906,0.005474170431768835
2024-06-30,BKR,Energy,0.10093851526275643,0.0024301118446523017
2024-06-30,CTRA,Energy,-0.03262086811995535,-0.005236882940485518
2024-06-30,EMR,Energy,0.06309002916099304,0.005381288861212679
2024-06-30,ENPH,Energy,0.15444791562812354,0.05014153256012195
2024-06-30,ETN,Energy,-0.02793811721812256,0.018859017958947892
2024-06-30,FSLR,Energy,-0.042003020219553044,0.007973099424171487
2024-06-30,FTV,Energy,-0.030364491894470214,0.01702917166659839
2024-06-30,GNRC,Energy,0.17743148720682922,0.027353688350988163
2024-06-30,HUBB,Energy,0.0825489011092646,0.019929324160226424
2024-06-30,MTDR,Energy,0.031543542028510396,0.010389037200952099
2024-06-30,PH,Energy,0.10942840511766416,0.014671743756618415
2024-06-30,PLUG,Energy,0.060085883900585335,0.05559450291684474
2024-06-30,PR,Energy,-0.05015472519435815,0.018193154979836444
2024-06-30,ROK,Energy,0.012242059479204315,0.026720374724654973
2024-06-30,ROP,Energy,-0.03225847166132756,-0.004995679076863442
2024-06-30,SM,Energy,0.07278838224884132,0.012778184844606931
2024-06-30,VRSK,Energy,-0.028937055495397934,-0.01715871337050687
2024-06-30,WMB,Energy,0.010352787680277142,-0.0018332079537788683
2024-06-30,XYL,Energy,-0.01570460714878874,0.012902341735865588
2024-07-31,AAPL,Technology,0.03235352625373222,0.07036981630027611
2024-07-31,ADBE,Technology,0.041257949285225415,0.05032617326058429
2024-07-31,AMAT,Technology,-0.06862379095575089,0.08828345319746522
2024-07-31,AMD,Technology,0.028239216166290326,0.0839121925751461
2024-07-31,AVGO,Technology,0.013318395587144094,0.06831239315222982
2024-07-31,CDNS,Technology,0.004744784414167036,0.07606513224678783
2024-07-31,CRM,Technology,-0.022797620286870046,0.0744530872999447
2024-07-31,CRWD,Technology,0.19537847367513606,0.06796138692944148
2024-07-31,FTNT,Technology,0.3216746704762812,0.08275758121174345
2024-07-31,GOOGL,Technology,-0.047569008468211216,0.08349751801722928
2024-07-31,INTC,Technology,-0.27847058573763883,0.06881112334321846
2024-07-31,INTU,Technology,-0.026399966829867783,0.07040485682040269
2024-07-31,KLAC,Technology,-0.002600758907016165,0.08570427534800477
2024-07-31,LRCX,Technology,-0.10879913859473589,0.08356956930191117
2024-07-31,META,Technology,0.09788767187274461,0.09008565020795795
2024-07-31,MSFT,Technology,-0.0010951808493806503,0.08157855507006244
2024-07-31,MU,Technology,-0.12365692787493521,0.09046842099836225
2024-07-31,NET,Technology,0.05987095986643154,0.08007579506254793
2024-07-31,NOW,Technology,0.049865504980948216,0.07213650532138886
2024-07-31,NVDA,Technology,0.020082053908597297,0.12449835327031733
2024-07-31,ORCL,Technology,0.013194673899779907,0.06919588560749372
2024-07-31,PANW,Technology,0.11698946493730289,0.07601408389825866
2024-07-31,QCOM,Technology,-0.031223958737445545,0.09490757465337175
2024-07-31,SNPS,Technology,-0.06938671322211554,0.07515040856271143
2024-07-31,TXN,Technology,0.051665807940208586,0.0880443015560883
2024-07-31,ACN,Technology,0.034268938445578545,0.061553759682523815
2024-07-31,ADI,Technology,0.01495366677131904,0.08914935719635703
2024-07-31,ANET,Technology,0.019708605772406074,0.08070513145016345
2024-07-31,CGNX,Technology,-0.18462733816585275,0.08553125903985705
2024-07-31,COHU,Technology,-0.15879962363402322,0.07673476818380422
2024-07-31,CSCO,Technology,0.04313735974466115,0.07440111439977261
2024-07-31,DELL,Technology,0.01636180184601921,0.10040499443566028
2024-07-31,ENTG,Technology,-0.02045807120877563,0.07967314838505819
2024-07-31,FORM,Technology,-0.08943242704836807,0.08707975816383251
2024-07-31,HPQ,Technology,0.002493831570452354,0.09438282494759774
2024-07-31,IBM,Technology,0.06119457005282425,0.07853026545539649
2024-07-31,IPGP,Technology,-0.14962684764905998,0.07526052464628413
2024-07-31,KEYS,Technology,0.10424867112867142,0.07861225255682155
2024-07-31,MCHP,Technology,-0.06946466577440535,0.08358161671816691
2024-07-31,MKSI,Technology,-0.0512631065349729,0.09288300399937721
2024-07-31,MPWR,Technology,0.08294609650436202,0.08716036418659073
2024-07-31,MRVL,Technology,0.138250166477214,0.0837472518464169
2024-07-31,NXPI,Technology,-0.025839910629691376,0.08774084680848596
2024-07-31,ONTO,Technology,0.11458441097366157,0.08947069531323301
2024-07-31,QRVO,Technology,-0.032637759286367585,0.07566748902456717
2024-07-31,STX,Technology,-0.025643512378682565,0.07409909237589775
2024-07-31,SWKS,Technology,-0.029179887499142354,0.0688570415463752
2024-07-31,TER,Technology,0.042467058579340744,0.09310508906218869
2024-07-31,VRSN,Technology,-0.016630104201991736,0.0705785668494914
2024-07-31,WDC,Technology,-0.021774620536922473,0.08946296629888713
2024-07-31,AXP,Financials,0.02217036265895178,0.09132751374313353
2024-07-31,BAC,Financials,0.01091555635799768,0.08793211831501346
2024-07-31,BK,Financials,0.048409498600142875,0.08186889403166239
2024-07-31,BLK,Financials,0.028876148856691097,0.07989319301058591
2024-07-31,C,Financials,-0.025235441133297565,0.08734827269014536
2024-07-31,CFG,Financials,0.008905616122354854,0.0833624968482488
2024-07-31,CME,Financials,0.11372667803101044,0.07410246067946773
2024-07-31,COF,Financials,-0.025186071321041337,0.0783225239823198
2024-07-31,FITB,Financials,0.008266400947339436,0.08245975929602505
2024-07-31,GS,Financials,0.008326866807556232,0.08392257551421832
2024-07-31,HBAN,Financials,0.0013378562657702098,0.08199315773969267
2024-07-31,ICE,Financials,0.06591442074297005,0.08052613099298929
2024-07-31,JPM,Financials,0.056391011558892146,0.08579266571310065
2024-07-31,KEY,Financials,0.07060481240454552,0.07824416259045001
2024-07-31,MCO,Financials,0.07042819211769968,0.07957345425228231
2024-07-31,MS,Financials,0.0038757295060427577,0.08482773006435229
2024-07-31,MTB,Financials,-0.00034846834780033475,0.08292593318203263
2024-07-31,PNC,Financials,0.022031993588506493,0.08029485559810913
2024-07-31,RF,Financials,0.04693772922302997,0.0802730689754588
2024-07-31,SCHW,Financials,0.0026118290149828027,0.08176571253780872
2024-07-31,SPGI,Financials,0.06073908870824041,0.07637869496337306
2024-07-31,STT,Financials,0.025067559613149104,0.07778095987352157
2024-07-31,TFC,Financials,0.007304173407012282,0.07830619550221733
2024-07-31,USB,Financials,0.05236179961714016,0.07907514883659436
2024-07-31,WFC,Financials,-0.007133899740102034,0.0837774102328364
2024-07-31,AFL,Financials,0.16260272187514446,0.07853513726664138
2024-07-31,AJG,Financials,0.03202944894772064,0.08081297625046414
2024-07-31,ALL,Financials,0.10955701732055001,0.0830365194336903
2024-07-31,AMTD,Financials,-0.1623376663588899,0.08858537311344566
2024-07-31,AON,Financials,0.048454200891468346,0.07967766775483144
2024-07-31,CB,Financials,0.030907727994985867,0.08358524843508808
2024-07-31,FDS,Financials,0.026157948407094622,0.06530084851278456
2024-07-31,FNF,Financials,0.06406781391139416,0.07649822095990218
2024-07-31,GL,Financials,0.13273665861825523,0.07099297527567607
2024-07-31,HIG,Financials,0.0467002390438247,0.08756791071991239
2024-07-31,IBKR,Financials,0.08278770955818415,0.10241374489086538
2024-07-31,LPLA,Financials,0.014265369169733422,0.08565556833603714
2024-07-31,MET,Financials,0.016348410711598094,0.08020953090079297
2024-07-31,MSCI,Financials,0.07671493296936593,0.07789832135475051
2024-07-31,NDAQ,Financials,0.06501173073161381,0.07813811815164978
2024-07-31,PGR,Financials,0.17784416903151956,0.08720972711722662
2024-07-31,PRU,Financials,-0.022215221836869414,0.08420575917282618
2024-07-31,RJF,Financials,0.030775948513829254,0.08164913438963438
2024-07-31,SEIC,Financials,-0.0030956059520158563,0.08194633199039245
2024-07-31,SF,Financials,-0.005977240402833539,0.07843849782414644
2024-07-31,SYF,Financials,-0.004905715089849938,0.07748664130910221
2024-07-31,TRV,Financials,0.05373318566966123,0.08284929763880414
2024-07-31,UNM,Financials,-0.03545967745836587,0.08605272807871639
2024-07-31,WTW,Financials,0.03482357229918431,0.08131709350511646
2024-07-31,ABBV,Healthcare,0.05930282647683671,0.07915433516276474
2024-07-31,ABT,Healthcare,0.06919000916179519,0.07313644958047079
2024-07-31,AMGN,Healthcare,0.011081894641503665,0.07682511319846184
2024-07-31,BAX,Healthcare,0.06729582661676625,0.08033984627718632
2024-07-31,BIIB,Healthcare,-0.03958725404416963,0.07295058423133874
2024-07-31,BMY,Healthcare,0.05025237063910537,0.07260853254842412
2024-07-31,BSX,Healthcare,0.10706556518914101,0.08891604774858176
2024-07-31,CI,Healthcare,0.03768590821081297,0.0869631613886429
2024-07-31,CVS,Healthcare,-0.05121843719444141,0.07231123220721924
2024-07-31,DHR,Healthcare,-0.0280424335773245,0.0824442646758664
2024-07-31,EW,Healthcare,0.10959555798615206,0.09039201584162979
2024-07-31,GILD,Healthcare,0.03865357991336138,0.057002126302288916
2024-07-31,HUM,Healthcare,-0.019744912681129212,0.07120888948015658
2024-07-31,ISRG,Healthcare,0.10800481571118903,0.08897442109394184
2024-07-31,JNJ,Healthcare,0.05871971609784277,0.07534604153570243
2024-07-31,LLY,Healthcare,0.1953218560171872,0.09367527312373534
2024-07-31,MDT,Healthcare,0.10283854889511335,0.07963449125679642
2024-07-31,MRK,Healthcare,0.04702559038431886,0.08284821743913014
2024-07-31,PFE,Healthcare,-0.05009814134455859,0.08091178500999185
2024-07-31,REGN,Healthcare,0.09775868287046285,0.0808848634496201
2024-07-31,SYK,Healthcare,0.10068722320045054,0.08518981294885188
2024-07-31,TMO,Healthcare,0.0028205538363716975,0.08340664994070845
2024-07-31,UNH,Healthcare,0.02436841165697312,0.06772246792297441
2024-07-31,VRTX,Healthcare,0.00034296261461252975,0.07961282459798658
2024-07-31,ZBH,Healthcare,0.03691063774448278,0.08035461784165039
2024-07-31,A,Healthcare,0.010749653078184318,0.07843531904748852
2024-07-31,ACAD,Healthcare,-0.12828603971256192,0.06491282834125452
2024-07-31,ALGN,Healthcare,0.023029136732118705,0.08824131908836325
2024-07-31,ALKS,Healthcare,0.041361679382789784,0.07397737066732263
2024-07-31,BDX,Healthcare,0.005600174250657064,0.07289846507998836
2024-07-31,DGX,Healthcare,0.10309212681441071,0.08065296711136652
2024-07-31,DXCM,Healthcare,0.02241221837077667,0.08525921025445916
2024-07-31,FOLD,Healthcare,0.12609109448599587,0.06943025569244447
2024-07-31,HOLX,Healthcare,-0.004533791738939197,0.0778565118608406
2024-07-31,IDXX,Healthcare,0.010942601672916163,0.08067943559700375
2024-07-31,INSP,Healthcare,0.27486709275883126,0.08745183923972864
2024-07-31,IQV,Healthcare,0.021605845821097702,0.08394842910682938
2024-07-31,MASI,Healthcare,0.09852302257802914,0.08745586219211365
2024-07-31,MTD,Healthcare,-0.05387801138947301,0.08751792133013502
2024-07-31,NBIX,Healthcare,-0.10249352980815118,0.07128463017181637
2024-07-31,NTRA,Healthcare,0.1549956327882005,0.11416367755460669
2024-07-31,NVCR,Healthcare,-0.14624505299782087,0.12695191664307942
2024-07-31,PODD,Healthcare,0.043323889398082294,0.0869383051050693
2024-07-31,RARE,Healthcare,0.2612171968449013,0.06823675007079341
2024-07-31,RMD,Healthcare,0.1517270725244637,0.09494875641699531
2024-07-31,WAT,Healthcare,0.029945305580983295,0.08003636131807089
2024-07-31,AMZN,Consumer,-0.0453524222981363,0.07938332772443221
2024-07-31,AZO,Consumer,0.015250404461219391,0.07654351674575964
2024-07-31,BKNG,Consumer,0.05227973783465112,0.07872648924949824
2024-07-31,CMG,Consumer,0.03240062861042636,0.0904151781741841
2024-07-31,COST,Consumer,0.085620249992018,0.084607734162955
2024-07-31,DG,Consumer,-0.31082316730844173,0.08836977964700475
2024-07-31,DLTR,Consumer,-0.19024342697731778,0.07787758906295707
2024-07-31,DRI,Consumer,0.08107178441999086,0.07267729359207094
2024-07-31,EBAY,Consumer,0.0676776714062346,0.08936612876764714
2024-07-31,HD,Consumer,0.007003075398558822,0.07757180613688369
2024-07-31,HLT,Consumer,0.023863320315017367,0.07879166728278744
2024-07-31,KR,Consumer,-0.017705181843468587,0.0845582901113777
2024-07-31,LOW,Consumer,0.012178653059362388,0.07902693694338804
2024-07-31,LULU,Consumer,0.0031315145253452137,0.05963603563716122
2024-07-31,MAR,Consumer,0.03545176519529347,0.07668904354870791
2024-07-31,MCD,Consumer,0.08764150253248926,0.07067444305252138
2024-07-31,MGM,Consumer,-0.12520365174025472,0.08102932513420202
2024-07-31,NKE,Consumer,0.11301085708961045,0.07477501261664501
2024-07-31,ORLY,Consumer,0.0032227848726325004,0.07586812482444763
2024-07-31,ROST,Consumer,0.0515253139411147,0.07585574025980224
2024-07-31,SBUX,Consumer,0.22054609511061996,0.07020195735205288
2024-07-31,TGT,Consumer,0.02932933360227019,0.0866483996938822
2024-07-31,TJX,Consumer,0.041183298865082874,0.07971838489946907
2024-07-31,WMT,Consumer,0.12835312629579287,0.08645966195435151
2024-07-31,YUM,Consumer,0.020802485444865404,0.07937432865768479
2024-07-31,BBY,Consumer,0.16042535049195128,0.08197176411070903
2024-07-31,CCL,Consumer,-0.009603829938369834,0.0736438967529188
2024-07-31,CHDN,Consumer,-0.03197262983567073,0.07920855507945847
2024-07-31,CMCSA,Consumer,-0.041192469871157544,0.07423039979636925
2024-07-31,CZR,Consumer,-0.05782231111830016,0.07374021065059724
2024-07-31,DIS,Consumer,-0.03532929239200833,0.08818460181746236
2024-07-31,DKNG,Consumer,-0.06630583795269585,0.07630792545193057
2024-07-31,F,Consumer,0.05030484576359795,0.08520610074292619
2024-07-31,FOX,Consumer,0.08467426443183279,0.0851898812004657
2024-07-31,GM,Consumer,0.12319505580212287,0.08975211912316015
2024-07-31,GRMN,Consumer,0.07030637583649813,0.09059473046967348
2024-07-31,H,Consumer,0.03220711389161135,0.08574698924806531
2024-07-31,IHG,Consumer,-0.002811137494885707,0.07946892736980864
2024-07-31,LVS,Consumer,-0.011921686641937379,0.07767771308756091
2024-07-31,NCLH,Consumer,-0.029300103450117243,0.07952589419603347
2024-07-31,NFLX,Consumer,0.11617733998760782,0.09295715229768681
2024-07-31,PENN,Consumer,-0.06760132801899055,0.05958485564138424
2024-07-31,POOL,Consumer,-0.05664987328738902,0.07925477962513466
2024-07-31,RCL,Consumer,0.05040831876652763,0.08495980365352693
2024-07-31,SIRI,Consumer,-0.03815838431927654,0.060606535201665576
2024-07-31,TSLA,Consumer,-0.07739046902676983,0.07022407515256895
2024-07-31,WBD,Consumer,-0.09364156088598885,0.07333905167538501
2024-07-31,WYNN,Consumer,-0.06866997424321508,0.08461561370012902
2024-07-31,APA,Energy,-0.08656632175582002,0.07150641080168728
2024-07-31,BA,Energy,-0.0884575029929161,0.06980523261328836
2024-07-31,CAT,Energy,0.028596260166472875,0.08767856672463359
2024-07-31,COP,Energy,0.030693634744505927,0.0742288315602455
2024-07-31,CVX,Energy,-0.06770216429637099,0.08023476122022681
2024-07-31,DE,Energy,0.03699127025850957,0.07636917814541186
2024-07-31,DVN,Energy,-0.04784166157772096,0.0795881110982808
2024-07-31,EOG,Energy,0.01593063642365955,0.07779338912759723
2024-07-31,FDX,Energy,-0.01151382392469169,0.058508029943441245
2024-07-31,GD,Energy,0.002175995211330939,0.07972112963024156
2024-07-31,GE,Energy,0.025969410158644513,0.09752388103736848
2024-07-31,HAL,Energy,-0.103518119054261,0.07867641929212858
2024-07-31,HON,Energy,0.02098979393759981,0.07535276394368129
2024-07-31,LMT,Energy,0.048309883557660305,0.07948081341244595
2024-07-31,MMM,Energy,0.061670677098057736,0.08481965821690159
2024-07-31,MPC,Energy,0.005398206677420303,0.08668374677685789
2024-07-31,NOC,Energy,0.08029824538312202,0.07333816321071057
2024-07-31,OXY,Energy,-0.06313706240410422,0.07413155403905486
2024-07-31,PSX,Energy,-0.027511323166135915,0.08118550704175674
2024-07-31,RTX,Energy,0.055409024956753594,0.09672287133073391
2024-07-31,SLB,Energy,-0.08904543541679333,0.0721400836922504
2024-07-31,UNP,Energy,0.043458519573665644,0.07673434879317399
2024-07-31,UPS,Energy,-0.0014055918500638365,0.07456166693530825
2024-07-31,VLO,Energy,-0.08664795003858106,0.08781394524151824
2024-07-31,XOM,Energy,0.002525640750070224,0.08292832804031189
2024-07-31,AME,Energy,-0.014007357899760153,0.07971728617374159
2024-07-31,BE,Energy,-0.12038405605858238,0.10398302066565739
2024-07-31,BKR,Energy,-0.08612292185350634,0.07432957095083843
2024-07-31,CTRA,Energy,-0.04863143427870498,0.07830151870088646
2024-07-31,EMR,Energy,-0.09552374754708082,0.08484008004452769
2024-07-31,ENPH,Energy,0.05151594365157619,0.09133250225971375
2024-07-31,ETN,Energy,0.010410006741558675,0.09004880841980388
2024-07-31,FSLR,Energy,0.05268757504792787,0.11421722990958787
2024-07-31,FTV,Energy,0.03549076831798259,0.08188703631843788
2024-07-31,GNRC,Energy,0.0054599572424560705,0.09949065926678964
2024-07-31,HUBB,Energy,0.013919974456158668,0.08616126855199333
2024-07-31,MTDR,Energy,-0.0740940653644383,0.08013015489042322
2024-07-31,PH,Energy,0.07253296520628738,0.08461734675452502
2024-07-31,PLUG,Energy,-0.23886640750792643,0.09245629540564082
2024-07-31,PR,Energy,-0.05841053093794013,0.08521193937249583
2024-07-31,ROK,Energy,-0.019007134581720653,0.0753287191738961
2024-07-31,ROP,Energy,0.017732887327098323,0.0759452278499454
2024-07-31,SM,Energy,-0.012337658657587292,0.08912570754691992
2024-07-31,VRSK,Energy,0.042292342438985386,0.08103833313748765
2024-07-31,WMB,Energy,0.06590624567670944,0.08235054071955272
2024-07-31,XYL,Energy,0.03292532581381247,0.09044501147009781
2024-08-31,AAPL,Technology,0.017467164558299997,0.013049047862370636
2024-08-31,ADBE,Technology,-0.09858802335489258,0.011479455682555068
2024-08-31,AMAT,Technology,0.02428261072918314,0.02813139045461776
2024-08-31,AMD,Technology,0.10446960505865421,0.02831718855758574
2024-08-31,AVGO,Technology,0.06293670629295578,0.0134392843205168
2024-08-31,CDNS,Technology,0.007808746367859998,0.009008987077127864
2024-08-31,CRM,Technology,0.08398467593868908,0.016875432085999422
2024-08-31,CRWD,Technology,0.011504625127849,0.05434945813950763
2024-08-31,FTNT,Technology,0.010950384269463376,0.027501398825288945
2024-08-31,GOOGL,Technology,0.016465209200042574,0.018441451584577873
2024-08-31,INTC,Technology,0.06442822640469648,0.023505011713970677
2024-08-31,INTU,Technology,-0.014692501054616058,0.002006663408891258
2024-08-31,KLAC,Technology,-0.05494065940829573,0.014441401813179187
2024-08-31,LRCX,Technology,-0.0029813185816631727,0.023627825361797417
2024-08-31,META,Technology,0.0991275019126705,0.01947320143613082
2024-08-31,MSFT,Technology,0.0315480785122606,0.011365334782720938
2024-08-31,MU,Technology,0.07761851284071897,0.04662682817583402
2024-08-31,NET,Technology,-0.015217920736404711,0.04168140035945293
2024-08-31,NOW,Technology,0.04607021041780879,-0.016439019546437776
2024-08-31,NVDA,Technology,0.017428115338762096,0.04878855877330668
2024-08-31,ORCL,Technology,0.20603010487961426,0.020080378265991905
2024-08-31,PANW,Technology,-0.057675378686948275,0.016341532586324224
2024-08-31,QCOM,Technology,-0.024935495656075557,0.028686595209507643
2024-08-31,SNPS,Technology,-0.025385892466155968,0.0032193550257550788
2024-08-31,TXN,Technology,-0.03625069580839435,0.009188426974506924
2024-08-31,ACN,Technology,0.03371845746132274,0.0017827920268219631
2024-08-31,ADI,Technology,-0.016031057907814006,0.013487930702206066
2024-08-31,ANET,Technology,0.08613957219085089,0.005576523989053485
2024-08-31,CGNX,Technology,0.002971701975115426,0.0300031403519879
2024-08-31,COHU,Technology,-0.044964663371747315,0.026960421585774587
2024-08-31,CSCO,Technology,0.053027195850102515,0.005796083953293523
2024-08-31,DELL,Technology,0.025964979685640044,0.05947560748386121
2024-08-31,ENTG,Technology,-0.02882555272325049,0.022525643617309774
2024-08-31,FORM,Technology,-0.05679722025351586,0.03578881728387803
2024-08-31,HPQ,Technology,-0.0003249183722227045,0.024541149131067815
2024-08-31,IBM,Technology,0.0937514227358287,-0.006366031141158048
2024-08-31,IPGP,Technology,0.08702642546755834,0.03632044292715357
2024-08-31,KEYS,Technology,0.03120943233184237,0.008577218186047258
2024-08-31,MCHP,Technology,-0.022760603084187814,0.010786312122246199
2024-08-31,MKSI,Technology,-0.08823288257292661,0.029026396987805216
2024-08-31,MPWR,Technology,-0.009553015981626944,0.013881460781181753
2024-08-31,MRVL,Technology,-0.05403980024936139,0.01874908911404251
2024-08-31,NXPI,Technology,-0.059647442623200875,0.02043745800540167
2024-08-31,ONTO,Technology,-0.026545369241653516,0.029114151539754465
2024-08-31,QRVO,Technology,-0.1086374700508903,0.018064209019973073
2024-08-31,STX,Technology,0.10765382831908221,0.01117824614907193
2024-08-31,SWKS,Technology,-0.09873150371683248,0.00958297925674441
2024-08-31,TER,Technology,-0.01955015090739387,0.04069164333660303
2024-08-31,VRSN,Technology,0.03295269058390149,0.001227871999079727
2024-08-31,WDC,Technology,0.04116469804914602,0.02201625652828499
2024-08-31,AXP,Financials,0.04852101536270115,0.00599334318124368
2024-08-31,BAC,Financials,-0.019909313724773336,0.01132785781669323
2024-08-31,BK,Financials,0.05335671746541126,-0.0049297515304246725
2024-08-31,BLK,Financials,0.059124472462748656,0.002876250743616476
2024-08-31,C,Financials,-0.0006385961522630268,0.008995462158285538
2024-08-31,CFG,Financials,-0.045992975985652995,0.012513000521497796
2024-08-31,CME,Financials,0.028120946264948765,0.0013597909605866584
2024-08-31,COF,Financials,0.019056740290744667,-0.0009471142794200242
2024-08-31,FITB,Financials,0.012235990092306581,0.00702430376583992
2024-08-31,GS,Financials,-0.02967179373418516,0.008958813817049731
2024-08-31,HBAN,Financials,-0.007528368873640723,0.005144255809870449
2024-08-31,ICE,Financials,-0.00285210258355606,0.0006096400918399088
2024-08-31,JPM,Financials,-0.06201077809096989,0.006573857788958765
2024-08-31,KEY,Financials,-0.01817087513418203,0.0059481228222882515
2024-08-31,MCO,Financials,-0.02696108527677399,0.0024519638430973833
2024-08-31,MS,Financials,0.006080537113597462,0.011289519909540338
2024-08-31,MTB,Financials,0.043101261005252134,0.00802976971190994
2024-08-31,PNC,Financials,-0.0012965165015010882,0.002390501123060341
2024-08-31,RF,Financials,0.00690545077938598,0.011344937945428367
2024-08-31,SCHW,Financials,-0.0044545983551811386,0.02229473230932286
2024-08-31,SPGI,Financials,0.0065856618094826125,0.001041958203412862
2024-08-31,STT,Financials,0.015729166166598363,-0.007657182617586824
2024-08-31,TFC,Financials,-0.03801184168261984,0.0058681328503791316
2024-08-31,USB,Financials,-0.02099638279172711,0.0005025095296563795
2024-08-31,WFC,Financials,-0.03386356102806232,0.007570359727995638
2024-08-31,AFL,Financials,0.013048275873878135,-0.0034836475601911117
2024-08-31,AJG,Financials,-0.03632509879370582,0.0004886139327939486
2024-08-31,ALL,Financials,0.0037578543561891387,-0.002875852622216797
2024-08-31,AMTD,Financials,0.09302326226118396,0.07270420748722964
2024-08-31,AON,Financials,0.006604242768615709,-0.007875353678564644
2024-08-31,CB,Financials,0.018024917693356013,-0.004321780222178471
2024-08-31,FDS,Financials,0.0875271289266617,-0.0010759157049087323
2024-08-31,FNF,Financials,0.060991783684442025,-0.005892489686633168
2024-08-31,GL,Financials,0.008186701227315796,0.022341954294956064
2024-08-31,HIG,Financials,0.01712358267460523,-0.0045281080233688965
2024-08-31,IBKR,Financials,0.08123193428284092,0.02354365211652372
2024-08-31,LPLA,Financials,0.036952730366861974,0.020240966077824798
2024-08-31,MET,Financials,0.06453269039531873,-0.0036627530266692306
2024-08-31,MSCI,Financials,0.004030294993074612,-0.007578215140806276
2024-08-31,NDAQ,Financials,0.01626334781329497,-0.00615075359535271
2024-08-31,PGR,Financials,0.006185505085067433,-0.0013219550323536298
2024-08-31,PRU,Financials,-0.0004952670189198871,0.005295948774790187
2024-08-31,RJF,Financials,0.024169908586327393,0.006619185044997514
2024-08-31,SEIC,Financials,0.023066779593445164,0.0024476048511650715
2024-08-31,SF,Financials,0.07045154094620476,0.003561696220465649
2024-08-31,SYF,Financials,-0.007560732777958656,0.014663239385443673
2024-08-31,TRV,Financials,0.03101699996861451,-0.0018463853604599074
2024-08-31,UNM,Financials,0.07118391146191416,-0.004339344408402137
2024-08-31,WTW,Financials,0.011321544114252458,-0.0034962686724962257
2024-08-31,ABBV,Healthcare,0.005960032654326097,-0.0025159583243854373
2024-08-31,ABT,Healthcare,0.00653321145630148,0.001804100011527806
2024-08-31,AMGN,Healthcare,-0.03480796154181842,1.1654048756838675e-05
2024-08-31,BAX,Healthcare,0.0007906826882593254,0.00954071437839039
2024-08-31,BIIB,Healthcare,-0.05333072114621862,0.01603859813137587
2024-08-31,BMY,Healthcare,0.03583574885392071,8.027208083465423e-05
2024-08-31,BSX,Healthcare,0.024575157277555215,0.007253449676973408
2024-08-31,CI,Healthcare,-0.03879889332490005,0.00804551363016909
2024-08-31,CVS,Healthcare,0.09853252862016593,0.012716346233162677
2024-08-31,DHR,Healthcare,0.03334952996741847,-0.0028532334822201737
2024-08-31,EW,Healthcare,-0.05674673059828916,0.03999767471512089
2024-08-31,GILD,Healthcare,0.07118407038656938,0.0011449941244160537
2024-08-31,HUM,Healthcare,-0.10395924344829799,0.02921060690166425
2024-08-31,ISRG,Healthcare,-0.0027607247947963875,0.0003723752023416897
2024-08-31,JNJ,Healthcare,-0.022910893880272343,-0.004110316192877092
2024-08-31,LLY,Healthcare,-0.07716507662782679,0.02942273565482055
2024-08-31,MDT,Healthcare,0.024385879699568624,-0.0023089936196343183
2024-08-31,MRK,Healthcare,-0.034868939248553055,0.00924102874210648
2024-08-31,PFE,Healthcare,-0.0024130920673210987,0.014792874160205485
2024-08-31,REGN,Healthcare,-0.11264555065495263,0.0024704195558771513
2024-08-31,SYK,Healthcare,0.0045611252238857425,0.001620128617452015
2024-08-31,TMO,Healthcare,0.006329469610829808,-0.0021323414376416203
2024-08-31,UNH,Healthcare,-0.005840008425240573,-0.010130177629445493
2024-08-31,VRTX,Healthcare,-0.06213076925538563,0.004755175774245855
2024-08-31,ZBH,Healthcare,-0.06296607636516172,0.009756790899007323
2024-08-31,A,Healthcare,0.03890289527337565,0.008579460059701163
2024-08-31,ACAD,Healthcare,-0.07237634588582709,0.035274724367679644
2024-08-31,ALGN,Healthcare,0.0720850097610708,0.04696821882130605
2024-08-31,ALKS,Healthcare,-0.01616875147576491,0.008249991990299887
2024-08-31,BDX,Healthcare,-0.0013264278138732655,0.007926199207111673
2024-08-31,DGX,Healthcare,-0.010957653304710102,0.0012379266550853404
2024-08-31,DXCM,Healthcare,-0.0331698232453822,0.05122626107444305
2024-08-31,FOLD,Healthcare,-0.08010330568499158,0.026800077208321144
2024-08-31,HOLX,Healthcare,0.0027080407002477713,-0.003914613329230137
2024-08-31,IDXX,Healthcare,0.04963333952776838,0.01662758161681914
2024-08-31,INSP,Healthcare,0.17367364284014752,0.04899465496547727
2024-08-31,IQV,Healthcare,-0.0579606505830762,-0.0005039696996410083
2024-08-31,MASI,Healthcare,0.13453034070454128,0.03073923517452401
2024-08-31,MTD,Healthcare,0.04212413275727944,0.010988923081710303
2024-08-31,NBIX,Healthcare,-0.0931842953359936,-0.003296555866699042
2024-08-31,NTRA,Healthcare,0.07348211276033312,0.04660232695883504
2024-08-31,NVCR,Healthcare,-0.19598767052201604,0.07182209941701113
2024-08-31,PODD,Healthcare,0.1478522222017371,0.052467676869486446
2024-08-31,RARE,Healthcare,-0.021662549642125217,0.01842590385663588
2024-08-31,RMD,Healthcare,-0.0036732590565287104,0.009743463198324654
2024-08-31,WAT,Healthcare,0.03909342660982973,0.0033267855389538716
2024-08-31,AMZN,Consumer,0.043865556476496925,0.012490964681474218
2024-08-31,AZO,Consumer,-0.009882174836636115,0.0012511641433476071
2024-08-31,BKNG,Consumer,0.07997960201170451,0.01225738326224189
2024-08-31,CMG,Consumer,0.0274607177344508,0.027406378012388752
2024-08-31,COST,Consumer,-0.006566643568764685,0.010604870052615574
2024-08-31,DG,Consumer,0.01928420224596783,0.03242324297052903
2024-08-31,DLTR,Consumer,-0.1677121378532026,0.025284034245440613
2024-08-31,DRI,Consumer,0.037812421886573855,0.00572596330323891
2024-08-31,EBAY,Consumer,0.10169207710733463,0.014214448235252853
2024-08-31,HD,Consumer,0.09959285292343356,0.003510402129345053
2024-08-31,HLT,Consumer,0.049444712227971754,0.00659216893449896
2024-08-31,KR,Consumer,0.07686525269854205,0.006794483482950963
2024-08-31,LOW,Consumer,0.0899397444996135,0.005853931876398892
2024-08-31,LULU,Consumer,0.04578565856138206,0.030057477645606616
2024-08-31,MAR,Consumer,0.05926968932900878,0.0035277630158270304
2024-08-31,MCD,Consumer,0.06104724700865671,-0.003623436748187079
2024-08-31,MGM,Consumer,0.039904229686381854,0.018271506028777414
2024-08-31,NKE,Consumer,0.06570234961679144,0.0249513556940014
2024-08-31,ORLY,Consumer,0.019142119955907644,-0.001147144196447552
2024-08-31,ROST,Consumer,0.0017809753134911954,0.004623573585193467
2024-08-31,SBUX,Consumer,0.030876544477185686,0.006640261416577524
2024-08-31,TGT,Consumer,0.014581323787336897,0.02104087943529466
2024-08-31,TJX,Consumer,0.002302400990131792,0.006350203129587825
2024-08-31,WMT,Consumer,0.04557795125429931,0.008581728102695805
2024-08-31,YUM,Consumer,0.03550257914922761,0.0022218036270835392
2024-08-31,BBY,Consumer,0.038740333995914256,0.0178336584497077
2024-08-31,CCL,Consumer,0.1199999117402637,0.029515297025832436
2024-08-31,CHDN,Consumer,-0.027056276936638368,0.00466642079497945
2024-08-31,CMCSA,Consumer,0.05559786085614182,-0.00278045746074004
2024-08-31,CZR,Consumer,0.10892673632576955,0.02369229320853216
2024-08-31,DIS,Consumer,0.06428414794245563,0.023965477873316127
2024-08-31,DKNG,Consumer,0.13623190617215797,0.02739482266180992
2024-08-31,F,Consumer,-0.056300305059050704,0.029659532286459307
2024-08-31,FOX,Consumer,0.016847047814178895,0.004735243313668008
2024-08-31,GM,Consumer,-0.09698613550280377,0.021412594845559116
2024-08-31,GRMN,Consumer,-0.035651877093970996,0.022577542261244685
2024-08-31,H,Consumer,0.0018429540784390408,0.01740180543629828
2024-08-31,IHG,Consumer,0.09929355894851288,0.009793025283714164
2024-08-31,LVS,Consumer,0.29110015271760803,0.02856124166947069
2024-08-31,NCLH,Consumer,0.14645058293011415,0.0314216188930107
2024-08-31,NFLX,Consumer,0.011292504352621968,0.01931767025518244
2024-08-31,PENN,Consumer,0.012889353399623493,0.02079738196020298
2024-08-31,POOL,Consumer,0.0716114731791544,-0.005245434449926326
2024-08-31,RCL,Consumer,0.07990823481063569,0.02484180618213056
2024-08-31,SIRI,Consumer,-0.28115507519019367,0.0074295627760549085
2024-08-31,TSLA,Consumer,0.22194201175563166,0.01808992559988013
2024-08-31,WBD,Consumer,0.05229589788678424,0.02839406353456456
2024-08-31,WYNN,Consumer,0.24713832358186916,0.02000975965988062
2024-08-31,APA,Energy,-0.14145306782801725,0.022740379051007176
2024-08-31,BA,Energy,-0.12489934108978173,0.025243314818464174
2024-08-31,CAT,Energy,0.09834294785101383,0.010447072784715633
2024-08-31,COP,Energy,-0.07478705281090292,0.013465426393816503
2024-08-31,CVX,Energy,-0.004596077740655291,0.0027394421347969825
2024-08-31,DE,Energy,0.08571261661513652,0.006851524562376872
2024-08-31,DVN,Energy,-0.11668193024829832,0.016264944744049638
2024-08-31,EOG,Energy,-0.04572266033847128,0.006558363754708503
2024-08-31,FDX,Energy,-0.07948946490739162,0.01887423730836972
2024-08-31,GD,Energy,0.009486944273640496,-0.004197108588919137
2024-08-31,GE,Energy,0.08154454870046068,0.017606472028840626
2024-08-31,HAL,Energy,-0.06026390055641251,0.009404695342378477
2024-08-31,HON,Energy,-0.005771878685119303,0.0037618478008823487
2024-08-31,LMT,Energy,0.03471100731327703,-0.0024097476248751797
2024-08-31,MMM,Energy,0.014923156722985276,-0.010086600793179641
2024-08-31,MPC,Energy,-0.08022812452850514,0.015481939419989384
2024-08-31,NOC,Energy,0.013278324577666423,-0.012401245537728266
2024-08-31,OXY,Energy,-0.09164239423678344,0.011830918645916939
2024-08-31,PSX,Energy,-0.06314572027496101,0.0070815489495631
2024-08-31,RTX,Energy,-0.01767462523503749,-0.002558949150271928
2024-08-31,SLB,Energy,-0.04013220556855657,0.016276979447782978
2024-08-31,UNP,Energy,-0.03752590713282433,-0.004799107736569965
2024-08-31,UPS,Energy,0.060598897082065006,0.02234778688555171
2024-08-31,VLO,Energy,-0.0797383471643438,0.010951931664035235
2024-08-31,XOM,Energy,-0.006104857177161693,0.0042883262849872286
2024-08-31,AME,Energy,0.005539344631944498,0.004042994667330135
2024-08-31,BE,Energy,-0.11335007935275065,0.04683374501884348
2024-08-31,BKR,Energy,0.027864812218070023,0.0071576849540516095
2024-08-31,CTRA,Energy,-0.01561860237875301,0.011492404790113772
2024-08-31,EMR,Energy,0.037764604028839965,0.010143580198751334
2024-08-31,ENPH,Energy,-0.06625912270157719,0.029306688696448327
2024-08-31,ETN,Energy,0.07985551950814873,0.012669973457355531
2024-08-31,FSLR,Energy,0.09706648985431765,0.0673355417186873
2024-08-31,FTV,Energy,0.062044518528406645,0.008143921661842852
2024-08-31,GNRC,Energy,0.01501313564072193,0.02714583939231037
2024-08-31,HUBB,Energy,0.0710890914656872,0.00857874229391187
2024-08-31,MTDR,Energy,-0.12870250038568354,0.012570801118109029
2024-08-31,PH,Energy,0.05268232924831673,0.0018414119141117284
2024-08-31,PLUG,Energy,0.20212765755077022,0.0757590202583712
2024-08-31,PR,Energy,-0.04424153511766715,0.02151954964368921
2024-08-31,ROK,Energy,-0.01312359881175218,0.0213696030088062
2024-08-31,ROP,Energy,0.003661517460405994,0.0010196577240514475
2024-08-31,SM,Energy,-0.12404126107422198,0.021588053830294055
2024-08-31,VRSK,Energy,-0.016390044030757167,0.010864932828851363
2024-08-31,WMB,Energy,0.007996681027220731,0.011212322863075812
2024-08-31,XYL,Energy,-0.018177997719122096,0.016053844952433245
2024-09-30,AAPL,Technology,-0.030429190422614383,0.09270068269243274
2024-09-30,ADBE,Technology,-0.0766735688483785,0.0838193353739224
2024-09-30,AMAT,Technology,-0.10131145661102536,0.07668969821688748
2024-09-30,AMD,Technology,-0.12195267115756903,0.06574664359672477
2024-09-30,AVGO,Technology,-0.01582608179390299,0.08145327282485518
2024-09-30,CDNS,Technology,0.018780195405732503,0.06631640815431727
2024-09-30,CRM,Technology,0.06452088868304595,0.07363935577718876
2024-09-30,CRWD,Technology,0.05847325498308509,0.07442799837057157
2024-09-30,FTNT,Technology,0.014313353535405193,0.038135688163090556
2024-09-30,GOOGL,Technology,0.03171519855704896,0.08902783746487582
2024-09-30,INTC,Technology,-0.08269389183365317,0.06321600091271201
2024-09-30,INTU,Technology,-0.015583124020347006,0.07759962620821459
2024-09-30,KLAC,Technology,-0.1396934086670486,0.07689351641190235
2024-09-30,LRCX,Technology,-0.08893746281157744,0.07542743410707595
2024-09-30,META,Technology,-0.008490066638103921,0.07342910447326044
2024-09-30,MSFT,Technology,-0.05565877764493443,0.07931227007068495
2024-09-30,MU,Technology,-0.03806581780718976,0.08541520057017764
2024-09-30,NET,Technology,0.08431202554437123,0.0731538977245944
2024-09-30,NOW,Technology,0.043157911887188094,0.08278067053540424
2024-09-30,NVDA,Technology,0.09321470065439952,0.09433115536652839
2024-09-30,ORCL,Technology,-0.012808655922397105,0.09675696166006952
2024-09-30,PANW,Technology,0.054212988417426944,0.07458844417035959
2024-09-30,QCOM,Technology,-0.042811016722550166,0.08137639121296102
2024-09-30,SNPS,Technology,0.014257727234486373,0.07280865366467204
2024-09-30,TXN,Technology,-0.01003274035167212,0.08545533431053284
2024-09-30,ACN,Technology,-0.020528545449725044,0.07806179474692507
2024-09-30,ADI,Technology,-0.030673000429502384,0.08382102761636119
2024-09-30,ANET,Technology,0.006826103556853758,0.08381668854395263
2024-09-30,CGNX,Technology,-0.006666756942686924,0.09408762942690835
2024-09-30,COHU,Technology,-0.0303502203692656,0.08010499165229945
2024-09-30,CSCO,Technology,0.03698949961290232,0.07115620878402072
2024-09-30,DELL,Technology,0.04664560267747264,0.07700070118457286
2024-09-30,ENTG,Technology,-0.06863583265957629,0.06661249814534244
2024-09-30,FORM,Technology,-0.1743478360383407,0.0870328402606588
2024-09-30,HPQ,Technology,-0.009757319981554713,0.09672070420879883
2024-09-30,IBM,Technology,-0.06495379251594491,0.07924908559080929
2024-09-30,IPGP,Technology,0.08934337213285626,0.08146878811316506
2024-09-30,KEYS,Technology,-0.06241740782800009,0.056273789725605525
2024-09-30,MCHP,Technology,-0.08618735582293657,0.0749970203635627
2024-09-30,MKSI,Technology,-0.08628460709512298,0.08400094174958138
2024-09-30,MPWR,Technology,-0.1786911852265165,0.07541231487094306
2024-09-30,MRVL,Technology,0.11170711187086901,0.06840572285779914
2024-09-30,NXPI,Technology,-0.0229573093484583,0.07725783834429883
2024-09-30,ONTO,Technology,-0.044469049123656235,0.07571504535519089
2024-09-30,QRVO,Technology,-0.31016456891558764,0.08020824439730616
2024-09-30,STX,Technology,-0.08363011803574116,0.08091288014180041
2024-09-30,SWKS,Technology,-0.11329356337200358,0.0812747925682242
2024-09-30,TER,Technology,-0.20697369283584977,0.09044382876135815
2024-09-30,VRSN,Technology,-0.06906713867592551,0.07778882495449871
2024-09-30,WDC,Technology,-0.043637489923418316,0.08156269583126174
2024-09-30,AXP,Financials,-0.0015273940916379347,0.08224054563033328
2024-09-30,BAC,Financials,0.05393133028426367,0.08548563626800364
2024-09-30,BK,Financials,0.05517433046548326,0.08311763951377324
2024-09-30,BLK,Financials,0.03319614795550385,0.08669260973281442
2024-09-30,C,Financials,0.025079946979353895,0.08268327216173489
2024-09-30,CFG,Financials,0.035865892731732796,0.09758563550755973
2024-09-30,CME,Financials,0.02134608601341803,0.07227229381382626
2024-09-30,COF,Financials,0.08722370942268376,0.0810286067870049
2024-09-30,FITB,Financials,0.019607797087614065,0.09073940226719251
2024-09-30,GS,Financials,0.045807920988613304,0.09007013032692401
2024-09-30,HBAN,Financials,0.060544116868026965,0.08676566166241027
2024-09-30,ICE,Financials,-0.029693818858812837,0.08477745424354947
2024-09-30,JPM,Financials,0.05890136049672634,0.08180069857120405
2024-09-30,KEY,Financials,0.029850406191426426,0.07574536369852111
2024-09-30,MCO,Financials,-0.043300464665352534,0.08974211710825801
2024-09-30,MS,Financials,0.12403211312238493,0.09038833490387652
2024-09-30,MTB,Financials,0.09297113069506757,0.0899350997017604
2024-09-30,PNC,Financials,0.02704499312246078,0.09069659632783916
2024-09-30,RF,Financials,0.02314625796382508,0.09315474790040065
2024-09-30,SCHW,Financials,0.09288682086617017,0.07866230300510417
2024-09-30,SPGI,Financials,-0.07018713829625012,0.08711633482497155
2024-09-30,STT,Financials,0.058032154941708214,0.08763722624214293
2024-09-30,TFC,Financials,0.0065465470346910415,0.08830456921296982
2024-09-30,USB,Financials,0.05641812465099072,0.08580153220138308
2024-09-30,WFC,Financials,0.14922998197914739,0.07905564265070915
2024-09-30,AFL,Financials,-0.0627012081840349,0.07809665463098642
2024-09-30,AJG,Financials,-0.0006041318040976851,0.08750707639348544
2024-09-30,ALL,Financials,-0.016503962507979475,0.07274201788715773
2024-09-30,AMTD,Financials,-0.08510638837525086,0.07002158394956781
2024-09-30,AON,Financials,0.06034850822059479,0.08791348817045481
2024-09-30,CB,Financials,-0.02063181510669654,0.08139290098528336
2024-09-30,FDS,Financials,-0.012591070157445317,0.07453108578415685
2024-09-30,FNF,Financials,-0.030454472584402037,0.08491157002872228
2024-09-30,GL,Financials,-0.000639605885193073,0.07564069602189218
2024-09-30,HIG,Financials,-0.060964185515242963,0.08345460726563832
2024-09-30,IBKR,Financials,0.09486221915449233,0.08424834342639549
2024-09-30,LPLA,Financials,0.21299924128736647,0.0624523904298655
2024-09-30,MET,Financials,-0.049224071614445974,0.08145862320799747
2024-09-30,MSCI,Financials,-0.020122456768913888,0.0822467899870961
2024-09-30,NDAQ,Financials,0.01246397938376509,0.0887676286447821
2024-09-30,PGR,Financials,-0.04269591940452788,0.0757643243633507
2024-09-30,PRU,Financials,0.011395632270331912,0.08353246882192153
2024-09-30,RJF,Financials,0.21481867687577805,0.07716654007570099
2024-09-30,SEIC,Financials,0.08050293980520729,0.08101001944603668
2024-09-30,SF,Financials,0.10351438338614227,0.08305786725330834
2024-09-30,SYF,Financials,0.10545303121909422,0.08654645342447241
2024-09-30,TRV,Financials,0.05048688507506838,0.0767812008485062
2024-09-30,UNM,Financials,0.08695182527487244,0.0895514320353694
2024-09-30,WTW,Financials,0.026007658663396382,0.0784906239042591
2024-09-30,ABBV,Healthcare,0.04060163521778648,0.08120072909397319
2024-09-30,ABT,Healthcare,-0.0009271292742194515,0.07193491788111361
2024-09-30,AMGN,Healthcare,-0.006362357064844781,0.08513778095370705
2024-09-30,BAX,Healthcare,-0.05978386703820615,0.07093515942740704
2024-09-30,BIIB,Healthcare,-0.10235243867476507,0.08149947681499398
2024-09-30,BMY,Healthcare,0.08995541001830976,0.08106144740127191
2024-09-30,BSX,Healthcare,0.0026252217577213965,0.08162635551156841
2024-09-30,CI,Healthcare,-0.09130006445889427,0.08006992954379918
2024-09-30,CVS,Healthcare,-0.09209323942961911,0.07276320074679944
2024-09-30,DHR,Healthcare,-0.11639456555804828,0.08677053825508316
2024-09-30,EW,Healthcare,0.015456952651622169,0.07710648834817196
2024-09-30,GILD,Healthcare,0.0593990558041293,0.08491363969849451
2024-09-30,HUM,Healthcare,-0.18598856525523721,0.08769381379467703
2024-09-30,ISRG,Healthcare,0.02558676004096183,0.08780082449086599
2024-09-30,JNJ,Healthcare,-0.013575180790660446,0.07902035439852109
2024-09-30,LLY,Healthcare,-0.06343550752765359,0.0698287156913322
2024-09-30,MDT,Healthcare,-0.008663858213002418,0.08071872625091456
2024-09-30,MRK,Healthcare,-0.09897854330753253,0.07676831688106639
2024-09-30,PFE,Healthcare,-0.022114589389565342,0.09281592963630887
2024-09-30,REGN,Healthcare,-0.20265590129495425,0.07944117417850813
2024-09-30,SYK,Healthcare,-0.013785079101465647,0.07592346780136132
2024-09-30,TMO,Healthcare,-0.1168016403960217,0.08540964312839798
2024-09-30,UNH,Healthcare,-0.03451462730056487,0.08434761748658182
2024-09-30,VRTX,Healthcare,0.02343688124358545,0.0849953176338169
2024-09-30,ZBH,Healthcare,-0.00954151343410059,0.0750970835560365
2024-09-30,A,Healthcare,-0.12097629373620944,0.08387357148161705
2024-09-30,ACAD,Healthcare,-0.051365406760385146,0.08253404555163615
2024-09-30,ALGN,Healthcare,-0.19381097485611787,0.07876199121018043
2024-09-30,ALKS,Healthcare,-0.08181489913914453,0.07840894035909242
2024-09-30,BDX,Healthcare,-0.031148876901834655,0.08018390073680794
2024-09-30,DGX,Healthcare,0.0022357126306087327,0.08378259692119237
2024-09-30,DXCM,Healthcare,0.0513126848810872,0.07373574340240102
2024-09-30,FOLD,Healthcare,0.06928836610234379,0.06001459673290642
2024-09-30,HOLX,Healthcare,-0.00724277368673687,0.08429668608457894
2024-09-30,IDXX,Healthcare,-0.19456867811143297,0.07593888391632017
2024-09-30,INSP,Healthcare,-0.07585884640664375,0.046076003283070224
2024-09-30,IQV,Healthcare,-0.13145121211976818,0.0848773386627006
2024-09-30,MASI,Healthcare,0.08010194651698943,0.06730156555403163
2024-09-30,MTD,Healthcare,-0.13866103750245617,0.09078301028920949
2024-09-30,NBIX,Healthcare,0.043829156126201196,0.06923710261462977
2024-09-30,NTRA,Healthcare,-0.04718391498829,0.08995964343458325
2024-09-30,NVCR,Healthcare,-0.02879077453424783,0.12022314504390966
2024-09-30,PODD,Healthcare,-0.005241680862312026,0.09491644765338735
2024-09-30,RARE,Healthcare,-0.08208816599859681,0.05916185902909386
2024-09-30,RMD,Healthcare,-0.006758840719362724,0.0840337549739215
2024-09-30,WAT,Healthcare,-0.10219797104624861,0.07909109827798146
2024-09-30,AMZN,Consumer,0.00037563497419568215,0.07590313323730145
2024-09-30,AZO,Consumer,-0.04477404646084293,0.07918728099508567
2024-09-30,BKNG,Consumer,0.11018910190677378,0.08083201415459808
2024-09-30,CMG,Consumer,-0.03210688143726037,0.07436143398181383
2024-09-30,COST,Consumer,-0.013919631567371082,0.07806071630822722
2024-09-30,DG,Consumer,-0.0468944659435957,0.07709446394908176
2024-09-30,DLTR,Consumer,-0.08077361106123337,0.06651537137406562
2024-09-30,DRI,Consumer,-0.016356304648719622,0.06968586067021126
2024-09-30,EBAY,Consumer,-0.11672545548926061,0.08783152226694417
2024-09-30,HD,Consumer,-0.02825764482676707,0.07933086918810428
2024-09-30,HLT,Consumer,0.018871964922868356,0.07722697885969536
2024-09-30,KR,Consumer,-0.026701526119192964,0.08480441781570598
2024-09-30,LOW,Consumer,-0.02920144408941372,0.08107718221548049
2024-09-30,LULU,Consumer,0.09784406558236958,0.05721668336910138
2024-09-30,MAR,Consumer,0.04593705772301959,0.0747479431386052
2024-09-30,MCD,Consumer,-0.04072115437487722,0.07359356900512914
2024-09-30,MGM,Consumer,-0.05679204942536065,0.08221236421107048
2024-09-30,NKE,Consumer,-0.12748862304808384,0.06730951462606102
2024-09-30,ORLY,Consumer,0.0013372972266063599,0.08243059083369958
2024-09-30,ROST,Consumer,-0.07168948699715838,0.07357330999726032
2024-09-30,SBUX,Consumer,0.0021540942964175525,0.036824942731356725
2024-09-30,TGT,Consumer,-0.037341189257214746,0.06711059872280535
2024-09-30,TJX,Consumer,-0.03836983703394237,0.07640967755261344
2024-09-30,WMT,Consumer,0.014860745352598403,0.07735816204403477
2024-09-30,YUM,Consumer,-0.06119829787540121,0.07469468986497904
2024-09-30,BBY,Consumer,-0.12458856044711464,0.06685095146556823
2024-09-30,CCL,Consumer,0.1904762842896932,0.08633372167250088
2024-09-30,CHDN,Consumer,0.03616601558461152,0.08949014603119607
2024-09-30,CMCSA,Consumer,0.05331752356059005,0.08019408028476568
2024-09-30,CZR,Consumer,-0.04048879668057381,0.07584808407528994
2024-09-30,DIS,Consumer,0.00010390741832910777,0.07198122183670967
2024-09-30,DKNG,Consumer,-0.09897961715815762,0.07235168837533289
2024-09-30,F,Consumer,-0.025568199605780717,0.07867925737061943
2024-09-30,FOX,Consumer,0.004123732753039011,0.08675137586092196
2024-09-30,GM,Consumer,0.13202498339880253,0.07996284204289349
2024-09-30,GRMN,Consumer,0.12679668200972305,0.08893007403097683
2024-09-30,H,Consumer,-0.04434945640721888,0.0775268445952418
2024-09-30,IHG,Consumer,0.008688567488687404,0.07522817291781278
2024-09-30,LVS,Consumer,0.0299959889534136,0.0696945330158197
2024-09-30,NCLH,Consumer,0.23549487419822301,0.07600002332906843
2024-09-30,NFLX,Consumer,0.06592686486505084,0.08215046087914472
2024-09-30,PENN,Consumer,0.04718978583489286,0.08324871881704754
2024-09-30,POOL,Consumer,-0.04023352670087321,0.0827672162464293
2024-09-30,RCL,Consumer,0.16345287016684784,0.08526780931545985
2024-09-30,SIRI,Consumer,0.12727276664374232,0.07157714650524136
2024-09-30,TSLA,Consumer,-0.045025412068364634,0.09059026094988008
2024-09-30,WBD,Consumer,-0.014545440673828125,0.07968153299145854
2024-09-30,WYNN,Consumer,0.0014603082690005653,0.06869476626074832
2024-09-30,APA,Energy,-0.025456713044839874,0.08077526818286773
2024-09-30,BA,Energy,-0.017955773796972774,0.0813563686968868
2024-09-30,CAT,Energy,-0.03469090523020213,0.08282822198772212
2024-09-30,COP,Energy,0.04046360729877918,0.07839043610305235
2024-09-30,CVX,Energy,0.010524867624925882,0.08271042262139389
2024-09-30,DE,Energy,-0.030287724841119523,0.07542499943497724
2024-09-30,DVN,Energy,-0.011247401561532366,0.07964368274685084
2024-09-30,EOG,Energy,-0.000750980340553209,0.08224181393558033
2024-09-30,FDX,Energy,0.0006211425498541256,0.09600900540228323
2024-09-30,GD,Energy,-0.030392281704659574,0.07893060450861046
2024-09-30,GE,Energy,-0.08908686768723229,0.09176804511354746
2024-09-30,HAL,Energy,-0.04509467582201865,0.08025034322948625
2024-09-30,HON,Energy,-0.004982846435366617,0.08216810278224627
2024-09-30,LMT,Energy,-0.06587869154027126,0.09456409525887703
2024-09-30,MMM,Energy,-0.060204867753938185,0.11739216967850992
2024-09-30,MPC,Energy,-0.10705304359902312,0.07470251591665585
2024-09-30,NOC,Energy,-0.036074939577658394,0.08188272432503982
2024-09-30,OXY,Energy,-0.027745463410172477,0.07429478778616118
2024-09-30,PSX,Energy,-0.07325991575556212,0.079237690846225
2024-09-30,RTX,Energy,-0.0014031354224632864,0.09844493221059489
2024-09-30,SLB,Energy,-0.044815393713009466,0.08103244024518536
2024-09-30,UNP,Energy,-0.058463032875046506,0.07852972205703274
2024-09-30,UPS,Energy,-0.01672278496024826,0.07754500840753806
2024-09-30,VLO,Energy,-0.03902837241135482,0.08456264925658649
2024-09-30,XOM,Energy,-0.0037535398736739944,0.08482536446237673
2024-09-30,AME,Energy,0.06773030775898659,0.07847706912654111
2024-09-30,BE,Energy,-0.09090909090909094,0.11909803942339005
2024-09-30,BKR,Energy,0.05338854070002097,0.09606811796470913
2024-09-30,CTRA,Energy,-0.0012526049888692548,0.07853979272186949
2024-09-30,EMR,Energy,-0.01005755078976267,0.07951323775451663
2024-09-30,ENPH,Energy,-0.2652627554238941,0.08856385450782966
2024-09-30,ETN,Energy,0.0004223580714579622,0.07977412793974104
2024-09-30,FSLR,Energy,-0.2203335719048406,0.10946522428691141
2024-09-30,FTV,Energy,-0.09502079639059258,0.07453765073343023
2024-09-30,GNRC,Energy,0.041981356772143874,0.10553093111567895
2024-09-30,HUBB,Energy,-0.0030815495559746164,0.08183512467176803
2024-09-30,MTDR,Energy,0.05443154590861199,0.07687477163200665
2024-09-30,PH,Energy,0.003561237862967248,0.06735983946547147
2024-09-30,PLUG,Energy,-0.1327433422930192,0.07585713068482659
2024-09-30,PR,Energy,0.00146953005668915,0.07571447926747832
2024-09-30,ROK,Energy,-0.0065187309567044105,0.0811798951293193
2024-09-30,ROP,Energy,-0.032274965850547566,0.07640694692269626
2024-09-30,SM,Energy,0.05497769751256221,0.06974380397125722
2024-09-30,VRSK,Energy,0.02522777343488758,0.08571014757097997
2024-09-30,WMB,Energy,0.14720698045845437,0.08386942730850054
2024-09-30,XYL,Energy,-0.09812631444263953,0.08065722527335059
2024-10-31,AAPL,Technology,0.051706897276141195,0.010632443918579943
2024-10-31,ADBE,Technology,0.07917086505731463,0.02219823889940438
2024-10-31,AMAT,Technology,-0.03557197680404012,0.011936976841538188
2024-10-31,AMD,Technology,-0.04782407370141961,0.013132903553543648
2024-10-31,AVGO,Technology,-0.04529655937110555,0.0053620208983603725
2024-10-31,CDNS,Technology,0.11114733805634458,0.004663563027208094
2024-10-31,CRM,Technology,0.13254612781944553,0.0017699718097018494
2024-10-31,CRWD,Technology,0.16539228251792082,0.020175801507488746
2024-10-31,FTNT,Technology,0.20836509822772253,0.012600697402038653
2024-10-31,GOOGL,Technology,-0.012623457540310579,0.012164666787073432
2024-10-31,INTC,Technology,0.11756499653716967,0.03397100056298054
2024-10-31,INTU,Technology,0.05149923467658635,0.00022033188189828773
2024-10-31,KLAC,Technology,-0.026124463241393947,0.010135942787280802
2024-10-31,LRCX,Technology,-0.006321548487148387,0.01596638958516766
2024-10-31,META,Technology,0.011874954347047106,0.0015665296675618518
2024-10-31,MSFT,Technology,0.04419242495894027,0.0012839476764180523
2024-10-31,MU,Technology,-0.01705976936371234,0.005750538106655854
2024-10-31,NET,Technology,0.1381826801173418,0.02163959638352588
2024-10-31,NOW,Technology,0.1248137299821317,0.007396606057955486
2024-10-31,NVDA,Technology,0.041352932180919844,0.014851168273198915
2024-10-31,ORCL,Technology,0.10128692545595208,-0.005041959426782774
2024-10-31,PANW,Technology,0.07629123796622994,0.022959926012062298
2024-10-31,QCOM,Technology,-0.026048978273141676,0.024032152666960772
2024-10-31,SNPS,Technology,0.0873814882163797,0.00845784766971181
2024-10-31,TXN,Technology,-0.010484479143202274,0.01000055673749093
2024-10-31,ACN,Technology,0.05089595747514175,-0.0011524189807927895
2024-10-31,ADI,Technology,-0.02267942008061119,0.0084185541741027
2024-10-31,ANET,Technology,0.05015010030114819,0.005290421027780099
2024-10-31,CGNX,Technology,-0.004292442106944683,0.023115036303458427
2024-10-31,COHU,Technology,0.0593900296029386,0.013504562085082439
2024-10-31,CSCO,Technology,0.08106620632648553,-0.0034671338023862484
2024-10-31,DELL,Technology,0.03203095370687303,0.03173474881849633
2024-10-31,ENTG,Technology,0.008786164148058218,0.01015653444650709
2024-10-31,FORM,Technology,0.05476571501117533,0.024518352814126943
2024-10-31,HPQ,Technology,-0.0025337575761615883,0.015503508793147092
2024-10-31,IBM,Technology,0.10875695601547064,0.0018823233387181906
2024-10-31,IPGP,Technology,-0.036067171466968806,0.018849711495274212
2024-10-31,KEYS,Technology,0.14650025257234156,-0.0025104160797069335
2024-10-31,MCHP,Technology,-0.0644737937101949,0.00814805246187725
2024-10-31,MKSI,Technology,0.14625955391525447,0.019080309904396433
2024-10-31,MPWR,Technology,-0.25241675897336235,0.015005663331570794
2024-10-31,MRVL,Technology,0.15703394347180155,0.016128401239614544
2024-10-31,NXPI,Technology,-0.021876324567014716,0.01753865460649969
2024-10-31,ONTO,Technology,-0.17218781243376258,0.011954116140752334
2024-10-31,QRVO,Technology,-0.03101317735365372,0.019910146405894585
2024-10-31,STX,Technology,0.009564744385975432,-0.00046298484144540256
2024-10-31,SWKS,Technology,0.00011427050643963987,0.017571325750200744
2024-10-31,TER,Technology,0.036833847135419484,0.02805591578389529
2024-10-31,VRSN,Technology,0.05847088839204906,0.007306454401513101
2024-10-31,WDC,Technology,0.11759313441685548,0.005865629869913409
2024-10-31,AXP,Financials,0.1281102866631536,-0.002334986457658776
2024-10-31,BAC,Financials,0.13605916834740683,0.006370338565419912
2024-10-31,BK,Financials,0.08638550103121023,0.0022307261090105997
2024-10-31,BLK,Financials,0.042577566955477986,0.0035181472421084575
2024-10-31,C,Financials,0.11420387344514515,-0.0036175315379563984
2024-10-31,CFG,Financials,0.14292498712811996,0.012704611717596069
2024-10-31,CME,Financials,0.0560880019497787,-0.004757151621296429
2024-10-31,COF,Financials,0.18332190425713257,-0.009609208380778188
2024-10-31,FITB,Financials,0.10027481019558993,0.006789016951569058
2024-10-31,GS,Financials,0.17532221703425144,0.005645315724466724
2024-10-31,HBAN,Financials,0.15522772985126831,0.0024544040359098847
2024-10-31,ICE,Financials,0.032655708847090015,0.0052802875502139905
2024-10-31,JPM,Financials,0.12527039701235854,0.004985600002241028
2024-10-31,KEY,Financials,0.1292754584790765,0.0041781055275907746
2024-10-31,MCO,Financials,0.10314243750790841,0.012049185405724718
2024-10-31,MS,Financials,0.1321288389124835,0.006585668956245436
2024-10-31,MTB,Financials,0.13000820812506197,0.006775130649227018
2024-10-31,PNC,Financials,0.14048959541469408,0.0050022896410122485
2024-10-31,RF,Financials,0.14201936885717759,0.007389990945817193
2024-10-31,SCHW,Financials,0.17243740644283645,0.011681013477628083
2024-10-31,SPGI,Financials,0.08965180865621791,0.009056363632983887
2024-10-31,STT,Financials,0.061530090387090564,0.004374248479781474
2024-10-31,TFC,Financials,0.12015731500524862,0.00803101178114551
2024-10-31,USB,Financials,0.10308422845469578,0.002429729377484629
2024-10-31,WFC,Financials,0.18005063100651575,-0.0028780569967288352
2024-10-31,AFL,Financials,0.09280681458879592,0.01099483886643549
2024-10-31,AJG,Financials,0.11038396892440905,0.008118537023285155
2024-10-31,ALL,Financials,0.11682641993580667,0.0012233413066605643
2024-10-31,AMTD,Financials,-0.04651158492543972,0.05267297659769517
2024-10-31,AON,Financials,0.06921168665043886,0.005429375082923285
2024-10-31,CB,Financials,0.02227028295335942,4.350348971342982e-05
2024-10-31,FDS,Financials,0.08292902991355611,-0.00787854813681874
2024-10-31,FNF,Financials,0.05351496340825479,0.00527822648568433
2024-10-31,GL,Financials,0.05340918785892468,0.02270797858179411
2024-10-31,HIG,Financials,0.11653371275564761,-0.0003043527627850373
2024-10-31,IBKR,Financials,0.2540309634587652,0.00427203852997278
2024-10-31,LPLA,Financials,0.15337827589937225,0.009326765717260536
2024-10-31,MET,Financials,0.1329555030753704,-0.0022159364339372142
2024-10-31,MSCI,Financials,0.07010405468979175,0.007215570401521515
2024-10-31,NDAQ,Financials,0.12270015076084229,0.0029592612878529007
2024-10-31,PGR,Financials,0.10727669692596886,0.005971380258758794
2024-10-31,PRU,Financials,0.06740963899478203,0.0018053726446343003
2024-10-31,RJF,Financials,0.14208610990376713,-0.0024372063577234003
2024-10-31,SEIC,Financials,0.10527018853256709,-0.0018477071532354596
2024-10-31,SF,Financials,0.11754475902627814,-0.0005049325541909497
2024-10-31,SYF,Financials,0.23008534931459756,0.0045426071246433344
2024-10-31,TRV,Financials,0.08172751876014361,-0.004011703254182045
2024-10-31,UNM,Financials,0.19819261965849178,0.0010668172679435574
2024-10-31,WTW,Financials,0.06555486527083021,-0.0009672106501799199
2024-10-31,ABBV,Healthcare,-0.102712527825497,0.0021046995392169556
2024-10-31,ABT,Healthcare,0.047631577085833765,-0.0007824995674761519
2024-10-31,AMGN,Healthcare,-0.10940755704566307,0.009829027192301058
2024-10-31,BAX,Healthcare,-0.05089866935759135,0.006035302249567829
2024-10-31,BIIB,Healthcare,-0.07683905239762934,0.021920954969805593
2024-10-31,BMY,Healthcare,0.06186118858283329,0.00771791854734742
2024-10-31,BSX,Healthcare,0.07902888936369568,0.004691117908890971
2024-10-31,CI,Healthcare,0.07302808681896233,0.003547996031676706
2024-10-31,CVS,Healthcare,0.060042432429566084,0.005507406245875273
2024-10-31,DHR,Healthcare,-0.02430191292717565,0.0008493084876356055
2024-10-31,EW,Healthcare,0.06476639605334533,0.024331255677735884
2024-10-31,GILD,Healthcare,0.0423329185838941,0.0030895289555107203
2024-10-31,HUM,Healthcare,0.14951709336658925,0.04226161623085644
2024-10-31,ISRG,Healthcare,0.07573833744734726,0.010195454571695036
2024-10-31,JNJ,Healthcare,-0.02255868233130509,0.002139528997723369
2024-10-31,LLY,Healthcare,-0.03985923767271937,0.01590433947103344
2024-10-31,MDT,Healthcare,-0.030364121977643377,-0.0013060319936423793
2024-10-31,MRK,Healthcare,-0.0066459000621363895,0.0021831861028089577
2024-10-31,PFE,Healthcare,-0.059466209696009686,0.011054990929364236
2024-10-31,REGN,Healthcare,-0.10496312014260045,0.017561107706443015
2024-10-31,SYK,Healthcare,0.10067918730371894,-0.00015118541217177747
2024-10-31,TMO,Healthcare,-0.030549747886777223,-0.0016332877552645356
2024-10-31,UNH,Healthcare,0.08095683565554013,0.0097654248611982
2024-10-31,VRTX,Healthcare,-0.016492302034383344,0.013194108522244962
2024-10-31,ZBH,Healthcare,0.04844748978815616,0.008129377365275213
2024-10-31,A,Healthcare,0.05878284686218915,-0.0026023142849327698
2024-10-31,ACAD,Healthcare,0.11857433338885004,0.05935298985032145
2024-10-31,ALGN,Healthcare,0.13529730116725314,0.01742426902749312
2024-10-31,ALKS,Healthcare,0.12918286366791887,0.01579548585909713
2024-10-31,BDX,Healthcare,-0.05004487091725085,0.00024322777851173982
2024-10-31,DGX,Healthcare,0.050571753817399534,0.00626624090827748
2024-10-31,DXCM,Healthcare,0.10655496806381937,0.039062571171523675
2024-10-31,FOLD,Healthcare,-0.12609461685090728,0.031729960202928044
2024-10-31,HOLX,Healthcare,-0.016940802523219056,-0.0016774866220762193
2024-10-31,IDXX,Healthcare,0.03644447577631693,0.006564136721179472
2024-10-31,INSP,Healthcare,-0.011689903905769738,0.017142587327919206
2024-10-31,IQV,Healthcare,-0.02419595184681611,0.010238124837910952
2024-10-31,MASI,Healthcare,0.1981112413551449,-0.0065690862987671725
2024-10-31,MTD,Healthcare,-0.03139156092752082,0.0014488519216647438
2024-10-31,NBIX,Healthcare,0.05387880217677843,0.01811192139035067
2024-10-31,NTRA,Healthcare,0.38707010622683113,0.016217542089442087
2024-10-31,NVCR,Healthcare,0.32015813653801395,0.06494807591037377
2024-10-31,PODD,Healthcare,0.15224808960328984,0.02473611300065812
2024-10-31,RARE,Healthcare,-0.06589528338396777,0.022633532636705294
2024-10-31,RMD,Healthcare,0.029234336172385023,0.014719272164861151
2024-10-31,WAT,Healthcare,0.19067815500070462,-0.0006621039791278524
2024-10-31,AMZN,Consumer,0.1152897328156477,-0.0004915617313262302
2024-10-31,AZO,Consumer,0.05335328649468263,-0.0035589973762900004
2024-10-31,BKNG,Consumer,0.11242547944100134,0.005503048634609481
2024-10-31,CMG,Consumer,0.10310202533268131,0.008327525449370453
2024-10-31,COST,Consumer,0.11323900455462699,0.007498467978223622
2024-10-31,DG,Consumer,-0.034607820031798964,0.028082688362427943
2024-10-31,DLTR,Consumer,0.10256802778497098,0.02499162594980224
2024-10-31,DRI,Consumer,0.10155014242311888,-0.013692817251315343
2024-10-31,EBAY,Consumer,0.10514406527160003,0.0040530709965146995
2024-10-31,HD,Consumer,0.09559319461435645,-0.002475982314908226
2024-10-31,HLT,Consumer,0.07980470720487864,-0.0038866304483922767
2024-10-31,KR,Consumer,0.10117689985998557,-0.016614165636926154
2024-10-31,LOW,Consumer,0.04048437396690319,0.0005968565503069873
2024-10-31,LULU,Consumer,0.07640151135261108,0.03024862777164135
2024-10-31,MAR,Consumer,0.11430489166945845,-0.004721237998335442
2024-10-31,MCD,Consumer,0.01335124068973026,-0.001222828361070228
2024-10-31,MGM,Consumer,0.0398698471193033,0.008524616300316045
2024-10-31,NKE,Consumer,0.021262595274409657,0.014895629234545894
2024-10-31,ORLY,Consumer,0.0781171365535196,-0.002205346770768661
2024-10-31,ROST,Consumer,0.1084309620019901,-0.0014082006675581356
2024-10-31,SBUX,Consumer,0.05520724696894952,0.007060833832848976
2024-10-31,TGT,Consumer,-0.11179162764607176,0.006242284333840718
2024-10-31,TJX,Consumer,0.11545892235387822,0.0058280388415771125
2024-10-31,WMT,Consumer,0.12873714656050095,0.01053236888476786
2024-10-31,YUM,Consumer,0.059316931371766746,-0.010563741608838752
2024-10-31,BBY,Consumer,-0.0047551479665208785,0.01458888722245202
2024-10-31,CCL,Consumer,0.15590905321922732,0.014724122116257468
2024-10-31,CHDN,Consumer,0.014346867039082722,0.008105551779036215
2024-10-31,CMCSA,Consumer,-0.010991415239998248,0.002015425454663756
2024-10-31,CZR,Consumer,-0.038951250644474356,0.008324436978849442
2024-10-31,DIS,Consumer,0.22110191952634728,0.010062446582228596
2024-10-31,DKNG,Consumer,0.23584376848891542,0.012134908697219287
2024-10-31,F,Consumer,0.0963289044134985,0.023926816344135893
2024-10-31,FOX,Consumer,0.1481006857524283,0.01264621770931321
2024-10-31,GM,Consumer,0.09515352490471729,0.010749589422718904
2024-10-31,GRMN,Consumer,0.07184266852724797,0.010007737336100657
2024-10-31,H,Consumer,0.08691671065504636,-0.002828937180035667
2024-10-31,IHG,Consumer,0.13279495680261144,-0.0028218527445617453
2024-10-31,LVS,Consumer,0.027336317371595253,-0.008156006399698691
2024-10-31,NCLH,Consumer,0.06116808317786249,0.0039861923794049375
2024-10-31,NFLX,Consumer,0.1729825996151546,0.005204156156520479
2024-10-31,PENN,Consumer,0.09316456468799439,0.029493390186203325
2024-10-31,POOL,Consumer,0.04624376790824125,0.006144372247281914
2024-10-31,RCL,Consumer,0.18274771214424068,0.012660391550257112
2024-10-31,SIRI,Consumer,0.021514353877466696,0.05506856920137848
2024-10-31,TSLA,Consumer,0.3814688622385134,0.01976417942893307
2024-10-31,WBD,Consumer,0.28905281607822153,0.021878734013115964
2024-10-31,WYNN,Consumer,-0.014436752912084905,-0.008129488549053477
2024-10-31,APA,Energy,-0.04025424846430392,0.026065785927067736
2024-10-31,BA,Energy,0.04105555544200512,0.03949031486895267
2024-10-31,CAT,Energy,0.07950545157202771,-0.004540887005651265
2024-10-31,COP,Energy,-0.004043486012334729,0.007954512991083304
2024-10-31,CVX,Energy,0.0991924677602154,0.0028073208024618525
2024-10-31,DE,Energy,0.15125165460981993,-0.004683905402629623
2024-10-31,DVN,Energy,-0.018872653943500017,0.015641447709410724
2024-10-31,EOG,Energy,0.09265320575904235,0.004438119720103804
2024-10-31,FDX,Energy,0.10524000377541798,0.010960488779850832
2024-10-31,GD,Energy,-0.026062091054367964,-0.006525033380247236
2024-10-31,GE,Energy,0.06042605942924273,0.0027533872804797223
2024-10-31,HAL,Energy,0.14852202120912428,0.015384727401619419
2024-10-31,HON,Energy,0.13806259054913195,0.001184500394206589
2024-10-31,LMT,Energy,-0.030473405015651545,0.007962273315363182
2024-10-31,MMM,Energy,0.04491459603846448,0.03167416156571813
2024-10-31,MPC,Energy,0.07960380394169331,0.017092492220950387
2024-10-31,NOC,Energy,-0.03805348001180553,0.0016170111344126787
2024-10-31,OXY,Energy,0.009379415668419044,0.012168441383773734
2024-10-31,PSX,Energy,0.10956649949567132,0.015050937691787464
2024-10-31,RTX,Energy,0.01230561941718289,0.008184931634171822
2024-10-31,SLB,Energy,0.09658098456946762,0.016243740895433845
2024-10-31,UNP,Energy,0.054250810329446786,-0.0011550323631327464
2024-10-31,UPS,Energy,0.024842360210570957,0.007829305273732592
2024-10-31,VLO,Energy,0.07996214912827848,0.01655878639549202
2024-10-31,XOM,Energy,0.01840458704459058,-0.0025278565226758455
2024-10-31,AME,Energy,0.060216050150501355,0.0003460938257153108
2024-10-31,BE,Energy,1.859374965851507,0.058161275111434305
2024-10-31,BKR,Energy,0.16058854305767012,0.004232365219476123
2024-10-31,CTRA,Energy,0.1262923603992574,0.003602261928772728
2024-10-31,EMR,Energy,0.22974932275310467,-0.0001914712839112126
2024-10-31,ENPH,Energy,-0.14077555771341976,0.0312653606187062
2024-10-31,ETN,Energy,0.1354013577271087,-0.005709440259184833
2024-10-31,FSLR,Energy,0.024629826461085136,0.02819297780247467
2024-10-31,FTV,Energy,0.11171784192346323,-0.001132982341564115
2024-10-31,GNRC,Energy,0.13681663231019714,0.02042490538940463
2024-10-31,HUBB,Energy,0.08052684009542377,-0.0014051105852079943
2024-10-31,MTDR,Energy,0.15650356541284793,0.015200288505825919
2024-10-31,PH,Energy,0.11117861363779236,0.002220850586603847
2024-10-31,PLUG,Energy,0.14285712547969576,0.06564446405892192
2024-10-31,PR,Energy,0.1604408461532565,0.009199706910565035
2024-10-31,ROK,Energy,0.11168471676097824,0.005830817518065317
2024-10-31,ROP,Energy,0.053391098091438494,-0.0027291007940182382
2024-10-31,SM,Energy,0.07672141827833578,0.014521841530145452
2024-10-31,VRSK,Energy,0.07094485084957336,0.013073218577344172
2024-10-31,WMB,Energy,0.11743365485087653,0.004077944121367527
2024-10-31,XYL,Energy,0.043725322176428216,0.002711395068059305
2024-11-30,AAPL,Technology,0.055155307448920166,0.019533507566168756
2024-11-30,ADBE,Technology,-0.13810013182306824,0.03274921742023683
2024-11-30,AMAT,Technology,-0.06914312993196103,0.026161710228273113
2024-11-30,AMD,Technology,-0.11947800433982314,0.032976346617313385
2024-11-30,AVGO,Technology,0.4342371074950726,0.020071363336717708
2024-11-30,CDNS,Technology,-0.02069686827041195,-0.004564158233530357
2024-11-30,CRM,Technology,0.014308065153065375,0.010991274902177986
2024-11-30,CRWD,Technology,-0.011012508440473856,0.029234838814153587
2024-11-30,FTNT,Technology,-0.00599684036321213,0.02117758142927133
2024-11-30,GOOGL,Technology,0.12173404830490986,0.004973043252523705
2024-11-30,INTC,Technology,-0.16632017159635015,0.05845136854177714
2024-11-30,INTU,Technology,-0.020616109754261314,0.007792552838017983
2024-11-30,KLAC,Technology,-0.026134805791536042,0.02687389794913366
2024-11-30,LRCX,Technology,-0.019331031965183043,0.026886921277223357
2024-11-30,META,Technology,0.020306365463961695,0.020799683871432082
2024-11-30,MSFT,Technology,-0.004628551973414163,0.012318705965737278
2024-11-30,MU,Technology,-0.1396697335093181,0.03226853074238728
2024-11-30,NET,Technology,0.07863366052427678,0.01605648925856248
2024-11-30,NOW,Technology,0.010176863765174238,0.011474745547283364
2024-11-30,NVDA,Technology,-0.02857688306006967,0.023683303072969022
2024-11-30,ORCL,Technology,-0.09846360021997935,0.03333266785451919
2024-11-30,PANW,Technology,-0.06162651086874926,0.012257965839915102
2024-11-30,QCOM,Technology,-0.025903032054012787,0.02571389973828494
2024-11-30,SNPS,Technology,-0.13094237347409377,0.006164129768295988
2024-11-30,TXN,Technology,-0.06725358364663381,0.006096699188664843
2024-11-30,ACN,Technology,-0.029196662150743458,0.01873257525649163
2024-11-30,ADI,Technology,-0.02151058729312716,0.013822172992413674
2024-11-30,ANET,Technology,0.0894484922818699,0.02917007904550212
2024-11-30,CGNX,Technology,-0.10305140817313518,0.024576074538428083
2024-11-30,COHU,Technology,0.011363679876669641,0.023201612017110664
2024-11-30,CSCO,Technology,-0.00016894140806011926,0.002563732467820762
2024-11-30,DELL,Technology,-0.09679436629532612,0.023902883984125906
2024-11-30,ENTG,Technology,-0.06219821874764764,0.021702807351896655
2024-11-30,FORM,Technology,0.09835243364060098,0.04018379221941258
2024-11-30,HPQ,Technology,-0.07134791115232297,0.02448336074616598
2024-11-30,IBM,Technology,-0.033331886546732914,0.024205308846761482
2024-11-30,IPGP,Technology,-0.06817016443378487,0.015630559470530648
2024-11-30,KEYS,Technology,-0.059763472687535124,0.012621454921243903
2024-11-30,MCHP,Technology,-0.15872088958731612,0.018722949591527725
2024-11-30,MKSI,Technology,-0.081397262867694,0.02985389964217503
2024-11-30,MPWR,Technology,0.04454918386132922,0.03384824134038977
2024-11-30,MRVL,Technology,0.19160643876718852,0.009938481016284502
2024-11-30,NXPI,Technology,-0.0896950917931566,0.015580331265956598
2024-11-30,ONTO,Technology,0.015166315045958445,0.019479011249154365
2024-11-30,QRVO,Technology,0.012744347784580778,0.03934971935014983
2024-11-30,STX,Technology,-0.14190098177335153,0.023184619437777214
2024-11-30,SWKS,Technology,0.020516989962473753,0.024498811485804746
2024-11-30,TER,Technology,0.14472721581010828,0.043003005351495566
2024-11-30,VRSN,Technology,0.10567372895310179,0.024494598796643625
2024-11-30,WDC,Technology,-0.1830388218503669,0.01107793192921294
2024-11-30,AXP,Financials,-0.025896237938194733,0.0054679172391054656
2024-11-30,BAC,Financials,-0.0697855447332254,6.5548394558166e-05
2024-11-30,BK,Financials,-0.06156113191174384,0.007377929801748253
2024-11-30,BLK,Financials,0.007221669797211838,0.01255464394787971
2024-11-30,C,Financials,-0.0067730996061592386,-0.0009632341966456168
2024-11-30,CFG,Financials,-0.09098460233741901,0.010678259953879974
2024-11-30,CME,Financials,0.004830089208607724,0.0003791826091578479
2024-11-30,COF,Financials,-0.07129831455499958,-0.003944272236151701
2024-11-30,FITB,Financials,-0.11258050666959862,0.01060417049749476
2024-11-30,GS,Financials,-0.054411541053788204,0.005887039887904476
2024-11-30,HBAN,Financials,-0.0882706876380076,0.0037123204870232497
2024-11-30,ICE,Financials,-0.07155687158509605,0.011870909622866027
2024-11-30,JPM,Financials,-0.04008495331876616,-0.0020187656871195024
2024-11-30,KEY,Financials,-0.1105819530416915,0.012774502855748437
2024-11-30,MCO,Financials,-0.053222106702714655,0.016336602387034417
2024-11-30,MS,Financials,-0.044753253855718156,0.0020460564782058994
2024-11-30,MTB,Financials,-0.1400932488528529,0.005530203588849203
2024-11-30,PNC,Financials,-0.1018535639367425,0.009647339148970138
2024-11-30,RF,Financials,-0.1292115163556734,0.010664161813111807
2024-11-30,SCHW,Financials,-0.105727361438534,-0.0032327447505741437
2024-11-30,SPGI,Financials,-0.04685081683014747,0.014541647702640898
2024-11-30,STT,Financials,-0.0036545381491328577,0.00900042496642943
2024-11-30,TFC,Financials,-0.09018450911775122,0.00818871500531493
2024-11-30,USB,Financials,-0.09305985025304253,0.006337580623299612
2024-11-30,WFC,Financials,-0.07785210645120255,-0.008018367884201811
2024-11-30,AFL,Financials,-0.09263151091310329,0.022455008209920375
2024-11-30,AJG,Financials,-0.0891232446849306,0.011987925945509504
2024-11-30,ALL,Financials,-0.07039879192529819,0.005553697571371656
2024-11-30,AMTD,Financials,-0.024390220263873164,0.01329259106649488
2024-11-30,AON,Financials,-0.08269907989486314,0.006515890981482222
2024-11-30,CB,Financials,-0.03987792323911943,0.005363088566031593
2024-11-30,FDS,Financials,-0.021175142324867058,0.00928109937194264
2024-11-30,FNF,Financials,-0.10691777381269851,0.012531906745508449
2024-11-30,GL,Financials,0.0025170180202569448,0.04997582157751801
2024-11-30,HIG,Financials,-0.10904785896124536,0.012447075517084186
2024-11-30,IBKR,Financials,-0.07546187610584199,0.007003242424639034
2024-11-30,LPLA,Financials,0.004182728250769818,-0.00820570181690377
2024-11-30,MET,Financials,-0.07197110638416848,0.008539432349786656
2024-11-30,MSCI,Financials,-0.015780027674365926,0.019392562150906557
2024-11-30,NDAQ,Financials,-0.06568284631098265,0.010295655601760283
2024-11-30,PGR,Financials,-0.10885899268881383,0.012391422341443376
2024-11-30,PRU,Financials,-0.08407395243221161,0.004238441511162171
2024-11-30,RJF,Financials,-0.08240805800705586,-0.008365733548909331
2024-11-30,SEIC,Financials,0.004004707683687547,-0.005430821371978766
2024-11-30,SF,Financials,-0.08060321743533572,0.00406713171071083
2024-11-30,SYF,Financials,-0.03732225524852428,0.000499466803818023
2024-11-30,TRV,Financials,-0.09074505129908206,-0.005126983458818447
2024-11-30,UNM,Financials,-0.05032528242345091,0.0031625841905304295
2024-11-30,WTW,Financials,-0.024464441057922892,0.0018289912418521063
2024-11-30,ABBV,Healthcare,-0.028590241404448213,-0.0018847816942991341
2024-11-30,ABT,Healthcare,-0.04765506887985682,0.0053623938975369476
2024-11-30,AMGN,Healthcare,-0.07858725242874176,0.012320085788675883
2024-11-30,BAX,Healthcare,-0.13497472391218068,0.01005032632424102
2024-11-30,BIIB,Healthcare,-0.04799854622112487,0.025750810435597824
2024-11-30,BMY,Healthcare,-0.044917230720675105,0.005318199589028924
2024-11-30,BSX,Healthcare,-0.014780541729066843,0.004245268322683604
2024-11-30,CI,Healthcare,-0.1791022030088305,0.008259252800813886
2024-11-30,CVS,Healthcare,-0.249958190470023,0.02407202510041383
2024-11-30,DHR,Healthcare,-0.04118531479565579,0.014654385546492475
2024-11-30,EW,Healthcare,0.03756132252964006,0.018460568104752863
2024-11-30,GILD,Healthcare,0.006117627693772887,0.015781497834198823
2024-11-30,HUM,Healthcare,-0.14098050631826364,0.0497996617418741
2024-11-30,ISRG,Healthcare,-0.03697412920174126,0.00044989508339101855
2024-11-30,JNJ,Healthcare,-0.06702784052147093,0.006720939936976589
2024-11-30,LLY,Healthcare,-0.02935797024142517,0.019286902419825218
2024-11-30,MDT,Healthcare,-0.06897182480038644,0.0047357889084494835
2024-11-30,MRK,Healthcare,-0.013416792043756898,0.011148459519973706
2024-11-30,PFE,Healthcare,0.012209127214225957,0.013166512430597382
2024-11-30,REGN,Healthcare,-0.05050502403039303,0.03495481374772323
2024-11-30,SYK,Healthcare,-0.07972241840122274,0.0015093590936750868
2024-11-30,TMO,Healthcare,-0.017018108247721875,0.012390106042030074
2024-11-30,UNH,Healthcare,-0.16781360349015229,0.010013225224155086
2024-11-30,VRTX,Healthcare,-0.13976885051869392,0.011697141418065587
2024-11-30,ZBH,Healthcare,-0.05559551805420038,0.0045630559367203834
2024-11-30,A,Healthcare,-0.02451028298542135,0.021480214592493514
2024-11-30,ACAD,Healthcare,0.12438729930180759,0.06325633305188946
2024-11-30,ALGN,Healthcare,-0.1042230928398673,0.03427943380756672
2024-11-30,ALKS,Healthcare,-0.008959346133031398,0.021413243786621607
2024-11-30,BDX,Healthcare,0.027253132675368663,0.005601059434182293
2024-11-30,DGX,Healthcare,-0.07254405519576079,-0.006754582221947306
2024-11-30,DXCM,Healthcare,-0.0028208902003999947,0.03809711759160122
2024-11-30,FOLD,Healthcare,-0.05611217350986952,0.011060988875207735
2024-11-30,HOLX,Healthcare,-0.09320759323408023,0.0004958150140828531
2024-11-30,IDXX,Healthcare,-0.019703610097436264,0.03087246575795805
2024-11-30,INSP,Healthcare,-0.03828589870478394,0.02677516768397379
2024-11-30,IQV,Healthcare,-0.02155945981880003,0.02277595552929109
2024-11-30,MASI,Healthcare,-0.04196122937346192,0.002950387627493979
2024-11-30,MTD,Healthcare,-0.0219948038162584,0.027217828427665538
2024-11-30,NBIX,Healthcare,0.07692307692307687,0.004638414527835172
2024-11-30,NTRA,Healthcare,-0.05650253782639103,0.023069145935710723
2024-11-30,NVCR,Healthcare,0.4870258420981901,0.06388531755754805
2024-11-30,PODD,Healthcare,-0.02140337162158068,0.03013518664995957
2024-11-30,RARE,Healthcare,-0.11673317758989143,0.03610702238843369
2024-11-30,RMD,Healthcare,-0.08163995222537723,0.0015431004007129857
2024-11-30,WAT,Healthcare,-0.035714260217245,0.019408938232835172
2024-11-30,AMZN,Consumer,0.05531771626226978,0.005992771746396725
2024-11-30,AZO,Consumer,0.010241221293137981,0.005485555804676726
2024-11-30,BKNG,Consumer,-0.04331524010518473,0.006815683825706468
2024-11-30,CMG,Consumer,-0.01983096897960379,0.0100924627527998
2024-11-30,COST,Consumer,-0.05721884339732175,0.010589016195909812
2024-11-30,DG,Consumer,-0.018765276926221097,0.037794504412508215
2024-11-30,DLTR,Consumer,0.05149440116743542,0.04388981445639763
2024-11-30,DRI,Consumer,0.05911376258300227,0.007832208861983846
2024-11-30,EBAY,Consumer,-0.021172413039375226,0.024541746198397878
2024-11-30,HD,Consumer,-0.0935381472213368,0.015934446824332277
2024-11-30,HLT,Consumer,-0.02477908312031374,0.007625653209395202
2024-11-30,KR,Consumer,0.001146039062928761,0.0025360025094044326
2024-11-30,LOW,Consumer,-0.09407924631008868,0.015502032245354787
2024-11-30,LULU,Consumer,0.19257156893526428,0.033164417375468096
2024-11-30,MAR,Consumer,-0.03511020928566222,0.0013291025946854558
2024-11-30,MCD,Consumer,-0.014783841365341388,0.008387894122355605
2024-11-30,MGM,Consumer,-0.09624409525360722,0.02275178793361309
2024-11-30,NKE,Consumer,-0.0344519771381987,0.035155277252359625
2024-11-30,ORLY,Consumer,-0.04618655153044782,0.009491382153113018
2024-11-30,ROST,Consumer,-0.020939148074443192,0.015915008530028658
2024-11-30,SBUX,Consumer,-0.10940844259927218,0.019173964086282965
2024-11-30,TGT,Consumer,0.02169138332326459,0.016343453281898884
2024-11-30,TJX,Consumer,-0.03882570692084941,0.015250209761100756
2024-11-30,WMT,Consumer,-0.02107931857844869,0.016013723411399446
2024-11-30,YUM,Consumer,-0.02972443322984264,0.0017770457242603163
2024-11-30,BBY,Consumer,-0.03643911062827787,0.03828001823872308
2024-11-30,CCL,Consumer,-0.020055010448488897,0.01720090383689468
2024-11-30,CHDN,Consumer,-0.057570876208557276,-0.0020204949455620326
2024-11-30,CMCSA,Consumer,-0.13104904540781748,0.004898587991365201
2024-11-30,CZR,Consumer,-0.13172261076719816,0.025666929696377922
2024-11-30,DIS,Consumer,-0.047898183225580704,0.014105204277875946
2024-11-30,DKNG,Consumer,-0.14776633533713446,0.03124328040549479
2024-11-30,F,Consumer,-0.11051221965260594,0.02267459795642182
2024-11-30,FOX,Consumer,0.022579952764693045,0.01766779201624404
2024-11-30,GM,Consumer,-0.03957536527961292,-0.008062954625835561
2024-11-30,GRMN,Consumer,-0.026440328394205292,-0.022268552060025457
2024-11-30,H,Consumer,-0.006078339022388857,0.007640818691678739
2024-11-30,IHG,Consumer,-0.010534623649018582,0.007885536803662017
2024-11-30,LVS,Consumer,-0.03203928596500716,0.016854900202070144
2024-11-30,NCLH,Consumer,-0.043138708580955254,0.0020743988104357097
2024-11-30,NFLX,Consumer,0.005085689488863787,-0.000920114966484302
2024-11-30,PENN,Consumer,-0.08198241988208188,0.03996743464609277
2024-11-30,POOL,Consumer,-0.09586560391041699,0.007251593219329297
2024-11-30,RCL,Consumer,-0.05258991833011106,0.01257920511416587
2024-11-30,SIRI,Consumer,-0.153988918932072,0.046494855638493204
2024-11-30,TSLA,Consumer,0.17000808915631316,0.003713854560248425
2024-11-30,WBD,Consumer,0.008587801194568145,0.044813758198616244
2024-11-30,WYNN,Consumer,-0.08709457374081142,0.012659132423557195
2024-11-30,APA,Energy,0.019426187919568294,0.023607208745027544
2024-11-30,BA,Energy,0.1387030186564806,0.04464938115921971
2024-11-30,CAT,Energy,-0.1067443583541341,0.012214679781296821
2024-11-30,COP,Energy,-0.08464089095520111,-0.003077177608576724
2024-11-30,CVX,Energy,-0.10553925810815712,-0.00016145627984691033
2024-11-30,DE,Energy,-0.08709461177627609,0.004789738265523981
2024-11-30,DVN,Energy,-0.13195405865015086,0.011742477782528855
2024-11-30,EOG,Energy,-0.08014398224573305,-0.0012293430208233647
2024-11-30,FDX,Energy,-0.06591330921773009,0.01949446959357614
2024-11-30,GD,Energy,-0.07225110237319698,-0.000759545666724773
2024-11-30,GE,Energy,-0.08288469795414832,0.009685902749903197
2024-11-30,HAL,Energy,-0.14198031776557685,0.015625369691587836
2024-11-30,HON,Energy,-0.030223792071821798,0.0027120037101970324
2024-11-30,LMT,Energy,-0.07635283629934897,0.012979365788258347
2024-11-30,MMM,Energy,-0.033251104204690796,0.023108504627838335
2024-11-30,MPC,Energy,-0.10662830861533246,0.019051944346774766
2024-11-30,NOC,Energy,-0.03753149172950643,0.0024643865378407466
2024-11-30,OXY,Energy,-0.018700592908437952,0.007863390608969508
2024-11-30,PSX,Energy,-0.1496491491419939,0.021171550568633086
2024-11-30,RTX,Energy,-0.05015193599832879,0.006506185563507225
2024-11-30,SLB,Energy,-0.12191450283623939,0.019812387505608348
2024-11-30,UNP,Energy,-0.06255277748367283,0.006603862812883091
2024-11-30,UPS,Energy,-0.07088129922265918,0.002168677103155308
2024-11-30,VLO,Energy,-0.11856491302418648,0.011140348080301782
2024-11-30,XOM,Energy,-0.08808074440040914,0.00011976072390030429
2024-11-30,AME,Energy,-0.07130042315710894,-0.015300163999678661
2024-11-30,BE,Energy,-0.19089258771684192,0.057201899041091825
2024-11-30,BKR,Energy,-0.06666658954529658,0.007439215113499181
2024-11-30,CTRA,Energy,-0.044161642718761995,0.006651129675396708
2024-11-30,EMR,Energy,-0.06538460634740861,0.009899379196721052
2024-11-30,ENPH,Energy,-0.03742113841689476,0.053838311554652976
2024-11-30,ETN,Energy,-0.11600340745106541,0.003422816818406272
2024-11-30,FSLR,Energy,-0.1155718286020011,0.06526631736532566
2024-11-30,FTV,Energy,-0.05458211010092662,0.018813703857015522
2024-11-30,GNRC,Energy,-0.1761423721255485,0.00658789948350842
2024-11-30,HUBB,Energy,-0.08954763594408244,0.01243907059798165
2024-11-30,MTDR,Energy,-0.06248969236067037,0.011651149944988854
2024-11-30,PH,Energy,-0.09513447768672523,0.009970722693159026
2024-11-30,PLUG,Energy,-0.04910709581584971,0.0831790283544832
2024-11-30,PR,Energy,-0.08173690989642834,0.012112444444363305
2024-11-30,ROK,Energy,-0.03167989316161357,0.018074334251343187
2024-11-30,ROP,Energy,-0.08225063715773195,0.005797190582970433
2024-11-30,SM,Energy,-0.142288138593185,0.008668310813885121
2024-11-30,VRSK,Energy,-0.06255061842943299,0.006597954979967286
2024-11-30,WMB,Energy,-0.06715936614672768,0.0073997193676846994
2024-11-30,XYL,Energy,-0.0846547866205517,0.011946312844637055
2024-12-31,AAPL,Technology,-0.05758327487059012,0.0807097911370398
2024-12-31,ADBE,Technology,-0.016258839137881842,0.08014390888368642
2024-12-31,AMAT,Technology,0.10895906889072693,0.06657834687943248
2024-12-31,AMD,Technology,-0.040069574721420365,0.0718929064113302
2024-12-31,AVGO,Technology,-0.045591665853091934,0.08112376564555095
2024-12-31,CDNS,Technology,-0.00945216141469285,0.07456832740249263
2024-12-31,CRM,Technology,0.02204406768795697,0.07883085133169258
2024-12-31,CRWD,Technology,0.1634030952294523,0.07925657319347779
2024-12-31,FTNT,Technology,0.06773913705639911,0.07659176395865025
2024-12-31,GOOGL,Technology,0.07776028810400049,0.06282112897779457
2024-12-31,INTC,Technology,-0.030922641170916143,0.06581204617327294
2024-12-31,INTU,Technology,-0.04135090907340511,0.06922488792280895
2024-12-31,KLAC,Technology,0.17158637079839134,0.06860732619282998
2024-12-31,LRCX,Technology,0.12210979713324921,0.06512443405384725
2024-12-31,META,Technology,0.17705923841777338,0.0803125898266389
2024-12-31,MSFT,Technology,-0.015278797258553745,0.07217211215557724
2024-12-31,MU,Technology,0.08412547385806612,0.06219777303368951
2024-12-31,NET,Technology,0.2852896870750845,0.0853126437760166
2024-12-31,NOW,Technology,-0.039372934764186684,0.09203594631849113
2024-12-31,NVDA,Technology,-0.10589027190093325,0.06930571716389371
2024-12-31,ORCL,Technology,0.02303160229713086,0.0901401879393329
2024-12-31,PANW,Technology,0.013519407365963021,0.07786993475672745
2024-12-31,QCOM,Technology,0.1256995835816881,0.060920167597763766
2024-12-31,SNPS,Technology,0.08266028582501961,0.06377614835696646
2024-12-31,TXN,Technology,-0.008185341598392792,0.06367884734730397
2024-12-31,ACN,Technology,0.09891121459087082,0.0843799550174241
2024-12-31,ADI,Technology,-0.0026828750842082805,0.06452885249942743
2024-12-31,ANET,Technology,0.04252243399569333,0.07646808266881627
2024-12-31,CGNX,Technology,0.11266039866648225,0.06106111217822263
2024-12-31,COHU,Technology,-0.1419475957764016,0.0539654916313216
2024-12-31,CSCO,Technology,0.030624050337412,0.07714091674860726
2024-12-31,DELL,Technology,-0.09740597497148162,0.05721868924071147
2024-12-31,ENTG,Technology,0.026089354378724616,0.06283140234600323
2024-12-31,FORM,Technology,-0.08977274461226026,0.061562911266081766
2024-12-31,HPQ,Technology,-0.003984113175017567,0.07068848710272198
2024-12-31,IBM,Technology,0.1631715042521642,0.0830205694289713
2024-12-31,IPGP,Technology,0.008388347086246917,0.06888262487220562
2024-12-31,KEYS,Technology,0.11031563644432896,0.0665431308223621
2024-12-31,MCHP,Technology,-0.05318225617304895,0.05634432547620245
2024-12-31,MKSI,Technology,0.08516131335850874,0.052798766120876583
2024-12-31,MPWR,Technology,0.0771843153103966,0.07503848466743132
2024-12-31,MRVL,Technology,0.022338649353698337,0.07398165827453772
2024-12-31,NXPI,Technology,0.0033677635203910317,0.06508232545495751
2024-12-31,ONTO,Technology,0.22853540982991216,0.06762866158929035
2024-12-31,QRVO,Technology,0.18661522944097464,0.07287164988520177
2024-12-31,STX,Technology,0.11644082121646471,0.07823149876593276
2024-12-31,SWKS,Technology,0.0009022154179034736,0.07451459101594976
2024-12-31,TER,Technology,-0.08044781762933995,0.0678010952450514
2024-12-31,VRSN,Technology,0.038848069230446036,0.07005015837774048
2024-12-31,WDC,Technology,0.09223545164010916,0.059569622987621404
2024-12-31,AXP,Financials,0.07212644533925605,0.0639311228939753
2024-12-31,BAC,Financials,0.05346977305791745,0.0607260676905582
2024-12-31,BK,Financials,0.12460434373363594,0.07691096734037428
2024-12-31,BLK,Financials,0.04915569000022302,0.08375806615135814
2024-12-31,C,Financials,0.15684069696923553,0.06062985679550645
2024-12-31,CFG,Financials,0.09658954709961809,0.059811970598899644
2024-12-31,CME,Financials,0.018473074759282726,0.07563869444044218
2024-12-31,COF,Financials,0.1423844746707068,0.056838804676413335
2024-12-31,FITB,Financials,0.048013301899753724,0.06649747306450289
2024-12-31,GS,Financials,0.11836820690753824,0.05532019076723729
2024-12-31,HBAN,Financials,0.05716049476879892,0.057850441586549686
2024-12-31,ICE,Financials,0.07261249082082877,0.07957462425143834
2024-12-31,JPM,Financials,0.12085650950796323,0.056485377045712826
2024-12-31,KEY,Financials,0.04900799222734453,0.056842828335109646
2024-12-31,MCO,Financials,0.055073234787690994,0.07823815834890444
2024-12-31,MS,Financials,0.10842412613075547,0.06256506704484685
2024-12-31,MTB,Financials,0.07036854380615698,0.06283913973537295
2024-12-31,PNC,Financials,0.05059056148081442,0.06985440272744939
2024-12-31,RF,Financials,0.04761910457278429,0.06694850302066453
2024-12-31,SCHW,Financials,0.11768674662465228,0.06571802342759588
2024-12-31,SPGI,Financials,0.04694483642809466,0.07923662439856
2024-12-31,STT,Financials,0.04343359536366953,0.078096428765496
2024-12-31,TFC,Financials,0.09774076343297922,0.06195860988563695
2024-12-31,USB,Financials,-0.0010455394830607423,0.07266462937560923
2024-12-31,WFC,Financials,0.12186794048685434,0.05457552825699852
2024-12-31,AFL,Financials,0.0380895908739749,0.07943265854176842
2024-12-31,AJG,Financials,0.06330807541823291,0.07823547966345115
2024-12-31,ALL,Financials,-0.0023858239475244014,0.07305016676023486
2024-12-31,AMTD,Financials,-0.15833337472544606,0.05788272214260606
2024-12-31,AON,Financials,0.03246470633206755,0.08716058349165275
2024-12-31,CB,Financials,-0.01599697519364429,0.07442766239037964
2024-12-31,FDS,Financials,-0.012222080794362267,0.07844082875786079
2024-12-31,FNF,Financials,0.036159555296062296,0.07835169740776304
2024-12-31,GL,Financials,0.0971424928991027,0.09080796458080129
2024-12-31,HIG,Financials,0.019652683535495985,0.07112783625967911
2024-12-31,IBKR,Financials,0.23076936448942553,0.06278482853404532
2024-12-31,LPLA,Financials,0.12367162347331795,0.057210723194447144
2024-12-31,MET,Financials,0.05654609641023978,0.0677846779728555
2024-12-31,MSCI,Financials,-0.005399914595034305,0.08085008139751242
2024-12-31,NDAQ,Financials,0.06506281840898787,0.08425907535192821
2024-12-31,PGR,Financials,0.04830110678123223,0.07236982486218212
2024-12-31,PRU,Financials,0.01881383286781957,0.06342449174724524
2024-12-31,RJF,Financials,0.08816117750967112,0.06777312556229216
2024-12-31,SEIC,Financials,0.049709030786881936,0.07286645014581684
2024-12-31,SF,Financials,0.09210028065681564,0.05582345398901789
2024-12-31,SYF,Financials,0.061230952346538414,0.05154874485560444
2024-12-31,TRV,Financials,0.01780880819859565,0.07531877022662564
2024-12-31,UNM,Financials,0.04992756894469563,0.06928887259965964
2024-12-31,WTW,Financials,0.05213265410420975,0.07796153175942619
2024-12-31,ABBV,Healthcare,0.04464941889580443,0.07808065481374432
2024-12-31,ABT,Healthcare,0.13695812668089924,0.07134994063349133
2024-12-31,AMGN,Healthcare,0.09507339220811595,0.07045159441352142
2024-12-31,BAX,Healthcare,0.11659820093141482,0.07310753163726366
2024-12-31,BIIB,Healthcare,-0.05878894585933714,0.0649415006855183
2024-12-31,BMY,Healthcare,0.05376035683912339,0.07785086675116544
2024-12-31,BSX,Healthcare,0.14599194984416197,0.06712685347717554
2024-12-31,CI,Healthcare,0.06543762172193546,0.060008871686459186
2024-12-31,CVS,Healthcare,0.27417690851048127,0.060167275287751606
2024-12-31,DHR,Healthcare,-0.029666765294233066,0.0716101871563607
2024-12-31,EW,Healthcare,-0.02134272399173065,0.07105764270182859
2024-12-31,GILD,Healthcare,0.05228973312454421,0.08169269020660513
2024-12-31,HUM,Healthcare,0.15576837797343135,0.05925339388719225
2024-12-31,ISRG,Healthcare,0.09563947583857568,0.08173243730262923
2024-12-31,JNJ,Healthcare,0.05206751306697299,0.07602399334823977
2024-12-31,LLY,Healthcare,0.050621734601841384,0.06825634859681526
2024-12-31,MDT,Healthcare,0.13695556149976418,0.07544821016544487
2024-12-31,MRK,Healthcare,-0.0066344845532188,0.06366793173009834
2024-12-31,PFE,Healthcare,0.01614890346598541,0.07261048084444384
2024-12-31,REGN,Healthcare,-0.05524131981884839,0.07246641079233068
2024-12-31,SYK,Healthcare,0.08676581868174371,0.07222610828455003
2024-12-31,TMO,Healthcare,0.14901112831266006,0.0689899876123208
2024-12-31,UNH,Healthcare,0.07241151850027094,0.07300342422662724
2024-12-31,VRTX,Healthcare,0.14646133270646122,0.06543257670430913
2024-12-31,ZBH,Healthcare,0.03644813195461283,0.06914378494577923
2024-12-31,A,Healthcare,0.12788452401882222,0.06887988283348508
2024-12-31,ACAD,Healthcare,0.016893703514874403,0.0754418297562001
2024-12-31,ALGN,Healthcare,0.050836920928354346,0.06741306267079154
2024-12-31,ALKS,Healthcare,0.0963143406021929,0.07473525757486328
2024-12-31,BDX,Healthcare,0.09137374908410578,0.0687572009495924
2024-12-31,DGX,Healthcare,0.08642514848584004,0.07490299921658872
2024-12-31,DXCM,Healthcare,0.11649743576009297,0.058957894360696386
2024-12-31,FOLD,Healthcare,0.01698512166839139,0.08601295529327611
2024-12-31,HOLX,Healthcare,0.0006936198404483562,0.0709772720981021
2024-12-31,IDXX,Healthcare,0.020825235344232862,0.07214107047094037
2024-12-31,INSP,Healthcare,0.04380189288656311,0.0852550955983998
2024-12-31,IQV,Healthcare,0.02468070957758295,0.072163257260775
2024-12-31,MASI,Healthcare,0.05402294319973566,0.06912837994449368
2024-12-31,MTD,Healthcare,0.11502997639656165,0.06634905804277919
2024-12-31,NBIX,Healthcare,0.11223448589171237,0.06515888525679477
2024-12-31,NTRA,Healthcare,0.11762472999510609,0.051203999855021304
2024-12-31,NVCR,Healthcare,-0.17718117162669067,0.07602708329393844
2024-12-31,PODD,Healthcare,0.0663040451716721,0.07670131649225873
2024-12-31,RARE,Healthcare,0.022819089408996573,0.08840838957136939
2024-12-31,RMD,Healthcare,0.03275165550022541,0.0766840943849927
2024-12-31,WAT,Healthcare,0.11995255453706899,0.048187720383585694
2024-12-31,AMZN,Consumer,0.08336748865953902,0.06644279393772681
2024-12-31,AZO,Consumer,0.04628668361570898,0.07070748888806737
2024-12-31,BKNG,Consumer,-0.046465489225151146,0.0782005453331568
2024-12-31,CMG,Consumer,-0.0323383215192643,0.06098101899634231
2024-12-31,COST,Consumer,0.06942279262456941,0.07128815034006714
2024-12-31,DG,Consumer,-0.05543302205925771,0.06137072208481362
2024-12-31,DLTR,Consumer,-0.02121702582713869,0.05994247411299583
2024-12-31,DRI,Consumer,0.05382781009909099,0.06992466308306772
2024-12-31,EBAY,Consumer,0.08926559002364942,0.07453678359267618
2024-12-31,HD,Consumer,0.05910184391380868,0.0795043485479363
2024-12-31,HLT,Consumer,0.036049560670703196,0.07285459793308079
2024-12-31,KR,Consumer,0.008013026157095648,0.07248028069365237
2024-12-31,LOW,Consumer,0.05825044593160089,0.07693042849829639
2024-12-31,LULU,Consumer,0.08313069281788699,0.06816142970693123
2024-12-31,MAR,Consumer,0.04176518730561973,0.06893014839610048
2024-12-31,MCD,Consumer,-0.0041050646969635896,0.07794728476854752
2024-12-31,MGM,Consumer,-0.004906261938130374,0.0744947247495152
2024-12-31,NKE,Consumer,0.016254831885897048,0.06846473463579342
2024-12-31,ORLY,Consumer,0.09160070405584886,0.07311476069581958
2024-12-31,ROST,Consumer,-0.004693664375861051,0.07028597831265708
2024-12-31,SBUX,Consumer,0.18005473404765815,0.08353828565649278
2024-12-31,TGT,Consumer,0.020195485345266162,0.0645326841200552
2024-12-31,TJX,Consumer,0.03294425220812447,0.07581451970718117
2024-12-31,WMT,Consumer,0.08644171176442961,0.07785380526773476
2024-12-31,YUM,Consumer,-0.027280882428990516,0.06859600125995767
2024-12-31,BBY,Consumer,0.0006992867294386418,0.07522266524482676
2024-12-31,CCL,Consumer,0.1103531288126749,0.09101941666908193
2024-12-31,CHDN,Consumer,-0.07458439227349545,0.06448336717231792
2024-12-31,CMCSA,Consumer,-0.09557647778182365,0.06948466237351138
2024-12-31,CZR,Consumer,0.07869542825286846,0.078984733154591
2024-12-31,DIS,Consumer,0.015356946957394424,0.06742127536732524
2024-12-31,DKNG,Consumer,0.12768816942423822,0.07296454216488917
2024-12-31,F,Consumer,0.01818179916558682,0.0657946629868606
2024-12-31,FOX,Consumer,0.06252722263323829,0.07579149512556799
2024-12-31,GM,Consumer,-0.07152245827976866,0.07010195904592142
2024-12-31,GRMN,Consumer,0.04649466204793273,0.08197757042382751
2024-12-31,H,Consumer,0.007962807468286703,0.06585079858822074
2024-12-31,IHG,Consumer,0.07845022689944314,0.07270404435489682
2024-12-31,LVS,Consumer,-0.1076712122962693,0.08533348470810077
2024-12-31,NCLH,Consumer,0.10182669591317373,0.09373523100555738
2024-12-31,NFLX,Consumer,0.09585781038817198,0.08144734164948698
2024-12-31,PENN,Consumer,0.0393542229392263,0.07995347810174293
2024-12-31,POOL,Consumer,0.009708495290309038,0.07049719503282416
2024-12-31,RCL,Consumer,0.1556633531958389,0.07691194133120535
2024-12-31,SIRI,Consumer,0.05307018514848516,0.08098901690181978
2024-12-31,TSLA,Consumer,0.0018819576379678349,0.0851531165711376
2024-12-31,WBD,Consumer,-0.012298970500876583,0.06950830619751555
2024-12-31,WYNN,Consumer,0.008008299606623526,0.0649447187799311
2024-12-31,APA,Energy,-0.040112843141951626,0.06186997082046143
2024-12-31,BA,Energy,-0.0027118402685822884,0.06984876294012701
2024-12-31,CAT,Energy,0.027681451101114307,0.06449823015757335
2024-12-31,COP,Energy,-0.003428394042723215,0.06615439043903551
2024-12-31,CVX,Energy,0.03003289136455023,0.06574463381181665
2024-12-31,DE,Energy,0.12475795380421495,0.06664839194272018
2024-12-31,DVN,Energy,0.04185766959289605,0.06424972405605067
2024-12-31,EOG,Energy,0.0334861859729898,0.06358923830280987
2024-12-31,FDX,Energy,-0.05850782072870231,0.08353908792987974
2024-12-31,GD,Energy,-0.01952774145454883,0.06092141684974842
2024-12-31,GE,Energy,0.22051691863377187,0.0676195348853871
2024-12-31,HAL,Energy,-0.04303048668736498,0.05835017969028894
2024-12-31,HON,Energy,-0.009606374456953226,0.07186058425150947
2024-12-31,LMT,Energy,-0.047310349049895395,0.07731155582449409
2024-12-31,MMM,Energy,0.17902255871496697,0.0774367576738273
2024-12-31,MPC,Energy,0.04451628707686628,0.06747032898434019
2024-12-31,NOC,Energy,0.03831314458049628,0.07529217934920165
2024-12-31,OXY,Energy,-0.055859065189271084,0.06402454687226504
2024-12-31,PSX,Energy,0.034582640478930005,0.06651076875083498
2024-12-31,RTX,Energy,0.1143276374625517,0.070346662825467
2024-12-31,SLB,Energy,0.05059989303112222,0.06275544709144666
2024-12-31,UNP,Energy,0.08660758526911172,0.06392260203427529
2024-12-31,UPS,Energy,-0.0941315255945927,0.07019309142045989
2024-12-31,VLO,Energy,0.09377864265087266,0.06367129033667603
2024-12-31,XOM,Energy,-0.00687916462623539,0.0667006798937972
2024-12-31,AME,Energy,0.02385436915992556,0.07052573751157996
2024-12-31,BE,Energy,0.0616839664883726,0.033331763237525555
2024-12-31,BKR,Energy,0.12579211612240004,0.0669118076219589
2024-12-31,CTRA,Energy,0.085356346094696,0.05997141894610933
2024-12-31,EMR,Energy,0.04857567516810857,0.06510169933834302
2024-12-31,ENPH,Energy,-0.09318581097030942,0.06144053583631384
2024-12-31,ETN,Energy,-0.016361764851799854,0.06230550270211474
2024-12-31,FSLR,Energy,-0.04947798995070596,0.06515942257685317
2024-12-31,FTV,Energy,0.08439995946724532,0.07138320204437983
2024-12-31,GNRC,Energy,-0.03689133252576404,0.0710886835911571
2024-12-31,HUBB,Energy,0.009835421462969451,0.06621804312996742
2024-12-31,MTDR,Energy,0.030928057756449023,0.06012473702065979
2024-12-31,PH,Energy,0.11166126826843681,0.06554056355989851
2024-12-31,PLUG,Energy,-0.12676060358178565,0.04913689728011754
2024-12-31,PR,Energy,0.018775980366207534,0.06501279728013341
2024-12-31,ROK,Energy,-0.025753289854134942,0.06626537056930754
2024-12-31,ROP,Energy,0.10911945849054105,0.06849330137893847
2024-12-31,SM,Energy,-0.015864732552549055,0.059982584303518355
2024-12-31,VRSK,Energy,0.04360470382983017,0.07915166871072758
2024-12-31,WMB,Energy,0.024205598635390624,0.07769584653271676
2024-12-31,XYL,Energy,0.06912606399987498,0.0667806812463653
2025-01-31,AAPL,Technology,0.025872444639240655,0.007569450578275502
2025-01-31,ADBE,Technology,0.002537399292692699,0.024141431515995827
2025-01-31,AMAT,Technology,-0.12151886170931836,0.02298588835478628
2025-01-31,AMD,Technology,-0.13876668185746377,0.03291987176301295
2025-01-31,AVGO,Technology,-0.09870300987281122,-0.017414101150256517
2025-01-31,CDNS,Technology,-0.15832267955865686,0.0058003226077698086
2025-01-31,CRM,Technology,-0.12832895851114923,0.00985964829095146
2025-01-31,CRWD,Technology,-0.02112694628424905,0.013098202710704287
2025-01-31,FTNT,Technology,0.07067808363338268,0.037629403676362624
2025-01-31,GOOGL,Technology,-0.16537607353029793,-0.009721708628681967
2025-01-31,INTC,Technology,0.22130721407735177,0.05490978457494121
2025-01-31,INTU,Technology,0.020498424203173604,0.003957013702176304
2025-01-31,KLAC,Technology,-0.037655626239537,0.016300627720532403
2025-01-31,LRCX,Technology,-0.0531770673730515,0.01758309079368396
2025-01-31,META,Technology,-0.030442002695617698,0.013110069945684682
2025-01-31,MSFT,Technology,-0.04161801349557115,0.0031214947965132033
2025-01-31,MU,Technology,0.02619451094126468,0.0281615032025476
2025-01-31,NET,Technology,0.04985555967895672,0.02425315561507367
2025-01-31,NOW,Technology,-0.08702055946497289,0.01688815081728835
2025-01-31,NVDA,Technology,0.0403931058066469,0.009532629514033018
2025-01-31,ORCL,Technology,-0.0235209254370774,0.025492353798182252
2025-01-31,PANW,Technology,0.032588626865348136,0.01566133636296546
2025-01-31,QCOM,Technology,-0.09113500412101161,0.018221450426165353
2025-01-31,SNPS,Technology,-0.12978607030588662,0.013425737473699684
2025-01-31,TXN,Technology,0.061643558215723315,0.011975802519549522
2025-01-31,ACN,Technology,-0.09468760239767826,0.007941294640718433
2025-01-31,ADI,Technology,0.08575185857582479,0.0062167440856208366
2025-01-31,ANET,Technology,-0.19248459306619614,0.008762911706407217
2025-01-31,CGNX,Technology,-0.1759587301072053,0.025060925806266968
2025-01-31,COHU,Technology,-0.14185945096665364,0.013016141749476132
2025-01-31,CSCO,Technology,0.05792086136778729,0.010078703547346898
2025-01-31,DELL,Technology,-0.008108004192786011,0.029151853694122355
2025-01-31,ENTG,Technology,-0.0031516616146296528,0.018190949606072166
2025-01-31,FORM,Technology,-0.16853932905331592,0.013319796253873242
2025-01-31,HPQ,Technology,-0.050153776205483336,0.019978891856871576
2025-01-31,IBM,Technology,-0.0061719977316826435,0.02256528658406124
2025-01-31,IPGP,Technology,-0.20646396872083572,0.020980409651631917
2025-01-31,KEYS,Technology,-0.10552288578726199,0.017826138844265888
2025-01-31,MCHP,Technology,0.09211483462720538,0.01928730256871638
2025-01-31,MKSI,Technology,-0.18770871931868927,0.02273013635076723
2025-01-31,MPWR,Technology,-0.041357437091217863,0.022676782126728252
2025-01-31,MRVL,Technology,-0.18642564863747735,-0.0008305947752859782
2025-01-31,NXPI,Technology,0.03375686196937622,0.01687793193323894
2025-01-31,ONTO,Technology,-0.2886305549434536,0.016218782389497293
2025-01-31,QRVO,Technology,-0.12400579054287952,0.031151006250777234
2025-01-31,STX,Technology,0.05759655888940096,0.02065639358580086
2025-01-31,SWKS,Technology,-0.24108179318114287,0.017092194232696138
2025-01-31,TER,Technology,-0.05020337043369871,0.012123165014405662
2025-01-31,VRSN,Technology,0.10641857068136518,-0.0018182696214350258
2025-01-31,WDC,Technology,-0.006074105802907237,0.020095404356481675
2025-01-31,AXP,Financials,-0.05194520904688915,0.012346457801997723
2025-01-31,BAC,Financials,-0.004319574412602112,0.013121213253202438
2025-01-31,BK,Financials,0.035144867090450393,0.017040482986348963
2025-01-31,BLK,Financials,-0.090860045417269,0.01481401599783393
2025-01-31,C,Financials,-0.011376384564619868,0.006397973475455088
2025-01-31,CFG,Financials,-0.037838935265844476,0.02641124173375712
2025-01-31,CME,Financials,0.07293250098581994,0.008259535339027188
2025-01-31,COF,Financials,-0.012581585245778015,0.025667383286864548
2025-01-31,FITB,Financials,-0.018957252519693824,0.02394288761375095
2025-01-31,GS,Financials,-0.023460897087265842,0.018434168355092147
2025-01-31,HBAN,Financials,-0.04244203204145336,0.02476508611861971
2025-01-31,ICE,Financials,0.08383912321939535,0.014473484827270216
2025-01-31,JPM,Financials,-0.009914048114131546,0.01257915078103624
2025-01-31,KEY,Financials,-0.03670728709646598,0.03200051474728542
2025-01-31,MCO,Financials,0.010906985167309813,0.011339449777893026
2025-01-31,MS,Financials,-0.038430888546167274,0.021914450856901566
2025-01-31,MTB,Financials,-0.04730676386077215,0.03231031771795011
2025-01-31,PNC,Financials,-0.04493655988950718,0.028499475558992418
2025-01-31,RF,Financials,-0.03774347604561701,0.02900416449123009
2025-01-31,SCHW,Financials,-0.03537090807307208,0.01763567763888282
2025-01-31,SPGI,Financials,0.02549320293148849,0.009784028664607128
2025-01-31,STT,Financials,-0.02351891776096804,0.015061053823913846
2025-01-31,TFC,Financials,-0.015652139209190397,0.01938971681480368
2025-01-31,USB,Financials,-0.0184177056712862,0.02680113061558402
2025-01-31,WFC,Financials,-0.0011844680500803229,0.02088565476822299
2025-01-31,AFL,Financials,0.025166732412617465,0.02081019136817238
2025-01-31,AJG,Financials,0.1190110777049691,0.01515705439183825
2025-01-31,ALL,Financials,0.03545984486236575,0.01701791915440911
2025-01-31,AMTD,Financials,0.019801961500356402,0.014800192306284883
2025-01-31,AON,Financials,0.10529651598849932,0.023847055537273332
2025-01-31,CB,Financials,0.05002198857138196,0.010524499966535263
2025-01-31,FDS,Financials,-0.024475683657960268,0.007018978971300617
2025-01-31,FNF,Financials,0.10933490903039833,0.02183988342945616
2025-01-31,GL,Financials,0.043738288672199976,0.04546571788746083
2025-01-31,HIG,Financials,0.06033164699661864,0.017632238084254896
2025-01-31,IBKR,Financials,-0.05881434453146517,0.030838542307863044
2025-01-31,LPLA,Financials,0.013219157603258758,0.014213918003912706
2025-01-31,MET,Financials,0.0025769587079724765,0.01387965629310207
2025-01-31,MSCI,Financials,-0.007367775486237238,0.02127893886038105
2025-01-31,NDAQ,Financials,0.005343486525450247,0.02198144676625803
2025-01-31,PGR,Financials,0.14429468071135632,0.016060599864306992
2025-01-31,PRU,Financials,-0.035194647588736694,0.009944506876391118
2025-01-31,RJF,Financials,-0.08196813420334448,0.024392666181839127
2025-01-31,SEIC,Financials,-0.07542159961512862,0.013941135092752773
2025-01-31,SF,Financials,-0.08338350989932752,0.02067514334891835
2025-01-31,SYF,Financials,-0.1171250255160804,0.024839059614039656
2025-01-31,TRV,Financials,0.05428670766182542,0.021434132782179486
2025-01-31,UNM,Financials,0.07921317029242658,0.02906890066349308
2025-01-31,WTW,Financials,0.030585169976540705,0.010529448563646725
2025-01-31,ABBV,Healthcare,0.13665044350401634,0.012740671678892184
2025-01-31,ABT,Healthcare,0.0787929513425476,0.008356409899020268
2025-01-31,AMGN,Healthcare,0.08804158890535652,0.014070147525898231
2025-01-31,BAX,Healthcare,0.06504774853397444,0.02804642363163609
2025-01-31,BIIB,Healthcare,-0.023830979297745802,0.021138933913323978
2025-01-31,BMY,Healthcare,0.011365547714744295,0.029221227684673667
2025-01-31,BSX,Healthcare,0.013970303796883465,0.0031955793372784123
2025-01-31,CI,Healthcare,0.049760435426029925,0.013695274228103498
2025-01-31,CVS,Healthcare,0.1635977152764574,0.043240468710634264
2025-01-31,DHR,Healthcare,-0.06725320702154525,0.009645267756581675
2025-01-31,EW,Healthcare,-0.011456097123828668,0.012974955795582738
2025-01-31,GILD,Healthcare,0.17602882439937395,0.022365365174189907
2025-01-31,HUM,Healthcare,-0.07778869178968262,0.03807026355502072
2025-01-31,ISRG,Healthcare,0.0022207797447126865,0.012346031805985617
2025-01-31,JNJ,Healthcare,0.09326922817155237,0.01003043645289671
2025-01-31,LLY,Healthcare,0.13702301241186077,0.009449688496967661
2025-01-31,MDT,Healthcare,0.013212842511454381,0.013374570314319142
2025-01-31,MRK,Healthcare,-0.06648451429077307,0.00982107574267954
2025-01-31,PFE,Healthcare,-0.003393692821158978,0.00574359229530344
2025-01-31,REGN,Healthcare,0.039611709701733444,0.023508338876853243
2025-01-31,SYK,Healthcare,-0.013033919920240056,0.01040469720906357
2025-01-31,TMO,Healthcare,-0.11508159436075316,0.009429051949045732
2025-01-31,UNH,Healthcare,-0.12448165078034401,0.022703620430345572
2025-01-31,VRTX,Healthcare,0.03922633892835492,0.01522454922798197
2025-01-31,ZBH,Healthcare,-0.047131872877696046,0.018202759760140935
2025-01-31,A,Healthcare,-0.15575505446470805,0.013970832316114781
2025-01-31,ACAD,Healthcare,0.05037516300880274,0.038204508984049215
2025-01-31,ALGN,Healthcare,-0.14641048670390588,0.0373460458492368
2025-01-31,ALKS,Healthcare,0.08880434771430612,0.020205777356299425
2025-01-31,BDX,Healthcare,-0.08913575275793584,-0.002302573796397315
2025-01-31,DGX,Healthcare,0.060085741201611365,0.012397515383985055
2025-01-31,DXCM,Healthcare,0.017735815767040197,0.033741538250612754
2025-01-31,FOLD,Healthcare,-0.009394588027624273,0.029547074825644767
2025-01-31,HOLX,Healthcare,-0.12129193337996569,0.0104356695615424
2025-01-31,IDXX,Healthcare,0.035682971198144564,0.019818438883911566
2025-01-31,INSP,Healthcare,-0.04087857189720612,0.05892676456121286
2025-01-31,IQV,Healthcare,-0.06237583194538421,0.021707883664682324
2025-01-31,MASI,Healthcare,0.08345295816720077,0.028371102470216597
2025-01-31,MTD,Healthcare,-0.06722169874959427,0.015251173865314969
2025-01-31,NBIX,Healthcare,-0.21802137074614292,0.0012580889721911237
2025-01-31,NTRA,Healthcare,-0.12056297790985804,0.038740917026173785
2025-01-31,NVCR,Healthcare,-0.2222675636702054,0.05348424883151103
2025-01-31,PODD,Healthcare,-0.02194847245481124,0.022747668939533103
2025-01-31,RARE,Healthcare,-0.002556370287523424,0.03690576999097868
2025-01-31,RMD,Healthcare,-0.00904276979888674,0.021384237930615887
2025-01-31,WAT,Healthcare,-0.09179747193588228,0.026587298808228195
2025-01-31,AMZN,Consumer,-0.10686635257151178,0.0056212747127212265
2025-01-31,AZO,Consumer,0.04262420877889239,0.0017021999555194255
2025-01-31,BKNG,Consumer,0.058774967228537145,0.0186255505578769
2025-01-31,CMG,Consumer,-0.07506422224433384,0.003011451122414306
2025-01-31,COST,Consumer,0.07132347003833583,0.011005060098711106
2025-01-31,DG,Consumer,0.04390669316405882,0.03288535142003301
2025-01-31,DLTR,Consumer,-0.006680270947004963,0.033012369314026596
2025-01-31,DRI,Consumer,0.02673629727447513,-0.01117989925445953
2025-01-31,EBAY,Consumer,-0.04060467042623894,0.015598433311942713
2025-01-31,HD,Consumer,-0.03733196534246497,0.01988991602903646
2025-01-31,HLT,Consumer,0.03529683111457271,0.006868828269987399
2025-01-31,KR,Consumer,0.05674233919561167,0.006733223314896735
2025-01-31,LOW,Consumer,-0.043839450290382165,0.02340108246426347
2025-01-31,LULU,Consumer,-0.11731053940959757,0.013758968728160901
2025-01-31,MAR,Consumer,-0.03273481952945734,0.010334042261310006
2025-01-31,MCD,Consumer,0.0679944898055529,0.01187126314861258
2025-01-31,MGM,Consumer,0.008120614356560196,0.021600004363371488
2025-01-31,NKE,Consumer,0.03289991491498245,0.031535950420660444
2025-01-31,ORLY,Consumer,0.06120107171764366,0.011794975547779037
2025-01-31,ROST,Consumer,-0.06801273798620411,0.005860298458650191
2025-01-31,SBUX,Consumer,0.08133878194964295,0.026243056087549732
2025-01-31,TGT,Consumer,-0.0914397332160739,0.0177871534348769
2025-01-31,TJX,Consumer,0.0027823194569507326,0.009092777642355202
2025-01-31,WMT,Consumer,0.004584311249753448,0.015750658960063422
2025-01-31,YUM,Consumer,0.20389966915040358,0.001446707114780843
2025-01-31,BBY,Consumer,0.04716977275801648,0.021538792191794366
2025-01-31,CCL,Consumer,-0.13516444500214297,0.025254403307072584
2025-01-31,CHDN,Consumer,-0.041106973102295385,0.0037744862589227986
2025-01-31,CMCSA,Consumer,0.06595353090721967,0.018625570688531087
2025-01-31,CZR,Consumer,-0.07850202708043597,0.03048474934636721
2025-01-31,DIS,Consumer,0.0065452417757716486,0.02226604029871384
2025-01-31,DKNG,Consumer,0.04553038885995653,0.032101076380029264
2025-01-31,F,Consumer,-0.021617865342242748,0.027030746554706084
2025-01-31,FOX,Consumer,0.11255138578692958,0.015718437338299914
2025-01-31,GM,Consumer,-0.006671932851534446,0.017139471732424416
2025-01-31,GRMN,Consumer,0.060597555603166375,0.022195233987716292
2025-01-31,H,Consumer,-0.10824724030740396,0.004599786638823888
2025-01-31,IHG,Consumer,-0.058491764349344666,0.01199619027207634
2025-01-31,LVS,Consumer,-0.018730515131257452,0.021483266777714543
2025-01-31,NCLH,Consumer,-0.19858910025959453,0.031123714939325742
2025-01-31,NFLX,Consumer,0.0038903849838498594,0.0197866482027179
2025-01-31,PENN,Consumer,0.04417474905634844,0.029341608750178556
2025-01-31,POOL,Consumer,0.007988330576501834,0.03073863747691461
2025-01-31,RCL,Consumer,-0.07689420633009447,0.031558770951777455
2025-01-31,SIRI,Consumer,0.018106254089537144,0.0452361049124186
2025-01-31,TSLA,Consumer,-0.2758773935575025,0.06566231150452798
2025-01-31,WBD,Consumer,0.09770119719930315,0.027810762339693134
2025-01-31,WYNN,Consumer,0.03128045712578964,0.022822731560866172
2025-01-31,APA,Energy,-0.05608764917567155,0.022186830387513456
2025-01-31,BA,Energy,-0.010706998322587813,0.027364759878273463
2025-01-31,CAT,Energy,-0.07400929274017509,0.0214819934810311
2025-01-31,COP,Energy,0.01137899790800545,0.016486658577975218
2025-01-31,CVX,Energy,0.07500075375849913,0.00811143667339383
2025-01-31,DE,Energy,0.008876163971146545,0.020953712632542754
2025-01-31,DVN,Energy,0.06217018227581872,0.02187766570647545
2025-01-31,EOG,Energy,0.00914213502169714,0.009663178683626154
2025-01-31,FDX,Energy,-0.00743752375832063,0.010610801788517244
2025-01-31,GD,Energy,-0.017044155545978268,0.007796898679356099
2025-01-31,GE,Energy,0.016750897893936134,0.012549999754069006
2025-01-31,HAL,Energy,0.013451194131281596,0.027863687648485964
2025-01-31,HON,Energy,-0.04331595612120176,0.003634128918967425
2025-01-31,LMT,Energy,-0.02717357045730462,0.020864735524218768
2025-01-31,MMM,Energy,0.024212555322594254,0.022561462416039343
2025-01-31,MPC,Energy,0.03660897616993819,0.02796794480617951
2025-01-31,NOC,Energy,-0.052394003592250216,0.014577797262954158
2025-01-31,OXY,Energy,0.04694538157675643,0.008465193081570767
2025-01-31,PSX,Energy,0.11019400548575176,0.02875286881823362
2025-01-31,RTX,Energy,0.03654969000981345,0.013226325525230079
2025-01-31,SLB,Energy,0.04146092386303346,0.025845099541129818
2025-01-31,UNP,Energy,0.00103420894202233,0.010622617925823436
2025-01-31,UPS,Energy,0.05693491917568516,0.013539319427030641
2025-01-31,VLO,Energy,-0.017067786225355985,0.023757059135333367
2025-01-31,XOM,Energy,0.05144441752227369,0.007712407839108051
2025-01-31,AME,Energy,0.025682759584277237,0.013718336349378272
2025-01-31,BE,Energy,0.018659903964429736,0.1487592358625504
2025-01-31,BKR,Energy,-0.02972342565463848,0.021522665015926336
2025-01-31,CTRA,Energy,-0.02633483014331217,0.004285448097806047
2025-01-31,EMR,Energy,-0.06021834129712722,0.01997251778053149
2025-01-31,ENPH,Energy,-0.07947972134334191,0.03909068853765427
2025-01-31,ETN,Energy,-0.10145819572334269,0.01860068412956933
2025-01-31,FSLR,Energy,-0.18708220390030017,0.04686376496131942
2025-01-31,FTV,Energy,-0.021025215036440503,0.015544808755678811
2025-01-31,GNRC,Energy,-0.08826095073300533,0.04161258484444992
2025-01-31,HUBB,Energy,-0.11840598545271697,0.020898132145899924
2025-01-31,MTDR,Energy,-0.092174961441017,0.021188390700475863
2025-01-31,PH,Energy,-0.05227451392031479,0.026369893663111627
2025-01-31,PLUG,Energy,-0.13440860111681163,0.06245354047763036
2025-01-31,PR,Energy,-0.038225127107585966,0.016994135666505514
2025-01-31,ROK,Energy,0.03592817985820673,0.014098888236090859
2025-01-31,ROP,Energy,0.015374040373053344,0.005342589228266399
2025-01-31,SM,Energy,-0.13830348434981876,0.028433942876045483
2025-01-31,VRSK,Energy,0.032945980666873265,0.010344388335191107
2025-01-31,WMB,Energy,0.049612064662774014,0.021509055217493633
2025-01-31,XYL,Energy,0.05849662544690215,0.010721836796207265
2025-02-28,AAPL,Technology,-0.08150015766345797,0.005721890732597977
2025-02-28,ADBE,Technology,-0.12547883775456425,0.024707848970035605
2025-02-28,AMAT,Technology,-0.0819257098956856,0.01727634588807391
2025-02-28,AMD,Technology,0.02884034884653741,0.03478811210579462
2025-02-28,AVGO,Technology,-0.15791690404933312,0.0287247386608388
2025-02-28,CDNS,Technology,0.015289428467284205,0.013245960934163794
2025-02-28,CRM,Technology,-0.0990096102799134,0.020520942316599802
2025-02-28,CRWD,Technology,-0.0951599259389152,0.03205886894091559
2025-02-28,FTNT,Technology,-0.10878622134624161,0.03700950535106373
2025-02-28,GOOGL,Technology,-0.09080280497636184,-0.0006210406723352671
2025-02-28,INTC,Technology,-0.04298358522713841,0.03662697758053783
2025-02-28,INTU,Technology,0.0002442112789060591,0.009296462586501731
2025-02-28,KLAC,Technology,-0.040968336343420786,0.0052311801773490315
2025-02-28,LRCX,Technology,-0.049786354105539,0.013194099759498933
2025-02-28,META,Technology,-0.1366765104196711,0.015056339236157824
2025-02-28,MSFT,Technology,-0.05440932332001214,0.0029622206361886
2025-02-28,MU,Technology,-0.0707771174474291,0.022306412731691535
2025-02-28,NET,Technology,-0.22443220870914538,0.02305379623124353
2025-02-28,NOW,Technology,-0.1437145049255122,0.024968130318491613
2025-02-28,NVDA,Technology,-0.13232496449965547,0.01306192519993613
2025-02-28,ORCL,Technology,-0.15807537443978292,0.014571500456222733
2025-02-28,PANW,Technology,-0.1039226699957212,0.014770139697699573
2025-02-28,QCOM,Technology,-0.017380751948529283,0.016864422015123868
2025-02-28,SNPS,Technology,-0.06217195755702143,0.008952215286926675
2025-02-28,TXN,Technology,-0.08311651388378005,0.004367740405621849
2025-02-28,ACN,Technology,-0.10461989035891428,0.005259803630956537
2025-02-28,ADI,Technology,-0.11958858140537221,0.003814955374027925
2025-02-28,ANET,Technology,-0.16732938403197706,0.016159677596203237
2025-02-28,CGNX,Technology,-0.09054874310023475,0.010187761626669376
2025-02-28,COHU,Technology,-0.25178025674891935,0.02293397746967081
2025-02-28,CSCO,Technology,-0.037435691414875905,0.009277635619104423
2025-02-28,DELL,Technology,-0.11298173786711785,0.037918784851111324
2025-02-28,ENTG,Technology,-0.13574380360922889,0.018993828971499333
2025-02-28,FORM,Technology,-0.15045040349302563,0.02598978031277787
2025-02-28,HPQ,Technology,-0.09386257182614044,0.013892388158860097
2025-02-28,IBM,Technology,-0.01497389582091535,-0.0042827798486184815
2025-02-28,IPGP,Technology,0.08506617768963864,0.019256505518600673
2025-02-28,KEYS,Technology,-0.061179681448744194,0.007290675348493706
2025-02-28,MCHP,Technology,-0.1775400369916238,0.020385594271257072
2025-02-28,MKSI,Technology,-0.12709626415593966,0.01269061930225521
2025-02-28,MPWR,Technology,-0.048224440168682325,0.012140219981279513
2025-02-28,MRVL,Technology,-0.3294489405712472,0.03780779867873142
2025-02-28,NXPI,Technology,-0.11408158932721091,0.013821419389359456
2025-02-28,ONTO,Technology,-0.1669642092048439,0.009876958200486017
2025-02-28,QRVO,Technology,-0.0038519572140965908,0.005319926627285112
2025-02-28,STX,Technology,-0.15959507540254703,0.0030655363304837
2025-02-28,SWKS,Technology,-0.030453074860793072,0.012550285512284261
2025-02-28,TER,Technology,-0.24813402613450797,0.0172402370626068
2025-02-28,VRSN,Technology,0.0672188397299629,0.0033967505060625396
2025-02-28,WDC,Technology,-0.1737176095232711,0.012942585259919325
2025-02-28,AXP,Financials,-0.10602734746378839,0.003323017742983183
2025-02-28,BAC,Financials,-0.08908150228801726,0.003946778706680504
2025-02-28,BK,Financials,-0.05711059878296221,-0.0030366176448261666
2025-02-28,BLK,Financials,-0.026727274264626177,-0.0008188234931658933
2025-02-28,C,Financials,-0.11206993277848343,-0.0006787204342684865
2025-02-28,CFG,Financials,-0.10487210403859859,0.0035939967785052797
2025-02-28,CME,Financials,0.05056479299915928,0.008243195097954858
2025-02-28,COF,Financials,-0.10595871023646719,0.00968628827888116
2025-02-28,FITB,Financials,-0.0895488580894288,0.005486021917364517
2025-02-28,GS,Financials,-0.12212954605340609,-5.2938392090973174e-05
2025-02-28,HBAN,Financials,-0.07906572258285927,0.00850224178478298
2025-02-28,ICE,Financials,-0.0014119484495377366,0.0005979000279384208
2025-02-28,JPM,Financials,-0.07311540855337095,0.006632099585605459
2025-02-28,KEY,Financials,-0.06550772871397925,0.011914955706433809
2025-02-28,MCO,Financials,-0.07590186417011169,0.0010992432554709046
2025-02-28,MS,Financials,-0.12350683772730342,0.005955933605925348
2025-02-28,MTB,Financials,-0.06103905991185843,0.011438886832578644
2025-02-28,PNC,Financials,-0.08414959928762245,0.006825135384690812
2025-02-28,RF,Financials,-0.07374257911060256,0.0118979395357953
2025-02-28,SCHW,Financials,-0.015717277021183307,0.005411611528529755
2025-02-28,SPGI,Financials,-0.04803837440691927,-0.001051479940306698
2025-02-28,STT,Financials,-0.09775274494665553,0.0008580224167158146
2025-02-28,TFC,Financials,-0.11218990824540531,-0.004074930210230691
2025-02-28,USB,Financials,-0.08900836268934975,0.009577241736385432
2025-02-28,WFC,Financials,-0.08337585654792312,0.004218650172905921
2025-02-28,AFL,Financials,0.015712021395674736,0.00829516924960333
2025-02-28,AJG,Financials,0.0241653332655547,0.002452062848384602
2025-02-28,ALL,Financials,0.04497478486437023,0.007635539420830232
2025-02-28,AMTD,Financials,0.048543760111089185,0.024003239305878332
2025-02-28,AON,Financials,-0.024516044236654877,0.009758854250895593
2025-02-28,CB,Financials,0.061178969156050034,0.0013424669409596753
2025-02-28,FDS,Financials,-0.015376573231934088,0.009578705288178033
2025-02-28,FNF,Financials,0.016366613581388023,0.006426299595044583
2025-02-28,GL,Financials,0.03366543043870118,0.0333645319603271
2025-02-28,HIG,Financials,0.050696274241146755,0.006864706155947309
2025-02-28,IBKR,Financials,-0.18987283454549586,0.018202387347246593
2025-02-28,LPLA,Financials,-0.1191267895233673,0.02903905630892495
2025-02-28,MET,Financials,-0.06834538703028714,0.004754082172923732
2025-02-28,MSCI,Financials,-0.04235316448774473,0.012154937143691646
2025-02-28,NDAQ,Financials,-0.08053729844616098,0.005883984731298043
2025-02-28,PGR,Financials,0.003581525796623408,0.008720296630388235
2025-02-28,PRU,Financials,-0.029713229352425374,0.0013689779540421807
2025-02-28,RJF,Financials,-0.10189434657855556,0.019044440473835043
2025-02-28,SEIC,Financials,-0.0302311448488366,0.0046183813226862575
2025-02-28,SF,Financials,-0.10848394973520004,0.007736029395897659
2025-02-28,SYF,Financials,-0.1275543970069828,0.013632411001005635
2025-02-28,TRV,Financials,0.02728134136548266,0.008582916808090233
2025-02-28,UNM,Financials,-0.010086438964549749,0.014345751822417274
2025-02-28,WTW,Financials,-0.002282595496509665,0.00205898268280268
2025-02-28,ABBV,Healthcare,0.0023441836744553246,0.0009646295923766632
2025-02-28,ABT,Healthcare,-0.03883771463274166,0.0013633948024814897
2025-02-28,AMGN,Healthcare,0.011329097705919722,0.0036377119021305335
2025-02-28,BAX,Healthcare,-0.008113657538260322,0.014515311135564797
2025-02-28,BIIB,Healthcare,-0.026049848128892328,0.020493158863216947
2025-02-28,BMY,Healthcare,0.022978851766379815,0.013686836032779615
2025-02-28,BSX,Healthcare,-0.02803741821408956,0.004080839613920945
2025-02-28,CI,Healthcare,0.07047536867892079,0.007745790235463967
2025-02-28,CVS,Healthcare,0.03088866880948249,0.02023838001128722
2025-02-28,DHR,Healthcare,-0.011779458403838428,0.006046641944315428
2025-02-28,EW,Healthcare,0.012007827106549573,0.03450030643257234
2025-02-28,GILD,Healthcare,-0.01289106915124949,0.01022608851587613
2025-02-28,HUM,Healthcare,-0.018309028485413603,0.017437360060848176
2025-02-28,ISRG,Healthcare,-0.13588071548982006,0.00407682311697719
2025-02-28,JNJ,Healthcare,0.004969016591489517,-0.0016414919997842052
2025-02-28,LLY,Healthcare,-0.10288609795052905,0.013546032309801188
2025-02-28,MDT,Healthcare,-0.015730025704972617,0.0001703077818345916
2025-02-28,MRK,Healthcare,-0.01858602337888604,0.01270782738619701
2025-02-28,PFE,Healthcare,-0.04124095568972996,0.0026849994830486206
2025-02-28,REGN,Healthcare,-0.0923233702036379,0.021719543121222946
2025-02-28,SYK,Healthcare,-0.033869742671619796,0.0049276697084738325
2025-02-28,TMO,Healthcare,-0.05849065745324322,-0.009940475263598012
2025-02-28,UNH,Healthcare,0.1074371255037736,0.0055942411450414856
2025-02-28,VRTX,Healthcare,0.010483750577781947,3.7029611700545306e-07
2025-02-28,ZBH,Healthcare,0.08725538246338704,0.010228507368059487
2025-02-28,A,Healthcare,-0.08552217931095984,-0.0004702372394568173
2025-02-28,ACAD,Healthcare,-0.15255100576145786,0.026653344968939122
2025-02-28,ALGN,Healthcare,-0.15061753917983545,0.02947937545240955
2025-02-28,ALKS,Healthcare,-0.03815908253479894,0.006921561341355353
2025-02-28,BDX,Healthcare,0.020274796688834584,-0.004845327591361748
2025-02-28,DGX,Healthcare,-0.02139953883183976,-0.004505267695386474
2025-02-28,DXCM,Healthcare,-0.22722644796829927,0.053215645528015845
2025-02-28,FOLD,Healthcare,-0.140147519049871,0.02763807149174965
2025-02-28,HOLX,Healthcare,-0.025556064797017664,0.0015031948156103512
2025-02-28,IDXX,Healthcare,-0.039257792591330776,0.018027929297084525
2025-02-28,INSP,Healthcare,-0.1417640933118668,0.04700099315717167
2025-02-28,IQV,Healthcare,-0.06620762604846586,0.009473752603676885
2025-02-28,MASI,Healthcare,-0.11744449683301528,0.03518248995638402
2025-02-28,MTD,Healthcare,-0.07213679256774475,0.0007067749970751554
2025-02-28,NBIX,Healthcare,-0.06839624884678674,0.001285951906226714
2025-02-28,NTRA,Healthcare,-0.09113691760096798,0.02834926811146956
2025-02-28,NVCR,Healthcare,-0.06554798217114088,0.06491303718043327
2025-02-28,PODD,Healthcare,-0.0354795021555766,0.01829374098909239
2025-02-28,RARE,Healthcare,-0.15633735719326436,0.025648054696525376
2025-02-28,RMD,Healthcare,-0.041409726075887,0.010135442417803923
2025-02-28,WAT,Healthcare,-0.023241609950668374,0.008183360514692609
2025-02-28,AMZN,Consumer,-0.1037309421475675,0.006169597234304148
2025-02-28,AZO,Consumer,0.09154569229325116,-0.0006873697272639194
2025-02-28,BKNG,Consumer,-0.07967737328066549,0.019104800114181197
2025-02-28,CMG,Consumer,-0.06966837226581557,0.015053713020167196
2025-02-28,COST,Consumer,-0.0980630433997749,0.004113350527761477
2025-02-28,DG,Consumer,0.18535975578329067,0.03232190776278361
2025-02-28,DLTR,Consumer,0.030332131017834163,0.03491622715823463
2025-02-28,DRI,Consumer,0.036416229500878305,0.01339752049432789
2025-02-28,EBAY,Consumer,0.05092835578792587,-0.0035786655067411507
2025-02-28,HD,Consumer,-0.07005603606378807,0.006688736351158599
2025-02-28,HLT,Consumer,-0.14119103251152054,0.0051628822703341255
2025-02-28,KR,Consumer,0.04427644938774411,0.005040795344381387
2025-02-28,LOW,Consumer,-0.061977138330763015,0.007667442378389981
2025-02-28,LULU,Consumer,-0.22578701649406674,0.04007006551242102
2025-02-28,MAR,Consumer,-0.1506506846267992,0.010689955820854555
2025-02-28,MCD,Consumer,0.018952101831033685,0.006702142791186069
2025-02-28,MGM,Consumer,-0.14729571861667834,0.019091930685887146
2025-02-28,NKE,Consumer,-0.19676069945821983,0.02698481054432037
2025-02-28,ORLY,Consumer,0.04290793114316194,0.0035179930666661523
2025-02-28,ROST,Consumer,-0.08634841156169026,0.006254050934525914
2025-02-28,SBUX,Consumer,-0.15300934980302416,0.009748161328295889
2025-02-28,TGT,Consumer,-0.1600129574508039,0.014348805136710528
2025-02-28,TJX,Consumer,-0.023725565882148802,0.0031053839827523133
2025-02-28,WMT,Consumer,-0.10728035563503635,0.010919771023041026
2025-02-28,YUM,Consumer,0.006331256067615421,0.0017448822616882333
2025-02-28,BBY,Consumer,-0.17088321179611665,0.0160447593225542
2025-02-28,CCL,Consumer,-0.18386963541771761,0.024755239432026885
2025-02-28,CHDN,Consumer,-0.06270041078150868,0.005182868654381835
2025-02-28,CMCSA,Consumer,0.02842817297098099,0.018366492099136267
2025-02-28,CZR,Consumer,-0.24744132807497665,0.016412953141258603
2025-02-28,DIS,Consumer,-0.1326889602273189,0.020251674782706456
2025-02-28,DKNG,Consumer,-0.24281808886626777,0.02032924609270207
2025-02-28,F,Consumer,0.05026174855235377,0.026290529656399247
2025-02-28,FOX,Consumer,-0.020123760031425797,0.011079747487865065
2025-02-28,GM,Consumer,-0.04030393913039376,0.01763402494246087
2025-02-28,GRMN,Consumer,-0.04813436745425137,0.010421786906456388
2025-02-28,H,Consumer,-0.1308973883904624,0.007857527205990216
2025-02-28,IHG,Consumer,-0.13599805672449616,0.011355112576297987
2025-02-28,LVS,Consumer,-0.13598740940384102,0.019471001541079756
2025-02-28,NCLH,Consumer,-0.16549297282204412,0.02014740712480074
2025-02-28,NFLX,Consumer,-0.04898222868327429,0.011037358228170157
2025-02-28,PENN,Consumer,-0.24174805707148828,0.014706787219875086
2025-02-28,POOL,Consumer,-0.07934914315388608,0.014775374032990398
2025-02-28,RCL,Consumer,-0.16230252388602995,0.010905063007432053
2025-02-28,SIRI,Consumer,-0.06779658346397888,0.04016870949362826
2025-02-28,TSLA,Consumer,-0.11543452131892018,0.04708357450625911
2025-02-28,WBD,Consumer,-0.06369986854107224,0.036516864740620866
2025-02-28,WYNN,Consumer,-0.06515895148710404,0.016762451340288403
2025-02-28,APA,Energy,0.015458856327926096,0.01946529299399749
2025-02-28,BA,Energy,-0.023363693048011003,0.011721672917955185
2025-02-28,CAT,Energy,-0.04113980546039253,0.00961499884180472
2025-02-28,COP,Energy,0.059203119804682736,0.014027886474876003
2025-02-28,CVX,Energy,0.05465890658060557,0.0013468428438783465
2025-02-28,DE,Energy,-0.020383531100638397,0.00793133609838107
2025-02-28,DVN,Energy,0.039965164317082635,0.01587500511933058
2025-02-28,EOG,Energy,0.01024109970056486,0.003139011087520136
2025-02-28,FDX,Energy,-0.06766019561051828,0.01054290781967496
2025-02-28,GD,Energy,0.0790974242591449,0.0032175664725502626
2025-02-28,GE,Energy,-0.031199208919524435,-0.004084567594364999
2025-02-28,HAL,Energy,-0.031101510294961887,0.022212230775535635
2025-02-28,HON,Energy,-0.0053548233646998344,0.00761185617384927
2025-02-28,LMT,Energy,-0.0008051890584891419,0.009530340691701316
2025-02-28,MMM,Energy,-0.05324908029397735,0.00018718815376190037
2025-02-28,MPC,Energy,-0.0298974949258074,0.019416985924255684
2025-02-28,NOC,Energy,0.11384020675407158,-0.0005340376752108397
2025-02-28,OXY,Energy,0.01580777986079296,0.013298199669945937
2025-02-28,PSX,Energy,-0.047883396138868384,0.018875135185806986
2025-02-28,RTX,Energy,-0.003985089632431604,-0.005013935909174618
2025-02-28,SLB,Energy,0.003360670333556026,0.010881271884625201
2025-02-28,UNP,Energy,-0.042360848142597995,-0.00617314476182363
2025-02-28,UPS,Energy,-0.07594730930726201,0.016855294377678947
2025-02-28,VLO,Energy,0.01025013683690279,0.012040065003549281
2025-02-28,XOM,Energy,0.06826557266864963,0.0026228922730706927
2025-02-28,AME,Energy,-0.0890165510949914,0.004807228377455274
2025-02-28,BE,Energy,-0.1815154257810323,0.11077676355151378
2025-02-28,BKR,Energy,-0.014352896384639435,0.004105721376491291
2025-02-28,CTRA,Energy,0.07948850090846493,0.006014657113996423
2025-02-28,EMR,Energy,-0.09842937974614596,0.005762462223363258
2025-02-28,ENPH,Energy,0.08233032016840292,0.03762789787212105
2025-02-28,ETN,Energy,-0.06987042849549818,0.012924938047507472
2025-02-28,FSLR,Energy,-0.07159636433391758,0.039937303597915
2025-02-28,FTV,Energy,-0.07995976821973216,0.009999748344508813
2025-02-28,GNRC,Energy,-0.0697759294637087,0.01982753290599293
2025-02-28,HUBB,Energy,-0.10947556873176145,0.011200511317542265
2025-02-28,MTDR,Energy,-0.023882292386095516,0.013334077118337909
2025-02-28,PH,Energy,-0.09073914271405537,0.0017710925626502113
2025-02-28,PLUG,Energy,-0.16149067587149946,0.04988800386128571
2025-02-28,PR,Energy,-0.006095344070587094,0.013452035803867331
2025-02-28,ROK,Energy,-0.10019164250902779,0.008570052495590463
2025-02-28,ROP,Energy,0.008691304059173621,-0.006314436472685807
2025-02-28,SM,Energy,-0.08437787558633902,0.016939871032484663
2025-02-28,VRSK,Energy,0.0039517646308195875,0.0038942152072942993
2025-02-28,WMB,Energy,0.036380842517961476,0.014024000076147545
2025-02-28,XYL,Energy,-0.0873252799356169,0.005671154422165035
2025-03-31,AAPL,Technology,-0.04335292558011783,0.040975696296573015
2025-03-31,ADBE,Technology,-0.02229287883654929,-0.03738985419048985
2025-03-31,AMAT,Technology,0.038519845308711,0.013645818724338973
2025-03-31,AMD,Technology,-0.05246252191668754,0.009497982893303829
2025-03-31,AVGO,Technology,0.14955514722770902,0.026830430210763666
2025-03-31,CDNS,Technology,0.17068371049734243,-0.08015491465884028
2025-03-31,CRM,Technology,0.0028774075884108186,-0.008555865714372736
2025-03-31,CRWD,Technology,0.21637645768440494,-0.05894630587078189
2025-03-31,FTNT,Technology,0.07791398123371884,-0.10705124110580483
2025-03-31,GOOGL,Technology,0.026901221618923055,-0.03114440638993806
2025-03-31,INTC,Technology,-0.11492729230391929,-0.01733010894526122
2025-03-31,INTU,Technology,0.023739732730235996,-0.0751342140261702
2025-03-31,KLAC,Technology,0.03367178600532372,-0.03744407070402647
2025-03-31,LRCX,Technology,-0.014167690844306469,-0.024922023409708567
2025-03-31,META,Technology,-0.047470323346377796,-0.028965642176756
2025-03-31,MSFT,Technology,0.052931575678408116,-0.04112041223220602
2025-03-31,MU,Technology,-0.11439755669290996,-0.01817387172939055
2025-03-31,NET,Technology,0.0717898319515704,-0.11149145094373447
2025-03-31,NOW,Technology,0.19955034735432098,-0.024979397138910224
2025-03-31,NVDA,Technology,0.004982454875415376,0.017027733151244083
2025-03-31,ORCL,Technology,0.01012445481322044,-0.02938969634422956
2025-03-31,PANW,Technology,0.0954640960173434,-0.07700337055771228
2025-03-31,QCOM,Technology,-0.03352632524404742,-0.02447607660201117
2025-03-31,SNPS,Technology,0.07032762791853475,-0.07905526168916681
2025-03-31,TXN,Technology,-0.10175040674234903,-0.05622080139769819
2025-03-31,ACN,Technology,-0.03655489963898739,-0.0335622078395151
2025-03-31,ADI,Technology,-0.033470502065212626,-0.060784125275377
2025-03-31,ANET,Technology,0.06182231645068925,-0.025403960170782024
2025-03-31,CGNX,Technology,-0.08481396209243175,-0.12238801333077945
2025-03-31,COHU,Technology,0.08769544245463701,-0.14176750022575355
2025-03-31,CSCO,Technology,-0.05824939553324848,-0.028204457463979718
2025-03-31,DELL,Technology,0.013148229945648238,-0.003177568674615395
2025-03-31,ENTG,Technology,-0.09441389756641483,-0.035465299990912164
2025-03-31,FORM,Technology,-0.005302280700760775,-0.09796632865853065
2025-03-31,HPQ,Technology,-0.07656200996216389,-0.032190533469156964
2025-03-31,IBM,Technology,-0.027507422846544394,-0.03420849361842252
2025-03-31,IPGP,Technology,-0.05147291782414598,-0.08576562407790063
2025-03-31,KEYS,Technology,-0.029178141492382292,-0.07490368438936429
2025-03-31,MCHP,Technology,-0.048130378530724105,-0.07312227087787006
2025-03-31,MKSI,Technology,-0.12489086670579774,-0.08266369204292946
2025-03-31,MPWR,Technology,0.022621366532601384,-0.0714662351499773
2025-03-31,MRVL,Technology,-0.050896229175738106,-0.008993340044340223
2025-03-31,NXPI,Technology,-0.030253678828168207,-0.04853029236704382
2025-03-31,ONTO,Technology,0.0051920628137993585,-0.08807486560696876
2025-03-31,QRVO,Technology,-0.010219658275632648,-0.07089393657774574
2025-03-31,STX,Technology,0.07157148857128748,-0.04064701445954053
2025-03-31,SWKS,Technology,-0.005415474779084883,-0.059455001938111186
2025-03-31,TER,Technology,-0.10157392987036562,-0.028324792491663003
2025-03-31,VRSN,Technology,0.1112773660351658,-0.043397161336022616
2025-03-31,WDC,Technology,0.08483814447741045,-0.03899691906320315
2025-03-31,AXP,Financials,-0.006525023033822297,-0.04018205066615407
2025-03-31,BAC,Financials,-0.044332579685647744,0.024425747875440634
2025-03-31,BK,Financials,-0.03531504742622349,-0.02288614341680209
2025-03-31,BLK,Financials,-0.03404192892482938,-0.01337849676085147
2025-03-31,C,Financials,-0.03676582961427255,0.03215163573853802
2025-03-31,CFG,Financials,-0.0894000034217306,-0.06042080942244799
2025-03-31,CME,Financials,0.044441731871920354,-0.049806805542520684
2025-03-31,COF,Financials,0.005354181199741959,-0.0043920690967873145
2025-03-31,FITB,Financials,-0.08316315781515404,-0.05895238662548583
2025-03-31,GS,Financials,0.0023064853121077533,0.04838446796902632
2025-03-31,HBAN,Financials,-0.031978766552424376,-0.036718729032792434
2025-03-31,ICE,Financials,-0.02626085551047852,-0.05722268555801014
2025-03-31,JPM,Financials,0.0033703695621740692,-0.04110677922415265
2025-03-31,KEY,Financials,-0.07191994060711548,-0.04957994521963196
2025-03-31,MCO,Financials,-0.026992279258197915,-0.05372732078727476
2025-03-31,MS,Financials,-0.0027763610335980182,0.019067693120162488
2025-03-31,MTB,Financials,-0.05029368210818996,-0.03852727934673816
2025-03-31,PNC,Financials,-0.07628267628826124,-0.021331101844490247
2025-03-31,RF,Financials,-0.06074544591684006,-0.07266186329559558
2025-03-31,SCHW,Financials,0.03985680190930796,-0.026574820116022746
2025-03-31,SPGI,Financials,-0.01584333411891148,-0.057891714650130606
2025-03-31,STT,Financials,-0.007547602243614726,-0.04442396174123453
2025-03-31,TFC,Financials,-0.06828665017715085,-0.04531599221523516
2025-03-31,USB,Financials,-0.04452869924599223,-0.013766684201237082
2025-03-31,WFC,Financials,-0.010865021350227377,-0.03272589133482419
2025-03-31,AFL,Financials,-0.022574034399376552,-0.029050883851830002
2025-03-31,AJG,Financials,-0.0711099450368996,-0.032004189188393505
2025-03-31,ALL,Financials,-0.04191810509195071,-0.05067795279756796
2025-03-31,AMTD,Financials,-0.07222228293065436,-0.03953844565029938
2025-03-31,AON,Financials,-0.11100253496890478,-0.04161892877422506
2025-03-31,CB,Financials,-0.05268391936501304,-0.05296694650289235
2025-03-31,FDS,Financials,-0.049313816209360595,-0.042130594883323616
2025-03-31,FNF,Financials,-0.01582675855117266,-0.0668970492909442
2025-03-31,GL,Financials,-0.061716303830437025,-0.07014789226822908
2025-03-31,HIG,Financials,-0.008566989814054904,-0.04915208568218494
2025-03-31,IBKR,Financials,0.03780427782543594,-0.0839824509911481
2025-03-31,LPLA,Financials,-0.022467578161965207,-0.005953186227965311
2025-03-31,MET,Financials,-0.06127775037965966,-0.021615194645258032
2025-03-31,MSCI,Financials,-0.03605660474774908,-0.042400921916308995
2025-03-31,NDAQ,Financials,0.0046137646625774575,-0.047595437252003
2025-03-31,PGR,Financials,-0.004133342630348369,-0.01670337239460991
2025-03-31,PRU,Financials,-0.08031880136695768,-0.03377806043836794
2025-03-31,RJF,Financials,-0.009898168434985366,-0.034155987585047926
2025-03-31,SEIC,Financials,0.008501924434852759,-0.03438354952408316
2025-03-31,SF,Financials,-0.09091873147472251,-0.06800871316120215
2025-03-31,SYF,Financials,-0.018700330788738784,-0.02587867550961416
2025-03-31,TRV,Financials,-0.0012477447342159609,-0.047550899010492
2025-03-31,UNM,Financials,-0.04157480366588695,-0.039620282254891115
2025-03-31,WTW,Financials,-0.08921438070389642,-0.0488023872465635
2025-03-31,ABBV,Healthcare,-0.06021842855663995,-0.1319223339897818
2025-03-31,ABT,Healthcare,-0.009757390123671716,-0.0454894653580468
2025-03-31,AMGN,Healthcare,-0.06621719713466967,-0.06846839754205608
2025-03-31,BAX,Healthcare,-0.08939525612177546,-0.04826138827938018
2025-03-31,BIIB,Healthcare,-0.11517096557004247,-0.035684839232075806
2025-03-31,BMY,Healthcare,-0.16799270844639258,-0.02954544398303606
2025-03-31,BSX,Healthcare,0.01972646260254174,-0.04517229461022693
2025-03-31,CI,Healthcare,0.03355635468778195,-0.047115335479364036
2025-03-31,CVS,Healthcare,-0.005199552844823763,0.028225766705723392
2025-03-31,DHR,Healthcare,-0.02765868643723235,-0.03904328992661326
2025-03-31,EW,Healthcare,0.04152861985964562,-0.08278638407915093
2025-03-31,GILD,Healthcare,-0.049174534220275845,-0.06518194677326822
2025-03-31,HUM,Healthcare,-0.008919071348118868,-0.02294764431141392
2025-03-31,ISRG,Healthcare,0.04145213567287276,-0.04208072044238406
2025-03-31,JNJ,Healthcare,-0.05746499322245069,-0.0545684753908132
2025-03-31,LLY,Healthcare,0.08843578386503226,-0.052737092005283655
2025-03-31,MDT,Healthcare,-0.05675494245760715,-0.05216281028405546
2025-03-31,MRK,Healthcare,-0.0508022772890947,-0.02774762371738796
2025-03-31,PFE,Healthcare,-0.03670081629222699,-0.02361307550018258
2025-03-31,REGN,Healthcare,-0.05592593459856532,-0.036555368885865455
2025-03-31,SYK,Healthcare,0.004486339720069177,-0.04486954000042577
2025-03-31,TMO,Healthcare,-0.13786176152058116,-0.041047983981734266
2025-03-31,UNH,Healthcare,-0.21443439073155923,0.06135633455765804
2025-03-31,VRTX,Healthcare,0.050905474821456353,-0.08268974086305562
2025-03-31,ZBH,Healthcare,-0.08950340601594053,-0.037283270413309075
2025-03-31,A,Healthcare,-0.07823055915853017,-0.058392893201931674
2025-03-31,ACAD,Healthcare,-0.12101144822530463,-0.16426096503863885
2025-03-31,ALGN,Healthcare,0.09089766074484906,-0.08584616705941395
2025-03-31,ALKS,Healthcare,-0.12870987102002718,-0.16234467852132203
2025-03-31,BDX,Healthcare,-0.09591371869160947,-0.03593919588442857
2025-03-31,DGX,Healthcare,0.05846726241822031,-0.05261334122168979
2025-03-31,DXCM,Healthcare,0.045248151947059556,0.00248872235119685
2025-03-31,FOLD,Healthcare,-0.05882353284917219,-0.19637450056907732
2025-03-31,HOLX,Healthcare,-0.057795040770078465,-0.08707344409423456
2025-03-31,IDXX,Healthcare,0.030241650959143662,-0.09667221074153665
2025-03-31,INSP,Healthcare,-0.005650388645039084,-0.1462646084773068
2025-03-31,IQV,Healthcare,-0.12041971276260499,-0.027315279996048637
2025-03-31,MASI,Healthcare,-0.033853536512742144,-0.09092931486632228
2025-03-31,MTD,Healthcare,-0.09343648939969595,-0.10668892662605098
2025-03-31,NBIX,Healthcare,-0.026310995233835732,-0.14503813367349686
2025-03-31,NTRA,Healthcare,0.06732189213727269,-0.08605098483160757
2025-03-31,NVCR,Healthcare,0.0179573344727475,0.02565266632572321
2025-03-31,PODD,Healthcare,-0.039297790034960256,-0.11161679222541127
2025-03-31,RARE,Healthcare,0.07649821949184976,-0.20809111903204172
2025-03-31,RMD,Healthcare,0.05691313456053848,-0.04696204888504521
2025-03-31,WAT,Healthcare,-0.05654284375765384,-0.07428472600969763
2025-03-31,AMZN,Consumer,-0.030694820280155133,-0.02927530981233628
2025-03-31,AZO,Consumer,-0.013160982604569216,-0.05213210147811242
2025-03-31,BKNG,Consumer,0.10687638752918982,-0.03862343996938447
2025-03-31,CMG,Consumer,0.0061740963741001575,-0.033396348329247885
2025-03-31,COST,Consumer,0.05151300907733969,-0.04736569610447836
2025-03-31,DG,Consumer,0.07238262779867277,-0.006577249983845615
2025-03-31,DLTR,Consumer,0.08924999301290959,0.01729733926234459
2025-03-31,DRI,Consumer,-0.027334961166727956,-0.04486993364101528
2025-03-31,EBAY,Consumer,0.006348703009711132,-0.038522416031905655
2025-03-31,HD,Consumer,-0.016371623089143528,-0.03195674671764501
2025-03-31,HLT,Consumer,-0.009096995324890056,-0.04943195580230226
2025-03-31,KR,Consumer,0.06677499422918798,-0.00802550005111897
2025-03-31,LOW,Consumer,-0.036402897295583436,0.0018302050813480304
2025-03-31,LULU,Consumer,-0.04341838709433965,-0.021628527408285157
2025-03-31,MAR,Consumer,0.001595333821549083,0.00462039077529143
2025-03-31,MCD,Consumer,0.02330577618566254,-0.020169950693613173
2025-03-31,MGM,Consumer,0.061403499740281475,-0.05179814122924469
2025-03-31,NKE,Consumer,-0.11153121631194751,-0.03651059552952618
2025-03-31,ORLY,Consumer,-0.01213197716102521,-0.05339010262761786
2025-03-31,ROST,Consumer,0.08772207831049239,-0.020672851094460938
2025-03-31,SBUX,Consumer,-0.18391266237194215,-0.03821281290022043
2025-03-31,TGT,Consumer,-0.07339980525112455,0.013015138353387313
2025-03-31,TJX,Consumer,0.0564860191225236,-0.005678739929275476
2025-03-31,WMT,Consumer,0.10775720426555235,0.0663213184233104
2025-03-31,YUM,Consumer,-0.04397562378558739,-0.07050379702805143
2025-03-31,BBY,Consumer,-0.09400888791954187,-0.02513859455479899
2025-03-31,CCL,Consumer,-0.06093189999324,-0.0024462490888925385
2025-03-31,CHDN,Consumer,-0.18600880038047496,-0.045110218021333345
2025-03-31,CMCSA,Consumer,-0.06476585150599967,-0.03899749221227013
2025-03-31,CZR,Consumer,0.08239997863769521,-0.036449993164239185
2025-03-31,DIS,Consumer,-0.07852077883904407,0.025584680621724136
2025-03-31,DKNG,Consumer,0.0024089681800711915,-0.07458799369215137
2025-03-31,F,Consumer,-0.0019939376139246345,-0.027404159017354858
2025-03-31,FOX,Consumer,-0.12274706628564769,-0.08334048411646111
2025-03-31,GM,Consumer,-0.038060714456026545,-0.038372133909903614
2025-03-31,GRMN,Consumer,-0.13936349315661956,-0.05754334668703053
2025-03-31,H,Consumer,-0.08016325665841018,-0.04409086728984507
2025-03-31,IHG,Consumer,0.0063011874082736785,-0.032006621755397355
2025-03-31,LVS,Consumer,-0.05073781525718046,-0.021000690165715277
2025-03-31,NCLH,Consumer,-0.15453578793823253,-0.03467280365400569
2025-03-31,NFLX,Consumer,0.21360169721367117,-0.026644565223215837
2025-03-31,PENN,Consumer,-0.06683011861463573,-0.042152250067827274
2025-03-31,POOL,Consumer,-0.07918957288340212,-0.03229072277382802
2025-03-31,RCL,Consumer,0.046096230713506436,-0.019947982349297018
2025-03-31,SIRI,Consumer,-0.050110904865207084,-0.013281080550858778
2025-03-31,TSLA,Consumer,0.08874826236685496,0.0242704365350368
2025-03-31,WBD,Consumer,-0.19198504695490803,-0.012092350453714816
2025-03-31,WYNN,Consumer,-0.038203647673691,-0.10294252420203492
2025-03-31,APA,Energy,-0.24858441340229864,-0.046606609682136424
2025-03-31,BA,Energy,0.07440634543732694,-0.036206869423279615
2025-03-31,CAT,Energy,-0.057734675231995936,0.023902033181524826
2025-03-31,COP,Energy,-0.15139970034516437,-0.03914273575614383
2025-03-31,CVX,Energy,-0.18668185246102897,0.03874997531499037
2025-03-31,DE,Energy,-0.012336252653368351,0.006770747484409223
2025-03-31,DVN,Energy,-0.18689849042842788,-0.02007362279802153
2025-03-31,EOG,Energy,-0.13178399214873238,-0.061987000560345056
2025-03-31,FDX,Energy,-0.1372137718026487,0.009958267150124128
2025-03-31,GD,Energy,0.0038520816248288625,-0.04593881541002573
2025-03-31,GE,Energy,0.006944913866268498,-0.04429982452212146
2025-03-31,HAL,Energy,-0.2187624312021068,-0.02644524912327488
2025-03-31,HON,Energy,-0.005903219531120829,-0.043339107824711565
2025-03-31,LMT,Energy,0.06948572845059098,-0.04050555201104184
2025-03-31,MMM,Energy,-0.05413312068764464,-0.0504049907567423
2025-03-31,MPC,Energy,-0.056832856465055426,0.047585474568921676
2025-03-31,NOC,Energy,-0.04982333972315378,-0.046950778242574535
2025-03-31,OXY,Energy,-0.20158024434016864,-0.008111029525343481
2025-03-31,PSX,Energy,-0.15727248031052976,-0.03748018291474656
2025-03-31,RTX,Energy,-0.04778826193864605,-0.053585458850515806
2025-03-31,SLB,Energy,-0.20454543317038176,-0.031918604825442655
2025-03-31,UNP,Energy,-0.08711479760325125,-0.05124364772920036
2025-03-31,UPS,Energy,-0.13355756094191895,0.021381400015872697
2025-03-31,VLO,Energy,-0.12099647069667319,-0.03332620619179234
2025-03-31,XOM,Energy,-0.11183054081731036,0.06927633797531417
2025-03-31,AME,Energy,-0.014871617484350619,-0.037678837663005726
2025-03-31,BE,Energy,-0.06815870615402253,0.06945333535097392
2025-03-31,BKR,Energy,-0.1945393576486868,-0.03170362813068683
2025-03-31,CTRA,Energy,-0.1501729965397962,-0.049147483695385207
2025-03-31,EMR,Energy,-0.04131704510098744,-0.023127155044907505
2025-03-31,ENPH,Energy,-0.2813859677542806,-0.014920924220778323
2025-03-31,ETN,Energy,0.0829194907144537,-0.0013216778947078862
2025-03-31,FSLR,Energy,-0.004824809055438917,-0.008533893547531765
2025-03-31,FTV,Energy,-0.04769070772581652,-0.03948045068930068
2025-03-31,GNRC,Energy,-0.09688120114198151,-0.07291723895522292
2025-03-31,HUBB,Energy,0.09751898085570487,-0.042306113453887975
2025-03-31,MTDR,Energy,-0.2260716379687766,-0.06549932599738417
2025-03-31,PH,Energy,-0.004589796385359279,-0.04119028525208263
2025-03-31,PLUG,Energy,-0.3555555634047267,0.10817509081104826
2025-03-31,PR,Energy,-0.14801439228013402,-0.05965177438287398
2025-03-31,ROK,Energy,-0.041411884881835115,-0.08125245214683488
2025-03-31,ROP,Energy,-0.0486818372006651,-0.07695231058413386
2025-03-31,SM,Energy,-0.2321850570776628,-0.06194724199958764
2025-03-31,VRSK,Energy,-0.003998418530556158,-0.0487930910560588
2025-03-31,WMB,Energy,-0.01991291786080429,-0.05287576317795511
2025-03-31,XYL,Energy,0.009291913426146436,-0.05407920572443004
2025-04-30,AAPL,Technology,-0.053584073869496485,0.04404856648153277
2025-04-30,ADBE,Technology,0.10696566263908114,0.087274059323438
2025-04-30,AMAT,Technology,0.043034393682281014,0.05400704568697576
2025-04-30,AMD,Technology,0.13744227110973561,0.05095782658023349
2025-04-30,AVGO,Technology,0.25770238052328054,0.11467709231931462
2025-04-30,CDNS,Technology,-0.035836579767995036,0.0523286118120585
2025-04-30,CRM,Technology,-0.012429597024667949,0.10318542443054378
2025-04-30,CRWD,Technology,0.09909762978029502,0.048201373671279676
2025-04-30,FTNT,Technology,-0.019082530032468292,0.01137683614972948
2025-04-30,GOOGL,Technology,0.08148610256041877,0.020440721684700274
2025-04-30,INTC,Technology,-0.02736324049606631,0.03842887561856002
2025-04-30,INTU,Technology,0.2008064922617263,0.06478796148381555
2025-04-30,KLAC,Technology,0.07971081653187606,0.013181899497100835
2025-04-30,LRCX,Technology,0.12724992201574992,0.02665175389915883
2025-04-30,META,Technology,0.17939896558888457,0.02206950503135577
2025-04-30,MSFT,Technology,0.16683981045131824,0.0072381731185385415
2025-04-30,MU,Technology,0.22755044894580112,0.01594411066448242
2025-04-30,NET,Technology,0.3734889970712929,0.043868145050699255
2025-04-30,NOW,Technology,0.058721916432721066,0.025702383014367676
2025-04-30,NVDA,Technology,0.24063549928333217,0.10821533590559297
2025-04-30,ORCL,Technology,0.17630752347595235,0.06316810801254853
2025-04-30,PANW,Technology,0.029369313156108356,0.044627226516757226
2025-04-30,QCOM,Technology,-0.021958871859894535,0.023735981901556027
2025-04-30,SNPS,Technology,0.010827653242770907,0.06977901217717777
2025-04-30,TXN,Technology,0.14245551528893619,0.0069494486661762014
2025-04-30,ACN,Technology,0.059067417513592346,0.01926553943433433
2025-04-30,ADI,Technology,0.09778371380136086,0.03794217495149198
2025-04-30,ANET,Technology,0.05311781846231933,0.05619517286345619
2025-04-30,CGNX,Technology,0.10054746457199992,-0.00670377155824302
2025-04-30,COHU,Technology,0.06687498092651367,-0.07005355508824283
2025-04-30,CSCO,Technology,0.09197992979823333,0.06617541655946942
2025-04-30,DELL,Technology,0.21261976945953798,-0.019923094101309394
2025-04-30,ENTG,Technology,-0.13119308214096226,0.02503996984080855
2025-04-30,FORM,Technology,0.06076762718233497,-0.060884159344844896
2025-04-30,HPQ,Technology,-0.026202585379014875,-0.05606900583798938
2025-04-30,IBM,Technology,0.0784216266482749,0.0076728764492625095
2025-04-30,IPGP,Technology,0.10636170999332228,-0.07282147483458339
2025-04-30,KEYS,Technology,0.08005501979549856,0.014406201032279062
2025-04-30,MCHP,Technology,0.26929592744317254,0.014893145295608355
2025-04-30,MKSI,Technology,0.17488292821562035,-0.047031941403330633
2025-04-30,MPWR,Technology,0.11600086519524022,0.012693611720958984
2025-04-30,MRVL,Technology,0.031180353457941568,0.061480646405359766
2025-04-30,NXPI,Technology,0.03700288720301392,0.015774906824454857
2025-04-30,ONTO,Technology,-0.24620807148274093,-0.02421075652324224
2025-04-30,QRVO,Technology,0.0606948316625735,-0.04913368555226748
2025-04-30,STX,Technology,0.2956170212043472,0.016167806701736252
2025-04-30,SWKS,Technology,0.08483914085083288,-0.04948203186248343
2025-04-30,TER,Technology,0.06076824594701047,0.03471337423945677
2025-04-30,VRSN,Technology,-0.03157157711454661,0.008986659615106387
2025-04-30,WDC,Technology,0.1753304727433196,0.022245430153741714
2025-04-30,AXP,Financials,0.10374958604226547,0.012380275530669761
2025-04-30,BAC,Financials,0.10656976712910904,0.008161751133630135
2025-04-30,BK,Financials,0.10197734154771987,0.02805548248668205
2025-04-30,BLK,Financials,0.07178482451684687,0.027369557978557876
2025-04-30,C,Financials,0.11029973276065852,-0.014725205240139356
2025-04-30,CFG,Financials,0.09379230376630221,-0.003335477434362041
2025-04-30,CME,Financials,0.043020250380062075,0.0027011816948711385
2025-04-30,COF,Financials,0.05266712764671344,0.04276992051981811
2025-04-30,FITB,Financials,0.06260418317040961,0.013751174219099358
2025-04-30,GS,Financials,0.10207830762575587,0.017597922392017195
2025-04-30,HBAN,Financials,0.07570551306741713,0.015804799316972658
2025-04-30,ICE,Financials,0.0704292135343676,0.003054839550759225
2025-04-30,JPM,Financials,0.07922497000906481,0.017615682187340265
2025-04-30,KEY,Financials,0.0829182519241507,-0.06691768761478079
2025-04-30,MCO,Financials,0.05986566185151054,0.00800169768162924
2025-04-30,MS,Financials,0.10925318524384564,0.032690833357208626
2025-04-30,MTB,Financials,0.07587177959079972,-0.026295304074107247
2025-04-30,PNC,Financials,0.0816478646411205,0.02505855102655429
2025-04-30,RF,Financials,0.05046537210529922,0.009636319407201674
2025-04-30,SCHW,Financials,0.08874222063624337,0.09950723410367567
2025-04-30,SPGI,Financials,0.02752645044639168,0.0017028125304543971
2025-04-30,STT,Financials,0.09284903708703629,0.011200500783949529
2025-04-30,TFC,Financials,0.04397820419230358,0.01402256190596585
2025-04-30,USB,Financials,0.08056519735044398,-0.0017192769145882216
2025-04-30,WFC,Financials,0.05886851713903263,0.025073262187990872
2025-04-30,AFL,Financials,-0.042034241941375505,0.028954541567256718
2025-04-30,AJG,Financials,0.08341401326283848,0.008268287870071288
2025-04-30,ALL,Financials,0.057865742818328236,0.001191613317158887
2025-04-30,AMTD,Financials,0.007984048321403536,0.02747892887467656
2025-04-30,AON,Financials,0.05093989670368426,0.004609049556843683
2025-04-30,CB,Financials,0.038870413383863545,-0.003848107916406147
2025-04-30,FDS,Financials,0.06275807184106896,-0.02734424208626776
2025-04-30,FNF,Financials,-0.14488674246994293,-0.07075465790714348
2025-04-30,GL,Financials,-0.01191815962080478,-0.025321363489624465
2025-04-30,HIG,Financials,0.05844940258684783,-0.00040180031192296045
2025-04-30,IBKR,Financials,0.2220021510118868,-0.001219641623239275
2025-04-30,LPLA,Financials,0.21160747337455676,-0.003198040213659414
2025-04-30,MET,Financials,0.0502964473331311,-0.0100150678041183
2025-04-30,MSCI,Financials,0.03793718816044622,0.009464559271598148
2025-04-30,NDAQ,Financials,0.09618164890932923,0.00872294110436344
2025-04-30,PGR,Financials,0.011322455357230421,0.031633768972721396
2025-04-30,PRU,Financials,0.024294655762531425,-0.004603096842977069
2025-04-30,RJF,Financials,0.0725336019662739,0.008578514904810902
2025-04-30,SEIC,Financials,0.08902797191349521,0.01181507824985044
2025-04-30,SF,Financials,0.09954478512543963,-0.06496844888307131
2025-04-30,SYF,Financials,0.11589969934206956,0.029343286926501774
2025-04-30,TRV,Financials,0.043804145730014454,0.004341769739402887
2025-04-30,UNM,Financials,0.05215025496493997,0.014411216418555327
2025-04-30,WTW,Financials,0.028427557968062178,0.002726296408704129
2025-04-30,ABBV,Healthcare,-0.04607899216574518,-0.1201285497934189
2025-04-30,ABT,Healthcare,0.021644361258887024,0.008914576704876654
2025-04-30,AMGN,Healthcare,-0.0006644022246277137,-0.0022279668351940177
2025-04-30,BAX,Healthcare,-0.016046453639401825,0.013502646045580678
2025-04-30,BIIB,Healthcare,0.0719358384816624,0.01867169501480654
2025-04-30,BMY,Healthcare,-0.03824696039259057,0.03186378790485436
2025-04-30,BSX,Healthcare,0.0232332004066933,0.05651673226010734
2025-04-30,CI,Healthcare,-0.06881543582858862,0.006489208506265
2025-04-30,CVS,Healthcare,-0.040023975453611915,-0.000590680776866458
2025-04-30,DHR,Healthcare,-0.04730834287493679,0.007345115907580953
2025-04-30,EW,Healthcare,0.03616377578735941,0.076387335721628
2025-04-30,GILD,Healthcare,0.03322709480836328,0.06790714088338784
2025-04-30,HUM,Healthcare,-0.11100516199988841,0.028561831810166326
2025-04-30,ISRG,Healthcare,0.07084148880818963,0.017885659286915004
2025-04-30,JNJ,Healthcare,0.0014753789613810575,0.0011559032790499375
2025-04-30,LLY,Healthcare,-0.17772728276945504,0.01296829678783323
2025-04-30,MDT,Healthcare,-0.021000428420961836,0.037065639493095714
2025-04-30,MRK,Healthcare,-0.09812189851373654,0.08990327366890503
2025-04-30,PFE,Healthcare,-0.019331310333082663,0.05647391043879574
2025-04-30,REGN,Healthcare,-0.17996480805085535,0.020938523136063016
2025-04-30,SYK,Healthcare,0.023320425243470888,0.04242767473459402
2025-04-30,TMO,Healthcare,-0.06102563384919568,0.009466143931939472
2025-04-30,UNH,Healthcare,-0.2662113747825423,0.03122155133062999
2025-04-30,VRTX,Healthcare,-0.13238471483224978,0.07333892544937201
2025-04-30,ZBH,Healthcare,-0.10557993070954452,0.008030543463569578
2025-04-30,A,Healthcare,0.040148761921020126,0.0015309897075951543
2025-04-30,ACAD,Healthcare,0.47739720076999403,0.009828665954289053
2025-04-30,ALGN,Healthcare,0.04408539674039513,0.011817141408788761
2025-04-30,ALKS,Healthcare,0.0639555134970935,-0.010074501166444318
2025-04-30,BDX,Healthcare,-0.16659413065518291,0.0006709899677391582
2025-04-30,DGX,Healthcare,-0.027381928176685832,0.0040316239398262635
2025-04-30,DXCM,Healthcare,0.20201746081811955,0.0687448139118512
2025-04-30,FOLD,Healthcare,-0.20963537664889886,-0.01061206432710487
2025-04-30,HOLX,Healthcare,0.06821301295469873,-0.009720550437755006
2025-04-30,IDXX,Healthcare,0.18654800090991963,-0.014891303591868377
2025-04-30,INSP,Healthcare,-0.12741512383145692,0.0107363099582145
2025-04-30,IQV,Healthcare,-0.09505387758411477,-0.020218805929048393
2025-04-30,MASI,Healthcare,0.009567552322922168,-0.03529874376303553
2025-04-30,MTD,Healthcare,0.079350325064375,-0.02822399256175704
2025-04-30,NBIX,Healthcare,0.14235299335238794,0.04091188073498579
2025-04-30,NTRA,Healthcare,0.04505402094840871,-0.0007777767157506159
2025-04-30,NVCR,Healthcare,0.05347305696474591,0.08250297117351689
2025-04-30,PODD,Healthcare,0.2883190274243914,-0.0075519893201779955
2025-04-30,RARE,Healthcare,-0.12698822014032962,-0.006337218707024835
2025-04-30,RMD,Healthcare,0.03690490088400278,0.0064977744687054854
2025-04-30,WAT,Healthcare,0.004342389786155865,-0.014517556255409276
2025-04-30,AMZN,Consumer,0.1116473080052216,0.019496670190306646
2025-04-30,AZO,Consumer,-0.007856284969578131,0.005925069830613116
2025-04-30,BKNG,Consumer,0.08229585224665192,0.013274779582777752
2025-04-30,CMG,Consumer,-0.008709394749052635,0.01768876734091116
2025-04-30,COST,Consumer,0.047295517247154306,0.0015979399672031384
2025-04-30,DG,Consumer,0.03799752270987766,-0.03900755635529115
2025-04-30,DLTR,Consumer,0.10382788115087882,-0.08563343766504851
2025-04-30,DRI,Consumer,0.06763352800354139,-0.07222976187434049
2025-04-30,EBAY,Consumer,0.07780034227764587,-0.0003135665559985644
2025-04-30,HD,Consumer,0.02163729645326784,-0.10405141445255657
2025-04-30,HLT,Consumer,0.10249774936292422,0.013895471749194381
2025-04-30,KR,Consumer,-0.05053713127479731,-0.03305448326423446
2025-04-30,LOW,Consumer,0.009706579706699303,0.008181035301543578
2025-04-30,LULU,Consumer,0.1695166609167491,0.021565732411655998
2025-04-30,MAR,Consumer,0.10868384867700254,-0.017495969194973572
2025-04-30,MCD,Consumer,-0.01814473689223073,0.0510113743431967
2025-04-30,MGM,Consumer,0.006039432281846224,0.025190263776693485
2025-04-30,NKE,Consumer,0.07429086321959755,0.018868255864854175
2025-04-30,ORLY,Consumer,-0.03370548735804657,0.007121762485008832
2025-04-30,ROST,Consumer,0.00784165724081598,-0.04167989527207891
2025-04-30,SBUX,Consumer,0.0561023847612212,0.02513076090716604
2025-04-30,TGT,Consumer,-0.016703822026568726,-0.05639696271139824
2025-04-30,TJX,Consumer,-0.010629118457832654,-0.025548644759671925
2025-04-30,WMT,Consumer,0.017569950548650404,0.03874619966034788
2025-04-30,YUM,Consumer,-0.03851314861235966,-0.008518425039449733
2025-04-30,BBY,Consumer,-0.0061478473198677275,-0.12660079304024643
2025-04-30,CCL,Consumer,0.26608505371166147,-0.010237947262567696
2025-04-30,CHDN,Consumer,0.05596719595249122,0.008812906244916513
2025-04-30,CMCSA,Consumer,0.010818698121233261,0.007940960675353763
2025-04-30,CZR,Consumer,-0.006651896109692412,0.02754727881081706
2025-04-30,DIS,Consumer,0.2428806870284168,0.0420552602876356
2025-04-30,DKNG,Consumer,0.07780114392787074,-0.034683458947595995
2025-04-30,F,Consumer,0.05209380073434078,0.01725242363932966
2025-04-30,FOX,Consumer,0.08737019786601374,0.008833604045564436
2025-04-30,GM,Consumer,0.09659587513180412,0.015001743289727316
2025-04-30,GRMN,Consumer,0.08615620458433182,0.019374356600071436
2025-04-30,H,Consumer,0.17306787453366534,0.014587802194602886
2025-04-30,IHG,Consumer,0.07368614017568431,0.020491742000682933
2025-04-30,LVS,Consumer,0.1298161401896143,0.025462956507386576
2025-04-30,NCLH,Consumer,0.10106044057966734,-0.05134951788074674
2025-04-30,NFLX,Consumer,0.06672147437453146,0.024027899782265147
2025-04-30,PENN,Consumer,-0.025624200819996945,0.028391298732934653
2025-04-30,POOL,Consumer,0.029579090532438013,0.015108864134725581
2025-04-30,RCL,Consumer,0.1957098019523431,0.03205608742073608
2025-04-30,SIRI,Consumer,0.024878484557909086,0.044458975875058586
2025-04-30,TSLA,Consumer,0.2278848417863253,0.038853857999603905
2025-04-30,WBD,Consumer,0.14994235055307614,-0.045942922247541866
2025-04-30,WYNN,Consumer,0.13027218270077445,-0.0944701993198565
2025-04-30,APA,Energy,0.0945946291484896,-0.09513187607884752
2025-04-30,BA,Energy,0.13141236143410295,0.011258380115294819
2025-04-30,CAT,Energy,0.1253274723696356,0.014282723789261844
2025-04-30,COP,Energy,-0.034151868108186045,0.01050508042709782
2025-04-30,CVX,Energy,0.01694161833473129,0.01982809495624195
2025-04-30,DE,Energy,0.09211327280593751,0.035635659740981186
2025-04-30,DVN,Energy,-0.004932530559271453,-0.06949201627139061
2025-04-30,EOG,Energy,-0.015952204045898144,0.01634981792912961
2025-04-30,FDX,Energy,0.03694191816792203,-0.023501158274172845
2025-04-30,GD,Energy,0.023408683702958566,-0.004810298238193332
2025-04-30,GE,Energy,0.22015479142613792,0.006740141566227653
2025-04-30,HAL,Energy,-0.011604393865989104,0.026819133944988
2025-04-30,HON,Energy,0.08231906468916916,0.008717418751384364
2025-04-30,LMT,Energy,0.00969131531312084,0.007974256613904163
2025-04-30,MMM,Energy,0.07318814808881524,0.0061612161944356505
2025-04-30,MPC,Energy,0.1764113190224863,-0.019709753775865438
2025-04-30,NOC,Energy,-0.0035560069825006924,-0.004148504677031347
2025-04-30,OXY,Energy,0.03476264550651753,-0.03482869223020247
2025-04-30,PSX,Energy,0.10103331077118827,0.022264313026818125
2025-04-30,RTX,Energy,0.08757436259773765,0.003427403027130101
2025-04-30,SLB,Energy,-0.006015189610008798,0.018171729355920367
2025-04-30,UNP,Energy,0.034048854577936716,0.003668670722788191
2025-04-30,UPS,Energy,0.040344062698986605,-0.03004129088250363
2025-04-30,VLO,Energy,0.12037318479943115,0.020805030751606685
2025-04-30,XOM,Energy,-0.02260521823012651,0.03230595251531957
2025-04-30,AME,Energy,0.05401592055048643,-0.012125509681461111
2025-04-30,BE,Energy,0.00818775223957302,0.1424846018778412
2025-04-30,BKR,Energy,0.05320170116502965,0.017778363242148345
2025-04-30,CTRA,Energy,-0.0013842604748653953,-0.04614753733564286
2025-04-30,EMR,Energy,0.1407714461382974,0.04257569417035869
2025-04-30,ENPH,Energy,-0.07176498658867425,0.024404439364300354
2025-04-30,ETN,Energy,0.09153448243472617,0.013844074631730686
2025-04-30,FSLR,Energy,0.2563980465305751,0.03932218137107041
2025-04-30,FTV,Energy,0.008309749639239472,0.010739714726217243
2025-04-30,GNRC,Energy,0.06775660243136095,-0.053422980635315476
2025-04-30,HUBB,Energy,0.0762702996819018,-0.04365698243221782
2025-04-30,MTDR,Energy,0.0957971333980574,-0.0962686587471593
2025-04-30,PH,Energy,0.10165989867922187,0.010044785853710138
2025-04-30,PLUG,Energy,0.011494241848790887,-0.19040467268943775
2025-04-30,PR,Energy,0.06864395495140774,-0.09340785698324693
2025-04-30,ROK,Energy,0.27944612012615355,-0.012765006050008182
2025-04-30,ROP,Energy,0.018193868350854903,0.030515041218096894
2025-04-30,SM,Energy,0.02764364708031719,-0.17167179759785708
2025-04-30,VRSK,Energy,0.05974446128567412,0.004530494648739659
2025-04-30,WMB,Energy,0.0331227079863643,0.019454935269875517
2025-04-30,XYL,Energy,0.0487062199162247,0.010244270647187644
2025-05-31,AAPL,Technology,0.02150854242468858,0.016901238603048138
2025-05-31,ADBE,Technology,-0.06796114506241846,0.07033043068502312
2025-05-31,AMAT,Technology,0.16791081064008262,0.02563391130168985
2025-05-31,AMD,Technology,0.28149543569574,0.0166221540362214
2025-05-31,AVGO,Technology,0.14140042909637685,0.05889962619870376
2025-05-31,CDNS,Technology,0.07343151856493924,0.021208635960436064
2025-05-31,CRM,Technology,0.02921355838888351,0.06368702884301224
2025-05-31,CRWD,Technology,0.08048879401408215,0.017714667488464952
2025-05-31,FTNT,Technology,0.03871096962724363,0.011944591813257365
2025-05-31,GOOGL,Technology,0.027386490684060405,0.06738143516798034
2025-05-31,INTC,Technology,0.1457800763524859,0.021990909029408194
2025-05-31,INTU,Technology,0.04533688541411718,0.03643785431312875
2025-05-31,KLAC,Technology,0.18346367798553875,0.0034138666111736184
2025-05-31,LRCX,Technology,0.2078500930768321,0.016187200801501957
2025-05-31,META,Technology,0.1408020796780629,0.08202900797420837
2025-05-31,MSFT,Technology,0.08048059364909244,0.0707809082771852
2025-05-31,MU,Technology,0.30478502361171467,0.008829893470300405
2025-05-31,NET,Technology,0.1804810570351627,0.03234976185195802
2025-05-31,NOW,Technology,0.016803622606018864,0.02917445089565683
2025-05-31,NVDA,Technology,0.16925162252476178,0.05489581697328366
2025-05-31,ORCL,Technology,0.32078773105364533,0.03761370721789398
2025-05-31,PANW,Technology,0.06350691891169191,0.013291067594457664
2025-05-31,QCOM,Technology,0.10342063912875599,0.02955103245707957
2025-05-31,SNPS,Technology,0.10496137880148493,0.037187852638881976
2025-05-31,TXN,Technology,0.1354662037829748,0.016862072917683598
2025-05-31,ACN,Technology,-0.05659360560302962,0.006215343447409831
2025-05-31,ADI,Technology,0.11741146072206976,0.005743146402522822
2025-05-31,ANET,Technology,0.180863322707012,0.03630545892070791
2025-05-31,CGNX,Technology,0.05839173300163769,6.129985158361516e-05
2025-05-31,COHU,Technology,0.1271236154123605,-0.04715340546533508
2025-05-31,CSCO,Technology,0.10057119276581195,0.03361186447355393
2025-05-31,DELL,Technology,0.10182442587831342,-0.017284253328143546
2025-05-31,ENTG,Technology,0.17326135141659527,-0.028440163208040894
2025-05-31,FORM,Technology,0.15276379925184647,-0.05504647386581117
2025-05-31,HPQ,Technology,-0.006436787380973974,-0.03997194126778918
2025-05-31,IBM,Technology,0.13788300192567982,0.03545071294624058
2025-05-31,IPGP,Technology,0.036070016791345694,-0.05095870720763118
2025-05-31,KEYS,Technology,0.043428474374629156,0.0074237171516243865
2025-05-31,MCHP,Technology,0.21243974510221042,-0.013486217647260558
2025-05-31,MKSI,Technology,0.20890620203298993,-0.03563810667438158
2025-05-31,MPWR,Technology,0.1073174733753881,-0.014164905974023667
2025-05-31,MRVL,Technology,0.285927946311318,0.01752959034442674
2025-05-31,NXPI,Technology,0.14847819919784166,-0.005015541749603896
2025-05-31,ONTO,Technology,0.09778113579558467,-0.0315778941894828
2025-05-31,QRVO,Technology,0.11694300725615459,-0.023027704725376304
2025-05-31,STX,Technology,0.23025609870522246,-0.03794507073904921
2025-05-31,SWKS,Technology,0.07953065537663684,-0.03891780775862529
2025-05-31,TER,Technology,0.144020419006766,0.0102762987431858
2025-05-31,VRSN,Technology,0.05993303340447231,0.053351549631296145
2025-05-31,WDC,Technology,0.24363203797898003,-0.030340428037855242
2025-05-31,AXP,Financials,0.08478191494772624,0.008725808557774611
2025-05-31,BAC,Financials,0.07860533112249146,0.03712320195438465
2025-05-31,BK,Financials,0.028213428200603685,0.010624218688650652
2025-05-31,BLK,Financials,0.07645432067748859,0.01086288574702482
2025-05-31,C,Financials,0.13011149120165255,0.09831205885894313
2025-05-31,CFG,Financials,0.1090458844998663,0.0006978469827060955
2025-05-31,CME,Financials,-0.041930760188061966,0.049529950307201184
2025-05-31,COF,Financials,0.12482170086695366,0.005999526019391081
2025-05-31,FITB,Financials,0.08666970043314981,-0.006680716176094998
2025-05-31,GS,Financials,0.17869932115387122,0.05602322442269859
2025-05-31,HBAN,Financials,0.08298884015723607,-0.015415868132146316
2025-05-31,ICE,Financials,0.023154045215579178,0.016917512442635233
2025-05-31,JPM,Financials,0.09814391751226359,0.10867894012710536
2025-05-31,KEY,Financials,0.09836064149458656,-0.006930854983636119
2025-05-31,MCO,Financials,0.04646173880440152,0.006639179326088507
2025-05-31,MS,Financials,0.10021107488294323,0.04830660599335791
2025-05-31,MTB,Financials,0.0700536046230007,-0.004749469811547032
2025-05-31,PNC,Financials,0.07255042915164034,0.020234107537914978
2025-05-31,RF,Financials,0.10995756468274775,-0.021449976441587262
2025-05-31,SCHW,Financials,0.032827681383235996,0.010511757549268422
2025-05-31,SPGI,Financials,0.02813641240956577,0.03647936394013084
2025-05-31,STT,Financials,0.1044868523866036,-0.019007387333779373
2025-05-31,TFC,Financials,0.08835449883809399,0.002710700899568595
2025-05-31,USB,Financials,0.049550141696813155,0.0137507307409347
2025-05-31,WFC,Financials,0.07140957751478427,0.04875008160462604
2025-05-31,AFL,Financials,0.018543572131169972,0.011604876501180594
2025-05-31,AJG,Financials,-0.07680349513712226,0.014183764832783139
2025-05-31,ALL,Financials,-0.036154659150960056,0.014548368519760843
2025-05-31,AMTD,Financials,-0.02574253814756311,0.03158258033308889
2025-05-31,AON,Financials,-0.041173915945666884,0.012485302821586608
2025-05-31,CB,Financials,-0.021888667112790694,0.010746094602237775
2025-05-31,FDS,Financials,-0.023960159011845117,-0.020756735209165593
2025-05-31,FNF,Financials,0.032897193878220765,-0.028546453144238232
2025-05-31,GL,Financials,0.019857254653871337,-0.028694788922923473
2025-05-31,HIG,Financials,-0.018945077771221897,-0.0105202767379793
2025-05-31,IBKR,Financials,0.05703932171839665,0.004854416259695942
2025-05-31,LPLA,Financials,-0.03148570018687291,-0.02238559216022183
2025-05-31,MET,Financials,0.023415641809507504,-0.0026491948124771156
2025-05-31,MSCI,Financials,0.022552256127593706,0.03153120471714091
2025-05-31,NDAQ,Financials,0.07372150931773591,-0.019389785770351234
2025-05-31,PGR,Financials,-0.06341908546344965,0.020883393191453357
2025-05-31,PRU,Financials,0.03417083208540728,0.012788096531036183
2025-05-31,RJF,Financials,0.04347518713131171,-0.0017694949384596936
2025-05-31,SEIC,Financials,0.06001758191764606,-0.030133779777542946
2025-05-31,SF,Financials,0.10686873805971397,-0.018439409551531394
2025-05-31,SYF,Financials,0.15767553951185098,-0.009669134434460628
2025-05-31,TRV,Financials,-0.02559473824590508,0.011297432102084984
2025-05-31,UNM,Financials,-0.01162642265690883,-0.019121703035117198
2025-05-31,WTW,Financials,-0.028814235896363338,-0.012762244653832132
2025-05-31,ABBV,Healthcare,-0.0026328109589411897,-0.15310547087926726
2025-05-31,ABT,Healthcare,0.01819106905255774,0.039635447556661166
2025-05-31,AMGN,Healthcare,-0.03112651912132769,0.018638085494549088
2025-05-31,BAX,Healthcare,-0.007213055187354933,-0.020854415529169237
2025-05-31,BIIB,Healthcare,-0.032359944259978124,0.03510616380943949
2025-05-31,BMY,Healthcare,-0.04121793937431051,0.053089634494245946
2025-05-31,BSX,Healthcare,0.020425626850133494,0.03562591802364901
2025-05-31,CI,Healthcare,0.04905357581875047,0.018431013031816684
2025-05-31,CVS,Healthcare,0.07713950168443318,-0.010600238499915685
2025-05-31,DHR,Healthcare,0.04188659455513033,0.033455327660469436
2025-05-31,EW,Healthcare,-0.00012787184958296116,0.047505836244129025
2025-05-31,GILD,Healthcare,0.01432794417640837,0.04954248034222508
2025-05-31,HUM,Healthcare,0.05256830946235014,0.027314454842537625
2025-05-31,ISRG,Healthcare,-0.01616767439755773,0.021988192913569238
2025-05-31,JNJ,Healthcare,-0.015849482168894258,0.05120533556862558
2025-05-31,LLY,Healthcare,0.05674632341320085,0.025085163512126182
2025-05-31,MDT,Healthcare,0.059220443424290226,0.02742316562827886
2025-05-31,MRK,Healthcare,0.040507352344983705,0.0731826348151116
2025-05-31,PFE,Healthcare,0.03192846568783203,0.060568500134778
2025-05-31,REGN,Healthcare,0.07081684117931486,0.07192272206393013
2025-05-31,SYK,Healthcare,0.03615994398056843,0.024374542893652866
2025-05-31,TMO,Healthcare,0.007597017856831867,0.025879592693728262
2025-05-31,UNH,Healthcare,0.04065655116906908,0.024710700920052567
2025-05-31,VRTX,Healthcare,0.007125946162310104,0.04834563589520842
2025-05-31,ZBH,Healthcare,-0.007849262707115279,0.0259174842417884
2025-05-31,A,Healthcare,0.05441394822925516,0.006720982666925954
2025-05-31,ACAD,Healthcare,0.0,0.02410949855788748
2025-05-31,ALGN,Healthcare,0.046368958088001344,0.015828792585021418
2025-05-31,ALKS,Healthcare,-0.0653381234930015,0.02406781688366001
2025-05-31,BDX,Healthcare,0.00405029366902343,0.0026766659996849095
2025-05-31,DGX,Healthcare,0.03628720735714763,-0.03469063976041254
2025-05-31,DXCM,Healthcare,0.01736594185049989,0.031929650062597216
2025-05-31,FOLD,Healthcare,-0.05601320312563218,0.00029597202984077073
2025-05-31,HOLX,Healthcare,0.048094025755619274,-0.018031969104465716
2025-05-31,IDXX,Healthcare,0.04476399049327706,-0.004406516866969334
2025-05-31,INSP,Healthcare,-0.060998501171735886,0.023138423705212754
2025-05-31,IQV,Healthcare,0.12299575487510861,-0.007502977198841432
2025-05-31,MASI,Healthcare,0.03520000751201913,-0.008793056145463845
2025-05-31,MTD,Healthcare,0.016615853336460207,0.013199317845364114
2025-05-31,NBIX,Healthcare,0.021703835727509224,0.03899623371342571
2025-05-31,NTRA,Healthcare,0.0710708617099769,-0.0018899443704858288
2025-05-31,NVCR,Healthcare,-0.06855056679492777,0.044914013483351806
2025-05-31,PODD,Healthcare,-0.03338155291592959,0.004836407099081605
2025-05-31,RARE,Healthcare,0.06846905420614391,-0.01831088711431239
2025-05-31,RMD,Healthcare,0.05396463433622212,-0.00724152231793738
2025-05-31,WAT,Healthcare,-0.0005726196742787959,0.0010062579469383194
2025-05-31,AMZN,Consumer,0.07014294555445688,0.06208902897780926
2025-05-31,AZO,Consumer,-0.005574560780488236,0.011541098351750356
2025-05-31,BKNG,Consumer,0.050789681186206304,0.012333067535851087
2025-05-31,CMG,Consumer,0.12120605976216647,-0.027627316134138317
2025-05-31,COST,Consumer,-0.04829947210447871,-0.012589818919173977
2025-05-31,DG,Consumer,0.1761439551238848,-0.0029455902669733077
2025-05-31,DLTR,Consumer,0.09727452439060569,-0.03219207921527216
2025-05-31,DRI,Consumer,0.01755280185435093,-0.04181335681820819
2025-05-31,EBAY,Consumer,0.017630252212351705,0.025652097466996693
2025-05-31,HD,Consumer,0.0017066249808845857,-0.05270070141270412
2025-05-31,HLT,Consumer,0.07204964267378222,-0.018521910536249575
2025-05-31,KR,Consumer,0.05129701407762344,-0.020973411995467296
2025-05-31,LOW,Consumer,-0.017100202273575338,8.338424788526672e-05
2025-05-31,LULU,Consumer,-0.24975529176439815,0.0166584893691005
2025-05-31,MAR,Consumer,0.03555333547706274,-0.028539780979350338
2025-05-31,MCD,Consumer,-0.06379784599684257,0.03381301798137731
2025-05-31,MGM,Consumer,0.086571873748585,-0.042023302621350095
2025-05-31,NKE,Consumer,0.18026232873547254,0.013168556266113513
2025-05-31,ORLY,Consumer,-0.011371117722509316,0.009938473132284463
2025-05-31,ROST,Consumer,-0.08669772558510491,-0.035448302468706144
2025-05-31,SBUX,Consumer,0.09148285052423066,-0.0013922156507466758
2025-05-31,TGT,Consumer,0.04935645402990119,-0.03332147665372452
2025-05-31,TJX,Consumer,-0.026871559955792712,-0.020759160563004843
2025-05-31,WMT,Consumer,-0.009521935374977697,0.007300005503256662
2025-05-31,YUM,Consumer,0.029456581693380057,0.003969326610070236
2025-05-31,BBY,Consumer,0.026882966156759336,-0.06723063173079186
2025-05-31,CCL,Consumer,0.2110250147879773,-0.02218118533946402
2025-05-31,CHDN,Consumer,0.057924007722067294,-0.049148226399411174
2025-05-31,CMCSA,Consumer,0.032398029083692714,0.030440069091051215
2025-05-31,CZR,Consumer,0.056175605506930015,-0.03740943588897141
2025-05-31,DIS,Consumer,0.10172362896004539,0.008837252471683092
2025-05-31,DKNG,Consumer,0.19537341451649626,-0.011391315819449686
2025-05-31,F,Consumer,0.045279416816268236,-0.051535305310600715
2025-05-31,FOX,Consumer,0.026849672926027246,-0.02200029945196657
2025-05-31,GM,Consumer,-0.004903916771755723,-0.05820718382560351
2025-05-31,GRMN,Consumer,0.03294706436270056,0.008768591798808928
2025-05-31,H,Consumer,0.05771413662121416,-0.05500169662036905
2025-05-31,IHG,Consumer,-0.004316337896148714,0.00554730427483343
2025-05-31,LVS,Consumer,0.05709426940639051,-0.007995864747776691
2025-05-31,NCLH,Consumer,0.14900856232053772,-0.053867837863053714
2025-05-31,NFLX,Consumer,0.10925834231001486,0.02296038255961368
2025-05-31,PENN,Consumer,0.20498994815690064,-0.06089733109340528
2025-05-31,POOL,Consumer,-0.030306923393605634,-0.03908976292899503
2025-05-31,RCL,Consumer,0.22202166750166974,-0.006214562354514055
2025-05-31,SIRI,Consumer,0.05950184173085238,-0.006557253626855568
2025-05-31,TSLA,Consumer,-0.08312644606383923,0.026029930951756354
2025-05-31,WBD,Consumer,0.14944831807534187,-0.0002446845061219588
2025-05-31,WYNN,Consumer,0.03457029394601485,-0.038184582028667154
2025-05-31,APA,Energy,0.0752500148044879,-0.057242826313971984
2025-05-31,BA,Energy,0.010659807915316177,-0.02366926869459962
2025-05-31,CAT,Energy,0.11544976597978485,0.004001482219591715
2025-05-31,COP,Energy,0.051435266560242665,0.005644409605541568
2025-05-31,CVX,Energy,0.04747624084791369,0.02201810448496628
2025-05-31,DE,Energy,0.007584464282170078,0.013084012083988437
2025-05-31,DVN,Energy,0.05862354135642556,-0.04418263467879864
2025-05-31,EOG,Energy,0.10168559621378015,0.022610461321286253
2025-05-31,FDX,Energy,0.048957081408475656,-0.01652420994841059
2025-05-31,GD,Energy,0.047290773430228805,-0.03160146308583684
2025-05-31,GE,Energy,0.04668380626288715,-0.0012299782896145767
2025-05-31,HAL,Energy,0.04905603151109772,-0.02705041679305615
2025-05-31,HON,Energy,0.027396595086792264,0.0007582253983470563
2025-05-31,LMT,Energy,-0.03327212293242665,-0.03086000634891798
2025-05-31,MMM,Energy,0.026221766292623405,-0.007388878137001146
2025-05-31,MPC,Energy,0.03340795784131512,-0.01930407512149087
2025-05-31,NOC,Energy,0.03631395120648229,-0.020386002759437735
2025-05-31,OXY,Energy,0.03591159191380644,-0.0032486411160251322
2025-05-31,PSX,Energy,0.05128654738626115,-0.022732920882678642
2025-05-31,RTX,Energy,0.06990047860398585,-0.006372126863450291
2025-05-31,SLB,Energy,0.03130995089736022,-0.017881614583550053
2025-05-31,UNP,Energy,0.037986123664437876,0.012845818573283008
2025-05-31,UPS,Energy,0.03485764270258529,-0.021716404581645185
2025-05-31,VLO,Energy,0.042257798967124005,-0.028358081970306745
2025-05-31,XOM,Energy,0.05376341127165962,0.01963828096631988
2025-05-31,AME,Energy,0.01416712615287219,-0.020562334919574474
2025-05-31,BE,Energy,0.2950731437763996,0.08694087743422828
2025-05-31,BKR,Energy,0.034817804129274155,-0.016526307837657454
2025-05-31,CTRA,Energy,0.044014772292661375,-0.009568908017713594
2025-05-31,EMR,Energy,0.11685380292029057,0.021665457477584936
2025-05-31,ENPH,Energy,-0.04203908889654884,0.006737447445409935
2025-05-31,ETN,Energy,0.11489680750486686,-0.0036492420592470123
2025-05-31,FSLR,Energy,0.04719124094552374,0.024410483008851784
2025-05-31,FTV,Energy,-0.014439295703136068,0.00284423540155887
2025-05-31,GNRC,Energy,0.17260304539849058,-0.025874346652547973
2025-05-31,HUBB,Energy,0.04833413442974854,-0.035671633257242215
2025-05-31,MTDR,Energy,0.1095096661009558,-0.05928467490261995
2025-05-31,PH,Energy,0.050804739443183644,-0.01180615644440833
2025-05-31,PLUG,Energy,0.6931818381937083,-0.09771778560404654
2025-05-31,PR,Energy,0.09105695167986627,-0.04191524514342715
2025-05-31,ROK,Energy,0.052670129536412036,-0.020767057727631252
2025-05-31,ROP,Energy,-0.006014857724298439,0.018761930621015176
2025-05-31,SM,Energy,0.05508109043994791,-0.08386988869611672
2025-05-31,VRSK,Energy,-0.006980364536783634,-1.1003919178129187
2025-05-31,WMB,Energy,0.04672136110635461,0.012808106165211563
2025-05-31,XYL,Energy,0.026340819985819053,-0.01451076959717326
2025-06-30,AAPL,Technology,0.0116976749668114,0.09959430632653239
2025-06-30,ADBE,Technology,-0.07544975721929081,0.11119232231564259
2025-06-30,AMAT,Technology,-0.01644185953489241,0.09171216383538473
2025-06-30,AMD,Technology,0.24249475082579197,0.08361660361723317
2025-06-30,AVGO,Technology,0.0654816451193021,0.12559675968104755
2025-06-30,CDNS,Technology,0.1830926968854243,0.11067106578253766
2025-06-30,CRM,Technology,-0.052660580470431206,0.0977492035325628
2025-06-30,CRWD,Technology,-0.1074787270950388,0.12301080698279823
2025-06-30,FTNT,Technology,-0.055051074797797916,0.10968063353455941
2025-06-30,GOOGL,Technology,0.08891785209165959,0.10977998818332788
2025-06-30,INTC,Technology,-0.11607144757801202,0.08013840372281514
2025-06-30,INTU,Technology,-0.0018251806177270735,0.1079788967915366
2025-06-30,KLAC,Technology,-0.018654924915245674,0.1015062551893221
2025-06-30,LRCX,Technology,-0.02568309608795971,0.09511663692734874
2025-06-30,META,Technology,0.04789385548533054,0.1208497972114682
2025-06-30,MSFT,Technology,0.07255583849300784,0.11509579485979676
2025-06-30,MU,Technology,-0.11364920938738887,0.07294413821329335
2025-06-30,NET,Technology,0.06051162096678997,0.1151155962759594
2025-06-30,NOW,Technology,-0.082639505760561,0.10586232637708275
2025-06-30,NVDA,Technology,0.12583062355243713,0.10783280775054731
2025-06-30,ORCL,Technology,0.16319461749490394,0.10324834831249911
2025-06-30,PANW,Technology,-0.1516809684260727,0.10265129665911807
2025-06-30,QCOM,Technology,-0.0784880694828205,0.09098247115593068
2025-06-30,SNPS,Technology,0.23560501629274877,0.10053568052802761
2025-06-30,TXN,Technology,-0.12162274718885824,0.0901184932240073
2025-06-30,ACN,Technology,-0.10189085761237837,0.0744609300651546
2025-06-30,ADI,Technology,-0.05625576187869463,0.08924047434652375
2025-06-30,ANET,Technology,0.20437888926870573,0.09185632485276814
2025-06-30,CGNX,Technology,0.2853090401107117,0.0719314516649149
2025-06-30,COHU,Technology,-0.07172552895962958,0.05095909511440676
2025-06-30,CSCO,Technology,-0.012836630097452284,0.09692910372046379
2025-06-30,DELL,Technology,0.08672423112680794,0.05320365158555719
2025-06-30,ENTG,Technology,-0.026105358386344757,0.061540899749596534
2025-06-30,FORM,Technology,-0.17436791707661825,0.05192702680010994
2025-06-30,HPQ,Technology,0.013900223444176296,0.047134754965923065
2025-06-30,IBM,Technology,-0.14122392855817845,0.1040185621316856
2025-06-30,IPGP,Technology,0.09089581536887881,0.056213020662320895
2025-06-30,KEYS,Technology,0.00030515715593537607,0.08366953173169633
2025-06-30,MCHP,Technology,-0.03950559693740463,0.07223997343857437
2025-06-30,MKSI,Technology,-0.04206931263969271,0.05391588198946223
2025-06-30,MPWR,Technology,-0.027536996905726308,0.08773841170271816
2025-06-30,MRVL,Technology,0.03922216884998653,0.07590460842401854
2025-06-30,NXPI,Technology,-0.02160276020708074,0.07693998625359381
2025-06-30,ONTO,Technology,-0.06123055866927274,0.06705085402772219
2025-06-30,QRVO,Technology,-0.015428160775982414,0.07396008193958267
2025-06-30,STX,Technology,0.08785422729344994,0.07048288797112388
2025-06-30,SWKS,Technology,-0.08024685677925925,0.05512491389951937
2025-06-30,TER,Technology,0.19472863879785796,0.0744111777238699
2025-06-30,VRSN,Technology,-0.06900956502941769,0.12911355924872303
2025-06-30,WDC,Technology,0.22972351469676022,0.0691314974641971
2025-06-30,AXP,Financials,-0.059296419063076033,0.08403282971438344
2025-06-30,BAC,Financials,-0.001056683467619668,0.09325783795566002
2025-06-30,BK,Financials,0.11942385846152215,0.09021321214255837
2025-06-30,BLK,Financials,0.05409571590031437,0.08761513106814843
2025-06-30,C,Financials,0.10079889631736605,0.15859971754290267
2025-06-30,CFG,Financials,0.07564732960998088,0.0772954841815885
2025-06-30,CME,Financials,0.009650989044993397,0.11472035382937805
2025-06-30,COF,Financials,0.010528250175415366,0.07997104586821513
2025-06-30,FITB,Financials,0.010697780974574966,0.06617503882250977
2025-06-30,GS,Financials,0.022380914717980094,0.11460702080389573
2025-06-30,HBAN,Financials,-0.019689779849614952,0.06960751696683501
2025-06-30,ICE,Financials,0.007412581802325624,0.09478401234432984
2025-06-30,JPM,Financials,0.026757077071267732,0.16246396893895682
2025-06-30,KEY,Financials,0.02870266438535185,0.07360020918548549
2025-06-30,MCO,Financials,0.0281903305119664,0.10241067716462623
2025-06-30,MS,Financials,0.018384952293911683,0.1149726041791988
2025-06-30,MTB,Financials,-0.027269434638993895,0.0707209241401707
2025-06-30,PNC,Financials,0.02951894932733934,0.08250984647923937
2025-06-30,RF,Financials,0.07695578124731095,0.058191776591988126
2025-06-30,SCHW,Financials,0.07113108856428707,0.08804189919548672
2025-06-30,SPGI,Financials,0.045155331718605085,0.10322836789805594
2025-06-30,STT,Financials,0.058439177196965675,0.06930370015265905
2025-06-30,TFC,Financials,0.01674802054997082,0.07611511669190528
2025-06-30,USB,Financials,-0.006408810543433341,0.0807462000453273
2025-06-30,WFC,Financials,0.006365314724289695,0.10384654353358617
2025-06-30,AFL,Financials,-0.057841831431717505,0.0890980511965612
2025-06-30,AJG,Financials,-0.1026802276103137,0.08764731135404467
2025-06-30,ALL,Financials,0.009636887600975808,0.08816980515319378
2025-06-30,AMTD,Financials,0.02642272618432573,0.07655721966108164
2025-06-30,AON,Financials,-0.002943240705263861,0.08735280532477388
2025-06-30,CB,Financials,-0.0817340513577478,0.08482104680562835
2025-06-30,FDS,Financials,-0.09922196118099591,0.07584689833401342
2025-06-30,FNF,Financials,0.006600063527926192,0.06433648879092937
2025-06-30,GL,Financials,0.1327217479029552,0.07112454552573791
2025-06-30,HIG,Financials,-0.019547634353257237,0.07955286560991402
2025-06-30,IBKR,Financials,0.18317995640859075,0.07866751188996117
2025-06-30,LPLA,Financials,0.05536446530865424,0.07707345787904464
2025-06-30,MET,Financials,-0.055583204323707,0.07342066307283009
2025-06-30,MSCI,Financials,-0.026667065833690606,0.09673208213957478
2025-06-30,NDAQ,Financials,0.0760455723834228,0.0748999811000989
2025-06-30,PGR,Financials,-0.09265558162145104,0.09222033212889681
2025-06-30,PRU,Financials,-0.03592704553841042,0.08800589838891658
2025-06-30,RJF,Financials,0.09328207281083167,0.07824142994087983
2025-06-30,SEIC,Financials,-0.01936340397206615,0.07599540754826885
2025-06-30,SF,Financials,0.09963389045428972,0.07161315687236622
2025-06-30,SYF,Financials,0.04390168295495167,0.0656152237199045
2025-06-30,TRV,Financials,-0.02728555341861061,0.08963710654340017
2025-06-30,UNM,Financials,-0.10568051103992915,0.07453032908226893
2025-06-30,WTW,Financials,0.030375159155568543,0.07605504368889125
2025-06-30,ABBV,Healthcare,0.027112150412473834,0.10764013394498037
2025-06-30,ABT,Healthcare,-0.0680357435804736,0.10231297901606642
2025-06-30,AMGN,Healthcare,0.0569107162771032,0.10227373026710215
2025-06-30,BAX,Healthcare,-0.28137385301279927,0.07335246583962504
2025-06-30,BIIB,Healthcare,0.019189455628499497,0.08312944436009656
2025-06-30,BMY,Healthcare,-0.052037014636297285,0.095959157063364
2025-06-30,BSX,Healthcare,-0.023182249401993538,0.10966533768911835
2025-06-30,CI,Healthcare,-0.19117901605607157,0.08981327775054351
2025-06-30,CVS,Healthcare,-0.08992091678245184,0.07478141487708738
2025-06-30,DHR,Healthcare,-0.001923615266075429,0.08893658498050745
2025-06-30,EW,Healthcare,0.014064678263619568,0.1107949136162686
2025-06-30,GILD,Healthcare,0.012807800294021954,0.10564435471588424
2025-06-30,HUM,Healthcare,0.022046727933580534,0.08659216535589931
2025-06-30,ISRG,Healthcare,-0.11468316719697991,0.09993634736833967
2025-06-30,JNJ,Healthcare,0.07849419979956762,0.10778987601693986
2025-06-30,LLY,Healthcare,-0.05062036669259562,0.1283325462382912
2025-06-30,MDT,Healthcare,0.035218566187468214,0.09365565579713686
2025-06-30,MRK,Healthcare,-0.013137986535872836,0.10237364202893726
2025-06-30,PFE,Healthcare,-0.022612440448954274,0.10512160628069254
2025-06-30,REGN,Healthcare,0.03897134974862548,0.09596191275016674
2025-06-30,SYK,Healthcare,-0.007329959381709217,0.09980178438246028
2025-06-30,TMO,Healthcare,0.15345529582662532,0.08102865408193213
2025-06-30,UNH,Healthcare,-0.2000513140306821,0.06283754197005464
2025-06-30,VRTX,Healthcare,0.026212898899763193,0.11560137107309021
2025-06-30,ZBH,Healthcare,0.004824121958632022,0.08930708194227642
2025-06-30,A,Healthcare,-0.02506752921203459,0.07658828012496738
2025-06-30,ACAD,Healthcare,0.10477516276572452,0.08822097056666064
2025-06-30,ALGN,Healthcare,-0.31859719400438313,0.08643678150666012
2025-06-30,ALKS,Healthcare,-0.0740999927999424,0.08995306456047115
2025-06-30,BDX,Healthcare,0.03483297014478981,0.07904465210844909
2025-06-30,DGX,Healthcare,-0.0637954004695036,0.07537466281884003
2025-06-30,DXCM,Healthcare,-0.07469359839703182,0.08952912559048042
2025-06-30,FOLD,Healthcare,0.045375174725866385,0.07760452581609224
2025-06-30,HOLX,Healthcare,0.025475689678024604,0.05457045817018874
2025-06-30,IDXX,Healthcare,-0.003784966989648253,0.09641680048928102
2025-06-30,INSP,Healthcare,-0.04030209743965829,0.0898607505944622
2025-06-30,IQV,Healthcare,0.17938958645475744,0.06434871893827919
2025-06-30,MASI,Healthcare,-0.08578057204766198,0.08552822292189664
2025-06-30,MTD,Healthcare,0.050190755650916685,0.07447856342024466
2025-06-30,NBIX,Healthcare,0.02020839555092624,0.10082224739842437
2025-06-30,NTRA,Healthcare,-0.20883152758052725,0.09129815244839565
2025-06-30,NVCR,Healthcare,-0.3499999892845578,0.09367120263898206
2025-06-30,PODD,Healthcare,-0.08205487103025244,0.08412285059729914
2025-06-30,RARE,Healthcare,-0.24862488349226508,0.08059690229159794
2025-06-30,RMD,Healthcare,0.05403105699387334,0.08793016721178494
2025-06-30,WAT,Healthcare,-0.17270226135563127,0.08809234429639966
2025-06-30,AMZN,Consumer,0.06709513314943583,0.1019605874803142
2025-06-30,AZO,Consumer,0.01512565294692747,0.09125616975636892
2025-06-30,BKNG,Consumer,-0.04926042221514604,0.09242224718801488
2025-06-30,CMG,Consumer,-0.23633125729565074,0.06778537087169827
2025-06-30,COST,Consumer,-0.05081115675113701,0.0788802473732473
2025-06-30,DG,Consumer,-0.07820528028560936,0.07481659721549423
2025-06-30,DLTR,Consumer,0.14650648225060348,0.07917459882110343
2025-06-30,DRI,Consumer,-0.06830579705199236,0.06615986122218566
2025-06-30,EBAY,Consumer,0.23220512954255867,0.10795066671789917
2025-06-30,HD,Consumer,0.002372889520950716,0.08510344144228082
2025-06-30,HLT,Consumer,0.006532985632733634,0.07065121585735842
2025-06-30,KR,Consumer,-0.02272406427035567,0.06640345824839822
2025-06-30,LOW,Consumer,0.013021474149022438,0.06643954167868454
2025-06-30,LULU,Consumer,-0.15594748196906072,0.08897373693573982
2025-06-30,MAR,Consumer,-0.03433269370011138,0.061330054965609976
2025-06-30,MCD,Consumer,0.02703905221718972,0.09562515701910768
2025-06-30,MGM,Consumer,0.059901175046577215,0.05440028714949888
2025-06-30,NKE,Consumer,0.05137963500569076,0.07320456473406127
2025-06-30,ORLY,Consumer,0.09086877500260515,0.08512679625051214
2025-06-30,ROST,Consumer,0.07023039585186774,0.06956997144421116
2025-06-30,SBUX,Consumer,-0.02695609264227672,0.06806413145229039
2025-06-30,TGT,Consumer,0.018753118722571127,0.06213235707128929
2025-06-30,TJX,Consumer,0.008421691835729161,0.08156048600258753
2025-06-30,WMT,Consumer,0.002045513620397399,0.08923198902888883
2025-06-30,YUM,Consumer,-0.027196626717981953,0.08585161756630583
2025-06-30,BBY,Consumer,-0.030835614988180993,0.056222686533514296
2025-06-30,CCL,Consumer,0.058677111357620104,0.06290304128363274
2025-06-30,CHDN,Consumer,0.059801933437586774,0.04268663556474779
2025-06-30,CMCSA,Consumer,-0.06039202250604503,0.08189747736778254
2025-06-30,CZR,Consumer,-0.06023244527071592,0.05677983706413682
2025-06-30,DIS,Consumer,-0.03951296636408386,0.07377063829338708
2025-06-30,DKNG,Consumer,0.050128271309740624,0.07624162945041128
2025-06-30,F,Consumer,0.02027636665434618,0.038143095588680925
2025-06-30,FOX,Consumer,-0.00949062572908399,0.05983163022592894
2025-06-30,GM,Consumer,0.0839260465064724,0.026962401424749323
2025-06-30,GRMN,Consumer,0.04810263449871943,0.08232759244907936
2025-06-30,H,Consumer,0.009452267119501645,0.0506475927159447
2025-06-30,IHG,Consumer,0.007109513261725153,0.08289844848999174
2025-06-30,LVS,Consumer,0.20432093847716537,0.0721289028747972
2025-06-30,NCLH,Consumer,0.2603549605781712,0.03506244534972608
2025-06-30,NFLX,Consumer,-0.1342139500795454,0.11134336933046217
2025-06-30,PENN,Consumer,0.010632267363515968,0.05053277859338738
2025-06-30,POOL,Consumer,0.057156517189081324,0.05960600326583887
2025-06-30,RCL,Consumer,0.015105034705872544,0.08135657184532744
2025-06-30,SIRI,Consumer,-0.0805397722004828,0.06284577294774711
2025-06-30,TSLA,Consumer,-0.02955995259140498,0.08308942580450546
2025-06-30,WBD,Consumer,0.1492146625178783,0.07206043644654338
2025-06-30,WYNN,Consumer,0.163979900473056,0.06399671333569738
2025-06-30,APA,Energy,0.06904335752482682,0.026049078366621934
2025-06-30,BA,Energy,0.058750525606408255,0.08518507161119868
2025-06-30,CAT,Energy,0.13244006634741035,0.07869107330777479
2025-06-30,COP,Energy,0.06240250902141664,0.06668832257080523
2025-06-30,CVX,Energy,0.05901249625523808,0.07738257547589043
2025-06-30,DE,Energy,0.031229761683893464,0.09066354861432273
2025-06-30,DVN,Energy,0.04432572799005863,0.035883178610399066
2025-06-30,EOG,Energy,0.011731128552851855,0.0831250390289903
2025-06-30,FDX,Energy,-0.01680520268921426,0.05394514001303215
2025-06-30,GD,Energy,0.07388200659248434,0.06695325146620698
2025-06-30,GE,Energy,0.054725713486780014,0.09527368675114742
2025-06-30,HAL,Energy,0.09911680333574524,0.04653551586069581
2025-06-30,HON,Energy,-0.04521640566665375,0.08440956737457243
2025-06-30,LMT,Energy,-0.09103079531596026,0.06529882617472478
2025-06-30,MMM,Energy,-0.019837176487892405,0.09210089995144216
2025-06-30,MPC,Energy,0.024562018314847167,0.06639594243054997
2025-06-30,NOC,Energy,0.15326614835053531,0.07403738712560994
2025-06-30,OXY,Energy,0.045941566019747526,0.0577488943531132
2025-06-30,PSX,Energy,0.03587596452283015,0.058128941981691426
2025-06-30,RTX,Energy,0.0790987581567919,0.07922144131519093
2025-06-30,SLB,Energy,0.0,0.05902531748039924
2025-06-30,UNP,Energy,-0.035248579283797876,0.08568924693568256
2025-06-30,UPS,Energy,-0.14642366870674373,0.05193902017044691
2025-06-30,VLO,Energy,0.029849765699935027,0.05529141303925905
2025-06-30,XOM,Energy,0.03562152093207471,0.0780843429149557
2025-06-30,AME,Energy,0.021496540334745573,0.0694030840531687
2025-06-30,BE,Energy,0.5631270597989677,0.10412408368851307
2025-06-30,BKR,Energy,0.1750130030065291,0.060852128866715025
2025-06-30,CTRA,Energy,-0.039007133997880916,0.06403244673928073
2025-06-30,EMR,Energy,0.0913521367277812,0.08825353499681654
2025-06-30,ENPH,Energy,-0.18385878020128898,0.05450760039708383
2025-06-30,ETN,Energy,0.07767734128300985,0.07897052762025329
2025-06-30,FSLR,Energy,0.05551530031490026,0.0669828088110408
2025-06-30,FTV,Energy,-0.08056774423591961,0.08350388325549367
2025-06-30,GNRC,Energy,0.3594720572173131,0.05710600472861066
2025-06-30,HUBB,Energy,0.07117851849360912,0.06497573046244966
2025-06-30,MTDR,Energy,0.04526397683314243,0.02523931499449491
2025-06-30,PH,Energy,0.04786190073026675,0.08016389287557282
2025-06-30,PLUG,Energy,0.006711402952518153,0.010914226609671927
2025-06-30,PR,Energy,0.03964757327628954,0.04013303981215045
2025-06-30,ROK,Energy,0.0588251959045607,0.0734132449670007
2025-06-30,ROP,Energy,-0.02758542038899825,0.0973941746237127
2025-06-30,SM,Energy,0.12499483936420974,0.0016804708079600581
2025-06-30,VRSK,Energy,-0.10526491177494779,0.04815248898493994
2025-06-30,WMB,Energy,-0.045534219459054115,0.08834653419261024
2025-06-30,XYL,Energy,0.1179653459389649,0.07776999463398698
2025-07-31,AAPL,Technology,0.11963887728378286,0.01797706976309009
2025-07-31,ADBE,Technology,-0.0027677324711841145,0.05100257768997892
2025-07-31,AMAT,Technology,-0.10462765921166606,0.03387524613366054
2025-07-31,AMD,Technology,-0.07759056698548772,0.026904292153427805
2025-07-31,AVGO,Technology,0.012563903739962523,0.021401099715664958
2025-07-31,CDNS,Technology,-0.038785457839000226,0.01755636973979322
2025-07-31,CRM,Technology,-0.008051676076399783,0.02497521284154159
2025-07-31,CRWD,Technology,-0.06791032100622008,0.03532136916227714
2025-07-31,FTNT,Technology,-0.21151155715787262,0.0226854881227094
2025-07-31,GOOGL,Technology,0.10948414150921826,0.021894222318089015
2025-07-31,INTC,Technology,0.22979804645106938,0.03301233059182826
2025-07-31,INTU,Technology,-0.15045925440795482,0.025577077647457265
2025-07-31,KLAC,Technology,-0.005838611552823836,0.022887424117026454
2025-07-31,LRCX,Technology,0.05598902350038881,0.02805429699874054
2025-07-31,META,Technology,-0.04491617460361408,0.031019342079819618
2025-07-31,MSFT,Technology,-0.048691766218305066,0.024458836421596453
2025-07-31,MU,Technology,0.0904342904963018,0.026549336215696565
2025-07-31,NET,Technology,0.004959620928405739,0.04061892855080715
2025-07-31,NOW,Technology,-0.027207506563437844,0.02274413772186249
2025-07-31,NVDA,Technology,-0.020745518363826654,0.021183706589878386
2025-07-31,ORCL,Technology,-0.10891754180797497,0.018410805860709985
2025-07-31,PANW,Technology,0.09746542381373025,0.01385873682991713
2025-07-31,QCOM,Technology,0.09518952080943333,0.02225209824947097
2025-07-31,SNPS,Technology,-0.04727919642131073,0.030651151773351107
2025-07-31,TXN,Technology,0.11830330646829457,0.012912745183174064
2025-07-31,ACN,Technology,-0.026694100775527807,0.012893713045696318
2025-07-31,ADI,Technology,0.11877295734547189,0.00798439911287526
2025-07-31,ANET,Technology,0.10818050396849865,0.020054266302704977
2025-07-31,CGNX,Technology,0.07970824414912392,0.034177484762820697
2025-07-31,COHU,Technology,0.11422166508753295,0.018526839040787096
2025-07-31,CSCO,Technology,0.014835447354002218,0.009097116269004295
2025-07-31,DELL,Technology,-0.07943320471652326,-0.0010720082634577514
2025-07-31,ENTG,Technology,0.0672954230993017,0.020563894260088193
2025-07-31,FORM,Technology,0.0274551457527219,0.01770509034359209
2025-07-31,HPQ,Technology,0.1508065372937124,-0.0007346544372589386
2025-07-31,IBM,Technology,-0.03165598392218827,0.01560016296493005
2025-07-31,IPGP,Technology,0.0925357238837643,0.006935080948117945
2025-07-31,KEYS,Technology,-0.0029285032981735126,0.01375673613151351
2025-07-31,MCHP,Technology,-0.03165362440453845,0.033473337439295446
2025-07-31,MKSI,Technology,0.08800653871085928,0.020777866158878153
2025-07-31,MPWR,Technology,0.17507446305493524,0.028505927437489517
2025-07-31,MRVL,Technology,-0.21774300237149713,0.02587945971865968
2025-07-31,NXPI,Technology,0.09861063808097281,0.020149636181083792
2025-07-31,ONTO,Technology,0.1187335092348285,0.031201034033199966
2025-07-31,QRVO,Technology,0.0849282129630533,0.03176068194082909
2025-07-31,STX,Technology,0.06617408964165516,0.01358623696648444
2025-07-31,SWKS,Technology,0.10358392281878492,0.014621546816079724
2025-07-31,TER,Technology,0.10062364705953519,0.03064033460985676
2025-07-31,VRSN,Technology,0.019670184711689576,0.019783428446992966
2025-07-31,WDC,Technology,0.020968206107905285,0.013540452786667375
2025-07-31,AXP,Financials,0.1068122931515938,0.003145437170339823
2025-07-31,BAC,Financials,0.07340812399546826,0.008617177593973986
2025-07-31,BK,Financials,0.04090696879348288,0.007083008619259755
2025-07-31,BLK,Financials,0.019104724592789335,4.638144065199218e-05
2025-07-31,C,Financials,0.03740795099217298,0.043725512805878775
2025-07-31,CFG,Financials,0.09555726253406793,0.00630975581773926
2025-07-31,CME,Financials,-0.04229549346102501,0.022417055726222785
2025-07-31,COF,Financials,0.05971323877407597,0.003020153853374093
2025-07-31,FITB,Financials,0.10103435593179455,0.003353574272669876
2025-07-31,GS,Financials,0.03544736880206267,0.021998569671640718
2025-07-31,HBAN,Financials,0.0839926908021551,-0.0013414849560562936
2025-07-31,ICE,Financials,-0.044527344451556594,0.009829482645956476
2025-07-31,JPM,Financials,0.017486003431689934,0.04512761633358184
2025-07-31,KEY,Financials,0.08035718110865742,0.006751091283805187
2025-07-31,MCO,Financials,-0.009790381043337404,0.015027905837990324
2025-07-31,MS,Financials,0.056296392484256774,0.02018215736857845
2025-07-31,MTB,Financials,0.06868042955997344,0.006286436367590449
2025-07-31,PNC,Financials,0.09024030920412662,0.011699032662794033
2025-07-31,RF,Financials,0.0813264781387304,-0.0009164284467643551
2025-07-31,SCHW,Financials,-0.01657279603711781,0.010258963463873904
2025-07-31,SPGI,Financials,-0.003091935441279392,0.0123249096419854
2025-07-31,STT,Financials,0.02881432607276846,-0.009182896173360055
2025-07-31,TFC,Financials,0.08430923792555323,0.005094297637561923
2025-07-31,USB,Financials,0.0860765395789247,0.0102890244689202
2025-07-31,WFC,Financials,0.02521127741010476,0.014569358787409104
2025-07-31,AFL,Financials,0.08135065915069495,0.005833780325464647
2025-07-31,AJG,Financials,0.053959936390107544,0.014216398205598007
2025-07-31,ALL,Financials,0.005920769248232816,0.0053493173127447495
2025-07-31,AMTD,Financials,0.029702942250534603,0.027710161551312368
2025-07-31,AON,Financials,0.03390472919790888,0.013901193515871782
2025-07-31,CB,Financials,0.03394224994650208,0.0010528222903009466
2025-07-31,FDS,Financials,-0.07069739101449435,-0.001945671063352243
2025-07-31,FNF,Financials,0.060960419969198876,-0.004437097189684831
2025-07-31,GL,Financials,-0.0037017908312195758,-0.0053713355367288294
2025-07-31,HIG,Financials,0.0636707278950095,0.004759017857409334
2025-07-31,IBKR,Financials,-0.04942934050766756,0.018818520340848376
2025-07-31,LPLA,Financials,-0.07819105485975886,0.0073359725226397506
2025-07-31,MET,Financials,0.07942447080336201,0.0008068481656241279
2025-07-31,MSCI,Financials,0.014557750853033014,0.006906537163047621
2025-07-31,NDAQ,Financials,-0.015381337595206324,-0.0024793770547500323
2025-07-31,PGR,Financials,0.020740364236972786,0.0155261870529897
2025-07-31,PRU,Financials,0.07227562939867349,0.012940438108996616
2025-07-31,RJF,Financials,0.013821487211574057,0.008303954439762909
2025-07-31,SEIC,Financials,0.0018156189398970124,-0.005954548295404746
2025-07-31,SF,Financials,0.010252311562324534,0.006343008448034105
2025-07-31,SYF,Financials,0.10050454082305316,-0.0004734999599823285
2025-07-31,TRV,Financials,0.043306196371757144,0.0059254031914790905
2025-07-31,UNM,Financials,-0.02715498459790333,-0.0030045849052065914
2025-07-31,WTW,Financials,0.03476783602534317,-0.0005290548983093585
2025-07-31,ABBV,Healthcare,0.11310974125729234,0.01890023904913697
2025-07-31,ABT,Healthcare,0.05127187935594835,0.013150353957204174
2025-07-31,AMGN,Healthcare,-0.017133274282728594,0.0262436550959693
2025-07-31,BAX,Healthcare,0.1426114670504981,0.015267322055422649
2025-07-31,BIIB,Healthcare,0.032968759536743164,0.04018029075622112
2025-07-31,BMY,Healthcare,0.08935575247280925,0.025441884709580954
2025-07-31,BSX,Healthcare,0.005528038897987253,0.014878483306383547
2025-07-31,CI,Healthcare,0.12525236942499318,0.013459296947509608
2025-07-31,CVS,Healthcare,0.17793890686218505,0.01210212487514851
2025-07-31,DHR,Healthcare,0.04392361571712522,0.023596179876917377
2025-07-31,EW,Healthcare,0.02559574885621596,0.030930653498971318
2025-07-31,GILD,Healthcare,0.006055683672183898,0.017319610482790775
2025-07-31,HUM,Healthcare,0.21527200784938239,0.03796289037242839
2025-07-31,ISRG,Healthcare,-0.01619241431794527,0.020791175163390466
2025-07-31,JNJ,Healthcare,0.08334606091075591,0.02085319304749078
2025-07-31,LLY,Healthcare,-0.007946365350397944,0.03342278487133389
2025-07-31,MDT,Healthcare,0.0284796273392518,0.009942265233723315
2025-07-31,MRK,Healthcare,0.0768048019159564,0.03771181961902296
2025-07-31,PFE,Healthcare,0.06311716817410673,0.022618486319564424
2025-07-31,REGN,Healthcare,0.0662224961371185,0.04923935899522446
2025-07-31,SYK,Healthcare,-0.0033611562509027193,0.010252369531039453
2025-07-31,TMO,Healthcare,0.05354089592790845,0.023009899644634117
2025-07-31,UNH,Healthcare,0.24166533600024276,0.022143253035470534
2025-07-31,VRTX,Healthcare,-0.1441329192271098,0.030406689774374454
2025-07-31,ZBH,Healthcare,0.1576649057380064,0.013189677890301036
2025-07-31,A,Healthcare,0.09450397986374015,0.01493053522782562
2025-07-31,ACAD,Healthcare,0.09064204172587287,0.03375312553594183
2025-07-31,ALGN,Healthcare,0.10037991441310434,0.028985416628818594
2025-07-31,ALKS,Healthcare,0.09362021757887118,0.024879387156665565
2025-07-31,BDX,Healthcare,0.08263668686668169,0.009650784668959207
2025-07-31,DGX,Healthcare,0.08500080962565004,-0.004965459379359723
2025-07-31,DXCM,Healthcare,-0.06722793773499447,0.038146146206888304
2025-07-31,FOLD,Healthcare,0.26711192697943154,0.030974485393557065
2025-07-31,HOLX,Healthcare,0.0044897194422024445,0.005171010531318746
2025-07-31,IDXX,Healthcare,0.2110760229308779,0.01908596590495635
2025-07-31,INSP,Healthcare,-0.24771156453616816,0.03208041486274908
2025-07-31,IQV,Healthcare,0.026632933024786087,0.013748961744899837
2025-07-31,MASI,Healthcare,-0.09155333368192042,0.011375736757439657
2025-07-31,MTD,Healthcare,0.05460085469400444,0.0060137219569280035
2025-07-31,NBIX,Healthcare,0.08866888212439283,0.029645435101447543
2025-07-31,NTRA,Healthcare,0.2587909276535234,0.010842529043423785
2025-07-31,NVCR,Healthcare,0.06568714338184622,0.031875344047097215
2025-07-31,PODD,Healthcare,0.17850212231559848,0.023417538838158815
2025-07-31,RARE,Healthcare,0.09663248239891398,0.016716770383157914
2025-07-31,RMD,Healthcare,0.01155604234247809,0.003964004713307042
2025-07-31,WAT,Healthcare,0.04515853160528627,0.01594646633963019
2025-07-31,AMZN,Consumer,-0.021827348669553603,0.018200729975373562
2025-07-31,AZO,Consumer,0.11414717085866388,3.219372889442032e-05
2025-07-31,BKNG,Consumer,0.01725822457471793,0.005030846497056964
2025-07-31,CMG,Consumer,-0.017257501400041897,-0.0019216410476603947
2025-07-31,COST,Consumer,0.005307179458203581,0.0029394075875015385
2025-07-31,DG,Consumer,0.0367970301192726,0.005940876702790948
2025-07-31,DLTR,Consumer,-0.03857335768468473,0.006429927216495941
2025-07-31,DRI,Consumer,0.026131806009609182,-0.009110637805976478
2025-07-31,EBAY,Consumer,-0.00932915908141263,0.0229496832986403
2025-07-31,HD,Consumer,0.10682703107101932,0.01119753083858976
2025-07-31,HLT,Consumer,0.03032647998364535,-0.007646249488664266
2025-07-31,KR,Consumer,-0.027322275125088114,-0.012368485440316396
2025-07-31,LOW,Consumer,0.1542693522882188,0.0030515880601697087
2025-07-31,LULU,Consumer,0.008327921902514523,0.03932872065440337
2025-07-31,MAR,Consumer,0.017862793481183914,-0.00739743725686744
2025-07-31,MCD,Consumer,0.04488956142733347,0.0013059047061965909
2025-07-31,MGM,Consumer,0.08888882842119994,0.006124688076485944
2025-07-31,NKE,Consumer,0.03588160142931418,0.00926724344650243
2025-07-31,ORLY,Consumer,0.05451587293519622,-0.0014988563089019455
2025-07-31,ROST,Consumer,0.07777948723547179,0.0029068661582633236
2025-07-31,SBUX,Consumer,-0.004352967484285486,0.010826087125439516
2025-07-31,TGT,Consumer,-0.03461811685268723,0.011563483115724256
2025-07-31,TJX,Consumer,0.1004926726494515,0.002072611189046069
2025-07-31,WMT,Consumer,-0.00789443285551128,0.005455481163960961
2025-07-31,YUM,Consumer,0.019562948283566417,0.002770630758709945
2025-07-31,BBY,Consumer,0.1318781541746552,0.008918666321786707
2025-07-31,CCL,Consumer,0.0712125419293912,-0.00504197656585369
2025-07-31,CHDN,Consumer,-0.03092297019933532,-0.0008008997786890064
2025-07-31,CMCSA,Consumer,0.022269057415343463,0.015605399875249983
2025-07-31,CZR,Consumer,0.0033733190239293442,0.018234766323193274
2025-07-31,DIS,Consumer,-0.006128818557371241,0.004966848586965743
2025-07-31,DKNG,Consumer,0.06527527901748842,0.020903513623023923
2025-07-31,F,Consumer,0.07751204219591523,-0.005677284209288539
2025-07-31,FOX,Consumer,0.06667973643980885,-0.01042590985307295
2025-07-31,GM,Consumer,0.09842520110323849,-0.01964035032745705
2025-07-31,GRMN,Consumer,0.10541237244379387,0.011599209239933187
2025-07-31,H,Consumer,0.02455952448543286,-0.005403646597438229
2025-07-31,IHG,Consumer,0.060965226091168834,0.010597375089064262
2025-07-31,LVS,Consumer,0.10508154582991991,0.010713282995888045
2025-07-31,NCLH,Consumer,-0.028168987809012336,-0.00037673683135110506
2025-07-31,NFLX,Consumer,0.04213381407598904,0.0215432169419461
2025-07-31,PENN,Consumer,0.12015504653730136,-0.001524840760696828
2025-07-31,POOL,Consumer,0.012165791725689878,0.005318007146862829
2025-07-31,RCL,Consumer,0.14266840541956216,0.01104591822658792
2025-07-31,SIRI,Consumer,0.1336819050886906,0.029887860019689606
2025-07-31,TSLA,Consumer,0.08304410748975077,0.02443490008060118
2025-07-31,WBD,Consumer,-0.11617309978040147,0.002661123694314
2025-07-31,WYNN,Consumer,0.16518562302511275,0.0014027918954993973
2025-07-31,APA,Energy,0.20373245584799649,0.0008380747665768448
2025-07-31,BA,Energy,0.05787953727845219,-0.001866638882901065
2025-07-31,CAT,Energy,-0.04333131247640576,0.006390387324220016
2025-07-31,COP,Energy,0.04663791528639316,0.0026811475777445415
2025-07-31,CVX,Energy,0.0708771857649726,0.006753030563427076
2025-07-31,DE,Energy,-0.08720928592318966,0.012717785412349136
2025-07-31,DVN,Energy,0.08669466584529917,0.0026230597061378605
2025-07-31,EOG,Energy,0.039993337512514104,0.008684632701266614
2025-07-31,FDX,Energy,0.0339165251282203,0.0012504553362472307
2025-07-31,GD,Energy,0.04159057255614984,-0.007312870583859047
2025-07-31,GE,Energy,0.015198526729472306,0.02320556213936742
2025-07-31,HAL,Energy,0.014732119657664411,0.0115282704424968
2025-07-31,HON,Energy,-0.0076786717038942465,-0.0010780696895995
2025-07-31,LMT,Energy,0.08230790742554328,0.006438999693632874
2025-07-31,MMM,Energy,0.04710251677909727,0.010404580893400761
2025-07-31,MPC,Energy,0.06181577539702765,0.00322230712593982
2025-07-31,NOC,Energy,0.023291304001108903,-0.006424596334201393
2025-07-31,OXY,Energy,0.08352300130647738,0.009542189825652855
2025-07-31,PSX,Energy,0.09158261973367754,0.005346658445169943
2025-07-31,RTX,Energy,0.010969689773105307,-1.0993222489191073e-05
2025-07-31,SLB,Energy,0.08994072616702531,0.009282980323337305
2025-07-31,UNP,Energy,0.013498372423563554,0.008974990601499332
2025-07-31,UPS,Energy,0.03402197603375989,0.0016737308894864671
2025-07-31,VLO,Energy,0.10705691864796152,0.0018907833345749216
2025-07-31,XOM,Energy,0.033263200038046836,0.0013840623404395864
2025-07-31,AME,Energy,-0.00027055727250402395,-0.00202465402768226
2025-07-31,BE,Energy,0.4158865870793682,0.05236644557194332
2025-07-31,BKR,Energy,0.013095195987091968,0.004300408905113863
2025-07-31,CTRA,Energy,0.01123560645610655,-0.002226900272046549
2025-07-31,EMR,Energy,-0.08926714718830309,0.008489546980071656
2025-07-31,ENPH,Energy,0.16501854301200747,0.03247763363965905
2025-07-31,ETN,Energy,-0.08983994012959329,0.00413998446897316
2025-07-31,FSLR,Energy,0.1170949877762888,0.03526528653142763
2025-07-31,FTV,Energy,-0.001460527075534901,0.012898026781630788
2025-07-31,GNRC,Energy,-0.04848735077830879,0.010380123279673241
2025-07-31,HUBB,Energy,-0.011909320374408616,0.0015209009438246004
2025-07-31,MTDR,Energy,0.01628339528013889,-0.008614117304458744
2025-07-31,PH,Energy,0.03750498111456779,0.0013435710529153058
2025-07-31,PLUG,Energy,0.04666670163472486,-0.003985790020145125
2025-07-31,PR,Energy,0.009180774679984793,-0.006824340483449182
2025-07-31,ROK,Energy,-0.019790631408657333,0.006572730683324994
2025-07-31,ROP,Energy,-0.04376808350070571,0.012771896854972122
2025-07-31,SM,Energy,0.03479513079822527,-0.005638634704598397
2025-07-31,VRSK,Energy,-0.03799650256797904,-0.06979858587592461
2025-07-31,WMB,Energy,-0.034528767608212996,0.0023427621713580735
2025-07-31,XYL,Energy,-0.018443966150042734,0.005686199510602801
2025-08-31,AAPL,Technology,0.09688121209766343,0.012607852457367619
2025-08-31,ADBE,Technology,-0.011073765270124603,0.04659114174251261
2025-08-31,AMAT,Technology,0.27357559014795285,0.020375897338463435
2025-08-31,AMD,Technology,-0.00516516984233617,0.018784019984345215
2025-08-31,AVGO,Technology,0.11125194221876589,0.02413387517609825
2025-08-31,CDNS,Technology,0.0023685674947682145,0.006365003730475771
2025-08-31,CRM,Technology,-0.07351142978389258,0.023232553645866145
2025-08-31,CRWD,Technology,0.15737547971369792,0.023487235366047198
2025-08-31,FTNT,Technology,0.06741151979540794,0.019916376528166545
2025-08-31,GOOGL,Technology,0.14281827292390226,0.0045214047627324325
2025-08-31,INTC,Technology,0.37782335570688486,0.0371597444227305
2025-08-31,INTU,Technology,0.02385312615101043,0.02598931700454965
2025-08-31,KLAC,Technology,0.23692665921953382,0.024223673317935013
2025-08-31,LRCX,Technology,0.3396345597906154,0.02263262837004821
2025-08-31,META,Technology,-0.005177189887054623,0.008047371499320402
2025-08-31,MSFT,Technology,0.022222676492286153,0.015368960634572885
2025-08-31,MU,Technology,0.40593236753557993,0.03460658251290317
2025-08-31,NET,Technology,0.028173012480827708,0.025182935318267846
2025-08-31,NOW,Technology,0.0030736781321296647,0.023176196038764203
2025-08-31,NVDA,Technology,0.07125115097366086,0.02543807869795848
2025-08-31,ORCL,Technology,0.24370927280114452,0.029017247149372087
2025-08-31,PANW,Technology,0.06875913579128623,0.02357903717895251
2025-08-31,QCOM,Technology,0.04091790150343777,0.012290211113215762
2025-08-31,SNPS,Technology,-0.18247945605574067,0.011202033458518376
2025-08-31,TXN,Technology,-0.09260175332718756,0.02709368640576392
2025-08-31,ACN,Technology,-0.0514289996416506,0.015246244634853998
2025-08-31,ADI,Technology,-0.018456318181505837,0.01811102678352302
2025-08-31,ANET,Technology,0.06708168039100948,0.010836930774386508
2025-08-31,CGNX,Technology,0.03095134005910971,0.007137620832714346
2025-08-31,COHU,Technology,0.02160805595068349,0.03561147524932612
2025-08-31,CSCO,Technology,-0.009697430031691434,0.008911450367356565
2025-08-31,DELL,Technology,0.16062219945987133,0.003543572903181894
2025-08-31,ENTG,Technology,0.10413182178004021,0.024665799824645934
2025-08-31,FORM,Technology,0.24768747867791396,0.037811079432630276
2025-08-31,HPQ,Technology,-0.03631012143680601,0.006410615704350253
2025-08-31,IBM,Technology,0.15881553561963546,0.02346798565412208
2025-08-31,IPGP,Technology,-0.03214369669063122,0.009021352200988436
2025-08-31,KEYS,Technology,0.07030536626137152,0.011564591076412351
2025-08-31,MCHP,Technology,-0.012000040028129266,0.04744721043357704
2025-08-31,MKSI,Technology,0.197696866743452,0.02516370599735725
2025-08-31,MPWR,Technology,0.1035019520967142,0.034632703248603486
2025-08-31,MRVL,Technology,0.33720364459308594,0.029208575447132387
2025-08-31,NXPI,Technology,-0.025847454806661063,0.019687248742499282
2025-08-31,ONTO,Technology,0.21905661528965203,0.03422691188401117
2025-08-31,QRVO,Technology,0.004189690138902025,0.03331480337793201
2025-08-31,STX,Technology,0.4146003317401443,0.00924126305750422
2025-08-31,SWKS,Technology,0.027221768828838977,0.027310692742755063
2025-08-31,TER,Technology,0.16524423250860587,0.011037959987197362
2025-08-31,VRSN,Technology,0.0226798058967832,0.0220774096825565
2025-08-31,WDC,Technology,0.49613845436504866,0.01641844696796147
2025-08-31,AXP,Financials,0.0026563851713001796,0.0074193717361179575
2025-08-31,BAC,Financials,0.02240743664586109,0.010171140974546779
2025-08-31,BK,Financials,0.03181812224741898,0.0006371373205335575
2025-08-31,BLK,Financials,0.03924466580186858,-0.00426067693864567
2025-08-31,C,Financials,0.05105104073504352,0.024083545165031993
2025-08-31,CFG,Financials,0.016832466757961573,0.0006079859292969989
2025-08-31,CME,Financials,0.018657320530129917,0.011724652312417922
2025-08-31,COF,Financials,-0.06443090716853461,0.0016405690586007472
2025-08-31,FITB,Financials,-0.018003141963350622,0.005485423581844354
2025-08-31,GS,Financials,0.06856751860675714,0.009959911619005246
2025-08-31,HBAN,Financials,-0.021619640127443995,0.0039691088521159965
2025-08-31,ICE,Financials,-0.04331333192386244,0.005338855459630823
2025-08-31,JPM,Financials,0.04647985631500573,0.0029624365054044064
2025-08-31,KEY,Financials,-0.024275645806547064,0.0009498398154141503
2025-08-31,MCO,Financials,-0.06528565192924485,0.00839144731852913
2025-08-31,MS,Financials,0.05635305054466966,-0.0005897318858784917
2025-08-31,MTB,Financials,-0.01268999418690886,0.009683131097422661
2025-08-31,PNC,Financials,-0.03138266610877538,0.006058907840070333
2025-08-31,RF,Financials,-0.027834043858248947,9.586702135660347e-05
2025-08-31,SCHW,Financials,-0.0038605554182266077,0.00307067235534148
2025-08-31,SPGI,Financials,-0.11255557737489374,0.0021066825569795843
2025-08-31,STT,Financials,0.009045880573515186,0.02122930608801236
2025-08-31,TFC,Financials,-0.023494164526170147,0.0031924799339940937
2025-08-31,USB,Financials,0.0003787302452347152,0.008850598811284444
2025-08-31,WFC,Financials,0.01995609952587296,0.009499459990700683
2025-08-31,AFL,Financials,0.04529284759587382,0.008697137444675016
2025-08-31,AJG,Financials,0.025308248126534094,0.016324329827145614
2025-08-31,ALL,Financials,0.055050396917331046,-0.00024119636556039006
2025-08-31,AMTD,Financials,0.08173080890841877,0.03332052715831568
2025-08-31,AON,Financials,-0.028392356514566064,0.0036082299018669467
2025-08-31,CB,Financials,0.02610247465106119,0.004684048875618916
2025-08-31,FDS,Financials,-0.23258877409566092,0.01099516353754288
2025-08-31,FNF,Financials,0.01884335523431213,-0.0069751387608952276
2025-08-31,GL,Financials,0.02157914721955656,-0.00972379227599314
2025-08-31,HIG,Financials,0.012140563513024949,0.004124045319919821
2025-08-31,IBKR,Financials,0.10555910595730511,-0.017507005213211458
2025-08-31,LPLA,Financials,-0.08722017405669802,-0.004921356012770328
2025-08-31,MET,Financials,0.012413937041063638,0.006233627008714932
2025-08-31,MSCI,Financials,-0.0005460201433035161,0.006024475005904884
2025-08-31,NDAQ,Financials,-0.06375585642106052,-0.0028938815255668167
2025-08-31,PGR,Financials,-0.00044522491024168165,0.01566424319557759
2025-08-31,PRU,Financials,-0.05398510407868051,0.008537323555044123
2025-08-31,RJF,Financials,0.018649765119000516,-0.003926894749575336
2025-08-31,SEIC,Financials,-0.03885367139116691,0.004824656275608517
2025-08-31,SF,Financials,-0.011843599404196992,-0.006466798426713813
2025-08-31,SYF,Financials,-0.0692951379082386,0.004014136766110331
2025-08-31,TRV,Financials,0.03254877175969506,0.0016246413732728584
2025-08-31,UNM,Financials,0.11336947928261121,0.006843947240810246
2025-08-31,WTW,Financials,0.059950498948441844,-0.008267007496577317
2025-08-31,ABBV,Healthcare,0.10047522204944781,-0.07513178618422992
2025-08-31,ABT,Healthcare,0.009648755661527897,0.008014683155172949
2025-08-31,AMGN,Healthcare,-0.01915108248288766,0.010105776278306031
2025-08-31,BAX,Healthcare,-0.0777642388866665,0.03128783382912197
2025-08-31,BIIB,Healthcare,0.05944638131738911,0.03578938699404574
2025-08-31,BMY,Healthcare,-0.044086504599438414,0.016694099633539423
2025-08-31,BSX,Healthcare,-0.07459718243205715,0.001297948878490109
2025-08-31,CI,Healthcare,-0.03710620425853617,0.023221637182736263
2025-08-31,CVS,Healthcare,0.0306219180766103,0.012861469862968006
2025-08-31,DHR,Healthcare,-0.03502947170346804,0.020781238664469733
2025-08-31,EW,Healthcare,-0.043889843318829946,0.003090139479296419
2025-08-31,GILD,Healthcare,-0.01061489100001567,0.011557181111741806
2025-08-31,HUM,Healthcare,-0.14022872603841952,0.02301729370061018
2025-08-31,ISRG,Healthcare,-0.05508129617371593,0.021328077381442448
2025-08-31,JNJ,Healthcare,0.04656546782210458,0.001732968416313976
2025-08-31,LLY,Healthcare,0.041524376891973525,0.030702776086021975
2025-08-31,MDT,Healthcare,0.03396731918659257,0.0008010910649420763
2025-08-31,MRK,Healthcare,0.007597099223399795,0.029828673485541465
2025-08-31,PFE,Healthcare,0.02907917100882118,0.017474446786104016
2025-08-31,REGN,Healthcare,-0.031737488855064555,0.05233439687719932
2025-08-31,SYK,Healthcare,-0.05339303318447641,0.003984202483690852
2025-08-31,TMO,Healthcare,-0.014743902475375936,0.004348012341224299
2025-08-31,UNH,Healthcare,0.1213685045078381,0.026974864366887594
2025-08-31,VRTX,Healthcare,0.0015856622479315519,0.015860107863682374
2025-08-31,ZBH,Healthcare,-0.06935789034354456,0.010148411970690009
2025-08-31,A,Healthcare,0.023457957512207805,0.014896960023177076
2025-08-31,ACAD,Healthcare,-0.1789149541931765,0.02936505547616519
2025-08-31,ALGN,Healthcare,-0.11792057411567336,0.0488096012449659
2025-08-31,ALKS,Healthcare,0.035554045946100565,0.02380270789399249
2025-08-31,BDX,Healthcare,-0.024835306827304837,0.005656715202105499
2025-08-31,DGX,Healthcare,0.04921826267521712,-0.0035299202575269327
2025-08-31,DXCM,Healthcare,-0.10684889585420265,0.017140247200105742
2025-08-31,FOLD,Healthcare,0.038208162848870186,0.03552495937275623
2025-08-31,HOLX,Healthcare,0.005512441925612732,0.015308765541667295
2025-08-31,IDXX,Healthcare,-0.012672135045689314,0.025296862229698763
2025-08-31,INSP,Healthcare,-0.20802652348475614,0.031659158293186995
2025-08-31,IQV,Healthcare,-0.004559483928091024,0.0021374720199354453
2025-08-31,MASI,Healthcare,0.05611621187555538,0.01611313589281329
2025-08-31,MTD,Healthcare,-0.05643950340210091,0.0015974224200188767
2025-08-31,NBIX,Healthcare,0.005587383561562964,0.0213627022157921
2025-08-31,NTRA,Healthcare,-0.04326893776699481,0.02617137473160068
2025-08-31,NVCR,Healthcare,0.04785078314992819,0.059589392428805704
2025-08-31,PODD,Healthcare,-0.09164997484104609,0.02310120320122719
2025-08-31,RARE,Healthcare,0.004005368588131608,0.04098961988967681
2025-08-31,RMD,Healthcare,-0.0028414862805022922,0.006150477067715352
2025-08-31,WAT,Healthcare,-0.006593738617842848,0.023959707048240717
2025-08-31,AMZN,Consumer,-0.04117900731782209,0.003977310407584344
2025-08-31,AZO,Consumer,0.021843467573575248,-0.002970769923771651
2025-08-31,BKNG,Consumer,-0.034020917708501686,0.009027044134319793
2025-08-31,CMG,Consumer,-0.07000476520329779,0.02456569150828928
2025-08-31,COST,Consumer,-0.0187528605992463,0.0029080575152147705
2025-08-31,DG,Consumer,-0.04974259261698866,0.036785810371587346
2025-08-31,DLTR,Consumer,-0.13556833993401418,0.01878868675729995
2025-08-31,DRI,Consumer,-0.08011971883385449,0.001818392245115848
2025-08-31,EBAY,Consumer,0.0037522734789234846,-0.0009917726892601543
2025-08-31,HD,Consumer,0.001766960709089771,0.006237775193296553
2025-08-31,HLT,Consumer,-0.06020417343687012,-0.0015949379633028657
2025-08-31,KR,Consumer,-0.006338309199405701,-0.0003467459215101554
2025-08-31,LOW,Consumer,-0.026156708153731945,0.00045199886895624236
2025-08-31,LULU,Consumer,-0.12002969653196094,0.037476849101299364
2025-08-31,MAR,Consumer,-0.027700969534505848,-0.001436596227384606
2025-08-31,MCD,Consumer,-0.025275066847534333,-0.01088503355266195
2025-08-31,MGM,Consumer,-0.126732147980272,0.004228986741380376
2025-08-31,NKE,Consumer,-0.09406254669372294,0.01625758778625223
2025-08-31,ORLY,Consumer,0.039834078330069245,-0.012640703438271096
2025-08-31,ROST,Consumer,0.03831387417431542,-0.0011561169781184842
2025-08-31,SBUX,Consumer,-0.040707566934910844,0.010356041156706276
2025-08-31,TGT,Consumer,-0.0654304129377894,0.015209130444331875
2025-08-31,TJX,Consumer,0.05804841016534379,-0.0005691140986426556
2025-08-31,WMT,Consumer,0.06269327841183281,-0.001820873701315645
2025-08-31,YUM,Consumer,0.039245183675833406,0.009488293252103014
2025-08-31,BBY,Consumer,0.04014768812003133,0.018584282897585593
2025-08-31,CCL,Consumer,-0.09344620342971388,0.0031258417805996273
2025-08-31,CHDN,Consumer,-0.06478357739214868,0.013941974243444094
2025-08-31,CMCSA,Consumer,-0.07506618482076344,0.024042705926313194
2025-08-31,CZR,Consumer,0.009525556832504556,0.020184804965949134
2025-08-31,DIS,Consumer,-0.03277576661395676,0.013503642228350581
2025-08-31,DKNG,Consumer,-0.2205085059878742,0.026331977775938053
2025-08-31,F,Consumer,0.01614269726483597,-0.021071348041137913
2025-08-31,FOX,Consumer,0.055542958120638364,-0.003872646199396791
2025-08-31,GM,Consumer,0.04331248333908322,-0.022331808351658138
2025-08-31,GRMN,Consumer,0.022009162561494655,0.008109289119551496
2025-08-31,H,Consumer,-0.01628788709585305,0.005630097875696852
2025-08-31,IHG,Consumer,-0.011252419777366685,0.005818073835125318
2025-08-31,LVS,Consumer,-0.06663198397763992,0.006373223371815378
2025-08-31,NCLH,Consumer,-0.008454146156654185,-0.006192065070763097
2025-08-31,NFLX,Consumer,-0.007721900937653126,0.026266114894236196
2025-08-31,PENN,Consumer,-0.047948558344221515,0.006401042187788596
2025-08-31,POOL,Consumer,-0.0020597250767456776,0.0076487928205269135
2025-08-31,RCL,Consumer,-0.1064025684134925,0.02066534739564356
2025-08-31,SIRI,Consumer,-0.015228365915665343,0.02670721487600422
2025-08-31,TSLA,Consumer,0.33201547825406585,0.02591464902342929
2025-08-31,WBD,Consumer,0.677835061048673,0.010835865772883169
2025-08-31,WYNN,Consumer,0.011992098359095982,-0.002996038652098996
2025-08-31,APA,Energy,0.045650353522734166,0.01018339711835864
2025-08-31,BA,Energy,-0.08032210428252606,0.006993442816218392
2025-08-31,CAT,Energy,0.13867411909872263,0.003375870763345482
2025-08-31,COP,Energy,-0.04425582970634301,0.0010541263494491925
2025-08-31,CVX,Energy,-0.033063655929208347,-0.0002693552564333665
2025-08-31,DE,Energy,-0.041331942322412996,0.001131391971218143
2025-08-31,DVN,Energy,-0.022058590817403245,0.0062132118150513855
2025-08-31,EOG,Energy,-0.10174651463954665,0.007639588506118801
2025-08-31,FDX,Energy,0.02705294685729842,0.009154302524158425
2025-08-31,GD,Energy,0.05062069346573783,-0.009713014250079602
2025-08-31,GE,Energy,0.09443155767532341,0.012202492537245141
2025-08-31,HAL,Energy,0.09044009632370464,0.012844918125325067
2025-08-31,HON,Energy,-0.041002317310902314,0.004276587592515533
2025-08-31,LMT,Energy,0.10364114456317175,0.013514790824078792
2025-08-31,MMM,Energy,-0.002250425728132166,0.006100275712862473
2025-08-31,MPC,Energy,0.07250567515254458,0.006992888162238921
2025-08-31,NOC,Energy,0.03673466996810326,-0.013774436388315135
2025-08-31,OXY,Energy,-0.002256622810637876,0.007446647866757021
2025-08-31,PSX,Energy,0.018266249339117913,0.008767631465077383
2025-08-31,RTX,Energy,0.055044095166713936,-0.003097400896586479
2025-08-31,SLB,Energy,-0.05958087995484396,0.010084746017479083
2025-08-31,UNP,Energy,0.05725271885304917,0.006709190844907278
2025-08-31,UPS,Energy,-0.04471642955501931,0.02059475347239516
2025-08-31,VLO,Energy,0.12005805565981187,0.0038665181821740773
2025-08-31,XOM,Energy,-0.013474443229769317,-0.0008229114285166345
2025-08-31,AME,Energy,0.018979062641169442,-0.003412442046162291
2025-08-31,BE,Energy,0.5974688683153355,0.04526361754668362
2025-08-31,BKR,Energy,0.07312780892746895,-0.011329655116592428
2025-08-31,CTRA,Energy,-0.03232412888839098,0.003810812588399645
2025-08-31,EMR,Energy,-0.006212061809677039,0.011426909348428545
2025-08-31,ENPH,Energy,-0.061273244735894905,0.05098372963719587
2025-08-31,ETN,Energy,0.07191944893703917,0.005837113200298895
2025-08-31,FSLR,Energy,0.12982220411364254,0.03755765510736321
2025-08-31,FTV,Energy,0.024851040360086563,0.014653940756516642
2025-08-31,GNRC,Energy,-0.09635630825109653,-0.005378747387952406
2025-08-31,HUBB,Energy,-0.0015777462833239664,0.0021298993077451672
2025-08-31,MTDR,Energy,-0.10782362225063324,0.0019159662393791466
2025-08-31,PH,Energy,0.0007921936767525395,-0.0005108532337271578
2025-08-31,PLUG,Energy,0.4840763349446835,0.04704877759004576
2025-08-31,PR,Energy,-0.09400439323022836,-0.007398371787662696
2025-08-31,ROK,Energy,0.017762060082149533,0.015225465592548289
2025-08-31,ROP,Energy,-0.05247864971363547,0.00616208945338626
2025-08-31,SM,Energy,-0.12539406500930894,-0.0038176371670171627
2025-08-31,VRSK,Energy,-0.0603371344942496,-0.002127264235216541
2025-08-31,WMB,Energy,0.10380816996839015,0.00565515955378104
2025-08-31,XYL,Energy,0.04196108115823538,-0.0067963221177824475
2025-09-30,AAPL,Technology,0.061815166304167946,0.07799473387174388
2025-09-30,ADBE,Technology,-0.03526577587925228,0.08452632909512647
2025-09-30,AMAT,Technology,0.138517118993698,0.09656615603681458
2025-09-30,AMD,Technology,0.5830397783886911,0.12871876482396
2025-09-30,AVGO,Technology,0.12039647230553285,0.11405105577300419
2025-09-30,CDNS,Technology,-0.03578547792162845,0.10848121136090684
2025-09-30,CRM,Technology,0.0987764342787174,0.08320613428277242
2025-09-30,CRWD,Technology,0.10732494057417696,0.09214015959271132
2025-09-30,FTNT,Technology,0.027949553079732903,0.07780802033307788
2025-09-30,GOOGL,Technology,0.15668450932195155,0.09751541081301761
2025-09-30,INTC,Technology,0.19195238711935314,0.07730349313545831
2025-09-30,INTU,Technology,-0.020705519678301476,0.10139799840379
2025-09-30,KLAC,Technology,0.12065640790933219,0.09945592390171568
2025-09-30,LRCX,Technology,0.17595224335264725,0.0997198549146527
2025-09-30,META,Technology,-0.11714643166595518,0.1025815438693168
2025-09-30,MSFT,Technology,-0.00027038377100996325,0.10956046718856464
2025-09-30,MU,Technology,0.3382149441860687,0.09715429245371296
2025-09-30,NET,Technology,0.1803905465048563,0.10738433970634191
2025-09-30,NOW,Technology,-0.0010866092303835062,0.0891630098082732
2025-09-30,NVDA,Technology,0.08527179462348733,0.1160304594853938
2025-09-30,ORCL,Technology,-0.0646219540443842,0.1219726283045987
2025-09-30,PANW,Technology,0.08162268330480704,0.08287116574599349
2025-09-30,QCOM,Technology,0.08740079857523853,0.08206936866640001
2025-09-30,SNPS,Technology,-0.0802002597324839,0.11041100852816
2025-09-30,TXN,Technology,-0.11336651370231499,0.08868420500571418
2025-09-30,ACN,Technology,0.01419301431151454,0.07259460398912915
2025-09-30,ADI,Technology,-0.04708992062737882,0.08473357168634245
2025-09-30,ANET,Technology,0.08221807134402481,0.09649740585837638
2025-09-30,CGNX,Technology,-0.08631345486848485,0.10066431205560214
2025-09-30,COHU,Technology,0.17019188415179043,0.07609257997518629
2025-09-30,CSCO,Technology,0.07499936499930593,0.08584527699783666
2025-09-30,DELL,Technology,0.14683806469115734,0.09764487525385394
2025-09-30,ENTG,Technology,-0.008544759946624958,0.0709300513250245
2025-09-30,FORM,Technology,0.5087864779135092,0.07619488973921236
2025-09-30,HPQ,Technology,0.01615865521541826,0.06518486752930411
2025-09-30,IBM,Technology,0.08948821129888329,0.09130449592503298
2025-09-30,IPGP,Technology,0.07488319386735043,0.0906863291527591
2025-09-30,KEYS,Technology,0.04596391852895221,0.08652847199376232
2025-09-30,MCHP,Technology,-0.028028662663266757,0.1007191121440247
2025-09-30,MKSI,Technology,0.16110544204970623,0.08853657245723293
2025-09-30,MPWR,Technology,0.09163195371171273,0.08968233261437479
2025-09-30,MRVL,Technology,0.11576151965339299,0.08984098076742349
2025-09-30,NXPI,Technology,-0.08171956983084394,0.08297124182897093
2025-09-30,ONTO,Technology,0.04442041045457312,0.06310745129620676
2025-09-30,QRVO,Technology,0.042160696757708394,0.09095224261809552
2025-09-30,STX,Technology,0.08396172505261612,0.11949578075544151
2025-09-30,SWKS,Technology,0.009612894449579024,0.08369762691161303
2025-09-30,TER,Technology,0.32054632535520233,0.09041111442074276
2025-09-30,VRSN,Technology,-0.14225411909364494,0.08673006929494309
2025-09-30,WDC,Technology,0.25112445080244195,0.11762292774002518
2025-09-30,AXP,Financials,0.08876448487142863,0.08693835751602698
2025-09-30,BAC,Financials,0.03605354905919289,0.09551122206325074
2025-09-30,BK,Financials,-0.004567548522131593,0.08952970832871297
2025-09-30,BLK,Financials,-0.07124284960395366,0.08975403787826633
2025-09-30,C,Financials,-0.002660078430394841,0.11494721260662076
2025-09-30,CFG,Financials,-0.034424441648802206,0.0867201038261352
2025-09-30,CME,Financials,-0.01739509187542798,0.08265366537406922
2025-09-30,COF,Financials,0.034857478581771906,0.08483805455740161
2025-09-30,FITB,Financials,-0.065768760982169,0.08056156945321198
2025-09-30,GS,Financials,-0.00876488039355594,0.09932715937885216
2025-09-30,HBAN,Financials,-0.10596403530403131,0.08212395434865266
2025-09-30,ICE,Financials,-0.131707010339718,0.08420251592764122
2025-09-30,JPM,Financials,-0.008868559313091606,0.09374567827622754
2025-09-30,KEY,Financials,-0.058855055867263695,0.08024458060062938
2025-09-30,MCO,Financials,0.008017101812806793,0.08738362858426815
2025-09-30,MS,Financials,0.037986958973525775,0.08738564695489502
2025-09-30,MTB,Financials,-0.06957792736014634,0.08208785612045835
2025-09-30,PNC,Financials,-0.08313592519883417,0.08760048721804707
2025-09-30,RF,Financials,-0.08229047673866008,0.0871445857874445
2025-09-30,SCHW,Financials,-0.009950854043472734,0.09379339062491736
2025-09-30,SPGI,Financials,0.001027310243726376,0.08789031815047318
2025-09-30,STT,Financials,0.004254539650123901,0.11168321037564523
2025-09-30,TFC,Financials,-0.023840824838879504,0.08344232811744033
2025-09-30,USB,Financials,-0.034140209668844346,0.08265516152907823
2025-09-30,WFC,Financials,0.037580655750306446,0.09452370262246983
2025-09-30,AFL,Financials,-0.04037594428685953,0.07948051678977976
2025-09-30,AJG,Financials,-0.19451794730426275,0.07831282654075944
2025-09-30,ALL,Financials,-0.10775670419177352,0.083597274236291
2025-09-30,AMTD,Financials,0.14666663275824643,0.07137984459013576
2025-09-30,AON,Financials,-0.04459024496145847,0.07536663385251707
2025-09-30,CB,Financials,-0.018813114417040255,0.07367726168752275
2025-09-30,FDS,Financials,-0.06872826116401698,0.07049632465336153
2025-09-30,FNF,Financials,-0.0867911928115197,0.058537780976276745
2025-09-30,GL,Financials,-0.07837217439417588,0.07745622726526882
2025-09-30,HIG,Financials,-0.06904572312963186,0.08023909962462425
2025-09-30,IBKR,Financials,0.022525805424178813,0.06815242222555519
2025-09-30,LPLA,Financials,0.1341188178586541,0.08343010402154147
2025-09-30,MET,Financials,-0.03095788997450366,0.07838561205748745
2025-09-30,MSCI,Financials,0.03725690291716499,0.08353165491341388
2025-09-30,NDAQ,Financials,-0.03346516334913219,0.09063002000379286
2025-09-30,PGR,Financials,-0.16548439644035018,0.07477537171702753
2025-09-30,PRU,Financials,0.0025062558211688124,0.07806428214166172
2025-09-30,RJF,Financials,-0.07803616034363381,0.08682320563828975
2025-09-30,SEIC,Financials,-0.04997050202468922,0.08208426056054495
2025-09-30,SF,Financials,0.04371191553820619,0.08168550333305415
2025-09-30,SYF,Financials,0.04686829966654571,0.09146571420651099
2025-09-30,TRV,Financials,-0.037962905451807916,0.08167362161501757
2025-09-30,UNM,Financials,-0.050338364566435034,0.07071623873857917
2025-09-30,WTW,Financials,-0.09364601555654828,0.07363426167347234
2025-09-30,ABBV,Healthcare,-0.05151649060407304,0.09514157699507023
2025-09-30,ABT,Healthcare,-0.07294528339924944,0.08122197164186513
2025-09-30,AMGN,Healthcare,0.05751234309302222,0.07934557613299206
2025-09-30,BAX,Healthcare,-0.18884500201872145,0.06445182966188853
2025-09-30,BIIB,Healthcare,0.10129927367162872,0.07863315944744673
2025-09-30,BMY,Healthcare,0.035547524936981434,0.06980701062740707
2025-09-30,BSX,Healthcare,0.03165014907523189,0.08372682181545002
2025-09-30,CI,Healthcare,-0.15209018584960854,0.08125833725236697
2025-09-30,CVS,Healthcare,0.045084053643410726,0.0837583108632952
2025-09-30,DHR,Healthcare,0.08635134346092133,0.08232853950292643
2025-09-30,EW,Healthcare,0.06017745283769438,0.08456940363226133
2025-09-30,GILD,Healthcare,0.07918926572738072,0.07546717242014148
2025-09-30,HUM,Healthcare,0.06926227021026432,0.08655132435229372
2025-09-30,ISRG,Healthcare,0.19464261380528858,0.0821885309938009
2025-09-30,JNJ,Healthcare,0.018606438259735736,0.08684939761680047
2025-09-30,LLY,Healthcare,0.13087813536663062,0.07572796184521519
2025-09-30,MDT,Healthcare,-0.04766902278661933,0.08183006987007951
2025-09-30,MRK,Healthcare,0.02442514390970585,0.0808774346059132
2025-09-30,PFE,Healthcare,-0.03257457604001546,0.079622778363202
2025-09-30,REGN,Healthcare,0.15922948902688483,0.07787348314068215
2025-09-30,SYK,Healthcare,-0.036329860709449546,0.08562270885059342
2025-09-30,TMO,Healthcare,0.16982815803944007,0.0837919786040713
2025-09-30,UNH,Healthcare,-0.010831184342193545,0.05893037362862597
2025-09-30,VRTX,Healthcare,0.08663566389210531,0.07979610793240823
2025-09-30,ZBH,Healthcare,0.020913688080218762,0.07211629106056583
2025-09-30,A,Healthcare,0.14031940371161866,0.082009689975175
2025-09-30,ACAD,Healthcare,0.06373011249424176,0.10157224308281285
2025-09-30,ALGN,Healthcare,0.10110208863355497,0.07812431038433437
2025-09-30,ALKS,Healthcare,0.023333358764648482,0.06867535814532288
2025-09-30,BDX,Healthcare,-0.04519959799821749,0.06356139781313763
2025-09-30,DGX,Healthcare,-0.07266605903425072,0.07481315745404424
2025-09-30,DXCM,Healthcare,-0.1347897097848202,0.08363613443624528
2025-09-30,FOLD,Healthcare,0.14593903576508582,0.06488165325556766
2025-09-30,HOLX,Healthcare,0.09512529265890346,0.08483571946205817
2025-09-30,IDXX,Healthcare,-0.014681720903047868,0.08055401728158859
2025-09-30,INSP,Healthcare,-0.028571363940436467,0.06372191660637529
2025-09-30,IQV,Healthcare,0.13962305955346066,0.08463987879526359
2025-09-30,MASI,Healthcare,-0.046763869959752125,0.07012028419638058
2025-09-30,MTD,Healthcare,0.15369706662731608,0.08885485821793206
2025-09-30,NBIX,Healthcare,0.020159579232221336,0.09243989107552011
2025-09-30,NTRA,Healthcare,0.23582028432137392,0.08625649863467197
2025-09-30,NVCR,Healthcare,-0.008513905265300825,0.07221803609914663
2025-09-30,PODD,Healthcare,0.013863241754901612,0.08523711570098547
2025-09-30,RARE,Healthcare,0.15026590963694875,0.07647660955563207
2025-09-30,RMD,Healthcare,-0.09808934541464065,0.08671683219946627
2025-09-30,WAT,Healthcare,0.16607187535562784,0.07722267731000883
2025-09-30,AMZN,Consumer,0.11226484981660545,0.09529350962010433
2025-09-30,AZO,Consumer,-0.14353748720182935,0.08093621755412392
2025-09-30,BKNG,Consumer,-0.059550624774737715,0.0893735178441263
2025-09-30,CMG,Consumer,-0.19137530889169074,0.07445876578145871
2025-09-30,COST,Consumer,-0.013926211283457945,0.07731163599383242
2025-09-30,DG,Consumer,-0.039605425023740315,0.08870548630598128
2025-09-30,DLTR,Consumer,0.050333791053874366,0.10368759014707193
2025-09-30,DRI,Consumer,-0.045969932775129174,0.07217542246449074
2025-09-30,EBAY,Consumer,-0.1059923267081706,0.10570947208784583
2025-09-30,HD,Consumer,-0.0631802473273535,0.08137620273073265
2025-09-30,HLT,Consumer,-0.009559144920409768,0.08387080820133645
2025-09-30,KR,Consumer,-0.056074725743699316,0.07236252043989122
2025-09-30,LOW,Consumer,-0.04778639998113077,0.0771599273206501
2025-09-30,LULU,Consumer,-0.04153318548781304,0.06534950460456661
2025-09-30,MAR,Consumer,0.0005374483337041713,0.08030314186538394
2025-09-30,MCD,Consumer,-0.017967017968541832,0.08380397892247902
2025-09-30,MGM,Consumer,-0.07588000806963657,0.07590653198486
2025-09-30,NKE,Consumer,-0.07371304072839657,0.09136941256733092
2025-09-30,ORLY,Consumer,-0.1240144274182089,0.08326394983508956
2025-09-30,ROST,Consumer,0.04285058704938183,0.0784968412432252
2025-09-30,SBUX,Consumer,-0.044089772250853754,0.07759506287871787
2025-09-30,TGT,Consumer,0.03366793095993059,0.0673777747772076
2025-09-30,TJX,Consumer,-0.03044143682630518,0.07908087617145727
2025-09-30,WMT,Consumer,-0.018241695835708893,0.08073834602018044
2025-09-30,YUM,Consumer,-0.09072355192543624,0.07432659850312916
2025-09-30,BBY,Consumer,0.08622052751788956,0.06350060468340576
2025-09-30,CCL,Consumer,-0.0027672053227907334,0.09246532510160922
2025-09-30,CHDN,Consumer,0.022574935495278003,0.07241417539483955
2025-09-30,CMCSA,Consumer,-0.10453527646429916,0.07542028543017748
2025-09-30,CZR,Consumer,-0.25624419370249585,0.06327716209509957
2025-09-30,DIS,Consumer,-0.016419190433199837,0.09399156386504423
2025-09-30,DKNG,Consumer,-0.18208559078744524,0.09458938702286196
2025-09-30,F,Consumer,0.09782615342480905,0.06690130099168959
2025-09-30,FOX,Consumer,0.0195496035265883,0.06643153348914127
2025-09-30,GM,Consumer,0.13318017516938707,0.0672976322805434
2025-09-30,GRMN,Consumer,-0.13110230804207967,0.08168005291081652
2025-09-30,H,Consumer,-0.03184652796844145,0.08411155929501377
2025-09-30,IHG,Consumer,0.0016493593117581362,0.07895664357537488
2025-09-30,LVS,Consumer,0.10336489956966455,0.09657765464289428
2025-09-30,NCLH,Consumer,-0.0897279399015567,0.08261662371386656
2025-09-30,NFLX,Consumer,-0.06677673921714511,0.09355041314209825
2025-09-30,PENN,Consumer,-0.14537908157500257,0.07100718154200286
2025-09-30,POOL,Consumer,-0.13871057000828713,0.07240811768000154
2025-09-30,RCL,Consumer,-0.11357306644396714,0.09985829940130958
2025-09-30,SIRI,Consumer,-0.06829898769512355,0.06749906818816268
2025-09-30,TSLA,Consumer,0.026623485126352042,0.09862856858742755
2025-09-30,WBD,Consumer,0.14951356751823486,0.08586167650306531
2025-09-30,WYNN,Consumer,-0.07234740814574658,0.08963039575824377
2025-09-30,APA,Energy,-0.05668938029636217,0.0650566965223916
2025-09-30,BA,Energy,-0.06861880847402568,0.09174098957592523
2025-09-30,CAT,Energy,0.21328407703147612,0.10020902775516144
2025-09-30,COP,Energy,-0.06057725233898492,0.08007644420692758
2025-09-30,CVX,Energy,0.015648265431278174,0.08311904333525673
2025-09-30,DE,Energy,0.009556901026772868,0.08813901314936957
2025-09-30,DVN,Energy,-0.07330285661448643,0.0682170359131906
2025-09-30,EOG,Energy,-0.04694743145758884,0.08142239627466608
2025-09-30,FDX,Energy,0.07637506136064864,0.07210640167193533
2025-09-30,GD,Energy,0.015882574079417067,0.08784971100302244
2025-09-30,GE,Energy,0.02702608138093887,0.10131032524169939
2025-09-30,HAL,Energy,0.09105694218625882,0.07269305950867508
2025-09-30,HON,Energy,0.014779803231943722,0.08589326181440422
2025-09-30,LMT,Energy,-0.014683144783365631,0.07661762921708926
2025-09-30,MMM,Energy,0.07294759078547552,0.08341769206028363
2025-09-30,MPC,Energy,0.011258604043130616,0.09103036166847484
2025-09-30,NOC,Energy,-0.042457223033100955,0.08992812549482494
2025-09-30,OXY,Energy,-0.12804240013413215,0.07212490001511035
2025-09-30,PSX,Energy,0.0008821746986502621,0.08369186159134555
2025-09-30,RTX,Energy,0.06675427728678596,0.09136584921504338
2025-09-30,SLB,Energy,0.04917079270171998,0.07152019880468433
2025-09-30,UNP,Energy,-0.06769046964310976,0.08175011968142368
2025-09-30,UPS,Energy,0.1543157868950078,0.07132885661609496
2025-09-30,VLO,Energy,-0.004111393717192269,0.08706185728240975
2025-09-30,XOM,Energy,0.014279376957383905,0.08372363250239766
2025-09-30,AME,Energy,0.07505331337582777,0.07891597778165156
2025-09-30,BE,Energy,0.5627291490956186,0.15636640595708057
2025-09-30,BKR,Energy,-0.0063629363557116125,0.08358780833786182
2025-09-30,CTRA,Energy,0.000422822519325905,0.06997978631470639
2025-09-30,EMR,Energy,0.06395795429678208,0.09990460754880509
2025-09-30,ENPH,Energy,-0.13789203856821763,0.057280644837925145
2025-09-30,ETN,Energy,0.01953247971028027,0.10294430401273426
2025-09-30,FSLR,Energy,0.21044757592619323,0.10259920675954873
2025-09-30,FTV,Energy,0.027556558144464116,0.07238898984548212
2025-09-30,GNRC,Energy,0.003703765821879035,0.11124031329340513
2025-09-30,HUBB,Energy,0.09223581414334325,0.0901857207851515
2025-09-30,MTDR,Energy,-0.12174502030710355,0.0717809983359903
2025-09-30,PH,Energy,0.019362868502220687,0.08885208358330118
2025-09-30,PLUG,Energy,0.15450650012974876,0.10740948136126746
2025-09-30,PR,Energy,-0.018749965350270625,0.06738578343161938
2025-09-30,ROK,Energy,0.05387231797397107,0.09539523263237004
2025-09-30,ROP,Energy,-0.10387029978571027,0.0801006764931714
2025-09-30,SM,Energy,-0.15564611758936997,0.05071844660647852
2025-09-30,VRSK,Energy,-0.13021348888550688,0.06322723782020931
2025-09-30,WMB,Energy,-0.08650358006683456,0.08112620246067552
2025-09-30,XYL,Energy,0.022711895246747993,0.08803193174834689
2025-10-31,AAPL,Technology,0.03236424005075422,0.003638366102271825
2025-10-31,ADBE,Technology,-0.05929885345876951,0.037721905384903096
2025-10-31,AMAT,Technology,0.08427480587177305,0.020307043002542796
2025-10-31,AMD,Technology,-0.15067154878022626,0.052695148672782
2025-10-31,AVGO,Technology,0.09017126646865492,0.054192402058104085
2025-10-31,CDNS,Technology,-0.07927605158100504,0.024638675309002763
2025-10-31,CRM,Technology,-0.11470374000807237,0.034165058525169045
2025-10-31,CRWD,Technology,-0.06233772029013984,0.013211656694755759
2025-10-31,FTNT,Technology,-0.0613213355668637,0.0186466131725323
2025-10-31,GOOGL,Technology,0.13866057550838806,0.02605677316765489
2025-10-31,INTC,Technology,0.014253555161292786,0.010391768242158395
2025-10-31,INTU,Technology,-0.05013856424817287,0.023557854093180695
2025-10-31,KLAC,Technology,-0.025892917193715448,0.02191202481202008
2025-10-31,LRCX,Technology,-0.00927219791547318,0.029383415413028878
2025-10-31,META,Technology,-0.0006168887195739936,0.03172518498385602
2025-10-31,MSFT,Technology,-0.048046756730589224,0.027852462824118886
2025-10-31,MU,Technology,0.05679935450377682,0.035960417297252224
2025-10-31,NET,Technology,-0.20959335056558426,0.053476934605426296
2025-10-31,NOW,Technology,-0.11625406759808776,0.03277420023910757
2025-10-31,NVDA,Technology,-0.1258828143464189,0.04237258951863336
2025-10-31,ORCL,Technology,-0.23098892436329066,0.043493038094658695
2025-10-31,PANW,Technology,-0.13671449264146573,0.010875510199205306
2025-10-31,QCOM,Technology,-0.07081269828376346,0.006584428885282566
2025-10-31,SNPS,Technology,-0.07890793041438193,0.041337115564350754
2025-10-31,TXN,Technology,0.042177633923828006,0.02866486406088131
2025-10-31,ACN,Technology,-0.00039980987803578394,0.022851018107555025
2025-10-31,ADI,Technology,0.1333020080544718,0.019076240977380855
2025-10-31,ANET,Technology,-0.17128549272273152,0.05037710102492551
2025-10-31,CGNX,Technology,-0.07743388087169256,0.03355536892524119
2025-10-31,COHU,Technology,0.02227821601095248,0.04419798961236493
2025-10-31,CSCO,Technology,0.052386849824040294,0.00865033706117527
2025-10-31,DELL,Technology,-0.1769025787125481,0.021773640502936484
2025-10-31,ENTG,Technology,-0.1575843407314147,0.018762778643923554
2025-10-31,FORM,Technology,0.0012738797789322298,0.02727071769387546
2025-10-31,HPQ,Technology,-0.11745572435721408,0.01514018032131626
2025-10-31,IBM,Technology,0.009340558178738245,0.010537971749278712
2025-10-31,IPGP,Technology,-0.06437973660842766,0.017802497204834514
2025-10-31,KEYS,Technology,0.0819304202246669,0.013887921021371553
2025-10-31,MCHP,Technology,-0.13387889998350688,0.04856039300831737
2025-10-31,MKSI,Technology,0.08989823329543611,0.02915476313502311
2025-10-31,MPWR,Technology,-0.07644782768320446,0.028633081885333898
2025-10-31,MRVL,Technology,-0.04629826710405194,0.05338566847488509
2025-10-31,NXPI,Technology,-0.06780789461353687,0.021665043237761396
2025-10-31,ONTO,Technology,0.060758717696474784,0.039529381633510656
2025-10-31,QRVO,Technology,-0.09513273233765396,0.025161372147009833
2025-10-31,STX,Technology,0.08132719091188023,0.0681115320250187
2025-10-31,SWKS,Technology,-0.1417937493400081,0.02443881458912217
2025-10-31,TER,Technology,0.0014715259971693762,0.03123767865083124
2025-10-31,VRSN,Technology,0.054078133909065906,0.006682498190138308
2025-10-31,WDC,Technology,0.08734433275410947,0.06744303254296172
2025-10-31,AXP,Financials,0.012585574318416448,0.015606723628372739
2025-10-31,BAC,Financials,0.0037418469724912473,0.022996667092927886
2025-10-31,BK,Financials,0.038636124999278154,0.012184445528053095
2025-10-31,BLK,Financials,-0.0327942840622053,0.008872979275907595
2025-10-31,C,Financials,0.029514040517988116,0.04862145991661585
2025-10-31,CFG,Financials,0.06349525072537454,0.016091604390576955
2025-10-31,CME,Financials,0.06015282338995975,-0.000844179009445882
2025-10-31,COF,Financials,-0.00039474709592146606,0.0163281157992212
2025-10-31,FITB,Financials,0.04420944361834667,0.010423146495368976
2025-10-31,GS,Financials,0.04645471214899444,0.02740374193523535
2025-10-31,HBAN,Financials,0.05569936633108208,0.010293280366813557
2025-10-31,ICE,Financials,0.07526146702812886,0.005710590960942745
2025-10-31,JPM,Financials,0.006299886356039952,0.012918085465183082
2025-10-31,KEY,Financials,0.044911830259145136,0.006181094464886992
2025-10-31,MCO,Financials,0.02384795861680966,0.013779547240200571
2025-10-31,MS,Financials,0.03451226659385398,0.015117005822820873
2025-10-31,MTB,Financials,0.03453529120184706,0.012850004359223902
2025-10-31,PNC,Financials,0.04475485872003815,0.016551892070609746
2025-10-31,RF,Financials,0.0516529214700876,0.016081660895405442
2025-10-31,SCHW,Financials,-0.016152018770869914,0.012062474088413015
2025-10-31,SPGI,Financials,0.02586304672710593,0.0162057597108753
2025-10-31,STT,Financials,0.02905063839818922,0.043376533903996026
2025-10-31,TFC,Financials,0.05399091109094778,0.012237416789732062
2025-10-31,USB,Financials,0.0507711247569369,0.012798498543637734
2025-10-31,WFC,Financials,-0.007688148049157406,0.018243485458491967
2025-10-31,AFL,Financials,0.03447579402376211,-0.0006624816303561036
2025-10-31,AJG,Financials,-0.007495280811767424,0.003604004557282898
2025-10-31,ALL,Financials,0.11205089065812013,-0.00452448074346842
2025-10-31,AMTD,Financials,-0.17054257047025012,0.020346984009394387
2025-10-31,AON,Financials,0.03886346632800519,0.002432714792446897
2025-10-31,CB,Financials,0.06947345618839851,-0.008287637112139538
2025-10-31,FDS,Financials,0.0433800335282859,0.020447064800554214
2025-10-31,FNF,Financials,0.07585080546232681,-0.020447956137519728
2025-10-31,GL,Financials,0.02448490458787833,-0.006634890657702709
2025-10-31,HIG,Financials,0.10347882185469826,-0.003257150957296631
2025-10-31,IBKR,Financials,-0.07589547914160599,-0.0054912884013795515
2025-10-31,LPLA,Financials,-0.055620496423714916,0.01854328805262665
2025-10-31,MET,Financials,-0.03391427271296632,0.004592495563101179
2025-10-31,MSCI,Financials,-0.039171808813850184,0.008500827762860258
2025-10-31,NDAQ,Financials,0.06351614545591677,0.01712932245284791
2025-10-31,PGR,Financials,0.11063092996588075,0.0037167406713597764
2025-10-31,PRU,Financials,0.054619934287865934,0.011951317927703866
2025-10-31,RJF,Financials,-0.01342404667360586,0.01168185306563297
2025-10-31,SEIC,Financials,0.003101334906268516,0.008695057918751862
2025-10-31,SF,Financials,0.030144463924750786,0.007159657215086429
2025-10-31,SYF,Financials,0.04433876908544865,0.027640465298301387
2025-10-31,TRV,Financials,0.09023887984484724,-0.0034154820191661765
2025-10-31,UNM,Financials,0.03473167774722441,-0.00829450979232866
2025-10-31,WTW,Financials,0.025231471788620397,-0.009605172508471402
2025-10-31,ABBV,Healthcare,0.04430383483406786,0.009601675132243912
2025-10-31,ABT,Healthcare,0.042711392609226406,0.0019827865397046562
2025-10-31,AMGN,Healthcare,0.16584768623162938,0.0020855302447654964
2025-10-31,BAX,Healthcare,0.015155072115446755,0.019852065036675446
2025-10-31,BIIB,Healthcare,0.18033312565607984,0.024394276883748914
2025-10-31,BMY,Healthcare,0.06794015017981891,0.008727452559405078
2025-10-31,BSX,Healthcare,0.008538528593412975,0.00860967946001065
2025-10-31,CI,Healthcare,0.1344870630570938,0.01505745303999901
2025-10-31,CVS,Healthcare,0.028278902531741368,0.008228680280188317
2025-10-31,DHR,Healthcare,0.05292966615755401,0.022417301517689645
2025-10-31,EW,Healthcare,0.05118255156943463,0.00420237427408726
2025-10-31,GILD,Healthcare,0.0505049931943955,0.0029268922463687834
2025-10-31,HUM,Healthcare,-0.11653902671466465,0.0261958124292107
2025-10-31,ISRG,Healthcare,0.07336967324693577,0.02421244496842204
2025-10-31,JNJ,Healthcare,0.10252438770214112,0.0041213964058167425
2025-10-31,LLY,Healthcare,0.24823199290136233,0.012311448318175804
2025-10-31,MDT,Healthcare,0.16130107262333127,0.0008066306445457232
2025-10-31,MRK,Healthcare,0.2192370638386838,0.017489408909271024
2025-10-31,PFE,Healthcare,0.06260622288261763,0.0069189360055294195
2025-10-31,REGN,Healthcare,0.19847836796426588,0.041621332823637926
2025-10-31,SYK,Healthcare,0.04193814777436011,0.009324310702969903
2025-10-31,TMO,Healthcare,0.04131203596912436,0.02190443472082223
2025-10-31,UNH,Healthcare,-0.03451799242638842,0.021265251791173598
2025-10-31,VRTX,Healthcare,0.018892257182068217,0.012630005939982477
2025-10-31,ZBH,Healthcare,-0.030230761010421214,0.0032461173697644723
2025-10-31,A,Healthcare,0.048783840112853305,0.02168015933339401
2025-10-31,ACAD,Healthcare,0.10308370369785314,0.05134601074356279
2025-10-31,ALGN,Healthcare,0.06752246322087485,0.050931266975718134
2025-10-31,ALKS,Healthcare,-0.03648211112051325,0.0046617352013521955
2025-10-31,BDX,Healthcare,0.08566960527675027,0.006501217162880416
2025-10-31,DGX,Healthcare,0.0751917790671548,-0.004574842293940829
2025-10-31,DXCM,Healthcare,0.09017519563591314,0.030308968921169334
2025-10-31,FOLD,Healthcare,0.09966784040075027,0.028929720392641564
2025-10-31,HOLX,Healthcare,0.014341733271177937,0.015890435836310272
2025-10-31,IDXX,Healthcare,0.1959778132251142,0.037629665933544366
2025-10-31,INSP,Healthcare,0.725998897082561,0.03640357589566823
2025-10-31,IQV,Healthcare,0.0625981122271706,0.022225468839959232
2025-10-31,MASI,Healthcare,0.012655519776324509,0.012135736933547001
2025-10-31,MTD,Healthcare,0.04266776576401399,0.02638930544743209
2025-10-31,NBIX,Healthcare,0.062495611540080764,0.024586918509105035
2025-10-31,NTRA,Healthcare,0.2004725599513264,0.029372044386053196
2025-10-31,NVCR,Healthcare,0.0,0.05154889173217039
2025-10-31,PODD,Healthcare,0.04530204221391809,0.027988050629364773
2025-10-31,RARE,Healthcare,0.004335304407342644,0.04637470085551919
2025-10-31,RMD,Healthcare,0.038717179940949364,0.014293892523032321
2025-10-31,WAT,Healthcare,0.15394738668363406,0.021301036267257184
2025-10-31,AMZN,Consumer,-0.04504135592915348,0.022968843423173384
2025-10-31,AZO,Consumer,0.07617512149956829,-0.0030494748893560575
2025-10-31,BKNG,Consumer,-0.03211077382967298,0.015676718149171088
2025-10-31,CMG,Consumer,0.08930261521026539,0.02848698191845382
2025-10-31,COST,Consumer,0.002347961375350316,0.009875751801074771
2025-10-31,DG,Consumer,0.10977082015631545,0.0056055355308071275
2025-10-31,DLTR,Consumer,0.1179377974988487,0.027739329394549234
2025-10-31,DRI,Consumer,-0.003164069869569408,0.0001721576923997617
2025-10-31,EBAY,Consumer,0.021794282283968736,0.028882937501106112
2025-10-31,HD,Consumer,-0.0597223224597313,0.008919773574100833
2025-10-31,HLT,Consumer,0.10986867095097486,0.015455434150520385
2025-10-31,KR,Consumer,0.06300249307435601,-0.007015685703673356
2025-10-31,LOW,Consumer,0.018267319954678785,0.010516117146784701
2025-10-31,LULU,Consumer,0.07998123564343751,0.04059317822388234
2025-10-31,MAR,Consumer,0.17242400961265236,0.018963720284790358
2025-10-31,MCD,Consumer,0.044868099231758496,0.002257068462758383
2025-10-31,MGM,Consumer,0.1017796522158354,0.01909188363381585
2025-10-31,NKE,Consumer,0.0006193783946670806,0.04049413341239478
2025-10-31,ORLY,Consumer,0.07687414569202589,-0.0017605844921293433
2025-10-31,ROST,Consumer,0.10974067323716907,0.005294636488832799
2025-10-31,SBUX,Consumer,0.08494268497378576,0.023893773907007993
2025-10-31,TGT,Consumer,-0.010329284503396652,0.02623462920160574
2025-10-31,TJX,Consumer,0.08718864970564355,0.0014645415227760947
2025-10-31,WMT,Consumer,0.09221185602638315,0.004958948765258939
2025-10-31,YUM,Consumer,0.10853036691070628,-0.004168615393130397
2025-10-31,BBY,Consumer,-0.03481857330706939,0.014707193389284896
2025-10-31,CCL,Consumer,-0.10579253544905998,0.04416917704287343
2025-10-31,CHDN,Consumer,0.09969754627525007,0.0194343304492337
2025-10-31,CMCSA,Consumer,-0.041307542078357296,0.013105519280244051
2025-10-31,CZR,Consumer,0.15771144358864686,0.02993426356002451
2025-10-31,DIS,Consumer,-0.0723672629489569,0.02558648299050724
2025-10-31,DKNG,Consumer,0.08401437339014861,0.05985651184704937
2025-10-31,F,Consumer,0.023121494179056956,-0.019912463196729825
2025-10-31,FOX,Consumer,-0.002568092501231578,-0.012705255787879632
2025-10-31,GM,Consumer,0.06411935264878688,-0.012672702486638664
2025-10-31,GRMN,Consumer,-0.08703374254346863,0.00548126005769126
2025-10-31,H,Consumer,0.1974799138847827,0.025851683882233682
2025-10-31,IHG,Consumer,0.10472573476012004,0.014041495445857213
2025-10-31,LVS,Consumer,0.15311143593577392,0.03459928521826405
2025-10-31,NCLH,Consumer,-0.17662805434191076,0.024388577335170226
2025-10-31,NFLX,Consumer,-0.03848559868782542,0.02370016916511232
2025-10-31,PENN,Consumer,-0.09842035370542468,0.019531695673852708
2025-10-31,POOL,Consumer,-0.08333986030207508,0.012159516416423093
2025-10-31,RCL,Consumer,-0.07174990310985441,0.05135918800860713
2025-10-31,SIRI,Consumer,-0.007549875521426164,0.0044439921140046745
2025-10-31,TSLA,Consumer,-0.05780178787448975,0.04118872453318689
2025-10-31,WBD,Consumer,0.0690422799280832,0.012336101978637094
2025-10-31,WYNN,Consumer,0.08367943029817804,0.024228920533733343
2025-10-31,APA,Energy,0.1024282397104197,-0.0074669271617776485
2025-10-31,BA,Energy,-0.059795065252158275,0.018197145673781532
2025-10-31,CAT,Energy,-0.0025984779281746917,0.020948137301002433
2025-10-31,COP,Energy,0.007347825973048394,0.005100752645856601
2025-10-31,CVX,Energy,-0.031081055450757233,0.0010543778636694628
2025-10-31,DE,Energy,0.0061954341763810206,0.013699931173809946
2025-10-31,DVN,Energy,0.1406586457048482,-0.003123441924906604
2025-10-31,EOG,Energy,0.018990976101718182,0.008919990608571909
2025-10-31,FDX,Energy,0.08612389623639238,0.014458272313942842
2025-10-31,GD,Energy,-0.009481006345871013,0.0001921703798681909
2025-10-31,GE,Energy,-0.033985976588032596,0.025128858060574563
2025-10-31,HAL,Energy,-0.023099940448031764,0.009727035816574928
2025-10-31,HON,Energy,-0.03968052743193606,0.011267581138304103
2025-10-31,LMT,Energy,-0.06916324804731944,0.013173155029843543
2025-10-31,MMM,Energy,0.037773602272523465,0.005761624718502237
2025-10-31,MPC,Energy,-0.0010495599803008737,0.017416608928580102
2025-10-31,NOC,Energy,-0.01919609806346756,0.0004826378885968187
2025-10-31,OXY,Energy,0.01941751842507,-0.0016468608111005235
2025-10-31,PSX,Energy,0.01457781201761188,0.00947256037522607
2025-10-31,RTX,Energy,-0.016239135857609055,0.008445665252930338
2025-10-31,SLB,Energy,0.0049916155744926805,0.01049727501294358
2025-10-31,UNP,Energy,0.05200345040684251,0.004049926601755656
2025-10-31,UPS,Energy,0.01073644482416336,0.023907611028083156
2025-10-31,VLO,Energy,0.04903637420202012,0.013093639140854638
2025-10-31,XOM,Energy,0.0225070230499389,0.0008308875211936219
2025-10-31,AME,Energy,-0.02087972742615296,0.002741125489523046
2025-10-31,BE,Energy,-0.17342618918912056,0.1398289205268159
2025-10-31,BKR,Energy,0.041902608266637165,0.006293030370248236
2025-10-31,CTRA,Energy,0.1440362918455047,-0.003173169991506731
2025-10-31,EMR,Energy,-0.040203789967856673,0.02896130613277898
2025-10-31,ENPH,Energy,-0.0544083852821704,0.041097983603337856
2025-10-31,ETN,Energy,-0.09098177561540732,0.023454989622612703
2025-10-31,FSLR,Energy,0.02240207886279899,0.056717703112458634
2025-10-31,FTV,Energy,0.06357470487873318,0.010295299779393287
2025-10-31,GNRC,Energy,-0.09754790484989184,0.04684396680832159
2025-10-31,HUBB,Energy,-0.07901152163033776,0.02196988001697882
2025-10-31,MTDR,Energy,0.08484438531451799,0.009502343775413024
2025-10-31,PH,Energy,0.11740418452774604,0.015257381895403408
2025-10-31,PLUG,Energy,-0.25278812352882885,0.06926072098917162
2025-10-31,PR,Energy,0.1536622793320528,-0.004267407321109744
2025-10-31,ROK,Energy,0.07860197005566127,0.021299057810583742
2025-10-31,ROP,Energy,0.00015688070311692393,0.006476717270244899
2025-10-31,SM,Energy,-0.08808037376219191,0.0025073469241402146
2025-10-31,VRSK,Energy,0.028844447163278497,-0.0053265513027008875
2025-10-31,WMB,Energy,0.052877157153260024,-0.005433058328038247
2025-10-31,XYL,Energy,-0.06484697323081168,0.008608855693131232
2025-11-30,AAPL,Technology,-0.025067328015739188,0.007857902574902473
2025-11-30,ADBE,Technology,0.09327456001037171,0.03923010732789288
2025-11-30,AMAT,Technology,0.018790900342950057,0.02521064668831357
2025-11-30,AMD,Technology,-0.015492093670292584,0.04079954188599451
2025-11-30,AVGO,Technology,-0.13946237922093252,0.04097554695827847
2025-11-30,CDNS,Technology,0.0023729805126511128,0.021453585331498912
2025-11-30,CRM,Technology,0.15093950895512576,0.027526655431827203
2025-11-30,CRWD,Technology,-0.07934636186249766,0.01118335857922918
2025-11-30,FTNT,Technology,-0.0212004640643092,0.015496327987166887
2025-11-30,GOOGL,Technology,-0.021785412139472493,0.03040666793003119
2025-11-30,INTC,Technology,-0.09023667957324677,0.04193319742297566
2025-11-30,INTU,Technology,0.04469466722887949,0.025128007218317455
2025-11-30,KLAC,Technology,0.03369715608497237,0.02713721750492891
2025-11-30,LRCX,Technology,0.09911415830226944,0.0461347511337659
2025-11-30,META,Technology,0.019566839474451037,0.04170461371654596
2025-11-30,MSFT,Technology,-0.017052532502935924,0.023526930521568786
2025-11-30,MU,Technology,0.2073973394835542,0.06882717605681593
2025-11-30,NET,Technology,-0.015284015357714176,0.03677138427616873
2025-11-30,NOW,Technology,-0.05718782692643598,0.024083023398517416
2025-11-30,NVDA,Technology,0.0537310630129606,0.046399149845721036
2025-11-30,ORCL,Technology,-0.03486007733371632,0.07954945802672464
2025-11-30,PANW,Technology,-0.031189227277542586,0.008830006097178766
2025-11-30,QCOM,Technology,0.02280931402820463,0.0028736034478118195
2025-11-30,SNPS,Technology,0.12370515118542613,0.041928482990856844
2025-11-30,TXN,Technology,0.03102153122210205,0.03653837764630353
2025-11-30,ACN,Technology,0.07319994974833244,0.02172133703532853
2025-11-30,ADI,Technology,0.02569475086132167,0.021113922234260517
2025-11-30,ANET,Technology,0.00267834498876951,0.04461006622727693
2025-11-30,CGNX,Technology,-0.05564298693028236,0.049026513628865065
2025-11-30,COHU,Technology,-0.04317431127616367,0.03589273307273679
2025-11-30,CSCO,Technology,0.0011696970875445523,0.008544209680606278
2025-11-30,DELL,Technology,-0.05601805098267065,0.027767502921766753
2025-11-30,ENTG,Technology,0.09217012780723643,0.01848576512033471
2025-11-30,FORM,Technology,0.013813128229917426,0.020120017948877487
2025-11-30,HPQ,Technology,-0.07676720329376818,0.01305585285832913
2025-11-30,IBM,Technology,-0.040086829168831994,0.011215057860825283
2025-11-30,IPGP,Technology,-0.10095430659398497,0.015787604621934355
2025-11-30,KEYS,Technology,0.0264713593025927,0.01255373912780201
2025-11-30,MCHP,Technology,0.18924975460949578,0.04714997446808883
2025-11-30,MKSI,Technology,0.021804534922922336,0.0440170277657541
2025-11-30,MPWR,Technology,-0.02184623654097162,0.03290442760980841
2025-11-30,MRVL,Technology,-0.04944071257677052,0.06417891836082777
2025-11-30,NXPI,Technology,0.11844377950508167,0.02645422542892739
2025-11-30,ONTO,Technology,0.10268228955160952,0.04507141109387114
2025-11-30,QRVO,Technology,-0.016067030658103443,0.012630140735054508
2025-11-30,STX,Technology,-0.002087158155985036,0.09212382144791573
2025-11-30,SWKS,Technology,-0.03851399257182431,0.023260704322991026
2025-11-30,TER,Technology,0.06415961715301788,0.042499381002873635
2025-11-30,VRSN,Technology,-0.035874456359916596,0.01414369770468725
2025-11-30,WDC,Technology,0.05558396142738298,0.0871503103080905
2025-11-30,AXP,Financials,0.012812514673455233,0.009001106660833539
2025-11-30,BAC,Financials,0.03049048755353656,-0.0017815494882124153
2025-11-30,BK,Financials,0.035593197422991274,0.01890722446222085
2025-11-30,BLK,Financials,0.0269738875300094,0.019453027469126378
2025-11-30,C,Financials,0.1263513659065929,0.02739667665716663
2025-11-30,CFG,Financials,0.07966732434553236,0.021828685429624288
2025-11-30,CME,Financials,-0.02530075117530073,0.0017652679465355488
2025-11-30,COF,Financials,0.10631301501085799,0.0069293962928781636
2025-11-30,FITB,Financials,0.08622396581849445,0.02063931131840256
2025-11-30,GS,Financials,0.06938849211660325,0.028617891325856695
2025-11-30,HBAN,Financials,0.07379408855252456,0.020628593976428477
2025-11-30,ICE,Financials,0.03269615138380355,0.017340301221975486
2025-11-30,JPM,Financials,0.02919376431523979,0.02341815916287538
2025-11-30,KEY,Financials,0.13546081524367581,0.021136221366480874
2025-11-30,MCO,Financials,0.0408940602457899,0.012140655511249758
2025-11-30,MS,Financials,0.046386905738204254,0.023670363138886836
2025-11-30,MTB,Financials,0.06761344822569249,0.020481833501515244
2025-11-30,PNC,Financials,0.0944315016149222,0.023385325970859093
2025-11-30,RF,Financials,0.07603722241673205,0.02260291926087203
2025-11-30,SCHW,Financials,0.07742903912782206,0.014303252744884492
2025-11-30,SPGI,Financials,0.047631574525835996,0.011108334178029863
2025-11-30,STT,Financials,0.08393551803624733,-0.005918864442473935
2025-11-30,TFC,Financials,0.05827951245790186,0.013741650563697628
2025-11-30,USB,Financials,0.09838620656717789,0.015707270725575533
2025-11-30,WFC,Financials,0.08561440114697061,0.01054573396380904
2025-11-30,AFL,Financials,-0.0003626025560317103,0.0037835235404444813
2025-11-30,AJG,Financials,0.04788497659972535,0.020920281038785137
2025-11-30,ALL,Financials,-0.018067727844264136,0.009254545070440975
2025-11-30,AMTD,Financials,-0.07943928409366019,-0.005417546777211128
2025-11-30,AON,Financials,-0.0029385123911782607,0.009754876150959005
2025-11-30,CB,Financials,0.053818672971872594,-0.0032407553862546824
2025-11-30,FDS,Financials,0.04659727799941149,0.021219540300917474
2025-11-30,FNF,Financials,-0.03842808227436856,-0.005271750023471803
2025-11-30,GL,Financials,0.03807610648820803,0.005276985168103886
2025-11-30,HIG,Financials,0.010041802842934766,0.0005381152500286424
2025-11-30,IBKR,Financials,-0.009701174288301084,0.022836865040473317
2025-11-30,LPLA,Financials,0.0031738585181333434,0.008044156872128033
2025-11-30,MET,Financials,0.031086750573821043,0.00750937883039819
2025-11-30,MSCI,Financials,0.01775703900939729,0.005319810764295978
2025-11-30,NDAQ,Financials,0.07150604335286914,0.018089390402120178
2025-11-30,PGR,Financials,-0.00467667399203664,0.014269024150098383
2025-11-30,PRU,Financials,0.042771385657110805,0.006626733566805777
2025-11-30,RJF,Financials,0.025872007866193147,0.021550679679515756
2025-11-30,SEIC,Financials,0.020600503402041337,0.010430102838814924
2025-11-30,SF,Financials,0.030278109248725205,0.016440086515215262
2025-11-30,SYF,Financials,0.07846440755204398,0.021626660681214882
2025-11-30,TRV,Financials,-0.0056426215111348155,0.0021784124019685897
2025-11-30,UNM,Financials,0.020139445774193465,0.012940936663324317
2025-11-30,WTW,Financials,0.026507160374795724,0.006654550839690651
2025-11-30,ABBV,Healthcare,0.003469503170660637,0.013615218658723236
2025-11-30,ABT,Healthcare,-0.028006087915607214,0.009236175979775801
2025-11-30,AMGN,Healthcare,-0.05253860165694524,-0.0010581333064616297
2025-11-30,BAX,Healthcare,0.01974393734793667,0.028231772672708412
2025-11-30,BIIB,Healthcare,-0.03349986801805005,0.012627471961973894
2025-11-30,BMY,Healthcare,0.09634140503311617,0.009698670682029774
2025-11-30,BSX,Healthcare,-0.061331002605170104,0.001868839272268042
2025-11-30,CI,Healthcare,-0.0018173408819567305,0.006213434902547362
2025-11-30,CVS,Healthcare,-0.012443977430100617,0.011601538284585336
2025-11-30,DHR,Healthcare,0.010833930840747685,0.008070790348338993
2025-11-30,EW,Healthcare,-0.016383964450735533,-0.004584816766777557
2025-11-30,GILD,Healthcare,-0.01819239807371653,0.0004349613605110665
2025-11-30,HUM,Healthcare,0.0457230145626788,0.006940488921746986
2025-11-30,ISRG,Healthcare,-0.012415420519767406,0.004260849224245987
2025-11-30,JNJ,Healthcare,0.00014500704277553567,0.010985156734208766
2025-11-30,LLY,Healthcare,-0.0007344606432556633,-0.0002808753988259964
2025-11-30,MDT,Healthcare,-0.08130335835874092,0.0130366877335383
2025-11-30,MRK,Healthcare,0.01268390996555735,0.009045239409061233
2025-11-30,PFE,Healthcare,-0.032634012964370296,0.007197779386731079
2025-11-30,REGN,Healthcare,-0.01066406104669948,0.02240278649756714
2025-11-30,SYK,Healthcare,-0.05074198786250517,0.009358081161488955
2025-11-30,TMO,Healthcare,-0.01852362947649633,0.011389267460976666
2025-11-30,UNH,Healthcare,0.007761386515283464,0.03776691981625942
2025-11-30,VRTX,Healthcare,0.045547844070027876,0.009340125822450392
2025-11-30,ZBH,Healthcare,-0.07548178229363056,0.005750592702182146
2025-11-30,A,Healthcare,-0.11355042890150246,0.01329430620962411
2025-11-30,ACAD,Healthcare,0.06669321517116011,0.04475641499938478
2025-11-30,ALGN,Healthcare,0.06087364159563036,0.034224006141146734
2025-11-30,ALKS,Healthcare,-0.05409061479366173,0.014469128359872976
2025-11-30,BDX,Healthcare,0.005702041098100796,0.014228929416484983
2025-11-30,DGX,Healthcare,-0.08272538872078627,0.0005295071985623005
2025-11-30,DXCM,Healthcare,0.04569090074214399,0.03387688182044644
2025-11-30,FOLD,Healthcare,0.43403820075371957,0.02496092155854003
2025-11-30,HOLX,Healthcare,-0.006402605697184427,0.018670719553645767
2025-11-30,IDXX,Healthcare,-0.10141055027463708,0.02835042256810681
2025-11-30,INSP,Healthcare,-0.258660874189626,0.03414489076648899
2025-11-30,IQV,Healthcare,-0.01999909114640608,0.009298627679339595
2025-11-30,MASI,Healthcare,-0.0868496507287323,0.022520717606804044
2025-11-30,MTD,Healthcare,-0.055887392961564086,0.012605928631376646
2025-11-30,NBIX,Healthcare,-0.067889074542833,0.026425873726787345
2025-11-30,NTRA,Healthcare,-0.04070181868461453,0.016684261922377683
2025-11-30,NVCR,Healthcare,0.009367672258255189,0.04855530418474842
2025-11-30,PODD,Healthcare,-0.13126932940049962,0.027418155875426384
2025-11-30,RARE,Healthcare,-0.3381294964028777,0.051371781640985756
2025-11-30,RMD,Healthcare,-0.058476344817295356,0.019665885911090804
2025-11-30,WAT,Healthcare,-0.05847510304466952,0.011419914481198785
2025-11-30,AMZN,Consumer,-0.010290686407351424,0.009977527133138972
2025-11-30,AZO,Consumer,-0.14233259920271335,0.01086902041974312
2025-11-30,BKNG,Consumer,0.09174256221543553,0.014837556610341734
2025-11-30,CMG,Consumer,0.07184239598347308,0.03291773417309839
2025-11-30,COST,Consumer,-0.05609734037777914,0.004242172420630103
2025-11-30,DG,Consumer,0.21262225980850458,0.001948404794093226
2025-11-30,DLTR,Consumer,0.11009841030982459,0.00802788233086521
2025-11-30,DRI,Consumer,0.0247244561799711,0.002636044546285873
2025-11-30,EBAY,Consumer,0.052059421402745,0.03039373041994265
2025-11-30,HD,Consumer,-0.029682957697343304,0.012938508230586399
2025-11-30,HLT,Consumer,0.0077886937487245955,0.01168901923683922
2025-11-30,KR,Consumer,-0.07134362578735087,-0.007548207065354796
2025-11-30,LOW,Consumer,-0.0054437270460167,0.012148219481330179
2025-11-30,LULU,Consumer,0.12829843534856278,0.04326854719862691
2025-11-30,MAR,Consumer,0.0178811426331138,0.014691775312028624
2025-11-30,MCD,Consumer,-0.013969521440156618,0.0009172986459629589
2025-11-30,MGM,Consumer,0.034003987866474183,0.013284412545925212
2025-11-30,NKE,Consumer,-0.007941516931205483,0.03351026560617361
2025-11-30,ORLY,Consumer,-0.10314649143114696,0.012770758856324296
2025-11-30,ROST,Consumer,0.02376033309220893,-0.0013195645832984639
2025-11-30,SBUX,Consumer,-0.03329131011425601,0.03222465924875217
2025-11-30,TGT,Consumer,0.07868016764527774,0.023477199434197713
2025-11-30,TJX,Consumer,0.01112431709400341,0.0011120982953400603
2025-11-30,WMT,Consumer,0.010199161981450544,0.003156849731972503
2025-11-30,YUM,Consumer,-0.007921207921630091,0.006451316407698469
2025-11-30,BBY,Consumer,-0.14462859248210624,0.0016953739683618421
2025-11-30,CCL,Consumer,0.18463925177683826,0.04422710364236584
2025-11-30,CHDN,Consumer,0.04704081967216567,0.023841328774435358
2025-11-30,CMCSA,Consumer,0.11989513653212902,0.019351428829270826
2025-11-30,CZR,Consumer,0.005156808316466144,0.0396481448716252
2025-11-30,DIS,Consumer,0.09638889413765939,0.02713495345712891
2025-11-30,DKNG,Consumer,0.03920383724495102,0.05151447657045205
2025-11-30,F,Consumer,-0.012048221632399603,-0.022080907439988685
2025-11-30,FOX,Consumer,0.11448686707784783,0.006128022238075436
2025-11-30,GM,Consumer,0.10830166500651361,-0.012680155399339171
2025-11-30,GRMN,Consumer,0.0430054716895687,0.030233781698072382
2025-11-30,H,Consumer,-0.02475812601454408,0.029463087536973166
2025-11-30,IHG,Consumer,0.049560391336895604,0.014237900275902562
2025-11-30,LVS,Consumer,-0.045041135311647884,0.017903077585059456
2025-11-30,NCLH,Consumer,0.20910080183039348,0.054087636245591084
2025-11-30,NFLX,Consumer,-0.12846253448226708,0.015566951111570271
2025-11-30,PENN,Consumer,-0.0060647002467986155,0.03184937339553993
2025-11-30,POOL,Consumer,-0.060960599785544245,0.022308014916661997
2025-11-30,RCL,Consumer,0.051160856822975775,0.048925160250532826
2025-11-30,SIRI,Consumer,-0.05926625048067591,0.010984673335406633
2025-11-30,TSLA,Consumer,0.045447119005781245,0.041516291174356956
2025-11-30,WBD,Consumer,0.20083332061767578,0.06775822669634013
2025-11-30,WYNN,Consumer,-0.06488963101880152,0.03319586255167527
2025-11-30,APA,Energy,-0.020424504779098296,0.013457492565061142
2025-11-30,BA,Energy,0.1487830429480821,0.008470729637629421
2025-11-30,CAT,Energy,-0.00501940255812916,0.026042883443330417
2025-11-30,COP,Energy,0.05547416564651142,0.013220853583008552
2025-11-30,CVX,Energy,0.00846948556691518,0.008271692303863246
2025-11-30,DE,Energy,0.0057923633268195385,0.010157319580341108
2025-11-30,DVN,Energy,-0.005239744665022306,0.006367280295607687
2025-11-30,EOG,Energy,-0.02633282544362625,0.0149213855378017
2025-11-30,FDX,Energy,0.05317979583571897,0.017189717903849818
2025-11-30,GD,Energy,-0.0145478583756381,0.0013066973962922342
2025-11-30,GE,Energy,0.03327940801067841,0.022967269592247846
2025-11-30,HAL,Energy,0.08465544829355731,0.018855521829356972
2025-11-30,HON,Energy,0.015089195524824683,0.0017486323498986395
2025-11-30,LMT,Energy,0.06439124374790928,0.0006215829066989406
2025-11-30,MMM,Energy,-0.06945656880949225,0.0012595632020367606
2025-11-30,MPC,Energy,-0.1605326819588634,0.015514810122720856
2025-11-30,NOC,Energy,0.0004736741796327326,0.009035865665504322
2025-11-30,OXY,Energy,-0.015264452775490267,0.01736262415785895
2025-11-30,PSX,Energy,-0.05782718370241757,0.015614912611967378
2025-11-30,RTX,Energy,0.04853918461823259,0.00538420668666203
2025-11-30,SLB,Energy,0.06741757214438349,0.010829135806123914
2025-11-30,UNP,Energy,0.003637016793060388,0.015264812619998102
2025-11-30,UPS,Energy,0.03549435046613003,0.011561959926944062
2025-11-30,VLO,Energy,-0.0790336681626782,0.01834220765201826
2025-11-30,XOM,Energy,0.03812972462417674,0.001962704876542336
2025-11-30,AME,Energy,0.039112440434541096,-0.0020972351976705703
2025-11-30,BE,Energy,-0.20459537633819092,0.17521828833289266
2025-11-30,BKR,Energy,-0.09282867586873189,0.020196376441458514
2025-11-30,CTRA,Energy,-0.019374108452287486,0.0033730882418662456
2025-11-30,EMR,Energy,-0.004948361972638149,0.02588872630331477
2025-11-30,ENPH,Energy,0.11091850305992268,0.04899439535204285
2025-11-30,ETN,Energy,-0.0791581156807234,0.01876054229556859
2025-11-30,FSLR,Energy,-0.04283307147242832,0.032850214102401895
2025-11-30,FTV,Energy,0.0323485861605457,0.014592168482630796
2025-11-30,GNRC,Energy,-0.10063977625944631,0.04441570909047259
2025-11-30,HUBB,Energy,0.029390582263656206,0.007983675598686188
2025-11-30,MTDR,Energy,0.0009432588764695105,0.019651336418683343
2025-11-30,PH,Energy,0.02003018770450682,0.013154464879500023
2025-11-30,PLUG,Energy,-0.019900478628265272,0.11423205629695134
2025-11-30,PR,Energy,-0.02125947855931931,0.010813522524957063
2025-11-30,ROK,Energy,-0.01715246917763391,0.026888094650845663
2025-11-30,ROP,Energy,-0.002442709049737868,0.014225242746698931
2025-11-30,SM,Energy,-0.00788516975332898,0.02176484448475386
2025-11-30,VRSK,Energy,-0.004067507229886691,0.005360250177951926
2025-11-30,WMB,Energy,-0.005293988168271868,0.010087299121810125
2025-11-30,XYL,Energy,-0.031918743542386996,0.009173632785843058
2025-12-31,AAPL,Technology,-0.045538079860853675,0.09741354623039924
2025-12-31,ADBE,Technology,-0.16211889430431536,0.08149484994791475
2025-12-31,AMAT,Technology,0.25421223488236633,0.09444701080419732
2025-12-31,AMD,Technology,0.10538845573162892,0.12018422213845373
2025-12-31,AVGO,Technology,-0.04276227516100406,0.08506306058743837
2025-12-31,CDNS,Technology,-0.05189072211106904,0.06892670154605976
2025-12-31,CRM,Technology,-0.1986335470437116,0.0847254620469736
2025-12-31,CRWD,Technology,-0.058356110624721014,-0.0039009400345700294
2025-12-31,FTNT,Technology,0.02329679371370963,0.07933866692615607
2025-12-31,GOOGL,Technology,0.07987223159262968,0.11439705380993853
2025-12-31,INTC,Technology,0.2593495745010346,0.1318379508786818
2025-12-31,INTU,Technology,-0.2454350382906586,0.07499510032222878
2025-12-31,KLAC,Technology,0.17518185763268912,0.11121222771418598
2025-12-31,LRCX,Technology,0.3638276819859514,0.12747929344687856
2025-12-31,META,Technology,0.08545806027820779,0.09263809764970551
2025-12-31,MSFT,Technology,-0.11027253387667912,0.09392559337845921
2025-12-31,MU,Technology,0.45362804795864275,0.1529607469476367
2025-12-31,NET,Technology,-0.10043108499087727,0.07608328494496613
2025-12-31,NOW,Technology,-0.2361772943963122,0.08452029781861051
2025-12-31,NVDA,Technology,0.02482571515839349,0.11192400824487317
2025-12-31,ORCL,Technology,-0.15337820870909336,0.12629641533928562
2025-12-31,PANW,Technology,-0.0392507917878554,0.05728368284091908
2025-12-31,QCOM,Technology,-0.11376794139275959,0.08950227208555112
2025-12-31,SNPS,Technology,-0.00979308117934341,0.07708345663982208
2025-12-31,TXN,Technology,0.25054443530462,0.08365211296608085
2025-12-31,ACN,Technology,-0.01736852217751761,0.06786940261523594
2025-12-31,ADI,Technology,0.14631271473357477,0.07780537569413107
2025-12-31,ANET,Technology,0.08173705879297777,0.12035762410472642
2025-12-31,CGNX,Technology,0.0767092387867927,0.09467960124630326
2025-12-31,COHU,Technology,0.2264718673868964,0.10511118803306035
2025-12-31,CSCO,Technology,0.022187366973509537,0.08866259043232247
2025-12-31,DELL,Technology,-0.0869029199410899,0.10167272560897092
2025-12-31,ENTG,Technology,0.4025891117022178,0.09445328198191258
2025-12-31,FORM,Technology,0.2637145824021132,0.09893750394686154
2025-12-31,HPQ,Technology,-0.12746857512768783,0.051251141934076525
2025-12-31,IBM,Technology,0.035414104156972215,0.09470605961212819
2025-12-31,IPGP,Technology,0.2906425367524246,0.03373022057720994
2025-12-31,KEYS,Technology,0.06466853305657905,0.08000005953585135
2025-12-31,MCHP,Technology,0.19146257575331482,0.09703636938832744
2025-12-31,MKSI,Technology,0.47315392846202475,0.11772115563919511
2025-12-31,MPWR,Technology,0.240290868419071,0.1026557730908948
2025-12-31,MRVL,Technology,-0.07064265894562305,0.12554978300405958
2025-12-31,NXPI,Technology,0.04183171045379397,0.08884110048410276
2025-12-31,ONTO,Technology,0.2799315993320002,0.10648118941182058
2025-12-31,QRVO,Technology,-0.07573069890072981,0.08701536615518682
2025-12-31,STX,Technology,0.48040954829708626,0.029898779087860438
2025-12-31,SWKS,Technology,-0.12064345073252702,0.09040103824722803
2025-12-31,TER,Technology,0.2453502984184508,0.1507556823090546
2025-12-31,VRSN,Technology,0.0052685624077370985,0.07160395672219788
2025-12-31,WDC,Technology,0.45254537955915763,0.17812664996977076
2025-12-31,AXP,Financials,-0.04594587914908632,0.092852827854429
2025-12-31,BAC,Financials,-0.032727224789844356,0.08480585903252505
2025-12-31,BK,Financials,0.03756732735557189,0.09401955419544189
2025-12-31,BLK,Financials,0.045406128342753815,0.08761916217411683
2025-12-31,C,Financials,-0.00839835317748372,0.10493226060265654
2025-12-31,CFG,Financials,0.07823994729359351,0.09542292617307863
2025-12-31,CME,Financials,0.058517644991100015,0.07443906485580035
2025-12-31,COF,Financials,-0.09667439856581295,0.05468888641061036
2025-12-31,FITB,Financials,0.07284765652463321,0.09158162510895826
2025-12-31,GS,Financials,0.06417520251964581,0.09624234633102036
2025-12-31,HBAN,Financials,0.00749279577309081,0.08015460808734884
2025-12-31,ICE,Financials,0.07298096329189141,0.0727836930062767
2025-12-31,JPM,Financials,-0.04639747673767136,0.09945049418737487
2025-12-31,KEY,Financials,0.04263574066476705,0.09017998258828033
2025-12-31,MCO,Financials,0.009219962054502373,0.08436819355412664
2025-12-31,MS,Financials,0.03536145846574823,0.10482123785506325
2025-12-31,MTB,Financials,0.09971217682235656,0.08760497959756841
2025-12-31,PNC,Financials,0.07801461187770498,0.0916427347812164
2025-12-31,RF,Financials,0.05166051975166752,0.09331100641781351
2025-12-31,SCHW,Financials,0.04013606276141979,0.08863955006916327
2025-12-31,SPGI,Financials,0.009950295349274718,0.08071534743485123
2025-12-31,STT,Financials,0.020987719496833535,0.07228259959308421
2025-12-31,TFC,Financials,0.044909522758803,0.09546254776996307
2025-12-31,USB,Financials,0.05153670500890395,0.08978514384357314
2025-12-31,WFC,Financials,-0.02907718257173897,0.09323578423324133
2025-12-31,AFL,Financials,0.006166688101480355,0.07856017041332232
2025-12-31,AJG,Financials,-0.03640026481565395,0.06222827915887942
2025-12-31,ALL,Financials,-0.04400668963394816,0.07562251026194462
2025-12-31,AMTD,Financials,-0.005076137217272736,0.08334972109471711
2025-12-31,AON,Financials,-0.009181593146750489,0.07567242366175714
2025-12-31,CB,Financials,-0.00820195647046884,0.07034376752893663
2025-12-31,FDS,Financials,-0.12347081911136526,0.057971996334674945
2025-12-31,FNF,Financials,-0.0036637088305202514,0.07240617795867155
2025-12-31,GL,Financials,0.0045335068063963035,0.0833638056475064
2025-12-31,HIG,Financials,-0.019883935129556884,0.07035385627126436
2025-12-31,IBKR,Financials,0.1643600695280727,0.08818223970963279
2025-12-31,LPLA,Financials,0.020522433055931044,0.07513351155892398
2025-12-31,MET,Financials,-0.0007601327920546685,0.07943176981503644
2025-12-31,MSCI,Financials,0.061858304927474794,0.08245572496561887
2025-12-31,NDAQ,Financials,-0.0024709171989799605,0.08367316530424676
2025-12-31,PGR,Financials,-0.02858211129863719,0.06987823363009985
2025-12-31,PRU,Financials,-0.015680395138860326,0.07469830607630887
2025-12-31,RJF,Financials,0.0363011460951177,0.09100682607983565
2025-12-31,SEIC,Financials,0.07108024956920711,0.07356286921508068
2025-12-31,SF,Financials,-0.015333119346817137,0.09878039687494664
2025-12-31,SYF,Financials,-0.12944992465796756,0.09531484962751821
2025-12-31,TRV,Financials,-0.019133910765578133,0.07496879162872779
2025-12-31,UNM,Financials,-0.01379541762108405,0.07402467144951874
2025-12-31,WTW,Financials,-0.0338709337762253,0.07298421564483515
2025-12-31,ABBV,Healthcare,-0.016130780632501618,0.03312911362419382
2025-12-31,ABT,Healthcare,-0.12320487477749642,0.07659309489529834
2025-12-31,AMGN,Healthcare,0.04451443779498221,0.0818308985149187
2025-12-31,BAX,Healthcare,0.05023545011929542,0.059878425944870264
2025-12-31,BIIB,Healthcare,0.022160314647162505,0.08799119415339254
2025-12-31,BMY,Healthcare,0.03263932346038301,0.08050388447093987
2025-12-31,BSX,Healthcare,-0.0190875692076512,0.0648363094252524
2025-12-31,CI,Healthcare,-0.00406942506047836,0.062109135763234014
2025-12-31,CVS,Healthcare,-0.0532620634164328,-0.009640176230217498
2025-12-31,DHR,Healthcare,-0.04381444176979277,0.08746801930292769
2025-12-31,EW,Healthcare,-0.045630491374175186,0.0741886017109234
2025-12-31,GILD,Healthcare,0.15650972758583848,0.0867052809597772
2025-12-31,HUM,Healthcare,-0.2378870117064238,0.09081171293782628
2025-12-31,ISRG,Healthcare,-0.10971817525612548,0.08578667306211746
2025-12-31,JNJ,Healthcare,0.09809126944006041,0.0914808915856064
2025-12-31,LLY,Healthcare,-0.034922079710004716,0.09521226910842032
2025-12-31,MDT,Healthcare,0.07183014809498656,0.08818563311484437
2025-12-31,MRK,Healthcare,0.04759637718377574,0.09464552531198481
2025-12-31,PFE,Healthcare,0.07963445854974882,0.08425414296416531
2025-12-31,REGN,Healthcare,-0.03941074444364567,0.10253069636235179
2025-12-31,SYK,Healthcare,0.05146949866314232,0.0712460016576069
2025-12-31,TMO,Healthcare,-0.001449759303052689,0.10471160238667238
2025-12-31,UNH,Healthcare,-0.13080488015295522,0.09664874329129078
2025-12-31,VRTX,Healthcare,0.036483168076899775,0.07637128420814517
2025-12-31,ZBH,Healthcare,-0.03169479520932106,0.08259870726959012
2025-12-31,A,Healthcare,-0.014556975779133507,0.09736247655809879
2025-12-31,ACAD,Healthcare,-0.059153874124411976,0.09738273655807869
2025-12-31,ALGN,Healthcare,0.04406023151927507,0.0759397085349244
2025-12-31,ALKS,Healthcare,0.2112222996462474,0.08534415783465066
2025-12-31,BDX,Healthcare,0.04848760873339586,0.0766984614328539
2025-12-31,DGX,Healthcare,0.0827194149962569,0.07411345537788541
2025-12-31,DXCM,Healthcare,0.10049718084859971,0.07046185457608181
2025-12-31,FOLD,Healthcare,0.0035112494057951693,0.10789401051310535
2025-12-31,HOLX,Healthcare,0.005906866076314632,0.08840412408906229
2025-12-31,IDXX,Healthcare,-0.008972265917785438,0.06214743915690798
2025-12-31,INSP,Healthcare,-0.17835849483789545,0.033246742966468984
2025-12-31,IQV,Healthcare,0.021028304677552123,0.09973605421337486
2025-12-31,MASI,Healthcare,0.055897312078494465,0.07244395373315421
2025-12-31,MTD,Healthcare,-0.015026611905364806,0.06384130460614602
2025-12-31,NBIX,Healthcare,-0.04068253682555867,0.09054169244621182
2025-12-31,NTRA,Healthcare,0.00894846167239094,0.09968922233024397
2025-12-31,NVCR,Healthcare,-0.04098999799971792,0.06722858650954172
2025-12-31,PODD,Healthcare,-0.10002108659073206,0.057795767471628776
2025-12-31,RARE,Healthcare,0.0465217258619226,-0.18056166167584198
2025-12-31,RMD,Healthcare,0.07240423704733745,0.08048864785383389
2025-12-31,WAT,Healthcare,-0.02398437636210493,0.05352457307972858
2025-12-31,AMZN,Consumer,0.036738564502459825,0.09478377650382683
2025-12-31,AZO,Consumer,0.09222763941102752,0.06954056200051693
2025-12-31,BKNG,Consumer,-0.06600715956187608,0.06922564790879304
2025-12-31,CMG,Consumer,0.05054051167256124,0.06075722109756488
2025-12-31,COST,Consumer,0.09183666444008498,0.07075836154937858
2025-12-31,DG,Consumer,0.08489638216887574,0.07066431225723697
2025-12-31,DLTR,Consumer,-0.04406150478997084,0.0801082106492631
2025-12-31,DRI,Consumer,0.09139055331320445,0.061541980429937214
2025-12-31,EBAY,Consumer,0.04730200812368568,0.08638846751334825
2025-12-31,HD,Consumer,0.08860795319102044,0.07678204506304401
2025-12-31,HLT,Consumer,0.039199350861793825,0.07977968179568853
2025-12-31,KR,Consumer,0.005921878016271087,0.014216187097496408
2025-12-31,LOW,Consumer,0.11237087561111658,0.08451716670285511
2025-12-31,LULU,Consumer,-0.1602906402479588,0.07344171886405138
2025-12-31,MAR,Consumer,0.016309920621623064,0.07508963416916778
2025-12-31,MCD,Consumer,0.03065803455662164,0.04967486373133198
2025-12-31,MGM,Consumer,-0.08084408405714827,0.06859727377020217
2025-12-31,NKE,Consumer,-0.0298226093916788,0.09210663429209012
2025-12-31,ORLY,Consumer,0.07893876384066778,0.0665044415027981
2025-12-31,ROST,Consumer,0.04724098114029496,0.07930448113267907
2025-12-31,SBUX,Consumer,0.09191310028186761,0.08234966882097436
2025-12-31,TGT,Consumer,0.07897695977086072,0.08343788076816253
2025-12-31,TJX,Consumer,-0.02473800141932081,0.07949974528119222
2025-12-31,WMT,Consumer,0.06938325273239743,0.07382214184746488
2025-12-31,YUM,Consumer,0.027895280501118558,0.0699761002691007
2025-12-31,BBY,Consumer,-0.02734206835256703,0.09484892004793077
2025-12-31,CCL,Consumer,-0.017026829200652904,0.09985823030175936
2025-12-31,CHDN,Consumer,-0.1355246821443199,0.07796211041307081
2025-12-31,CMCSA,Consumer,0.07445213570766751,0.06458035717081304
2025-12-31,CZR,Consumer,-0.1150063572853054,0.06521973275335236
2025-12-31,DIS,Consumer,-0.008525917376545067,0.09150470542045666
2025-12-31,DKNG,Consumer,-0.20168308300165982,0.07173285400854577
2025-12-31,F,Consumer,0.05792687787882911,0.06445156738532659
2025-12-31,FOX,Consumer,0.009856690102742816,0.09421739991927897
2025-12-31,GM,Consumer,0.032956204753668894,0.07833470296734588
2025-12-31,GRMN,Consumer,-0.005965088709900868,0.08552546602822242
2025-12-31,H,Consumer,-0.024638245711406492,0.08285180907110509
2025-12-31,IHG,Consumer,-0.025491741213654162,0.08240419886811817
2025-12-31,LVS,Consumer,-0.1898908885680134,0.10607076494107198
2025-12-31,NCLH,Consumer,-0.016129059824093184,0.110387026050977
2025-12-31,NFLX,Consumer,-0.1095350260075606,0.0773105230157485
2025-12-31,PENN,Consumer,-0.1294915150787871,0.07224520240245388
2025-12-31,POOL,Consumer,0.11077592494895816,0.06767725606323426
2025-12-31,RCL,Consumer,0.16395371885263343,0.09559502042431603
2025-12-31,SIRI,Consumer,0.017500087654981566,0.07361179460912774
2025-12-31,TSLA,Consumer,-0.04293782243658151,0.10117560406904391
2025-12-31,WBD,Consumer,-0.0444135597796953,0.11258534898285133
2025-12-31,WYNN,Consumer,-0.10703902235472329,0.08682028985174117
2025-12-31,APA,Energy,0.08998946890521697,0.0874584237322073
2025-12-31,BA,Energy,0.07645544619027844,0.07609152084073531
2025-12-31,CAT,Energy,0.15017022961203486,0.10817080095513462
2025-12-31,COP,Energy,0.11344943664442853,0.07653508780215282
2025-12-31,CVX,Energy,0.16068496243117503,0.0875340928807607
2025-12-31,DE,Energy,0.13409366242534837,0.06689099583084479
2025-12-31,DVN,Energy,0.09773406632565784,0.08152697571363829
2025-12-31,EOG,Energy,0.07798202672050514,0.08400038937781315
2025-12-31,FDX,Energy,0.11559237877346518,0.08834536724301012
2025-12-31,GD,Energy,0.04712236113451751,0.0812309099834077
2025-12-31,GE,Energy,-0.004025560468486233,0.09340388303173672
2025-12-31,HAL,Energy,0.18612880549910504,0.09856314198359586
2025-12-31,HON,Energy,0.16623106516887143,0.0734382962508093
2025-12-31,LMT,Energy,0.311265877790873,0.07375792085059704
2025-12-31,MMM,Energy,-0.043347894067499615,0.08486268879161576
2025-12-31,MPC,Energy,0.08337946734989332,0.0726657964782769
2025-12-31,NOC,Energy,0.21404392700345065,0.0829682280211883
2025-12-31,OXY,Energy,0.10384248494326576,0.07645761806776899
2025-12-31,PSX,Energy,0.11252326665818213,0.08918330968116756
2025-12-31,RTX,Energy,0.09558343481909493,0.08910834441540127
2025-12-31,SLB,Energy,0.26055237977929435,0.08046750472197942
2025-12-31,UNP,Energy,0.01634098374395765,0.0821329121684575
2025-12-31,UPS,Energy,0.07087408193542788,0.08325755468948823
2025-12-31,VLO,Energy,0.11450331646697953,0.09114577985260566
2025-12-31,XOM,Energy,0.17500408136799028,0.0821943074814897
2025-12-31,AME,Energy,0.09093561139650919,0.08340535934268362
2025-12-31,BE,Energy,0.7420876531300888,0.372330823969509
2025-12-31,BKR,Energy,0.23056647708731726,0.0942310795306962
2025-12-31,CTRA,Energy,0.09612465628131983,0.07481408127384159
2025-12-31,EMR,Energy,0.10729365475153552,0.08453382914972121
2025-12-31,ENPH,Energy,0.15382216606966548,0.06315810952762815
2025-12-31,ETN,Energy,0.10332488089520564,0.09228618339784325
2025-12-31,FSLR,Energy,-0.1366994801976873,0.11398394241094428
2025-12-31,FTV,Energy,-0.04347039354229565,0.07770338536408594
2025-12-31,GNRC,Energy,0.232235823882887,0.1039491357921663
2025-12-31,HUBB,Energy,0.09869185059036711,0.09167074533385056
2025-12-31,MTDR,Energy,0.0659755893118128,0.06940457347223974
2025-12-31,PH,Energy,0.06471281803400175,0.08698122631661159
2025-12-31,PLUG,Energy,0.0761420582590917,0.19362575886263206
2025-12-31,PR,Energy,0.14967925404116333,0.07721244590803658
2025-12-31,ROK,Energy,0.08373813688672627,0.08006739541797972
2025-12-31,ROP,Energy,-0.1643104859369211,0.06961065353328191
2025-12-31,SM,Energy,0.04117637740131497,0.054850666621731964
2025-12-31,VRSK,Energy,-0.027851012286620014,0.051111487342760505
2025-12-31,WMB,Energy,0.11894858361031835,0.07655455484560646
2025-12-31,XYL,Energy,0.012410090869270807,0.08775064895508736
2026-01-31,AAPL,Technology,0.019065788377024218,0.021411104554400963
2026-01-31,ADBE,Technology,-0.10516622792119568,0.014644959251437172
2026-01-31,AMAT,Technology,0.15650379490181954,0.017515719362868176
2026-01-31,AMD,Technology,-0.15426853239039473,0.03447673741729326
2026-01-31,AVGO,Technology,-0.035466343490675456,0.036425578583150035
2026-01-31,CDNS,Technology,0.01700637330961885,-0.0003303292698446786
2026-01-31,CRM,Technology,-0.08243435187154735,0.017109590353751033
2026-01-31,CRWD,Technology,-0.15728183410918128,-0.08286779744465576
2026-01-31,FTNT,Technology,-0.027442816863271102,0.013941214466421258
2026-01-31,GOOGL,Technology,-0.07763309270420937,0.04684258980284986
2026-01-31,INTC,Technology,-0.018506576022391363,0.05085508840793877
2026-01-31,INTU,Technology,-0.18016916423634355,0.00489549132467108
2026-01-31,KLAC,Technology,0.06904427338522634,0.01686781111770201
2026-01-31,LRCX,Technology,0.0018418076596844468,0.02913634376855074
2026-01-31,META,Technology,-0.09535246285859755,0.017616275377709573
2026-01-31,MSFT,Technology,-0.08518347861481179,0.012817309661604957
2026-01-31,MU,Technology,-0.006049931713547285,0.041470721227782004
2026-01-31,NET,Technology,-0.02909502951523768,-0.006789604489526362
2026-01-31,NOW,Technology,-0.0769165014587525,0.025794404855674143
2026-01-31,NVDA,Technology,-0.07293461878268304,0.02082509888703565
2026-01-31,ORCL,Technology,-0.11653910474839224,0.031145235449782642
2026-01-31,PANW,Technology,-0.1585014570733717,-0.003968162999517296
2026-01-31,QCOM,Technology,-0.06088788989085847,0.008480846233176386
2026-01-31,SNPS,Technology,-0.10990711139887199,0.012670444226990596
2026-01-31,TXN,Technology,-0.015959185305973955,0.013199021488157398
2026-01-31,ACN,Technology,-0.2083144074503015,0.02182177841351051
2026-01-31,ADI,Technology,0.14446083792814246,0.004259171769829791
2026-01-31,ANET,Technology,-0.05813464917328137,0.03738325978839464
2026-01-31,CGNX,Technology,0.4063152185436014,0.03381039883100474
2026-01-31,COHU,Technology,0.058163973166131866,0.0372580009370938
2026-01-31,CSCO,Technology,0.014555691334370069,0.006979832906860158
2026-01-31,DELL,Technology,0.29395314616650126,0.03235549712611263
2026-01-31,ENTG,Technology,0.1217921630274652,0.019138432420561385
2026-01-31,FORM,Technology,0.40275216697432104,0.03252001899158498
2026-01-31,HPQ,Technology,-0.02314827001170161,0.01651443859259095
2026-01-31,IBM,Technology,-0.21232619408182007,0.010190935930992375
2026-01-31,IPGP,Technology,0.42376368477697657,-0.00045522579564193436
2026-01-31,KEYS,Technology,0.42065355693140694,0.010526442186561239
2026-01-31,MCHP,Technology,-0.0110710514188338,0.006428807183052571
2026-01-31,MKSI,Technology,0.03944584535839146,0.03750684609970644
2026-01-31,MPWR,Technology,0.0165368936426995,0.027779424316118503
2026-01-31,MRVL,Technology,0.03509885407978919,0.05894721825067875
2026-01-31,NXPI,Technology,0.0038471780058781935,0.003419426785271084
2026-01-31,ONTO,Technology,0.0684978774008993,0.053099231360324226
2026-01-31,QRVO,Technology,0.06132378540645589,0.011110436082658683
2026-01-31,STX,Technology,0.00036787854878883586,0.01657100476026403
2026-01-31,SWKS,Technology,0.08135102308346376,0.026883814392735166
2026-01-31,TER,Technology,0.3282050047970819,0.0667805557796591
2026-01-31,VRSN,Technology,-0.06322752477403248,0.005094545751722466
2026-01-31,WDC,Technology,0.11777165200801298,0.07502615300000132
2026-01-31,AXP,Financials,-0.1228668740231268,0.009810112155064814
2026-01-31,BAC,Financials,-0.06334584805733334,-0.0012533823609812422
2026-01-31,BK,Financials,-0.0068378861329145835,0.011902283218816938
2026-01-31,BLK,Financials,-0.04978822588814413,0.008940082173409997
2026-01-31,C,Financials,-0.042741709172598785,0.016657384611131528
2026-01-31,CFG,Financials,-0.037589011109313786,0.009795202811697473
2026-01-31,CME,Financials,0.10530689820340378,-0.0025848520063163523
2026-01-31,COF,Financials,-0.1029617355387975,-0.018140206525625185
2026-01-31,FITB,Financials,-0.01493429952127745,0.004304987080764331
2026-01-31,GS,Financials,-0.08107671471311839,0.010136777079369223
2026-01-31,HBAN,Financials,-0.0389016885991067,-0.000256712123607207
2026-01-31,ICE,Financials,-0.055529980424894876,0.0012671211712849215
2026-01-31,JPM,Financials,-0.018274596364674878,0.010999526907137923
2026-01-31,KEY,Financials,-0.03624540964367995,0.004746188285276528
2026-01-31,MCO,Financials,-0.07364809215351609,0.0001307279231318459
2026-01-31,MS,Financials,-0.08911387221072264,0.017512790249729
2026-01-31,MTB,Financials,-0.02071588854950157,0.0011064061052972543
2026-01-31,PNC,Financials,-0.04903713019434219,0.005966006469718574
2026-01-31,RF,Financials,-0.02350876460404161,0.005627210190263757
2026-01-31,SCHW,Financials,-0.08081710129509345,0.0005614241624611223
2026-01-31,SPGI,Financials,-0.1608269001375524,0.001854290261298316
2026-01-31,STT,Financials,-0.017117495703781627,-0.0075795564920990675
2026-01-31,TFC,Financials,-0.031361133862327195,0.009223640507837055
2026-01-31,USB,Financials,-0.025842093177676162,0.005011152707077643
2026-01-31,WFC,Financials,-0.09547673722370409,0.0059305991361907374
2026-01-31,AFL,Financials,0.023253818840736518,-0.00040362755534789976
2026-01-31,AJG,Financials,-0.08489392647605887,0.005663250151524406
2026-01-31,ALL,Financials,0.07804411347852236,-0.0006249632405033317
2026-01-31,AMTD,Financials,0.04081628681073313,0.025649545637211522
2026-01-31,AON,Financials,-0.04052741002579974,0.007368188120954706
2026-01-31,CB,Financials,0.10111119394617618,-0.008081973707054033
2026-01-31,FDS,Financials,-0.14322703109473134,0.013607765209623212
2026-01-31,FNF,Financials,-0.027762432555176297,0.0010988142663999369
2026-01-31,GL,Financials,0.03594337786860713,0.002294290975602579
2026-01-31,HIG,Financials,0.04272179492081585,-0.008992065967775461
2026-01-31,IBKR,Financials,-0.04825757282127752,0.011179443653176881
2026-01-31,LPLA,Financials,-0.17591220132678187,0.009481179356438541
2026-01-31,MET,Financials,-0.0797862060070551,0.0005263887753456931
2026-01-31,MSCI,Financials,-0.05767431343946661,0.004071093731965519
2026-01-31,NDAQ,Financials,-0.0960883373055883,0.0009342193617930573
2026-01-31,PGR,Financials,0.027211544432144574,0.006275251988131208
2026-01-31,PRU,Financials,-0.10256069054356165,-0.0037502866029075453
2026-01-31,RJF,Financials,-0.07705298846772757,0.011337029697394668
2026-01-31,SEIC,Financials,-0.07433123383855822,0.00029623840140690846
2026-01-31,SF,Financials,-0.09914832643940141,0.01511024241494137
2026-01-31,SYF,Financials,-0.044590957224643346,0.009966553198210795
2026-01-31,TRV,Financials,0.08481246635805784,-0.0024357006233569
2026-01-31,UNM,Financials,-0.05581153361044222,0.0019665209782192203
2026-01-31,WTW,Financials,-0.03874382775257135,0.0006781776792894947
2026-01-31,ABBV,Healthcare,0.040670838653871444,-0.0155556598896226
2026-01-31,ABT,Healthcare,0.0645013332651534,0.003011578251698602
2026-01-31,AMGN,Healthcare,0.14323625451243993,0.011174127674921753
2026-01-31,BAX,Healthcare,0.015446466637990097,0.020547630706787206
2026-01-31,BIIB,Healthcare,0.06631834996413266,0.020444796559754473
2026-01-31,BMY,Healthcare,0.132970001991074,0.008296570097913916
2026-01-31,BSX,Healthcare,-0.17833850660616013,-0.0007181478797820412
2026-01-31,CI,Healthcare,0.05731288172410398,-0.0022992641794760543
2026-01-31,CVS,Healthcare,0.07219550735863667,-0.04577501024717
2026-01-31,DHR,Healthcare,-0.0376901695401658,0.011315550905910446
2026-01-31,EW,Healthcare,0.06280728333354268,-0.0025267960085339804
2026-01-31,GILD,Healthcare,0.04931309269686546,0.005467878186005814
2026-01-31,HUM,Healthcare,-0.02387298539399596,0.013759326168703656
2026-01-31,ISRG,Healthcare,-0.0014080985549149716,0.012018873566657106
2026-01-31,JNJ,Healthcare,0.09901290651513017,0.013582247523048336
2026-01-31,LLY,Healthcare,0.016001318529584863,0.018161246080240858
2026-01-31,MDT,Healthcare,-0.05147624937975692,0.017085805351789888
2026-01-31,MRK,Healthcare,0.12288022536210241,0.01756433639124093
2026-01-31,PFE,Healthcare,0.04576395839758196,0.009956082521445198
2026-01-31,REGN,Healthcare,0.055513156248552464,0.025917200690150605
2026-01-31,SYK,Healthcare,0.04843603117744766,0.002065787579824249
2026-01-31,TMO,Healthcare,-0.09937603630103875,0.031751130998015006
2026-01-31,UNH,Healthcare,0.022095931107805278,0.04578475444959497
2026-01-31,VRTX,Healthcare,0.05731005112912113,-0.00673206563232296
2026-01-31,ZBH,Healthcare,0.1305846172553924,0.01816015431717074
2026-01-31,A,Healthcare,-0.0931641069540029,0.0314082345184772
2026-01-31,ACAD,Healthcare,-0.02268204193632095,0.02462243550904749
2026-01-31,ALGN,Healthcare,0.16604310572844305,0.02441876099959375
2026-01-31,ALKS,Healthcare,-0.11183237168591842,0.022928899025957364
2026-01-31,BDX,Healthcare,0.1032168045640034,0.017678001102760587
2026-01-31,DGX,Healthcare,0.13302684824153466,0.003712733084526883
2026-01-31,DXCM,Healthcare,0.005339531554763743,0.01764434412541442
2026-01-31,FOLD,Healthcare,0.005598315179818902,0.016905610097661047
2026-01-31,HOLX,Healthcare,0.0057386934929197775,0.007176085279535694
2026-01-31,IDXX,Healthcare,-0.0204785386957288,0.017559927872598434
2026-01-31,INSP,Healthcare,-0.14871993698349562,0.04750368436630778
2026-01-31,IQV,Healthcare,-0.22307189962812712,0.023625758420273223
2026-01-31,MASI,Healthcare,0.27685140730744107,0.018641073444413705
2026-01-31,MTD,Healthcare,-0.004769777223722627,0.009158850045440259
2026-01-31,NBIX,Healthcare,-0.028002334462434386,0.023700179196840414
2026-01-31,NTRA,Healthcare,-0.09993945731813547,0.027109966873118528
2026-01-31,NVCR,Healthcare,0.1024193949059331,0.037105559894836895
2026-01-31,PODD,Healthcare,-0.03596418058733186,0.013053956686623062
2026-01-31,RARE,Healthcare,-0.028250947810439797,-0.03968611771108427
2026-01-31,RMD,Healthcare,-0.005638183574842581,0.011416443303336354
2026-01-31,WAT,Healthcare,-0.13848725768461045,0.0021973199017473605
2026-01-31,AMZN,Consumer,-0.12244046250772744,0.01784336511158541
2026-01-31,AZO,Consumer,0.013846118560273624,0.015784787410537418
2026-01-31,BKNG,Consumer,-0.15244180652168116,-0.00520206601145386
2026-01-31,CMG,Consumer,-0.04244913188891708,0.015858187747340994
2026-01-31,COST,Consumer,0.07502261463907423,0.006183370692138847
2026-01-31,DG,Consumer,0.08931197854002759,-0.021459184141458035
2026-01-31,DLTR,Consumer,0.07560172885368455,0.002097291585234435
2026-01-31,DRI,Consumer,0.07273638271530958,0.0005676029339502925
2026-01-31,EBAY,Consumer,-0.003946527816647616,0.013815794972772747
2026-01-31,HD,Consumer,0.016364572366529773,0.011476615268899433
2026-01-31,HLT,Consumer,0.0449472024023827,0.004627656972360521
2026-01-31,KR,Consumer,0.09120491706029243,-0.023266596059502754
2026-01-31,LOW,Consumer,-0.009323686540786191,0.016202840322255323
2026-01-31,LULU,Consumer,0.06114612131200747,0.04230049396419995
2026-01-31,MAR,Consumer,0.08591911849559919,0.005588244933303741
2026-01-31,MCD,Consumer,0.08273012631788146,-0.009289612720083159
2026-01-31,MGM,Consumer,0.0989862732319493,-0.00019089305429043774
2026-01-31,NKE,Consumer,0.0059861032495642785,0.01948893174568216
2026-01-31,ORLY,Consumer,-0.046031970735873284,0.01082746346213518
2026-01-31,ROST,Consumer,0.09006101653810239,0.01632057386443244
2026-01-31,SBUX,Consumer,0.07288879313260432,0.023058042604734184
2026-01-31,TGT,Consumer,0.08985769948400368,0.026128319703492
2026-01-31,TJX,Consumer,0.08215106244782455,0.0051439858637631255
2026-01-31,WMT,Consumer,0.07394659949492866,0.006050240265716229
2026-01-31,YUM,Consumer,0.08639893455256487,-0.0010881472277101505
2026-01-31,BBY,Consumer,-0.04807982091217955,0.03831031905757004
2026-01-31,CCL,Consumer,0.055824047772132346,0.010701809082036391
2026-01-31,CHDN,Consumer,-0.065372105177672,0.016328584400747
2026-01-31,CMCSA,Consumer,0.04067222781262636,-0.006006090514555723
2026-01-31,CZR,Consumer,0.21014484607697104,0.026221791843136597
2026-01-31,DIS,Consumer,-0.05992909533104063,0.008647549000844452
2026-01-31,DKNG,Consumer,-0.1334060358327781,0.023475760721595264
2026-01-31,F,Consumer,0.026123853397384433,-0.011283559512680643
2026-01-31,FOX,Consumer,-0.21107209038739072,0.008741013731860802
2026-01-31,GM,Consumer,-0.06297619090971995,0.008182932205749349
2026-01-31,GRMN,Consumer,0.25386832465501574,0.017040044201067705
2026-01-31,H,Consumer,0.032806763905029124,0.01627600361344112
2026-01-31,IHG,Consumer,0.013115683453108318,0.010363200348538156
2026-01-31,LVS,Consumer,0.08128072297883193,0.03556202527181135
2026-01-31,NCLH,Consumer,0.12887076270671205,0.0321172319460119
2026-01-31,NFLX,Consumer,0.15271290365588652,0.01707639270782251
2026-01-31,PENN,Consumer,0.21806854808880405,0.020605364410968902
2026-01-31,POOL,Consumer,-0.10590735305560162,0.01907653922438612
2026-01-31,RCL,Consumer,-0.042168517005257256,0.018714692012965495
2026-01-31,SIRI,Consumer,0.09294359334404811,0.00927118672174769
2026-01-31,TSLA,Consumer,-0.06482189925675397,0.03905301480509552
2026-01-31,WBD,Consumer,0.022875785759738365,0.03749097120324232
2026-01-31,WYNN,Consumer,0.009083091303764723,0.022733371736793843
2026-01-31,APA,Energy,0.1499431962846458,0.020012810847300406
2026-01-31,BA,Energy,-0.026484692833631307,-0.0036139614934528157
2026-01-31,CAT,Energy,0.13002011866168428,0.02682684685025665
2026-01-31,COP,Energy,0.09702533317006168,0.0013515259641101555
2026-01-31,CVX,Energy,0.0660652850398924,0.006440812993349806
2026-01-31,DE,Energy,0.1926325867274845,-0.0020664712804675175
2026-01-31,DVN,Energy,0.0825665282064032,0.0025973970911485535
2026-01-31,EOG,Energy,0.10657281685676145,0.011516752837035502
2026-01-31,FDX,Energy,0.20093098218573058,0.012542052802772718
2026-01-31,GD,Energy,0.016975674522262896,0.0011526193885041548
2026-01-31,GE,Energy,0.11561651248342342,0.006384849625113799
2026-01-31,HAL,Energy,0.07398559722218101,0.017933022539316012
2026-01-31,HON,Energy,0.075946501365598,0.0013210633904848085
2026-01-31,LMT,Energy,0.037621032478328154,-0.0034075127334723745
2026-01-31,MMM,Energy,0.0842374639935568,0.010697039962920433
2026-01-31,MPC,Energy,0.13061655240003445,0.018940232212218043
2026-01-31,NOC,Energy,0.04975013661156269,0.007721333785221144
2026-01-31,OXY,Energy,0.16942056432736097,0.012427569237657393
2026-01-31,PSX,Energy,0.08385886668686315,0.015135661727037054
2026-01-31,RTX,Energy,0.011760245451350793,0.004934981704916052
2026-01-31,SLB,Energy,0.0674401277393335,0.0069745260192908744
2026-01-31,UNP,Energy,0.1329849162432153,0.006010187484795926
2026-01-31,UPS,Energy,0.10692075774332821,0.01982936445065415
2026-01-31,VLO,Energy,0.13482644448654613,0.024082915597159627
2026-01-31,XOM,Energy,0.08568940599419994,-0.001373317334954844
2026-01-31,AME,Energy,0.06804182870781816,0.0019846397597350716
2026-01-31,BE,Energy,0.02840723518837951,0.21534186087322627
2026-01-31,BKR,Energy,0.16891838522371194,0.02562795945526613
2026-01-31,CTRA,Energy,0.06031192939024921,0.004733195387263019
2026-01-31,EMR,Energy,0.029731188365761163,0.009343493165409122
2026-01-31,ENPH,Energy,0.14305032398622464,0.03852275500624601
2026-01-31,ETN,Energy,0.06971710354843608,0.016820162643966227
2026-01-31,FSLR,Energy,-0.12557647564605434,0.0390652114300548
2026-01-31,FTV,Energy,0.12099980243973896,0.009329316561133363
2026-01-31,GNRC,Energy,0.34116879386822574,0.038310626641999385
2026-01-31,HUBB,Energy,0.051399184196475156,0.00883073789324671
2026-01-31,MTDR,Energy,0.14481457918286922,0.013956508947636287
2026-01-31,PH,Energy,0.08037784201543619,0.011451687250946856
2026-01-31,PLUG,Energy,-0.1556603497735698,0.09630707536613027
2026-01-31,PR,Energy,0.13391201614232173,0.004932317666116636
2026-01-31,ROK,Energy,-0.030321636248290096,0.010416314110491704
2026-01-31,ROP,Energy,-0.057915608099008864,0.006850406622936567
2026-01-31,SM,Energy,0.1879814606913086,0.018299415588772378
2026-01-31,VRSK,Energy,-0.045479652530854064,-0.007093895782978352
2026-01-31,WMB,Energy,0.11091290489639549,-0.003072347810083302
2026-01-31,XYL,Energy,-0.057088137837568276,0.011648652879512871
2026-02-28,AAPL,Technology,-0.039329243991613416,0.10134104844233006
2026-02-28,ADBE,Technology,-0.07366335719405293,0.09007042066487383
2026-02-28,AMAT,Technology,-0.08194998723720903,0.11059042424052654
2026-02-28,AMD,Technology,0.016083042075494047,0.10374955000195928
2026-02-28,AVGO,Technology,-0.02938732971611413,0.10134493458437087
2026-02-28,CDNS,Technology,-0.07806900881152057,0.07428707690419786
2026-02-28,CRM,Technology,-0.0416859393540554,0.0936875168868902
2026-02-28,CRWD,Technology,0.04954565334549299,-0.029572163327672592
2026-02-28,FTNT,Technology,0.034037738617692215,0.07750169945555781
2026-02-28,GOOGL,Technology,-0.07697457213873138,0.12538798491837064
2026-02-28,INTC,Technology,-0.03244901386606058,0.13618554300685204
2026-02-28,INTU,Technology,0.05708630788823932,0.08043234115869584
2026-02-28,KLAC,Technology,-0.03420026432619638,0.10755635510775362
2026-02-28,LRCX,Technology,-0.085399146380845,0.12402256944101568
2026-02-28,META,Technology,-0.11657274885643698,0.08209945848989963
2026-02-28,MSFT,Technology,-0.05746798739077108,0.08365699892507568
2026-02-28,MU,Technology,-0.18039158750816064,0.17918723763412508
2026-02-28,NET,Technology,0.19832739074444872,0.05747518561056715
2026-02-28,NOW,Technology,-0.032034061809466885,0.07817793385093223
2026-02-28,NVDA,Technology,-0.015692625780075575,0.09318278528763985
2026-02-28,ORCL,Technology,0.011760711533736812,0.0829449356940724
2026-02-28,PANW,Technology,0.0765512308316072,0.08595522972391977
2026-02-28,QCOM,Technology,-0.08958396304022376,0.09791722177132521
2026-02-28,SNPS,Technology,-0.04231881404268567,0.07578481406283753
2026-02-28,TXN,Technology,-0.08472019786428753,0.08591835893194383
2026-02-28,ACN,Technology,-0.04997128354093483,0.09124644793973388
2026-02-28,ADI,Technology,-0.10302099373127283,0.09885663197196712
2026-02-28,ANET,Technology,-0.0802996346120084,0.09817036054239417
2026-02-28,CGNX,Technology,-0.09944852381738423,0.09270923985211238
2026-02-28,COHU,Technology,0.013907286943163122,0.11863415979706628
2026-02-28,CSCO,Technology,-0.02353388648353827,0.09384144531425012
2026-02-28,DELL,Technology,0.10838743700538189,0.09449917813691645
2026-02-28,ENTG,Technology,-0.11483575804003687,0.10233553645947324
2026-02-28,FORM,Technology,-0.019114072028183715,0.15455273006179102
2026-02-28,HPQ,Technology,0.027998009240943533,0.07576593406378705
2026-02-28,IBM,Technology,0.009075361620459077,0.09559234527875775
2026-02-28,IPGP,Technology,-0.12905685217821317,0.08291440318240356
2026-02-28,KEYS,Technology,-0.08121560715068399,0.10299677252727449
2026-02-28,MCHP,Technology,-0.13437833415480838,0.09306154728771093
2026-02-28,MKSI,Technology,-0.05992804038666666,0.1440805718362145
2026-02-28,MPWR,Technology,-0.04130777926212992,0.1013843477293765
2026-02-28,MRVL,Technology,0.21251065813922088,0.11752523442006974
2026-02-28,NXPI,Technology,-0.1283130263836747,0.08886615834912996
2026-02-28,ONTO,Technology,-0.05011807909592536,0.1359517861009487
2026-02-28,QRVO,Technology,-0.06634499274747374,0.09271790009459752
2026-02-28,STX,Technology,-0.037751552021242474,0.12057455880621606
2026-02-28,SWKS,Technology,-0.101208499642092,0.09368162017614802
2026-02-28,TER,Technology,-0.07364936854083293,0.14170369321504747
2026-02-28,VRSN,Technology,0.08958496951053796,0.06981847763983916
2026-02-28,WDC,Technology,-0.03246530743683018,0.15178820779982935
2026-02-28,AXP,Financials,-0.020783367042822798,0.1049505186091984
2026-02-28,BAC,Financials,-0.016143096044515692,0.10663255328864975
2026-02-28,BK,Financials,-0.003946246159066358,0.0923539383269458
2026-02-28,BLK,Financials,-0.09044704430127881,0.0863892021846865
2026-02-28,C,Financials,0.029222262903709106,0.09722223545494309
2026-02-28,CFG,Financials,-0.0036550450460571815,0.10502859601586861
2026-02-28,CME,Financials,-0.05348803479648445,0.016108906882618193
2026-02-28,COF,Financials,-0.06752201367347865,0.08993335928808059
2026-02-28,FITB,Financials,-0.052361216962278356,0.09820175951715993
2026-02-28,GS,Financials,-0.010619033543531664,0.10318976337468339
2026-02-28,HBAN,Financials,-0.058974843015424994,0.0934926936485704
2026-02-28,ICE,Financials,-0.03863963734406983,0.0794197059124978
2026-02-28,JPM,Financials,-0.02044621075906372,0.08436735742403768
2026-02-28,KEY,Financials,-0.02369740786005403,0.100543046782307
2026-02-28,MCO,Financials,-0.084585357069626,0.07914647381069943
2026-02-28,MS,Financials,-0.011650838040554223,0.10446670261694739
2026-02-28,MTB,Financials,-0.04065340022519959,0.09675897817792181
2026-02-28,PNC,Financials,-0.0200612867909008,0.09858626788508883
2026-02-28,RF,Financials,-0.05242153697907115,0.09934994412683636
2026-02-28,SCHW,Financials,-0.012815059143036267,0.08907075054097824
2026-02-28,SPGI,Financials,-0.037430995659802124,0.08034467562708801
2026-02-28,STT,Financials,-0.01601615803768508,0.0856816925603286
2026-02-28,TFC,Financials,-0.06773474061181062,0.09896019939249041
2026-02-28,USB,Financials,-0.038656501824909206,0.10101834995632768
2026-02-28,WFC,Financials,-0.02259050223242931,0.09647103915135853
2026-02-28,AFL,Financials,-0.028513249021531628,0.09116165748458263
2026-02-28,AJG,Financials,-0.04801844486911866,0.08230952567021069
2026-02-28,ALL,Financials,-0.028579488538893805,0.08733062172437965
2026-02-28,AMTD,Financials,-0.02941173720662238,0.08783377490789614
2026-02-28,AON,Financials,-0.037827540520321556,0.08708194257159163
2026-02-28,CB,Financials,-0.040978231344439564,0.09229982459217465
2026-02-28,FDS,Financials,0.0008302566145348411,0.0767768037366926
2026-02-28,FNF,Financials,-0.11329171326935272,0.07927007868560289
2026-02-28,GL,Financials,-0.0419247902686507,0.08589308064265984
2026-02-28,HIG,Financials,-0.035655709565268645,0.0883513624438341
2026-02-28,IBKR,Financials,-0.05787333340763745,0.09589373067744393
2026-02-28,LPLA,Financials,0.0024594718496488976,0.08801509402844089
2026-02-28,MET,Financials,-0.01873176744606042,0.08653340828780605
2026-02-28,MSCI,Financials,-0.05739469133020736,0.08292898641517084
2026-02-28,NDAQ,Financials,-0.027645256753270675,0.0895340224103692
2026-02-28,PGR,Financials,-0.07217070448540142,0.0829920941750925
2026-02-28,PRU,Financials,-0.007013568116233548,0.09141067387772821
2026-02-28,RJF,Financials,-0.054154670887513356,0.0923015594938211
2026-02-28,SEIC,Financials,-0.03504671033960283,0.08750252423147398
2026-02-28,SF,Financials,0.0028488866632896404,0.09938431020645505
2026-02-28,SYF,Financials,-0.015772015014595353,0.10383770707062485
2026-02-28,TRV,Financials,-0.05150958789293014,0.08874429555781117
2026-02-28,UNM,Financials,0.018123453043955795,0.09253547767959608
2026-02-28,WTW,Financials,-0.044249256221432276,0.08957788877163675
2026-02-28,ABBV,Healthcare,-0.06286625460440987,0.08740830718480541
2026-02-28,ABT,Healthcare,-0.1175762772111314,0.08466069817995232
2026-02-28,AMGN,Healthcare,-0.09354389225068471,0.09127503350929726
2026-02-28,BAX,Healthcare,-0.17525780339178443,0.08391506252429924
2026-02-28,BIIB,Healthcare,-0.04426027092582707,0.10994089852834703
2026-02-28,BMY,Healthcare,-0.02757729719562274,0.10147744141394587
2026-02-28,BSX,Healthcare,-0.1834742843732028,0.07721202095055313
2026-02-28,CI,Healthcare,-0.07453081020736085,0.08522708644063177
2026-02-28,CVS,Healthcare,-0.10112649066375845,0.09524968046193927
2026-02-28,DHR,Healthcare,-0.09796728729924253,0.0919594623581333
2026-02-28,EW,Healthcare,-0.07389845379253346,0.08601661219249301
2026-02-28,GILD,Healthcare,-0.059003058065538405,0.09144914881767288
2026-02-28,HUM,Healthcare,-0.08538569702667309,0.09617859909975143
2026-02-28,ISRG,Healthcare,-0.08444721794317911,0.09619283524885278
2026-02-28,JNJ,Healthcare,-0.016060823378851175,0.09782115343170242
2026-02-28,LLY,Healthcare,-0.12568557869421115,0.10728241403564298
2026-02-28,MDT,Healthcare,-0.1054939159208832,0.0930939865354581
2026-02-28,MRK,Healthcare,-0.021313516091732265,0.10907044107277215
2026-02-28,PFE,Healthcare,0.0155515483221782,0.09148779967273522
2026-02-28,REGN,Healthcare,-0.011552149192297523,0.11125974663497144
2026-02-28,SYK,Healthcare,-0.14964356420630254,0.07793437267826096
2026-02-28,TMO,Healthcare,-0.055830961351011066,0.10459832668441885
2026-02-28,UNH,Healthcare,-0.07016175047612994,0.11284274817859961
2026-02-28,VRTX,Healthcare,-0.1012217043788054,0.0835164362283881
2026-02-28,ZBH,Healthcare,-0.07897668479851039,0.08579363920727302
2026-02-28,A,Healthcare,-0.05882280677759555,0.10589010153080651
2026-02-28,ACAD,Healthcare,-0.09364817944112669,0.1130581538770999
2026-02-28,ALGN,Healthcare,-0.098211535130451,0.11046752702372045
2026-02-28,ALKS,Healthcare,0.17475083595414231,0.09501947591293221
2026-02-28,BDX,Healthcare,-0.10338765707449893,0.09400418020594792
2026-02-28,DGX,Healthcare,-0.0751734596909619,0.08877457441711831
2026-02-28,DXCM,Healthcare,-0.1447637344945778,0.08829555710529328
2026-02-28,FOLD,Healthcare,0.006263058685082923,0.16743904346595828
2026-02-28,HOLX,Healthcare,0.003051960266405196,0.09846652138557531
2026-02-28,IDXX,Healthcare,-0.144412420082633,0.09732902581696816
2026-02-28,INSP,Healthcare,-0.20043403932727455,0.08921744283278712
2026-02-28,IQV,Healthcare,-0.046250234245157174,0.10262091056885463
2026-02-28,MASI,Healthcare,0.014371194331092463,0.08076362671706033
2026-02-28,MTD,Healthcare,-0.07718648322371602,0.051274341957530015
2026-02-28,NBIX,Healthcare,-0.003856291167001369,0.10157712160361315
2026-02-28,NTRA,Healthcare,-0.03869442440279747,0.13425477760013707
2026-02-28,NVCR,Healthcare,-0.20263353637922166,0.10705157816153663
2026-02-28,PODD,Healthcare,-0.1491018376442821,0.09143638316451581
2026-02-28,RARE,Healthcare,-0.10431802866095152,0.10120622390414681
2026-02-28,RMD,Healthcare,-0.12401472265279267,0.08258373730387815
2026-02-28,WAT,Healthcare,-0.06756846627816271,0.10204981602337983
2026-02-28,AMZN,Consumer,-0.008238074893043179,0.09067207489597087
2026-02-28,AZO,Consumer,-0.10059698927169314,0.08080500931408996
2026-02-28,BKNG,Consumer,-0.004582198914348856,0.08210256405740797
2026-02-28,CMG,Consumer,-0.13997857948139802,0.08599142185242462
2026-02-28,COST,Consumer,-0.014206749218772075,0.08116185071598216
2026-02-28,DG,Consumer,-0.24007932867164705,0.09207298417498186
2026-02-28,DLTR,Consumer,-0.13417141658996357,0.08858431561487037
2026-02-28,DRI,Consumer,-0.0832827442263886,0.0828810099909313
2026-02-28,EBAY,Consumer,0.005109809813739652,0.07664830075469121
2026-02-28,HD,Consumer,-0.13036130245991528,0.08272151572217734
2026-02-28,HLT,Consumer,-0.024696940910830967,0.09223427025470872
2026-02-28,KR,Consumer,0.0603751886805004,0.0679764024199764
2026-02-28,LOW,Consumer,-0.1069282571864163,0.09467546452034675
2026-02-28,LULU,Consumer,-0.17319216062296272,0.10426115814383793
2026-02-28,MAR,Consumer,-0.04289937433296098,0.10167527437906296
2026-02-28,MCD,Consumer,-0.08366224962366509,0.07646919814622048
2026-02-28,MGM,Consumer,0.004069389818173619,0.08524023385709238
2026-02-28,NKE,Consumer,-0.1448923538386433,0.09002243717587355
2026-02-28,ORLY,Consumer,-0.016723474017433015,0.07845242941007799
2026-02-28,ROST,Consumer,0.05568169760168673,0.1060145904181493
2026-02-28,SBUX,Consumer,-0.08600286261866641,0.09048956577307717
2026-02-28,TGT,Consumer,0.06511992242812004,0.09616650531731466
2026-02-28,TJX,Consumer,-0.012124252563818216,0.09593673756126846
2026-02-28,WMT,Consumer,-0.026689628313617875,0.09332603309851202
2026-02-28,YUM,Consumer,-0.07540442232654065,0.08807267597269992
2026-02-28,BBY,Consumer,0.051759011978057545,0.10248049120366623
2026-02-28,CCL,Consumer,-0.17971474527433962,0.10148123538232474
2026-02-28,CHDN,Consumer,-0.022843451181875585,0.09870483882126502
2026-02-28,CMCSA,Consumer,-0.07267437276808819,0.07942349204584973
2026-02-28,CZR,Consumer,0.055089864676465705,0.08347555031205736
2026-02-28,DIS,Consumer,-0.09109773273016697,0.09731718256370785
2026-02-28,DKNG,Consumer,-0.09312077597086366,-0.17533018296011996
2026-02-28,F,Consumer,-0.18097942960394564,0.08483575918023771
2026-02-28,FOX,Consumer,0.03200021945075027,0.10783781222292364
2026-02-28,GM,Consumer,-0.05124633379085952,0.10378697760219342
2026-02-28,GRMN,Consumer,-0.07883089548258393,0.08949814561541508
2026-02-28,H,Consumer,-0.10883172330324098,0.10412185115829575
2026-02-28,IHG,Consumer,-0.04013228994442963,0.10244742004757086
2026-02-28,LVS,Consumer,-0.05007052347437668,0.1067282743746782
2026-02-28,NCLH,Consumer,-0.24566357110432324,0.09276173798184795
2026-02-28,NFLX,Consumer,-0.0009351240636769065,0.08000449920634878
2026-02-28,PENN,Consumer,-0.0390025957136243,0.08716334282378807
2026-02-28,POOL,Consumer,-0.10407395405580566,0.08100215567878082
2026-02-28,RCL,Consumer,-0.11034853594381755,0.08443862380386426
2026-02-28,SIRI,Consumer,0.05100186183638433,0.08493625091653356
2026-02-28,TSLA,Consumer,-0.07642048401115797,0.09263207782095834
2026-02-28,WBD,Consumer,-0.025204152996037066,0.1575476819319755
2026-02-28,WYNN,Consumer,-0.061373502540075675,0.09316956599245253
2026-02-28,APA,Energy,0.3974316354843388,0.1061168491361169
2026-02-28,BA,Energy,-0.12525820838088642,0.0835580214211568
2026-02-28,CAT,Energy,-0.046268992025537026,0.10541951980253514
2026-02-28,COP,Energy,0.16340561488744632,0.08600390707702968
2026-02-28,CVX,Energy,0.10783893757777574,0.08812880526212777
2026-02-28,DE,Energy,-0.1028449178148787,0.07795175024403085
2026-02-28,DVN,Energy,0.1620221467239178,0.09285845026601439
2026-02-28,EOG,Energy,0.16513535380499555,0.08299388694013768
2026-02-28,FDX,Energy,-0.075906901427085,0.10825343223711474
2026-02-28,GD,Energy,-0.03873405519503692,0.08698809969854347
2026-02-28,GE,Energy,-0.16968572342439792,0.09349963492950616
2026-02-28,HAL,Energy,0.08830269417071523,0.10581839183908018
2026-02-28,HON,Energy,-0.07208833623132771,0.08308847397949708
2026-02-28,LMT,Energy,-0.07674562708650767,0.09923211813913588
2026-02-28,MMM,Energy,-0.12152196169021445,0.08984757694391457
2026-02-28,MPC,Energy,0.23192565665100662,0.08752912812113064
2026-02-28,NOC,Energy,-0.05817390646399023,0.08500582265330775
2026-02-28,OXY,Energy,0.23038095079237264,0.08522168354757734
2026-02-28,PSX,Energy,0.18045739982050923,0.09239918394326829
2026-02-28,RTX,Energy,-0.047971579582170354,0.09220595907930015
2026-02-28,SLB,Energy,0.0009738846301508008,0.09687373723483204
2026-02-28,UNP,Energy,-0.08438378346317721,0.08985554687379438
2026-02-28,UPS,Energy,-0.15160401836712933,0.10312287525348827
2026-02-28,VLO,Energy,0.2073885973806988,0.09604205216827859
2026-02-28,XOM,Energy,0.11252461417776649,0.08946430263977245
2026-02-28,AME,Energy,-0.10249841704332763,0.09390800756770613
2026-02-28,BE,Energy,-0.12963315290773203,0.1539418854981807
2026-02-28,BKR,Energy,-0.06451122833832468,0.0970126045608065
2026-02-28,CTRA,Energy,0.1571124732005087,0.09383818031186228
2026-02-28,EMR,Energy,-0.13087891029876664,0.0877350915780098
2026-02-28,ENPH,Energy,-0.10551216078005732,0.09070636333811356
2026-02-28,ETN,Energy,-0.0455807462237342,0.08517396391587512
2026-02-28,FSLR,Energy,0.00030424725924049767,0.12078053780403339
2026-02-28,FTV,Energy,-0.0651943970185449,0.0962174060738404
2026-02-28,GNRC,Energy,-0.13329189305130285,0.08211410027301867
2026-02-28,HUBB,Energy,-0.0408303157537101,0.09422982992345778
2026-02-28,MTDR,Energy,0.22918284882473938,0.08471206598296491
2026-02-28,PH,Energy,-0.11290354869135,0.09854723125575017
2026-02-28,PLUG,Energy,0.26256985398127064,0.138807062989917
2026-02-28,PR,Energy,0.17544436361250226,0.0903870635048424
2026-02-28,ROK,Energy,-0.11920482481060679,0.09699061059111375
2026-02-28,ROP,Energy,0.011809046303180804,0.07640165024285267
2026-02-28,SM,Energy,0.35955012166864564,0.06966154050934499
2026-02-28,VRSK,Energy,-0.08353674484925633,0.04627102345821182
2026-02-28,WMB,Energy,-0.018958090714665587,0.08752754066131899
2026-02-28,XYL,Energy,-0.07764740466318776,0.08546344539069765
2026-03-31,AAPL,Technology,0.06919111581198156,0.06715939578181702
2026-03-31,ADBE,Technology,0.012423910851209863,0.07313594979244999
2026-03-31,AMAT,Technology,0.1541881868162529,0.14578133134614302
2026-03-31,AMD,Technology,0.7425650248110034,0.05176844785715988
2026-03-31,AVGO,Technology,0.34868010566727126,0.044203468425356024
2026-03-31,CDNS,Technology,0.18613021243582262,0.06718568253387028
2026-03-31,CRM,Technology,-0.051955304744660924,0.06678649634395965
2026-03-31,CRWD,Technology,0.14174840761966245,0.034191610510726486
2026-03-31,FTNT,Technology,0.03169354257467227,0.07003270968200415
2026-03-31,GOOGL,Technology,0.338155484281367,0.10303908709131412
2026-03-31,INTC,Technology,1.140947225700323,0.1313253586810411
2026-03-31,INTU,Technology,-0.09870814556667495,0.05403412128740806
2026-03-31,KLAC,Technology,0.18876531329881652,0.10463521528776415
2026-03-31,LRCX,Technology,0.2068706399507172,0.1329299086238548
2026-03-31,META,Technology,0.06952959628444377,0.08346115180524517
2026-03-31,MSFT,Technology,0.10160192340621577,0.07215010505285176
2026-03-31,MU,Technology,0.5307837400853326,0.19875579004442437
2026-03-31,NET,Technology,-0.006639503448202411,0.01112160482079993
2026-03-31,NOW,Technology,-0.1553324248601351,0.06363102425289643
2026-03-31,NVDA,Technology,0.14432347654022348,-0.048269086044572376
2026-03-31,ORCL,Technology,0.10090184217532938,0.07516049399178007
2026-03-31,PANW,Technology,0.11851296863763161,0.06623502735645506
2026-03-31,QCOM,Technology,0.39447121861539114,0.07651367181099081
2026-03-31,SNPS,Technology,0.21721144252126545,-0.04868297826739908
2026-03-31,TXN,Technology,0.44782109537419124,0.08749777955903203
2026-03-31,ACN,Technology,-0.09110127483177877,0.08071583879890895
2026-03-31,ADI,Technology,0.26441186661207894,0.048235452039300325
2026-03-31,ANET,Technology,0.406662391521293,0.04345934285735112
2026-03-31,CGNX,Technology,0.13308831230214513,0.05639013213290117
2026-03-31,COHU,Technology,0.5463748261382002,0.06849723931464972
2026-03-31,CSCO,Technology,0.18566581770202983,0.0835046721557051
2026-03-31,DELL,Technology,0.27701521321204536,0.008692070566195668
2026-03-31,ENTG,Technology,0.20673630036161783,0.10491743834374789
2026-03-31,FORM,Technology,0.4014846444960867,0.1416168365702932
2026-03-31,HPQ,Technology,0.08589284771036731,0.072647406317622
2026-03-31,IBM,Technology,-0.04707291427385785,0.09477121359391083
2026-03-31,IPGP,Technology,0.03778690958577968,0.04279500262144977
2026-03-31,KEYS,Technology,0.2391897500189133,0.05252241341157764
2026-03-31,MCHP,Technology,0.4380127346295628,0.08684678949307
2026-03-31,MKSI,Technology,0.2347156477718224,0.14790309381450834
2026-03-31,MPWR,Technology,0.47657206770824545,0.0687367172765646
2026-03-31,MRVL,Technology,0.668174300214254,0.08808977831276348
2026-03-31,NXPI,Technology,0.4913643981897493,0.07995613432016478
2026-03-31,ONTO,Technology,0.438825703517431,0.14358865858094005
2026-03-31,QRVO,Technology,0.21731265327172378,0.07550003427465272
2026-03-31,STX,Technology,0.7195221509501455,0.1415423974552774
2026-03-31,SWKS,Technology,0.3103641301339646,0.09628045950915019
2026-03-31,TER,Technology,0.15857117695676748,0.1313156006829752
2026-03-31,VRSN,Technology,0.08173620148924954,0.06284643070773217
2026-03-31,WDC,Technology,0.606417999561343,0.17600821196151095
2026-03-31,AXP,Financials,0.07138080745279374,0.0860563019835798
2026-03-31,BAC,Financials,0.09661536583533659,0.06028327419017078
2026-03-31,BK,Financials,0.1371775370661188,0.08723191292350226
2026-03-31,BLK,Financials,0.10802627740135495,0.050121081517283214
2026-03-31,C,Financials,0.12847190921740625,0.10363769995028596
2026-03-31,CFG,Financials,0.09251269421727981,0.0957519521762173
2026-03-31,CME,Financials,-0.025495170555905555,0.026779940454883657
2026-03-31,COF,Financials,0.048621447854468425,-0.010825054659985772
2026-03-31,FITB,Financials,0.09255271893661421,0.10061572168190287
2026-03-31,GS,Financials,0.09193965672729365,0.11993575920135201
2026-03-31,HBAN,Financials,0.07092655830082406,0.07997910817272884
2026-03-31,ICE,Financials,0.005150035381996432,0.07600476530279922
2026-03-31,JPM,Financials,0.07027821608357754,0.07246334471353996
2026-03-31,KEY,Financials,0.10274321454752466,-0.19319495977400503
2026-03-31,MCO,Financials,0.05868196241493551,0.07191592915866225
2026-03-31,MS,Financials,0.1643325959836348,0.08943633132187752
2026-03-31,MTB,Financials,0.05761418146178188,0.100016377704382
2026-03-31,PNC,Financials,0.07988399683627745,0.08690647525857742
2026-03-31,RF,Financials,0.09303209493688769,0.09386760769865855
2026-03-31,SCHW,Financials,-0.02489895598745495,0.060788303317510284
2026-03-31,SPGI,Financials,0.013847779891732692,0.07459722281377604
2026-03-31,STT,Financials,0.21571742645450653,0.07842914385988334
2026-03-31,TFC,Financials,0.12029581536766143,0.09769145789318662
2026-03-31,USB,Financials,0.0894059157074365,0.0964606338728819
2026-03-31,WFC,Financials,0.03291047263528535,0.08443881299694748
2026-03-31,AFL,Financials,0.03609515192342316,0.11870946284901684
2026-03-31,AJG,Financials,-0.047003452989677785,0.021532838246534673
2026-03-31,ALL,Financials,0.04784411278169043,0.073542740946462
2026-03-31,AMTD,Financials,0.050505001853162534,0.07828971848690132
2026-03-31,AON,Financials,-0.034481666838246494,0.08750404345682687
2026-03-31,CB,Financials,0.0032829360545629793,0.07782122729483865
2026-03-31,FDS,Financials,0.048804074242139395,0.06528002663585757
2026-03-31,FNF,Financials,0.1276411822468697,0.06580511345622206
2026-03-31,GL,Financials,0.11132755231991509,0.09002378165054815
2026-03-31,HIG,Financials,0.011683811883260509,0.07549449153585784
2026-03-31,IBKR,Financials,0.18532876638934903,0.08668294108655489
2026-03-31,LPLA,Financials,0.1106938131067845,0.023559942501154795
2026-03-31,MET,Financials,0.13263570547948467,0.04349520050587787
2026-03-31,MSCI,Financials,0.09721519532019651,0.07733133713107948
2026-03-31,NDAQ,Financials,0.0826953036038891,0.07973130154674683
2026-03-31,PGR,Financials,0.015860285812903996,0.0651753504583631
2026-03-31,PRU,Financials,0.00429929530605988,0.04022254013942392
2026-03-31,RJF,Financials,0.09753904557517323,0.09050730972023659
2026-03-31,SEIC,Financials,0.1556008524854111,0.08042908320758625
2026-03-31,SF,Financials,0.066152590784327,0.07770465922122553
2026-03-31,SYF,Financials,0.12025875784881568,0.08127312223651773
2026-03-31,TRV,Financials,0.046146538366167,0.07580081460323028
2026-03-31,UNM,Financials,0.1071933533720868,0.08585220346688045
2026-03-31,WTW,Financials,-0.11867904558404263,0.07441603744969251
2026-03-31,ABBV,Healthcare,-0.02030828905382931,0.034470067834867474
2026-03-31,ABT,Healthcare,-0.11016279273054008,0.06964975398355013
2026-03-31,AMGN,Healthcare,-0.015915890312271586,0.08185487172605148
2026-03-31,BAX,Healthcare,0.04642861440879331,0.07023667205925753
2026-03-31,BIIB,Healthcare,0.032455118577511044,0.09372631051840463
2026-03-31,BMY,Healthcare,0.009311438882673162,0.09654607567434485
2026-03-31,BSX,Healthcare,-0.08191234087089139,0.057776978830879636
2026-03-31,CI,Healthcare,0.08933453260455715,0.06930828918487986
2026-03-31,CVS,Healthcare,0.1698837884047737,0.08020779519359028
2026-03-31,DHR,Healthcare,-0.05617093255502781,0.07861156023675805
2026-03-31,EW,Healthcare,0.04270726886545906,0.06420640697522337
2026-03-31,GILD,Healthcare,-0.06120398276633743,0.09652222655735708
2026-03-31,HUM,Healthcare,0.3636311394757521,0.0665704522052719
2026-03-31,ISRG,Healthcare,-0.007332056995628111,0.08480918448899379
2026-03-31,JNJ,Healthcare,-0.05968743328493431,0.08682988944459259
2026-03-31,LLY,Healthcare,0.01612354799544935,0.09037143091469095
2026-03-31,MDT,Healthcare,-0.06555106988058612,0.08589183309649649
2026-03-31,MRK,Healthcare,-0.09236013405763854,0.1003364166998123
2026-03-31,PFE,Healthcare,-0.04914526939159858,0.10380297355280596
2026-03-31,REGN,Healthcare,-0.08487784200470594,0.09375011130690518
2026-03-31,SYK,Healthcare,-0.04096287654855191,0.06873044613372281
2026-03-31,TMO,Healthcare,-0.025573225144825518,0.09052877384374931
2026-03-31,UNH,Healthcare,0.3691563472424273,0.07535416114744502
2026-03-31,VRTX,Healthcare,-0.042907697620518714,0.08221833773096543
2026-03-31,ZBH,Healthcare,-0.08836538404746053,0.06631486704042595
2026-03-31,A,Healthcare,0.01377434329342564,0.09441619407364786
2026-03-31,ACAD,Healthcare,0.008535513571607867,0.09508132950563225
2026-03-31,ALGN,Healthcare,0.02671645585213711,0.09869898718877877
2026-03-31,ALKS,Healthcare,-0.046662938274833365,0.13444030643799365
2026-03-31,BDX,Healthcare,-0.052089312878940475,0.09403453776070778
2026-03-31,DGX,Healthcare,-0.004760257007272117,0.0765239267700017
2026-03-31,DXCM,Healthcare,-0.05175159298540333,0.08451888319132622
2026-03-31,FOLD,Healthcare,0.0020746703244847176,0.10032784267367782
2026-03-31,HOLX,Healthcare,0.00555636749157129,0.1007048431361114
2026-03-31,IDXX,Healthcare,-0.0019399292157750159,0.06730029470659088
2026-03-31,INSP,Healthcare,0.08840630858311282,0.0715718274248621
2026-03-31,IQV,Healthcare,-0.07136154947846418,0.09199846074060002
2026-03-31,MASI,Healthcare,0.003148353145367766,0.14592622400389793
2026-03-31,MTD,Healthcare,0.012218549616473506,0.04602416265679932
2026-03-31,NBIX,Healthcare,-0.0005314052019101956,0.03968472699575601
2026-03-31,NTRA,Healthcare,0.030851532573992646,0.038691850299470025
2026-03-31,NVCR,Healthcare,0.3954128963719954,0.07094801769284667
2026-03-31,PODD,Healthcare,-0.179660682454152,0.027599526333565987
2026-03-31,RARE,Healthcare,0.1785202689698333,0.05624535688302694
2026-03-31,RMD,Healthcare,-0.04753206687466238,0.07266899607548698
2026-03-31,WAT,Healthcare,0.03838154352546708,0.09678642373837078
2026-03-31,AMZN,Consumer,0.27267485533749536,0.08294395292572622
2026-03-31,AZO,Consumer,0.09658710667074222,0.06970241458875309
2026-03-31,BKNG,Consumer,-0.00031348811612763594,0.07153875154282104
2026-03-31,CMG,Consumer,0.0618557782179463,0.0788011937688505
2026-03-31,COST,Consumer,0.018164927743801407,0.0776084376476621
2026-03-31,DG,Consumer,-0.01937595666320524,0.09296955997107732
2026-03-31,DLTR,Consumer,-0.11323168006565554,-0.33666966022717043
2026-03-31,DRI,Consumer,0.030932686658159625,0.07628017149853905
2026-03-31,EBAY,Consumer,0.13689306936286672,0.06920240171248766
2026-03-31,HD,Consumer,-0.00027372936683711657,0.09942366725034639
2026-03-31,HLT,Consumer,0.0657393502850685,0.08502381086572759
2026-03-31,KR,Consumer,-0.059286910991452224,0.08305014911270485
2026-03-31,LOW,Consumer,0.015474141597836999,0.07772095104344413
2026-03-31,LULU,Consumer,-0.10058790686697305,0.09997083248887341
2026-03-31,MAR,Consumer,0.10584888354764166,0.09912432443965867
2026-03-31,MCD,Consumer,-0.05534287375440239,0.06586862228027565
2026-03-31,MGM,Consumer,0.05214807870047555,0.06791124472298614
2026-03-31,NKE,Consumer,-0.16016658715167775,0.07847909032988451
2026-03-31,ORLY,Consumer,0.07680645818222209,0.07422021995960776
2026-03-31,ROST,Consumer,0.05151635577609559,0.08560915324689979
2026-03-31,SBUX,Consumer,0.17568931952849165,0.08790851237851527
2026-03-31,TGT,Consumer,0.0705445814112442,0.10999762499772121
2026-03-31,TJX,Consumer,-0.01847211649727376,0.08008852521505189
2026-03-31,WMT,Consumer,0.06155450572597476,0.0937651311933368
2026-03-31,YUM,Consumer,0.026820158756968082,0.08598937314473283
2026-03-31,BBY,Consumer,-0.057788091061225066,0.10082652680026533
2026-03-31,CCL,Consumer,0.024343164163247,0.0858277444588778
2026-03-31,CHDN,Consumer,0.12423461878252762,0.08477548467085254
2026-03-31,CMCSA,Consumer,-0.047216289107284815,0.07250919112636392
2026-03-31,CZR,Consumer,0.0518349949325001,0.06563313853950684
2026-03-31,DIS,Consumer,0.07646817759502134,0.09650686342201545
2026-03-31,DKNG,Consumer,0.07863084133215503,-0.07121780518161193
2026-03-31,F,Consumer,0.04679375768094163,0.0767349797771824
2026-03-31,FOX,Consumer,0.0738230149959993,0.11182972490903928
2026-03-31,GM,Consumer,0.032080528720113355,0.09567392046383781
2026-03-31,GRMN,Consumer,0.08245336552623761,0.07137856443258565
2026-03-31,H,Consumer,0.165380173505991,0.08885039228365046
2026-03-31,IHG,Consumer,0.08764225869873776,0.08505857664381937
2026-03-31,LVS,Consumer,0.013548617813007535,0.08239547040718083
2026-03-31,NCLH,Consumer,-0.027807509975840916,0.08766913117519254
2026-03-31,NFLX,Consumer,-0.026417065784899663,0.05743813897137001
2026-03-31,PENN,Consumer,0.16167660643205428,0.06621167135954475
2026-03-31,POOL,Consumer,0.05431723122476262,0.07566158911594269
2026-03-31,RCL,Consumer,-0.04150004801988405,0.08133419371824571
2026-03-31,SIRI,Consumer,0.1672443944155675,0.06849931652320074
2026-03-31,TSLA,Consumer,0.026577013807162153,0.0877056902803043
2026-03-31,WBD,Consumer,-0.014930803389718417,0.19369549426235877
2026-03-31,WYNN,Consumer,0.05475132832600638,0.08923175936566671
2026-03-31,APA,Energy,-0.033868410925329995,0.16539707351092856
2026-03-31,BA,Energy,0.15073104649549252,0.07901795644938486
2026-03-31,CAT,Energy,0.2587930639661995,0.08479831001323795
2026-03-31,COP,Energy,-0.04712122136896302,0.0795550703839478
2026-03-31,CVX,Energy,-0.06568388950600901,0.11484044708752557
2026-03-31,DE,Energy,0.04716848553169872,0.06847938963478842
2026-03-31,DVN,Energy,0.02086643965477908,0.11695133384971669
2026-03-31,EOG,Energy,-0.020118718810305913,0.09286789351429468
2026-03-31,FDX,Energy,0.13232075313593872,0.10599175377166974
2026-03-31,GD,Energy,0.007806149999530998,0.07698697007549284
2026-03-31,GE,Energy,0.021707734787319577,0.08271438074464933
2026-03-31,HAL,Energy,0.08489349618114472,0.10875464058847949
2026-03-31,HON,Energy,-0.05176302708237612,0.08174437240842693
2026-03-31,LMT,Energy,-0.14298721330725728,0.09800371085890751
2026-03-31,MMM,Energy,0.008882521399656396,0.07522447023488399
2026-03-31,MPC,Energy,0.016831848364451174,0.10129855059955228
2026-03-31,NOC,Energy,-0.1506214986464266,0.0816195214549834
2026-03-31,OXY,Energy,-0.0679999718299279,0.24776737961711767
2026-03-31,PSX,Energy,-0.01663189648211949,0.0865274923966995
2026-03-31,RTX,Energy,-0.08724721153333515,0.08858967311492186
2026-03-31,SLB,Energy,0.1068301565221006,0.09789827163483446
2026-03-31,UNP,Energy,0.11070817084209006,0.08045276666944084
2026-03-31,UPS,Energy,0.10591589844731186,0.12143683014905492
2026-03-31,VLO,Energy,0.022259996597218334,0.08741040558259193
2026-03-31,XOM,Energy,-0.0903571938002874,0.10728135965383606
2026-03-31,AME,Energy,0.09861914223482038,0.08194066775421989
2026-03-31,BE,Energy,1.0913718640734649,0.15215718830823532
2026-03-31,BKR,Energy,0.14119572546451353,0.09613025128359759
2026-03-31,CTRA,Energy,0.021912364005063134,0.021103195637612426
2026-03-31,EMR,Energy,0.07189740392128274,0.0986005003151115
2026-03-31,ENPH,Energy,-0.12827299954144944,0.059194243296636806
2026-03-31,ETN,Energy,0.210641075598899,0.07279080261981757
2026-03-31,FSLR,Energy,0.02347158578396913,0.09233215155738081
2026-03-31,FTV,Energy,0.08158470035855947,0.07925597367388583
2026-03-31,GNRC,Energy,0.3271387321776713,0.11746942394756378
2026-03-31,HUBB,Energy,0.03551783742962322,0.08247723415266812
2026-03-31,MTDR,Energy,0.004115199751145049,0.133299914948598
2026-03-31,PH,Energy,0.015839319992920542,0.08931212984109993
2026-03-31,PLUG,Energy,0.3849558086941973,0.11708317925894045
2026-03-31,PR,Energy,0.014071348438246423,0.12749471183712144
2026-03-31,ROK,Energy,0.13940592426048792,0.08900341004097184
2026-03-31,ROP,Energy,0.005240796140344894,0.06247860215985479
2026-03-31,SM,Energy,-0.004810763857028388,0.11594507026915594
2026-03-31,VRSK,Energy,-0.027720656162508184,0.03709323424000053
2026-03-31,WMB,Energy,0.048502319847537834,0.06967773512701268
2026-03-31,XYL,Energy,-0.011213358476072188,0.08030356978631514
2026-04-30,AAPL,Technology,0.032393618379240596,0.0026161102996681805
2026-04-30,ADBE,Technology,0.018732224689228527,0.02182121518595571
2026-04-30,AMAT,Technology,-0.013713918720460239,0.03609407504348017
2026-04-30,AMD,Technology,0.017066824105659073,0.043896199692584466
2026-04-30,AVGO,Technology,0.0092231180582798,0.018435996443240583
2026-04-30,CDNS,Technology,0.03443674331632263,0.007882320845098227
2026-04-30,CRM,Technology,0.04129614567117312,0.018947225762786662
2026-04-30,CRWD,Technology,0.022187357596046065,0.0060879573970054265
2026-04-30,FTNT,Technology,0.023484799125483624,0.013158832052120335
2026-04-30,GOOGL,Technology,0.0023129279539280123,0.016847091628391635
2026-04-30,INTC,Technology,0.05440303987109485,0.03151918188649323
2026-04-30,INTU,Technology,0.027130009124638033,0.023445333631576186
2026-04-30,KLAC,Technology,-0.01376294235799802,0.01956276110091673
2026-04-30,LRCX,Technology,-0.004420942354840918,0.03668214819266347
2026-04-30,META,Technology,-0.005164114466532643,0.01856166398395611
2026-04-30,MSFT,Technology,0.016332345093055922,0.014011587403159118
2026-04-30,MU,Technology,0.04843771778355377,0.12322306801864548
2026-04-30,NET,Technology,0.06113089088488177,-0.00178109245627623
2026-04-30,NOW,Technology,0.03227274580802297,0.01940830200073087
2026-04-30,NVDA,Technology,-0.005612117727474941,0.019629065476863133
2026-04-30,ORCL,Technology,0.06468803817391833,0.03223964594864938
2026-04-30,PANW,Technology,0.009814825088947154,0.007455014655637183
2026-04-30,QCOM,Technology,-0.014311211148313463,0.019983360093428416
2026-04-30,SNPS,Technology,0.0133029068150885,0.0341861474875558
2026-04-30,TXN,Technology,-0.00021345368386205266,0.0232388704703737
2026-04-30,ACN,Technology,0.006267109143925698,0.025674709384401088
2026-04-30,ADI,Technology,-0.01136082934737026,0.027642734683344317
2026-04-30,ANET,Technology,-5.795706812505852e-05,0.017708731140409786
2026-04-30,CGNX,Technology,0.007746357740547438,0.02088013160569089
2026-04-30,COHU,Technology,-0.03716997630939989,0.028139620636555854
2026-04-30,CSCO,Technology,0.0038251199357497434,0.012149887449425445
2026-04-30,DELL,Technology,0.005838723323864592,0.006737789037078255
2026-04-30,ENTG,Technology,0.006436471720839165,0.033977427680713275
2026-04-30,FORM,Technology,0.010593706459183894,0.08055777975124778
2026-04-30,HPQ,Technology,-0.0014381920310501117,0.010175744829319794
2026-04-30,IBM,Technology,0.005281847966358999,0.016434128682547535
2026-04-30,IPGP,Technology,0.03321564613569117,0.05104466305914095
2026-04-30,KEYS,Technology,0.0071446942752002585,0.03499565503373034
2026-04-30,MCHP,Technology,0.01119355553913226,0.03525331548463802
2026-04-30,MKSI,Technology,-0.015400863849118984,0.054325189425616434
2026-04-30,MPWR,Technology,-0.019158734804726185,0.016426465382345445
2026-04-30,MRVL,Technology,-0.0012110018506421572,-0.004191990337617413
2026-04-30,NXPI,Technology,0.005620061708728752,0.01927112312717884
2026-04-30,ONTO,Technology,-0.00725270842732384,0.02855101477862789
2026-04-30,QRVO,Technology,-0.007641702519368243,0.013914532673343378
2026-04-30,STX,Technology,0.07910750084398566,0.026443099194587698
2026-04-30,SWKS,Technology,-0.010973302880990743,0.02122246428036935
2026-04-30,TER,Technology,0.0056773872539110926,0.055521897287551476
2026-04-30,VRSN,Technology,0.014069823299976303,-0.006281733132181479
2026-04-30,WDC,Technology,-0.006904170293315581,0.04413182591594135
2026-04-30,AXP,Financials,-0.010431806978885239,0.014717102648247304
2026-04-30,BAC,Financials,-0.004115177885772869,0.014054344356688805
2026-04-30,BK,Financials,-0.00439083396093054,0.0016617245569607204
2026-04-30,BLK,Financials,-0.0036786054474565733,0.014758929214362941
2026-04-30,C,Financials,-0.004219416325699665,-0.002369053631698946
2026-04-30,CFG,Financials,-0.009684932409783742,0.012709479199938568
2026-04-30,CME,Financials,0.0059759612846010945,-0.011618679044747494
2026-04-30,COF,Financials,0.003188711973969527,0.025931973289449767
2026-04-30,FITB,Financials,-0.006501143169215462,0.013293617235527598
2026-04-30,GS,Financials,-6.494858820405014e-05,0.007269978468431072
2026-04-30,HBAN,Financials,-0.007756626869921401,0.011965591755095947
2026-04-30,ICE,Financials,-0.021127183346579037,0.009701301362859228
2026-04-30,JPM,Financials,-0.002426363180308977,-0.0036248570206417544
2026-04-30,KEY,Financials,-0.010854806173356657,0.036017059827082656
2026-04-30,MCO,Financials,-0.013164484160428924,0.013385781240783903
2026-04-30,MS,Financials,-0.002203673734274658,0.009750423291396915
2026-04-30,MTB,Financials,-0.010016934512626086,0.011805874868978546
2026-04-30,PNC,Financials,-0.01026902818893638,0.011548860083103542
2026-04-30,RF,Financials,-0.012609412000810782,0.014467608112727078
2026-04-30,SCHW,Financials,-0.0010912098951016969,0.008037980830614999
2026-04-30,SPGI,Financials,-0.011988992639703544,0.013719848921449064
2026-04-30,STT,Financials,-0.005495919641568148,-0.0015872088947934127
2026-04-30,TFC,Financials,-0.01106795523930526,0.013753346302678802
2026-04-30,USB,Financials,-0.006353699458543249,0.010952263338825373
2026-04-30,WFC,Financials,-0.017268706559284253,0.00873007112206081
2026-04-30,AFL,Financials,-0.006949950983136111,-0.003134774307868942
2026-04-30,AJG,Financials,0.008284916494352146,0.023542241669047274
2026-04-30,ALL,Financials,-0.003083854303072009,-0.0014093535397712471
2026-04-30,AMTD,Financials,0.0,0.016870699970134503
2026-04-30,AON,Financials,0.0021876673371115096,0.009178365735089641
2026-04-30,CB,Financials,-0.0023853173678803907,0.007241080202569153
2026-04-30,FDS,Financials,0.0,0.03322070664469414
2026-04-30,FNF,Financials,-0.012810672633251974,0.012217352694641446
2026-04-30,GL,Financials,-0.010239804276119813,0.0015628758820939552
2026-04-30,HIG,Financials,-0.007309407337513618,0.0014645248338953955
2026-04-30,IBKR,Financials,0.012075460182046083,0.012561065257136093
2026-04-30,LPLA,Financials,-0.046389129301441345,0.02932205609927606
2026-04-30,MET,Financials,0.0016230322757684323,0.003783740438934856
2026-04-30,MSCI,Financials,-0.004328634407333776,0.008281431588905581
2026-04-30,NDAQ,Financials,-0.006419366160121176,0.012067705735302758
2026-04-30,PGR,Financials,-0.009787367014361115,0.014565164392134292
2026-04-30,PRU,Financials,0.005198268607254031,0.003645566551391302
2026-04-30,RJF,Financials,-0.013390666232316772,0.009527127181982096
2026-04-30,SEIC,Financials,-0.005072773300888511,0.0126654713736713
2026-04-30,SF,Financials,-0.02258595145842357,0.01497604493529804
2026-04-30,SYF,Financials,-0.005774210362640586,0.016294528297696217
2026-04-30,TRV,Financials,-0.0013764613212668975,0.0035536050946083503
2026-04-30,UNM,Financials,0.005722805426608746,0.0037275571059275855
2026-04-30,WTW,Financials,0.0005463861209586973,0.006883749998103239
2026-04-30,ABBV,Healthcare,-0.022335799058824768,-0.036776088935897615
2026-04-30,ABT,Healthcare,-0.014649210459774631,0.013103751691721233
2026-04-30,AMGN,Healthcare,-0.047451242384927816,0.020960117396665628
2026-04-30,BAX,Healthcare,-0.02104669174284035,0.04131751382941455
2026-04-30,BIIB,Healthcare,-0.011728662484257968,0.020958509039900045
2026-04-30,BMY,Healthcare,-0.039115347844796755,0.008127006267564501
2026-04-30,BSX,Healthcare,-0.019267498673695815,0.03148080401690712
2026-04-30,CI,Healthcare,-0.026429874838855394,0.014226143044539738
2026-04-30,CVS,Healthcare,-0.01440754669763733,0.01483974327632287
2026-04-30,DHR,Healthcare,-0.02123499925432737,0.01775647970147171
2026-04-30,EW,Healthcare,0.005748543196809397,0.007551772818369934
2026-04-30,GILD,Healthcare,0.006190748863229567,0.017351532673971833
2026-04-30,HUM,Healthcare,-0.011884611442981696,0.029631470134294267
2026-04-30,ISRG,Healthcare,0.00037152473323720514,0.0247345949928569
2026-04-30,JNJ,Healthcare,-0.011572780471936994,0.004153051654389403
2026-04-30,LLY,Healthcare,0.03074046892189819,0.025590866863470035
2026-04-30,MDT,Healthcare,-0.011979760480170354,0.014888554695622589
2026-04-30,MRK,Healthcare,0.02729440692987728,0.012126938100763979
2026-04-30,PFE,Healthcare,-0.013857708938606939,-0.005173694992572326
2026-04-30,REGN,Healthcare,-0.007976712963414512,0.014667314711777842
2026-04-30,SYK,Healthcare,-0.06473516828101,0.01621677480758581
2026-04-30,TMO,Healthcare,-0.020356606342796124,0.022855562874279152
2026-04-30,UNH,Healthcare,-0.00458867457519585,0.04033349748757593
2026-04-30,VRTX,Healthcare,-0.008095819681659733,0.016428812161978237
2026-04-30,ZBH,Healthcare,0.005701822382179644,0.013612521003089281
2026-04-30,A,Healthcare,-0.008913945317942096,0.02372992496030265
2026-04-30,ACAD,Healthcare,-0.022271714165168377,0.04135476064628633
2026-04-30,ALGN,Healthcare,0.016476389101647282,0.0414091049136441
2026-04-30,ALKS,Healthcare,-0.009789321427464026,-0.012661989062153059
2026-04-30,BDX,Healthcare,0.00181162295104631,0.017266512866712855
2026-04-30,DGX,Healthcare,-0.007878469636148577,0.00899987392428185
2026-04-30,DXCM,Healthcare,0.030226687827400234,0.035318730965289674
2026-04-30,FOLD,Healthcare,0.0,0.03208262916517611
2026-04-30,HOLX,Healthcare,0.0,0.0031424872388226294
2026-04-30,IDXX,Healthcare,0.011875952790045607,0.028015968506441176
2026-04-30,INSP,Healthcare,0.009975086914487452,0.06653109739413804
2026-04-30,IQV,Healthcare,-0.0037885386324764125,0.028691226917216928
2026-04-30,MASI,Healthcare,0.00028023905066598687,-0.0005671309430876417
2026-04-30,MTD,Healthcare,-0.007472947236796701,-0.024325409656772184
2026-04-30,NBIX,Healthcare,0.0008354265351353529,0.010013970357841729
2026-04-30,NTRA,Healthcare,0.005432649870452666,0.036447817253136144
2026-04-30,NVCR,Healthcare,0.09270222206115175,0.049578013986254964
2026-04-30,PODD,Healthcare,0.016846717246234322,0.04095152940800353
2026-04-30,RARE,Healthcare,0.003240175049640026,0.04990504421865825
2026-04-30,RMD,Healthcare,-0.04111123608110956,0.016389171802460887
2026-04-30,WAT,Healthcare,-0.00682345113402949,0.02964477624746827
2026-04-30,AMZN,Consumer,0.012072784412985094,0.010203655611083919
2026-04-30,AZO,Consumer,-0.02968387143252893,0.012046312497437612
2026-04-30,BKNG,Consumer,0.007543384817396248,0.007014448105719485
2026-04-30,CMG,Consumer,-0.029714683329077896,0.040034106176238364
2026-04-30,COST,Consumer,-0.0013425130871378421,0.003207298186213972
2026-04-30,DG,Consumer,-0.012512918386347494,0.04977234628379484
2026-04-30,DLTR,Consumer,-0.02512617059077804,0.06901812214574024
2026-04-30,DRI,Consumer,-0.028919042293383268,0.01694926911747394
2026-04-30,EBAY,Consumer,0.005701549272814965,-0.0012045472137575328
2026-04-30,HD,Consumer,-0.014963452228757834,0.010418893302981609
2026-04-30,HLT,Consumer,-0.01684827922749954,0.01044111520347353
2026-04-30,KR,Consumer,-0.004407272706079102,-0.008392243323607784
2026-04-30,LOW,Consumer,-0.022865243974171223,0.015822311770211733
2026-04-30,LULU,Consumer,-0.02992008139794,0.04824719329481927
2026-04-30,MAR,Consumer,-0.018579449736910503,0.017484447877809367
2026-04-30,MCD,Consumer,-0.023672406335856322,0.0006414032548013801
2026-04-30,MGM,Consumer,-0.011299400159895945,0.0005888390494228797
2026-04-30,NKE,Consumer,0.0009017338813563924,0.028306837954199582
2026-04-30,ORLY,Consumer,-0.02746482208275247,-0.0020567513680807108
2026-04-30,ROST,Consumer,0.004609522291169732,-0.0010107632930894499
2026-04-30,SBUX,Consumer,0.005411560665673276,0.022174217634122393
2026-04-30,TGT,Consumer,-0.006628135725252893,0.001336040433666523
2026-04-30,TJX,Consumer,0.0005103785075259992,-0.0038736593860828096
2026-04-30,WMT,Consumer,-0.002501224820625647,0.004707824894464703
2026-04-30,YUM,Consumer,-0.008080133638897813,0.007951153928375433
2026-04-30,BBY,Consumer,-0.007273969733792907,0.003013667665068182
2026-04-30,CCL,Consumer,0.005658227734259169,0.032245420630123596
2026-04-30,CHDN,Consumer,-0.02317057517960508,0.023592871214845112
2026-04-30,CMCSA,Consumer,0.005547322982675684,0.009030520144152298
2026-04-30,CZR,Consumer,0.020863307180701174,-0.0017190450364544425
2026-04-30,DIS,Consumer,-0.00645781367658127,0.024162471265469013
2026-04-30,DKNG,Consumer,-0.013722114022807652,0.02656321965123649
2026-04-30,F,Consumer,-0.016556275705983503,0.027108913645814872
2026-04-30,FOX,Consumer,-0.0015783962094941817,0.017438478975480978
2026-04-30,GM,Consumer,-0.014566299329855537,0.018461158842348807
2026-04-30,GRMN,Consumer,-0.03472167413353333,0.010253557656774132
2026-04-30,H,Consumer,-0.022915864586971924,0.026419676823219752
2026-04-30,IHG,Consumer,-0.006533238876186176,0.009141427744705168
2026-04-30,LVS,Consumer,-0.015015559158752079,0.020701413124635117
2026-04-30,NCLH,Consumer,0.03465341860237725,0.03890667916650596
2026-04-30,NFLX,Consumer,-0.016558092529126767,0.00911124834653204
2026-04-30,PENN,Consumer,-0.0108819379537054,0.014313202565890635
2026-04-30,POOL,Consumer,-0.02451720798218049,0.026947995525689473
2026-04-30,RCL,Consumer,0.006786388994049153,0.023346834926536844
2026-04-30,SIRI,Consumer,0.01039342144566402,-0.005196037204252071
2026-04-30,TSLA,Consumer,0.024080922159745333,0.014292691342151548
2026-04-30,WBD,Consumer,-0.002957483399720351,0.03166972790877903
2026-04-30,WYNN,Consumer,-0.01054987626719106,0.010864611174999247
2026-04-30,APA,Energy,-0.014731119098071788,-0.013203045548030853
2026-04-30,BA,Energy,-0.007204269769369276,0.025146773535791343
2026-04-30,CAT,Energy,-0.0004943236775761806,0.026843890776892032
2026-04-30,COP,Energy,-0.020591480068585688,-0.0023296540804519407
2026-04-30,CVX,Energy,-0.013863704462408477,-0.00011115995968900491
2026-04-30,DE,Energy,-0.021377567016368282,0.02898208089479452
2026-04-30,DVN,Energy,-0.015767910754052816,-0.00039058362204007907
2026-04-30,EOG,Energy,-0.011524580575997811,-0.004683054715655364
2026-04-30,FDX,Energy,-0.023902170016152025,0.032138472693779785
2026-04-30,GD,Energy,0.004472868427308541,0.004120242980153269
2026-04-30,GE,Energy,-0.011795892099996319,0.024343263919726417
2026-04-30,HAL,Energy,-0.015130009484437767,0.01695250832561022
2026-04-30,HON,Energy,-0.008538243901556886,0.016168029997360826
2026-04-30,LMT,Energy,-0.01003909775853662,0.020676953887148113
2026-04-30,MMM,Energy,-0.027436555796064188,0.018096885192664138
2026-04-30,MPC,Energy,-0.008618951417757148,-0.011091064079567767
2026-04-30,NOC,Energy,-0.01956921067599171,0.014099149951953592
2026-04-30,OXY,Energy,-0.030868317762635433,-0.02366118147569935
2026-04-30,PSX,Energy,-0.01652242007213489,-0.0004503306811515437
2026-04-30,RTX,Energy,-0.01181349318185998,0.013439496955288538
2026-04-30,SLB,Energy,0.0007031838973101667,0.02371073564761002
2026-04-30,UNP,Energy,-0.01172630077660819,0.010871155547181068
2026-04-30,UPS,Energy,-0.011305177595890892,0.038266909910942545
2026-04-30,VLO,Energy,-0.022606725284951446,-0.0034861439238595728
2026-04-30,XOM,Energy,-0.01023781385543121,0.001248983011203117
2026-04-30,AME,Energy,-0.02131636633741374,0.02029486692878503
2026-04-30,BE,Energy,0.025268224280947882,0.04081755984651722
2026-04-30,BKR,Energy,-0.007894293624489235,0.020918872933714666
2026-04-30,CTRA,Energy,-0.01475908609158827,0.011601145455399631
2026-04-30,EMR,Energy,-0.02129026944735024,0.02521375963847347
2026-04-30,ENPH,Energy,0.027002409416561957,0.04810764855297682
2026-04-30,ETN,Energy,-0.017228289888019277,0.007650174807442421
2026-04-30,FSLR,Energy,0.04864038513005342,0.02495297234596866
2026-04-30,FTV,Energy,-0.012711191245911135,0.014595851927433104
2026-04-30,GNRC,Energy,0.00042427707788927904,0.03360139673563603
2026-04-30,HUBB,Energy,0.000511598955422965,0.010568537268037147
2026-04-30,MTDR,Energy,-0.017023928747418537,-0.005071978797763433
2026-04-30,PH,Energy,-0.029898180106399108,0.021457113660643505
2026-04-30,PLUG,Energy,-0.006389846202502492,0.04647566503153852
2026-04-30,PR,Energy,0.022201643089915235,0.00561835776180996
2026-04-30,ROK,Energy,-0.0036194051822491247,0.02916522176536284
2026-04-30,ROP,Energy,0.009610787986734426,0.014926562519753921
2026-04-30,SM,Energy,-0.018047095098261634,-0.018277763950298488
2026-04-30,VRSK,Energy,-0.01832080211487519,0.008979191302898547
2026-04-30,WMB,Energy,-0.010090376984682403,0.00595188469249886
2026-04-30,XYL,Energy,-0.023612058472049835,0.013396814989349089
