date,ticker,sector,actual,predicted
2022-06-30,AMZN,Consumer,0.27059597129750057,0.041290296033554025
2022-06-30,AZO,Consumer,-0.005458152159836471,-0.05168982850870236
2022-06-30,BKNG,Consumer,0.10674707768164415,0.01919850370187832
2022-06-30,CMG,Consumer,0.19656380778129523,0.0007089728764376286
2022-06-30,COST,Consumer,0.1313518157086726,0.024936789206688674
2022-06-30,DG,Consumer,0.014455573469368321,-0.045447582263779186
2022-06-30,DLTR,Consumer,0.06102017410586047,0.023181451534474075
2022-06-30,DRI,Consumer,0.11204181703429184,-0.042258335276271
2022-06-30,EBAY,Consumer,0.16702680795578773,0.003486957028107078
2022-06-30,HD,Consumer,0.09723997745121626,-0.1384152753571893
2022-06-30,HLT,Consumer,0.14922833259752788,-0.012500709594091398
2022-06-30,KR,Consumer,-0.018804134494367575,-0.01725275317153549
2022-06-30,LOW,Consumer,0.10275709709760283,-0.0713818356880056
2022-06-30,LULU,Consumer,0.13902654506652046,-0.07267979083698954
2022-06-30,MAR,Consumer,0.1677082259605842,-0.04139310965337316
2022-06-30,MCD,Consumer,0.06679346403485331,0.022723558751343454
2022-06-30,MGM,Consumer,0.13056992005288515,-0.08561211753563405
2022-06-30,NKE,Consumer,0.12446202663325878,-0.07062897568403807
2022-06-30,ORLY,Consumer,0.11369822094510118,-0.009971217243907553
2022-06-30,ROST,Consumer,0.15705505142823006,-0.10034781268830459
2022-06-30,SBUX,Consumer,0.10983143723963962,-0.12929118433955525
2022-06-30,TGT,Consumer,0.15683641722613384,-0.05966598130246166
2022-06-30,TJX,Consumer,0.09507588835845926,-0.1281882295259553
2022-06-30,WMT,Consumer,0.0861162640777251,-0.03015665047219202
2022-06-30,YUM,Consumer,0.07955250892442112,-0.026807399209951344
2022-06-30,BBY,Consumer,0.18100958241096676,-0.13053995426327167
2022-06-30,CCL,Consumer,0.04739895494773849,-0.13857218921618433
2022-06-30,CHDN,Consumer,0.09538974422776447,-0.06245327471904814
2022-06-30,CMCSA,Consumer,-0.0373816971630101,-0.12977791924623036
2022-06-30,CZR,Consumer,0.19295037955242544,-0.16084359634200307
2022-06-30,DIS,Consumer,0.12394056509812623,0.029913151309427292
2022-06-30,DKNG,Consumer,0.17652094708439625,0.04005820884491323
2022-06-30,F,Consumer,0.31985642925296065,-0.1490396131166734
2022-06-30,FOX,Consumer,0.04040401019825768,-0.0160055275712011
2022-06-30,GM,Consumer,0.14168796294447672,-0.05227269911316105
2022-06-30,GRMN,Consumer,-0.0064119843834712364,-0.027240848677033982
2022-06-30,H,Consumer,0.11960506364807699,-0.05641247367430536
2022-06-30,IHG,Consumer,0.11581860498506091,-0.04950133995756755
2022-06-30,LVS,Consumer,0.12206013298950635,-0.03127680503088162
2022-06-30,NCLH,Consumer,0.09262587622044793,-0.1192690471127634
2022-06-30,NFLX,Consumer,0.28609826723256315,-0.13617691003441593
2022-06-30,PENN,Consumer,0.13576591552953587,-0.05437081980734051
2022-06-30,POOL,Consumer,0.018421082052657134,-0.06603533770212651
2022-06-30,RCL,Consumer,0.10885154106088102,-0.08601975442383533
2022-06-30,SIRI,Consumer,0.08972290977283559,0.014368628615293174
2022-06-30,TSLA,Consumer,0.32376526434081954,-0.054603076051808475
2022-06-30,WBD,Consumer,0.11773471793767576,-0.10263440236255025
2022-06-30,WYNN,Consumer,0.11407512492957461,-0.1277748676918392
2022-06-30,APA,Energy,0.06886057746911178,0.08186313713669685
2022-06-30,BA,Energy,0.16522817536714518,0.0837908191809255
2022-06-30,CAT,Energy,0.1167530457356043,0.01036999922790882
2022-06-30,COP,Energy,0.08484556411279098,0.0783946761625528
2022-06-30,CVX,Energy,0.13123362640942848,0.023255217973401906
2022-06-30,DE,Energy,0.14595766751759975,0.011619276521817769
2022-06-30,DVN,Energy,0.14044628928966163,0.0810008976983654
2022-06-30,EOG,Energy,0.014719792120200692,0.08640698239371158
2022-06-30,FDX,Energy,0.02814169313489634,0.0540697626351474
2022-06-30,GD,Energy,0.024497208511557123,0.006931333662116067
2022-06-30,GE,Energy,0.16082932950512996,0.021983407589688236
2022-06-30,HAL,Energy,-0.06568880758077611,0.08722066961349587
2022-06-30,HON,Energy,0.10730118502524366,0.008490464552393998
2022-06-30,LMT,Energy,-0.037561561626559326,0.014879074956866342
2022-06-30,MMM,Energy,0.10686961926358274,0.016689535418925
2022-06-30,MPC,Energy,0.1149499635760598,0.034769100088246144
2022-06-30,NOC,Energy,0.0006895677381446585,0.013574036161440536
2022-06-30,OXY,Energy,0.11667789514869131,0.0694298109170347
2022-06-30,PSX,Energy,0.0854981159805166,0.06644075408131003
2022-06-30,RTX,Energy,-0.030173643830561647,0.004521179727721746
2022-06-30,SLB,Energy,0.03551448187397055,0.08264833713171493
2022-06-30,UNP,Energy,0.06573521255373027,0.014516026470983384
2022-06-30,UPS,Energy,0.06765644957223449,0.010957122569461117
2022-06-30,VLO,Energy,0.042246559062194766,0.06789194489202723
2022-06-30,XOM,Energy,0.1318308212585515,0.023255217973401906
2022-06-30,AME,Energy,0.12385130031324554,0.0026311910405172043
2022-06-30,BE,Energy,0.22606057831735327,0.011182766064201344
2022-06-30,BKR,Energy,-0.11014900665250316,0.05838046250285907
2022-06-30,CTRA,Energy,0.18611884587471916,0.0810008976983654
2022-06-30,EMR,Energy,0.132386229969905,0.007131647975214491
2022-06-30,ENPH,Energy,0.45554181868598254,-0.059325737225660924
2022-06-30,ETN,Energy,0.17779185242184492,0.002392387969750841
2022-06-30,FSLR,Energy,0.45559962082590744,-0.06738122248908367
2022-06-30,FTV,Energy,0.18517855288079232,0.007005069632123523
2022-06-30,GNRC,Energy,0.2741000354260703,0.019374802038388848
2022-06-30,HUBB,Energy,0.22645326788225617,0.01248274444506065
2022-06-30,MTDR,Energy,0.24018005658741237,0.08593994625260702
2022-06-30,PH,Energy,0.17492368865621932,0.010295347040613615
2022-06-30,PLUG,Energy,0.28786967686267495,0.011130929863451615
2022-06-30,PR,Energy,0.11371257346853758,0.06591982467761841
2022-06-30,ROK,Energy,0.2808186050400858,-0.008700360807823222
2022-06-30,ROP,Energy,0.10817173670414504,0.006931333662116067
2022-06-30,SM,Energy,0.20737052438352577,0.08438666180666828
2022-06-30,VRSK,Energy,0.09913909105351992,0.01989631110387488
2022-06-30,WMB,Energy,0.09227830961682337,0.04225393633529926
2022-06-30,XYL,Energy,0.17715547679551302,-0.05158349043567638
2022-06-30,AXP,Financials,0.11109515933574965,0.01131816438547568
2022-06-30,BAC,Financials,0.08609082320347805,0.006980461477956519
2022-06-30,BK,Financials,0.05089901420622733,0.012778302368306672
2022-06-30,BLK,Financials,0.09874550224471546,0.008812308371451182
2022-06-30,C,Financials,0.13963424381868417,-0.029320981359221406
2022-06-30,CFG,Financials,0.06388328832442913,-0.04544006104792555
2022-06-30,CME,Financials,-0.02550062308008383,0.00015480170117136813
2022-06-30,COF,Financials,0.05413176553078691,-0.02141832099501776
2022-06-30,FITB,Financials,0.015476245659589827,-0.03874730014257293
2022-06-30,GS,Financials,0.12244978865066791,0.026791535386992384
2022-06-30,HBAN,Financials,0.10473807451341766,0.001506289119566008
2022-06-30,ICE,Financials,0.08453855481174744,-0.03250650600160146
2022-06-30,JPM,Financials,0.03348233630339692,0.0021158930464964267
2022-06-30,KEY,Financials,0.06210106218789613,-0.00517340193788694
2022-06-30,MCO,Financials,0.14075109927859253,-0.015597792923584493
2022-06-30,MS,Financials,0.11884458691518307,0.008897590740722789
2022-06-30,MTB,Financials,0.11330697531700373,-0.023532415918722977
2022-06-30,PNC,Financials,0.061724346443210676,0.011068369222811557
2022-06-30,RF,Financials,0.1296001543895693,-0.04941077370120747
2022-06-30,SCHW,Financials,0.0929094566933053,0.020089134420858436
2022-06-30,SPGI,Financials,0.11828768166050518,-0.014123017067759518
2022-06-30,STT,Financials,0.15231137885849444,0.02054099683112571
2022-06-30,TFC,Financials,0.06409434788121926,0.007181082024222585
2022-06-30,USB,Financials,0.02564116754924206,-0.025462960901668618
2022-06-30,WFC,Financials,0.11998975847352766,-0.016088034835303005
2022-06-30,AFL,Financials,0.03560436680286405,0.010441940549362495
2022-06-30,AJG,Financials,0.0978292115351731,0.009059235784084674
2022-06-30,ALL,Financials,-0.07701389383983559,0.020051634858732688
2022-06-30,AMTD,Financials,0.5172414312842719,-0.06743170608149589
2022-06-30,AON,Financials,0.08127369127308937,-0.032749285814313585
2022-06-30,CB,Financials,-0.04039042040295082,0.012362148518447068
2022-06-30,FDS,Financials,0.11729979434349302,0.007497317506947902
2022-06-30,FNF,Financials,0.0811686982866835,0.025940837806028905
2022-06-30,GL,Financials,0.035656257059825114,0.023282648940723846
2022-06-30,HIG,Financials,-0.01467207603672882,-0.004690199518279129
2022-06-30,IBKR,Financials,0.06689693540803998,0.0291753311857338
2022-06-30,LPLA,Financials,0.13790098080607427,-0.048740674424795974
2022-06-30,MET,Financials,0.007326054251451497,0.0009931114008550242
2022-06-30,MSCI,Financials,0.16787583879740486,0.011311945193534498
2022-06-30,NDAQ,Financials,0.18591836320188415,0.008154350926793046
2022-06-30,PGR,Financials,-0.009561455385229345,0.022881602924765723
2022-06-30,PRU,Financials,0.04504598160582174,-0.004877465435951422
2022-06-30,RJF,Financials,0.10133091638163427,-0.008556224201352589
2022-06-30,SEIC,Financials,0.024805686104270475,0.009662901676209616
2022-06-30,SF,Financials,0.06765439667652662,0.0033044284857213064
2022-06-30,SYF,Financials,0.22076180269688161,-0.039303012261583586
2022-06-30,TRV,Financials,-0.0616683662976496,0.02024196462223515
2022-06-30,UNM,Financials,-0.044243052028601015,0.022419081103754002
2022-06-30,WTW,Financials,0.04838169646481605,0.01385064279232912
2022-06-30,ABBV,Healthcare,-0.05424164672544263,0.038192997630261676
2022-06-30,ABT,Healthcare,0.006201399966631271,-0.031972663282306496
2022-06-30,AMGN,Healthcare,0.017139125827429824,-0.0038273495281743283
2022-06-30,BAX,Healthcare,-0.08671962623841156,0.016523446973854494
2022-06-30,BIIB,Healthcare,0.0545258163384712,0.05159713829089004
2022-06-30,BMY,Healthcare,-0.04181833122747469,-0.01082830843667635
2022-06-30,BSX,Healthcare,0.10142202127366673,-0.009282188617893882
2022-06-30,CI,Healthcare,0.04493027289904905,-0.01775273224901626
2022-06-30,CVS,Healthcare,0.038595770986483036,-0.01154502729119946
2022-06-30,DHR,Healthcare,0.1496922747310967,-0.08262905650092486
2022-06-30,EW,Healthcare,0.05731417380931214,-0.008230541408992263
2022-06-30,GILD,Healthcare,-0.03332801597570556,-0.013856784844724008
2022-06-30,HUM,Healthcare,0.029760519277324482,0.02581263078581044
2022-06-30,ISRG,Healthcare,0.1467788872982121,-0.056533556788268026
2022-06-30,JNJ,Healthcare,-0.016844290859239663,0.01562650235251218
2022-06-30,LLY,Healthcare,0.016839943414868497,0.056169062628789304
2022-06-30,MDT,Healthcare,0.0308633324894374,0.012219535528753777
2022-06-30,MRK,Healthcare,-0.020072401549265706,0.009279557673274874
2022-06-30,PFE,Healthcare,-0.029145078647054623,0.023207324709730134
2022-06-30,REGN,Healthcare,-0.015969507126964766,-0.0031916818169189895
2022-06-30,SYK,Healthcare,0.07952559104865786,0.009236424943367936
2022-06-30,TMO,Healthcare,0.10147619331040136,-0.060248075575461434
2022-06-30,UNH,Healthcare,0.055896182194009825,0.0014269142921698476
2022-06-30,VRTX,Healthcare,-0.004897281099278228,0.03470260880259698
2022-06-30,ZBH,Healthcare,0.050733027890973004,0.017124984854052484
2022-06-30,A,Healthcare,0.13107285413824155,-0.04354787801421591
2022-06-30,ACAD,Healthcare,0.042583351405089065,-0.024771650515659445
2022-06-30,ALGN,Healthcare,0.18718047658974735,-0.04783988345529963
2022-06-30,ALKS,Healthcare,-0.14065123884818942,-0.063662883884441
2022-06-30,BDX,Healthcare,-0.0090049543911902,-0.02094939349115274
2022-06-30,DGX,Healthcare,0.03198006711674983,-0.010858205069862145
2022-06-30,DXCM,Healthcare,0.10130153193904357,-0.010001286488723263
2022-06-30,FOLD,Healthcare,-0.07262567500874206,0.004522202431456056
2022-06-30,HOLX,Healthcare,0.030014345022563393,-0.003685602063622212
2022-06-30,IDXX,Healthcare,0.13814039338464745,-0.06427593381927618
2022-06-30,INSP,Healthcare,0.14408500349289022,-0.03661480382114342
2022-06-30,IQV,Healthcare,0.10728604170679312,-0.03969971099424094
2022-06-30,MASI,Healthcare,0.10645139555389682,0.0029919506013399147
2022-06-30,MTD,Healthcare,0.17493489342584057,-0.002276132207205032
2022-06-30,NBIX,Healthcare,-0.034366085229287635,0.021232299063244985
2022-06-30,NTRA,Healthcare,0.3261851529694739,-0.038031759016719235
2022-06-30,NVCR,Healthcare,-0.02172664944216507,-0.006640010877144082
2022-06-30,PODD,Healthcare,0.1370101875555383,-0.02671804661500881
2022-06-30,RARE,Healthcare,-0.10693934100625013,0.0037852860490538757
2022-06-30,RMD,Healthcare,0.14735464582954894,-0.06072488832165559
2022-06-30,WAT,Healthcare,0.09985493593549366,-0.020900793916888285
2022-06-30,AAPL,Technology,0.18863360695043863,-0.009300348982810954
2022-06-30,ADBE,Technology,0.12036277619092006,0.0027763353144745744
2022-06-30,AMAT,Technology,0.16487140539587442,-0.1084518310918741
2022-06-30,AMD,Technology,0.23538642229191908,-0.09745905472641758
2022-06-30,AVGO,Technology,0.10224170328780646,-0.037086976549461685
2022-06-30,CDNS,Technology,0.2402852985741173,-0.03930416578022355
2022-06-30,CRM,Technology,0.1150025784363915,0.0008893286420040682
2022-06-30,CRWD,Technology,0.0892264402157088,-0.013784054973443736
2022-06-30,FTNT,Technology,0.05425944848837405,0.027921484329430216
2022-06-30,GOOGL,Technology,0.06751847027206082,-0.06530822644967146
2022-06-30,INTC,Technology,-0.02940377910482528,-0.054846688908662344
2022-06-30,INTU,Technology,0.1854668057895017,-0.01107190953018004
2022-06-30,KLAC,Technology,0.20201853580231077,-0.024280826060423866
2022-06-30,LRCX,Technology,0.1744925787123699,-0.04215800714597001
2022-06-30,META,Technology,-0.013333117159630148,-0.021360155178994304
2022-06-30,MSFT,Technology,0.09309641287285975,-0.07413094049311628
2022-06-30,MU,Technology,0.12122155125924028,-0.06136856020003765
2022-06-30,NET,Technology,0.15017142159598218,-0.00909879805382826
2022-06-30,NOW,Technology,-0.06069140909316628,-0.005185743783110339
2022-06-30,NVDA,Technology,0.19816592891468532,-0.014128241339120226
2022-06-30,ORCL,Technology,0.11905118775936474,-0.004362910357879219
2022-06-30,PANW,Technology,0.01044662031138377,-0.02609864523433168
2022-06-30,QCOM,Technology,0.13558795025272996,-0.016945185622203773
2022-06-30,SNPS,Technology,0.21007568399265164,-0.032442688762370456
2022-06-30,TXN,Technology,0.17193792159843246,-0.015525505793784242
2022-06-30,ACN,Technology,0.10696693787265188,-0.032413587099764066
2022-06-30,ADI,Technology,0.17708254427138792,-0.031254332771224407
2022-06-30,ANET,Technology,0.24418604556524537,-0.06835031544362187
2022-06-30,CGNX,Technology,0.19896532207813356,-0.0824627098103916
2022-06-30,COHU,Technology,0.02990990716057862,-0.07809848953068557
2022-06-30,CSCO,Technology,0.07360090187441126,-0.059128634834000264
2022-06-30,DELL,Technology,-0.017327207224479113,0.0127156128517895
2022-06-30,ENTG,Technology,0.19287957866676053,-0.08924438705425335
2022-06-30,FORM,Technology,-0.08184864979118645,-0.027221464122547948
2022-06-30,HPQ,Technology,0.018609034637506516,0.004096230614483892
2022-06-30,IBM,Technology,-0.0736595951371124,0.015596375547447585
2022-06-30,IPGP,Technology,0.13226394285467435,0.005888821797235499
2022-06-30,KEYS,Technology,0.1795429735520977,-0.062737708654707
2022-06-30,MCHP,Technology,0.1856060720113637,-0.040745023580966086
2022-06-30,MKSI,Technology,0.1517100261063733,-0.08069187128884285
2022-06-30,MPWR,Technology,0.21008258030335858,-0.007230205641765725
2022-06-30,MRVL,Technology,0.2808717914157499,-0.06447010801730582
2022-06-30,NXPI,Technology,0.24218075415728713,-0.014419255794272862
2022-06-30,ONTO,Technology,0.19371956624691866,-0.012169443600963878
2022-06-30,QRVO,Technology,0.10337150160672692,-0.13152162532367337
2022-06-30,STX,Technology,0.1195406639830996,-0.06497825449730224
2022-06-30,SWKS,Technology,0.17530194474015937,-0.03856991115836644
2022-06-30,TER,Technology,0.12663315878414494,-0.04711843148003043
2022-06-30,VRSN,Technology,0.13046070257033482,-0.05184564339649551
2022-06-30,WDC,Technology,0.09524873934378042,-0.06680560425755494
2022-07-31,AMZN,Consumer,-0.06061504624052039,-0.044334613865933584
2022-07-31,AZO,Consumer,-0.008505669323015441,0.004126233835256555
2022-07-31,BKNG,Consumer,-0.03093466997521399,-0.04693177394279307
2022-07-31,CMG,Consumer,0.020828267905277142,0.0635971536360527
2022-07-31,COST,Consumer,-0.03547016924863111,-0.024536769753942884
2022-07-31,DG,Consumer,-0.04431826321418686,0.03345546377088771
2022-07-31,DLTR,Consumer,-0.1794872268082971,0.0061132525638095386
2022-07-31,DRI,Consumer,-0.006265572978904843,-0.030114401027236008
2022-07-31,EBAY,Consumer,-0.08802188418928791,0.02458598913617196
2022-07-31,HD,Consumer,-0.03534968801682947,-0.010410774685143754
2022-07-31,HLT,Consumer,-0.00442355344949763,-0.03543238764874087
2022-07-31,KR,Consumer,0.03801895932130939,0.05518577050200673
2022-07-31,LOW,Consumer,0.013627172876814475,0.004233540126487234
2022-07-31,LULU,Consumer,-0.033976419370538524,0.05560191819364906
2022-07-31,MAR,Consumer,-0.030235709511224118,-0.0776342201028896
2022-07-31,MCD,Consumer,-0.03686473201420537,-0.0050412807334050775
2022-07-31,MGM,Consumer,-0.0027497814303200085,0.018939587926032442
2022-07-31,NKE,Consumer,-0.07370357801614091,0.11516301216496697
2022-07-31,ORLY,Consumer,-0.009195660486888357,0.006877774979357057
2022-07-31,ROST,Consumer,0.06165396737463458,-0.08951330874719522
2022-07-31,SBUX,Consumer,-0.002724570950270788,0.13198609652690246
2022-07-31,TGT,Consumer,-0.0124556963743232,0.020792149660317883
2022-07-31,TJX,Consumer,0.02427653046161904,-0.03581461831899682
2022-07-31,WMT,Consumer,0.008158324418670038,0.02635888888388686
2022-07-31,YUM,Consumer,-0.08776368350595665,-0.04897069104901047
2022-07-31,BBY,Consumer,-0.08182886489474572,-0.1499488134189862
2022-07-31,CCL,Consumer,0.044150054349509915,0.1185694222860725
2022-07-31,CHDN,Consumer,-0.06058155474063798,-0.04103811162869286
2022-07-31,CMCSA,Consumer,-0.035447775451958985,0.044073669198954814
2022-07-31,CZR,Consumer,-0.056248627097175596,0.015025634749792594
2022-07-31,DIS,Consumer,0.05636200135160818,0.04883138526408612
2022-07-31,DKNG,Consumer,0.16970138393220568,0.05662857661188584
2022-07-31,F,Consumer,0.04778727840189023,-0.019043574917159148
2022-07-31,FOX,Consumer,0.03142767630761334,-0.0015769124576421772
2022-07-31,GM,Consumer,0.056183818035638655,0.05315741607243801
2022-07-31,GRMN,Consumer,-0.093526263593114,0.029468186914938455
2022-07-31,H,Consumer,0.08302111949691282,-0.00784086995213393
2022-07-31,IHG,Consumer,-0.0882109849704904,0.01747812427937768
2022-07-31,LVS,Consumer,-0.0015917477759258558,-0.01945164581499163
2022-07-31,NCLH,Consumer,0.07654323739709534,0.016814555266060446
2022-07-31,NFLX,Consumer,-0.005958153499925456,-0.06947526407326789
2022-07-31,PENN,Consumer,-0.09609261268124647,0.08593984887614944
2022-07-31,POOL,Consumer,-0.04917688643146423,0.17944083430012664
2022-07-31,RCL,Consumer,0.0552827598777037,0.07160202763563547
2022-07-31,SIRI,Consumer,-0.0853291079620001,0.03885713211439222
2022-07-31,TSLA,Consumer,-0.07248867234513756,0.12970636331843152
2022-07-31,WBD,Consumer,-0.11733334859212241,-0.1638807708095227
2022-07-31,WYNN,Consumer,-0.04552601297036274,0.11846865560994653
2022-07-31,APA,Energy,0.05219276029522346,0.0856014253527761
2022-07-31,BA,Energy,0.005900461087261721,0.0011720387871010539
2022-07-31,CAT,Energy,-0.06829740934704753,0.04939576779375375
2022-07-31,COP,Energy,0.12842262289934325,0.08122888888105773
2022-07-31,CVX,Energy,-0.02615612133302858,0.05017806382563318
2022-07-31,DE,Energy,0.06431035633042281,0.047749634899896
2022-07-31,DVN,Energy,0.12362772384590803,0.0848901203106884
2022-07-31,EOG,Energy,0.09063102472770379,0.08122888888105773
2022-07-31,FDX,Energy,-0.09558545135317065,0.007264260507998654
2022-07-31,GD,Energy,0.009970530862908333,0.01559831077048893
2022-07-31,GE,Energy,-0.006359099812648816,0.06860997030204133
2022-07-31,HAL,Energy,0.02832760335302953,0.08122888888105773
2022-07-31,HON,Energy,-0.011246335938614904,0.01719448522303645
2022-07-31,LMT,Energy,0.02195567537362053,0.016056690270758723
2022-07-31,MMM,Energy,-0.12296745448585933,0.011123270025409839
2022-07-31,MPC,Energy,0.10586649337395881,0.05017806382563318
2022-07-31,NOC,Energy,0.001603889671015546,0.013400875495909258
2022-07-31,OXY,Energy,0.07984787693646211,0.18120536133893905
2022-07-31,PSX,Energy,0.01619934603276918,0.08454095667870846
2022-07-31,RTX,Energy,-0.0315129862134963,0.012928426717971933
2022-07-31,SLB,Energy,0.030245863563036934,0.07836901563000397
2022-07-31,UNP,Energy,-0.006718559174506034,0.015538207801779998
2022-07-31,UPS,Energy,0.005526671417981577,0.019404211296528334
2022-07-31,VLO,Energy,0.0665770050849741,0.09271611354481417
2022-07-31,XOM,Energy,-0.004242458544425731,0.025738174640115505
2022-07-31,AME,Energy,-0.02704469964976397,0.009480592246874881
2022-07-31,BE,Energy,0.25605538420111884,0.09532886330704923
2022-07-31,BKR,Energy,-0.00932638479550063,0.07099315950358952
2022-07-31,CTRA,Energy,0.03336193558591982,0.07663375112013736
2022-07-31,EMR,Energy,-0.08711314365914147,0.01743788329152892
2022-07-31,ENPH,Energy,0.007952740600579267,0.06587857164000475
2022-07-31,ETN,Energy,-0.07416177854706829,0.007834459353017112
2022-07-31,FSLR,Energy,0.2861753091339634,0.021081446151654654
2022-07-31,FTV,Energy,-0.016305516013027654,0.012319840700032548
2022-07-31,GNRC,Energy,-0.1784941718589016,0.09888681202597957
2022-07-31,HUBB,Energy,-0.053374054811244576,0.013477808790380495
2022-07-31,MTDR,Energy,0.03325986234547984,0.12638542122035798
2022-07-31,PH,Energy,-0.07914148733024529,0.010883327072240209
2022-07-31,PLUG,Energy,0.3139644196360021,0.013090964639099619
2022-07-31,PR,Energy,0.23573555436225835,0.1288388515733552
2022-07-31,ROK,Energy,-0.06771410250051102,-0.031879321689016554
2022-07-31,ROP,Energy,-0.0780683452233284,0.011499173315070093
2022-07-31,SM,Energy,0.06758737135927873,0.12952886909022313
2022-07-31,VRSK,Energy,-0.016241756758190062,0.011579516247837486
2022-07-31,WMB,Energy,-0.0017600131741822844,0.047148425269143666
2022-07-31,XYL,Energy,-0.006843897593304948,-0.00045986797716323453
2022-07-31,AXP,Financials,-0.013115303643808751,0.053351008639683825
2022-07-31,BAC,Financials,-0.00591573709981108,0.03705691851738658
2022-07-31,BK,Financials,-0.044408555163363395,0.0526067264706896
2022-07-31,BLK,Financials,-0.004169274171633597,0.046441608192971745
2022-07-31,C,Financials,-0.059537566881004644,0.05944005758170969
2022-07-31,CFG,Financials,-0.02316902094868234,0.03147722804451853
2022-07-31,CME,Financials,-0.019400413489133128,0.017125421394310378
2022-07-31,COF,Financials,-0.03107211810525612,0.049789908667681335
2022-07-31,FITB,Financials,0.0008792040254681499,0.038457213290467133
2022-07-31,GS,Financials,0.005373831728680223,0.062101551080215416
2022-07-31,HBAN,Financials,0.008276987305842365,0.048548416514682155
2022-07-31,ICE,Financials,-0.011177683556623408,0.05357051644322508
2022-07-31,JPM,Financials,-0.014129845552947273,0.07108128741331925
2022-07-31,KEY,Financials,-0.022996144090899784,0.03947310066016466
2022-07-31,MCO,Financials,-0.08093253599545891,0.06236912244584455
2022-07-31,MS,Financials,0.010913089307129198,0.053549248954867214
2022-07-31,MTB,Financials,0.031171131789584416,0.019787201350999536
2022-07-31,PNC,Financials,-0.047848616840247216,0.047686721963499164
2022-07-31,RF,Financials,0.02313501050433775,0.009516912114437405
2022-07-31,SCHW,Financials,0.030758297869365903,-0.012552012782282978
2022-07-31,SPGI,Financials,-0.0635434871558983,0.05791271220470177
2022-07-31,STT,Financials,-0.037866068491306026,0.04127663962440967
2022-07-31,TFC,Financials,-0.06234479998463793,0.05160478380836378
2022-07-31,USB,Financials,-0.033686344809723434,0.047435959815816296
2022-07-31,WFC,Financials,0.00320998770958858,0.02283010296801104
2022-07-31,AFL,Financials,0.04370909751125818,0.020724451394301145
2022-07-31,AJG,Financials,0.014414123724919348,-0.010271367877864623
2022-07-31,ALL,Financials,0.03728390752891486,0.01508623448126264
2022-07-31,AMTD,Financials,0.011363625074878314,0.02076761904202841
2022-07-31,AON,Financials,-0.04047574107490193,0.007130626954578761
2022-07-31,CB,Financials,0.00217341429674911,0.009194437428805031
2022-07-31,FDS,Financials,0.01055591325377514,0.025837959693933033
2022-07-31,FNF,Financials,-0.021521437821273803,0.05741475304252835
2022-07-31,GL,Financials,-0.03514358462186318,-0.005425347173018574
2022-07-31,HIG,Financials,0.003456994558231452,-0.0048321760076258016
2022-07-31,IBKR,Financials,0.051142653710478214,0.05204589783571302
2022-07-31,LPLA,Financials,0.0555214294747195,-0.005370291165729275
2022-07-31,MET,Financials,0.02517289342767537,0.03528967806412198
2022-07-31,MSCI,Financials,-0.06440506448522054,0.053301279202705526
2022-07-31,NDAQ,Financials,-0.012769457634085435,0.04835414017499223
2022-07-31,PGR,Financials,0.0659658163083856,-0.0163611048245312
2022-07-31,PRU,Financials,-0.031160520466905317,0.016096268788133115
2022-07-31,RJF,Financials,0.05991672104250978,0.0028941529825625384
2022-07-31,SEIC,Financials,-0.011921868875251707,0.004182074119387077
2022-07-31,SF,Financials,-0.0033659842906315074,0.02816539603280673
2022-07-31,SYF,Financials,-0.021804082453314777,0.02059540097585869
2022-07-31,TRV,Financials,0.01852535716398429,0.011908231443487708
2022-07-31,UNM,Financials,0.17583120599288127,0.000766354822953006
2022-07-31,WTW,Financials,-0.0005317114868111927,0.02299821654202746
2022-07-31,ABBV,Healthcare,-0.06306170351686446,0.004454612913026758
2022-07-31,ABT,Healthcare,-0.05687253462055142,0.01828380135024217
2022-07-31,AMGN,Healthcare,-0.021474170901851553,-0.013785362276924049
2022-07-31,BAX,Healthcare,-0.020457057992666505,0.01834288806523674
2022-07-31,BIIB,Healthcare,-0.09150931321116273,0.025779992377413456
2022-07-31,BMY,Healthcare,-0.08633757641974382,-0.036724471901137194
2022-07-31,BSX,Healthcare,-0.018026744884844015,-0.004038444718103956
2022-07-31,CI,Healthcare,0.02937959209905494,0.0022288742769228805
2022-07-31,CVS,Healthcare,0.02581508511362518,0.0022390331931804773
2022-07-31,DHR,Healthcare,-0.07396984943981133,0.023553582083684865
2022-07-31,EW,Healthcare,-0.10383929129041714,-0.0004682019552089007
2022-07-31,GILD,Healthcare,0.06225938143201737,0.004970715015422529
2022-07-31,HUM,Healthcare,-0.0004564221699285831,0.008460747395018235
2022-07-31,ISRG,Healthcare,-0.10613890980634921,-0.03188091746521957
2022-07-31,JNJ,Healthcare,-0.0693098035443177,-0.008330972965493254
2022-07-31,LLY,Healthcare,-0.08334049757676631,0.02784368366722207
2022-07-31,MDT,Healthcare,-0.04971883125698351,0.003871301237752093
2022-07-31,MRK,Healthcare,-0.04454875397713176,-0.029454654801747294
2022-07-31,PFE,Healthcare,-0.10453373991510606,-0.01880327094700537
2022-07-31,REGN,Healthcare,-0.0010830874827918446,-0.0019267833117747966
2022-07-31,SYK,Healthcare,-0.04447036873854959,-0.003396438472165552
2022-07-31,TMO,Healthcare,-0.0887183894391399,0.006076319692033984
2022-07-31,UNH,Healthcare,-0.04242730661474292,-0.018793613789020166
2022-07-31,VRTX,Healthcare,0.004814400648638584,0.020911776836487678
2022-07-31,ZBH,Healthcare,-0.036869373314083576,-0.0014052656688078372
2022-07-31,A,Healthcare,-0.0436243373276648,0.00722066097213736
2022-07-31,ACAD,Healthcare,0.11844797648027439,-0.005551145459550983
2022-07-31,ALGN,Healthcare,-0.13264762825403975,-0.06712208321820654
2022-07-31,ALKS,Healthcare,-0.07539063579752092,-0.05293478952889372
2022-07-31,BDX,Healthcare,0.03319557043656007,-0.004441325483839703
2022-07-31,DGX,Healthcare,-0.08244871428757172,0.008109368391511116
2022-07-31,DXCM,Healthcare,0.0015837871651798174,0.004380302598027663
2022-07-31,FOLD,Healthcare,0.12750998988205176,0.012615900194502549
2022-07-31,HOLX,Healthcare,-0.05351638892983146,-0.008623688321686333
2022-07-31,IDXX,Healthcare,-0.12916478406890342,-0.06843319399736868
2022-07-31,INSP,Healthcare,-0.08373606172555659,-0.046044849280011194
2022-07-31,IQV,Healthcare,-0.11491239072457182,0.02133218661421516
2022-07-31,MASI,Healthcare,0.01597729650946489,0.0009062085928032646
2022-07-31,MTD,Healthcare,-0.10170183778801245,-0.004914417634329231
2022-07-31,NBIX,Healthcare,0.11154786259827221,0.007417545233800028
2022-07-31,NTRA,Healthcare,0.04808507067091927,-0.0325249449549153
2022-07-31,NVCR,Healthcare,0.20797175811036972,-0.04964274989672624
2022-07-31,PODD,Healthcare,0.03095237318194588,0.01121059900638071
2022-07-31,RARE,Healthcare,-0.10491742268507731,0.01624776344442627
2022-07-31,RMD,Healthcare,-0.08394051198354036,0.01939320298415231
2022-07-31,WAT,Healthcare,-0.179737914169678,0.048546369016257966
2022-07-31,AAPL,Technology,-0.031207949715443162,-0.005626266580504299
2022-07-31,ADBE,Technology,-0.08943722108769736,0.05553227184295837
2022-07-31,AMAT,Technology,-0.11010976274716677,-0.001409131577862814
2022-07-31,AMD,Technology,-0.10161954430055886,0.08781336880865444
2022-07-31,AVGO,Technology,-0.06792047592367367,0.08737835238213446
2022-07-31,CDNS,Technology,-0.06615432844723534,0.040535604674875846
2022-07-31,CRM,Technology,-0.15161393294887404,0.14401270031187155
2022-07-31,CRWD,Technology,-0.005392186602683924,0.05553732937322962
2022-07-31,FTNT,Technology,-0.1837385183370862,-0.04578196773170768
2022-07-31,GOOGL,Technology,-0.06963539818420594,0.02436173340829271
2022-07-31,INTC,Technology,-0.11202858033562713,-0.04659785672870257
2022-07-31,INTU,Technology,-0.05346685246284133,-0.014513978292408997
2022-07-31,KLAC,Technology,-0.09961326315133734,0.0020463508103173867
2022-07-31,LRCX,Technology,-0.12507267317319004,0.06502897122690783
2022-07-31,META,Technology,0.02407276451652063,0.012331641790328703
2022-07-31,MSFT,Technology,-0.06666313149720515,0.01106497374830844
2022-07-31,MU,Technology,-0.0861623732918293,0.004407955532950659
2022-07-31,NET,Technology,0.24344197285955071,-0.0409934255664266
2022-07-31,NOW,Technology,-0.026955593870111372,-0.05382170873778538
2022-07-31,NVDA,Technology,-0.1689698681419609,0.04958262789125191
2022-07-31,ORCL,Technology,-0.04740463167536613,-0.026227548491739
2022-07-31,PANW,Technology,0.1156281121004612,-0.0011366815431415609
2022-07-31,QCOM,Technology,-0.08305381798639544,-0.007534775394171034
2022-07-31,SNPS,Technology,-0.05844900948660714,0.035377090403425425
2022-07-31,TXN,Technology,-0.07647153577971144,-0.05578064312920213
2022-07-31,ACN,Technology,-0.05812082382368011,0.025297911796139494
2022-07-31,ADI,Technology,-0.11456570006672939,-0.041437701358320665
2022-07-31,ANET,Technology,0.02786590136788125,0.023622480064249628
2022-07-31,CGNX,Technology,-0.1728539546672183,0.03831175094895394
2022-07-31,COHU,Technology,-0.061231630674303816,-0.0010840831935638143
2022-07-31,CSCO,Technology,-0.014326631466226813,0.005577741951922286
2022-07-31,DELL,Technology,-0.15024427283414887,-0.030041607568742773
2022-07-31,ENTG,Technology,-0.13588623455723603,0.017817845303760883
2022-07-31,FORM,Technology,-0.17660293712368624,-0.07568951632785204
2022-07-31,HPQ,Technology,-0.14016177658867268,-0.012089995599270166
2022-07-31,IBM,Technology,-0.005517361640909435,-0.011157314630750552
2022-07-31,IPGP,Technology,-0.1500281968329351,-0.0023194777267357357
2022-07-31,KEYS,Technology,0.007933537747295993,-0.019372984773509464
2022-07-31,MCHP,Technology,-0.048429886213718576,0.024197840602107418
2022-07-31,MKSI,Technology,-0.1557751163084411,0.06125281164777651
2022-07-31,MPWR,Technology,-0.024832157957909273,-0.07267242466895481
2022-07-31,MRVL,Technology,-0.15912350192767055,0.010425694072253312
2022-07-31,NXPI,Technology,-0.10495994063152292,-0.0064841030783331435
2022-07-31,ONTO,Technology,-0.14726729292769336,0.03232815941781203
2022-07-31,QRVO,Technology,-0.13731143420228176,-0.0899765425700923
2022-07-31,STX,Technology,-0.1627907450241619,0.010754271324745705
2022-07-31,SWKS,Technology,-0.08947177637535475,-0.022761611686015905
2022-07-31,TER,Technology,-0.16001199516936337,-0.013249732075255706
2022-07-31,VRSN,Technology,-0.0366885192372669,0.04080493234894258
2022-07-31,WDC,Technology,-0.13930750961310456,-0.026764801872399335
2022-08-31,AMZN,Consumer,-0.10862189009783763,0.04116283257317163
2022-08-31,AZO,Consumer,0.010720962586016736,0.029405062869364028
2022-08-31,BKNG,Consumer,-0.12399965486856468,0.008376594483259258
2022-08-31,CMG,Consumer,-0.0588927917919031,-0.03156527693864609
2022-08-31,COST,Consumer,-0.09544152702429609,-0.01711449657608111
2022-08-31,DG,Consumer,0.010277064552415283,0.03113452862401037
2022-08-31,DLTR,Consumer,0.003095618001233369,-0.00016296937665846126
2022-08-31,DRI,Consumer,0.02109786528325719,-0.07934353489734235
2022-08-31,EBAY,Consumer,-0.16587348114614286,0.030424679607817567
2022-08-31,HD,Consumer,-0.04327016601256417,-0.03432003416819437
2022-08-31,HLT,Consumer,-0.05292088946023299,-0.011829421457083553
2022-08-31,KR,Consumer,-0.08740115105981261,0.023537889159074357
2022-08-31,LOW,Consumer,-0.03260533767184148,-0.03532130807309146
2022-08-31,LULU,Consumer,-0.06800904946531672,-0.10491279502349056
2022-08-31,MAR,Consumer,-0.088461106171697,-0.02053426184474385
2022-08-31,MCD,Consumer,-0.08538142706067386,0.03286153168208612
2022-08-31,MGM,Consumer,-0.08937948039436061,0.01754201915028871
2022-08-31,NKE,Consumer,-0.21692102563192028,0.031137530291591945
2022-08-31,ORLY,Consumer,0.00893675683151729,-0.014703945247485585
2022-08-31,ROST,Consumer,-0.019749775071366327,0.013484619847024178
2022-08-31,SBUX,Consumer,0.0022598022813777874,-0.01865155329103096
2022-08-31,TGT,Consumer,-0.07452916202134585,0.025139103342044687
2022-08-31,TJX,Consumer,-0.003688988964245077,-0.013621858451918063
2022-08-31,WMT,Consumer,-0.02150129286994784,-0.03030247923959319
2022-08-31,YUM,Consumer,-0.044049050086760966,-0.01886372376308921
2022-08-31,BBY,Consumer,-0.09298565964506267,0.039990066395724846
2022-08-31,CCL,Consumer,-0.25687102759024893,0.0629498364482534
2022-08-31,CHDN,Consumer,-0.06565534915607862,-0.03536724561461295
2022-08-31,CMCSA,Consumer,-0.1895551476007652,0.043215386373210804
2022-08-31,CZR,Consumer,-0.25185530796294187,-0.08771874953022735
2022-08-31,DIS,Consumer,-0.15836900409933952,0.030862225473328484
2022-08-31,DKNG,Consumer,-0.057285127846400274,-0.08774270308894448
2022-08-31,F,Consumer,-0.2650919197608472,0.08552867092836958
2022-08-31,FOX,Consumer,-0.0986718192914744,-0.02927166294511951
2022-08-31,GM,Consumer,-0.16016732750766705,0.010462981090867378
2022-08-31,GRMN,Consumer,-0.08491694132437089,0.10072489897082576
2022-08-31,H,Consumer,-0.09663020438075332,-0.020846496040293802
2022-08-31,IHG,Consumer,-0.10890721420176686,-0.031434329545167165
2022-08-31,LVS,Consumer,-0.002923214522639661,-0.03833324392844687
2022-08-31,NCLH,Consumer,-0.13149849213007248,-0.10805084973335846
2022-08-31,NFLX,Consumer,0.05314008219276478,0.04866914656165152
2022-08-31,PENN,Consumer,-0.11911621414926565,-0.05440648727516934
2022-08-31,POOL,Consumer,-0.061853265184235506,0.026065665694272832
2022-08-31,RCL,Consumer,-0.07221522197883246,0.01088162987164826
2022-08-31,SIRI,Consumer,-0.06239736822114894,0.029200217284929907
2022-08-31,TSLA,Consumer,-0.03758929611475259,0.1048568792458686
2022-08-31,WBD,Consumer,-0.1314199245617672,-0.052073364816538126
2022-08-31,WYNN,Consumer,0.040270515788786376,0.024129266078104415
2022-08-31,APA,Energy,-0.12579917778984306,0.08940725317085886
2022-08-31,BA,Energy,-0.24443056579685063,0.05444542366290657
2022-08-31,CAT,Energy,-0.11168862196286733,0.10823661484327
2022-08-31,COP,Energy,-0.05151554884475795,0.10475277841066376
2022-08-31,CVX,Energy,-0.09104121813215826,0.10732210902497645
2022-08-31,DE,Energy,-0.0828628210690675,0.10529449608682331
2022-08-31,DVN,Energy,-0.12894884385521888,0.08747252907202395
2022-08-31,EOG,Energy,-0.06751497996214151,0.10611585156397728
2022-08-31,FDX,Energy,-0.29185337007765266,0.10281632605909524
2022-08-31,GD,Energy,-0.07321011881322947,0.10732210902497645
2022-08-31,GE,Energy,-0.15595304045786995,0.05208086083183913
2022-08-31,HAL,Energy,-0.17959362445675453,0.10732210902497645
2022-08-31,HON,Energy,-0.11819371398629341,0.11664507001603999
2022-08-31,LMT,Energy,-0.08050287447050486,0.09877911738163533
2022-08-31,MMM,Energy,-0.11137912389221027,0.1422050114367385
2022-08-31,MPC,Energy,-0.014094367999997415,0.10732210902497645
2022-08-31,NOC,Energy,-0.016046187028844527,0.10503251549360026
2022-08-31,OXY,Energy,-0.13276215796467683,0.08747252907202395
2022-08-31,PSX,Energy,-0.09769698692466366,0.1052876241674694
2022-08-31,RTX,Energy,-0.08791080387503702,0.09877911738163533
2022-08-31,SLB,Energy,-0.05463198034739225,0.10153458649502757
2022-08-31,UNP,Energy,-0.13224371447203664,0.10437694449280212
2022-08-31,UPS,Energy,-0.16950280000385298,0.10437694449280212
2022-08-31,VLO,Energy,-0.08768796157867642,0.10475277841066376
2022-08-31,XOM,Energy,-0.0866202558708723,0.1052876241674694
2022-08-31,AME,Energy,-0.054534953120888296,0.10281632605909524
2022-08-31,BE,Energy,-0.21330185394888723,0.11665551615536562
2022-08-31,BKR,Energy,-0.1702297321518751,0.10999800315219584
2022-08-31,CTRA,Energy,-0.1549661273536217,0.1037642842513126
2022-08-31,EMR,Energy,-0.10423271551259106,0.10281632605909524
2022-08-31,ENPH,Energy,-0.03131546272953978,0.0977670938820085
2022-08-31,ETN,Energy,-0.02400431370216416,0.09130064964681464
2022-08-31,FSLR,Energy,0.03700510472577423,0.08342075355974168
2022-08-31,FTV,Energy,-0.07942533270130891,0.10615063469935965
2022-08-31,GNRC,Energy,-0.19177897359532403,0.06854608972904729
2022-08-31,HUBB,Energy,0.08095025210927131,0.09977831525858061
2022-08-31,MTDR,Energy,-0.17919473210268722,0.09597553655883273
2022-08-31,PH,Energy,-0.08562260275750799,0.09130064964681464
2022-08-31,PLUG,Energy,-0.2507132830638603,0.1092376238476129
2022-08-31,PR,Energy,-0.1737543968195775,0.0878676083659359
2022-08-31,ROK,Energy,-0.09213313933672418,0.05455903085956719
2022-08-31,ROP,Energy,-0.10666199187340608,0.10281632605909524
2022-08-31,SM,Energy,-0.14658502277237462,0.09384129094265353
2022-08-31,VRSK,Energy,-0.0873354095002774,0.10281632605909524
2022-08-31,WMB,Energy,-0.14780404545063086,0.1052876241674694
2022-08-31,XYL,Energy,-0.04105381781695938,0.07734266543488832
2022-08-31,AXP,Financials,-0.11243415984033678,0.01690171946837182
2022-08-31,BAC,Financials,-0.09553750041336395,0.01685813384319136
2022-08-31,BK,Financials,-0.07247753525719758,0.01594040141589337
2022-08-31,BLK,Financials,-0.16806798479455587,-0.000486516908174589
2022-08-31,C,Financials,-0.1462817337794886,0.006148772329092661
2022-08-31,CFG,Financials,-0.06324968829988564,-0.005547362669100637
2022-08-31,CME,Financials,-0.0899312687287871,0.013233038309707682
2022-08-31,COF,Financials,-0.12899261881807222,-0.008694188620914381
2022-08-31,FITB,Financials,-0.054540597304973404,0.02631152390113192
2022-08-31,GS,Financials,-0.1190970735871395,0.05138094703133692
2022-08-31,HBAN,Financials,-0.005609230415880351,0.04992271115542538
2022-08-31,ICE,Financials,-0.10069277624643602,-0.0013811277029651457
2022-08-31,JPM,Financials,-0.08115717834986447,0.0417684975495726
2022-08-31,KEY,Financials,-0.09440349465910247,0.01254167630196752
2022-08-31,MCO,Financials,-0.14554327728098126,0.02513803094529167
2022-08-31,MS,Financials,-0.07287003259427427,-0.0006616385665148222
2022-08-31,MTB,Financials,-0.030036035212439027,0.019858488733810003
2022-08-31,PNC,Financials,-0.054303738534532964,0.021277571027915304
2022-08-31,RF,Financials,-0.06520739401502462,0.037992541130713944
2022-08-31,SCHW,Financials,0.012967099140650307,0.016776469764910915
2022-08-31,SPGI,Financials,-0.13297179042541352,0.030525452888305563
2022-08-31,STT,Financials,-0.10113937364946302,0.022703449702924035
2022-08-31,TFC,Financials,-0.0704524338236433,0.05218633879461213
2022-08-31,USB,Financials,-0.10561858188222206,0.04225254918027587
2022-08-31,WFC,Financials,-0.07984418123549519,0.001212062587675143
2022-08-31,AFL,Financials,-0.0541904561618064,0.029391453618872618
2022-08-31,AJG,Financials,-0.05434662215515129,0.028910129679274064
2022-08-31,ALL,Financials,0.03344395150038659,0.014433058949909641
2022-08-31,AMTD,Financials,-0.33146070576183573,0.004368964799187253
2022-08-31,AON,Financials,-0.04078618685751367,0.0273872538674201
2022-08-31,CB,Financials,-0.03377682090947265,0.016877635647352597
2022-08-31,FDS,Financials,-0.07668355257042059,0.02130673038722689
2022-08-31,FNF,Financials,-0.06375556640279467,0.00028903139657975057
2022-08-31,GL,Financials,0.025825510551861663,0.011972540449195069
2022-08-31,HIG,Financials,-0.03685264245201347,0.026961812013399554
2022-08-31,IBKR,Financials,0.03766844116569357,0.03106261079564936
2022-08-31,LPLA,Financials,-0.012876746400065198,0.019940548206116723
2022-08-31,MET,Financials,-0.055184411253049515,0.04164328305284703
2022-08-31,MSCI,Financials,-0.06110325885085677,0.02441854180884134
2022-08-31,NDAQ,Financials,-0.04479512891187931,0.04114167261872962
2022-08-31,PGR,Financials,-0.052507206899629066,0.030027099264368688
2022-08-31,PRU,Financials,-0.10412531671671721,0.024505319790022007
2022-08-31,RJF,Financials,-0.04988925334547589,0.03243535780008915
2022-08-31,SEIC,Financials,-0.10329074179645148,0.03447163734338467
2022-08-31,SF,Financials,-0.1247679846211377,-0.00557646152261541
2022-08-31,SYF,Financials,-0.13923666455378114,-0.008651015040447402
2022-08-31,TRV,Financials,-0.04681016347786737,0.022219075412998498
2022-08-31,UNM,Financials,0.025099019964837543,0.041521463870714544
2022-08-31,WTW,Financials,-0.02461190601195462,0.016520322553332897
2022-08-31,ABBV,Healthcare,-0.0018595181717068199,0.02158004570183065
2022-08-31,ABT,Healthcare,-0.05737935323552368,0.013650137088902663
2022-08-31,AMGN,Healthcare,-0.06200590026936326,-0.008432548900624065
2022-08-31,BAX,Healthcare,-0.05789731282078303,0.0072819208404903985
2022-08-31,BIIB,Healthcare,0.36656768004558415,-0.012018829644158777
2022-08-31,BMY,Healthcare,0.05459099542188617,0.018406459569022888
2022-08-31,BSX,Healthcare,-0.03919627331249809,-0.002106510092435848
2022-08-31,CI,Healthcare,-0.017271579539092752,0.004710161440021248
2022-08-31,CVS,Healthcare,-0.028324017079219388,-0.0025571758382978526
2022-08-31,DHR,Healthcare,-0.04215186493453005,0.02035563799019252
2022-08-31,EW,Healthcare,-0.0829078950855775,0.009509331194502445
2022-08-31,GILD,Healthcare,-0.01702211341120996,0.002660554677851939
2022-08-31,HUM,Healthcare,0.008687528877595385,-0.003325163000172987
2022-08-31,ISRG,Healthcare,-0.08894722738969618,-0.02035227517203276
2022-08-31,JNJ,Healthcare,0.012520242804631598,0.008123959525406578
2022-08-31,LLY,Healthcare,0.07343203705886281,0.005785351343488494
2022-08-31,MDT,Healthcare,-0.07420810821364943,0.00023533025728994387
2022-08-31,MRK,Healthcare,0.017037023762409786,0.006078041227709391
2022-08-31,PFE,Healthcare,-0.03250058641733988,0.01599365651070095
2022-08-31,REGN,Healthcare,0.1855403273385734,0.020346620893153696
2022-08-31,SYK,Healthcare,-0.009618827210332248,-0.00630806359883228
2022-08-31,TMO,Healthcare,-0.06942369375317914,-0.0023364142336358682
2022-08-31,UNH,Healthcare,-0.024464733823801765,0.03379521878179149
2022-08-31,VRTX,Healthcare,0.02761214689681646,0.012056418166274703
2022-08-31,ZBH,Healthcare,-0.014448101551213122,0.010659058854813113
2022-08-31,A,Healthcare,-0.0522415644489761,0.006272971729418904
2022-08-31,ACAD,Healthcare,-0.004260480433598501,-0.002114686050742249
2022-08-31,ALGN,Healthcare,-0.15014360605700672,-0.012003168845649455
2022-08-31,ALKS,Healthcare,-0.05661175108866734,-0.012652585598996362
2022-08-31,BDX,Healthcare,-0.11424946074084885,0.007358967476304405
2022-08-31,DGX,Healthcare,-0.020908102480976076,-0.014119514466319844
2022-08-31,DXCM,Healthcare,-0.020313808387582566,0.021622488708316435
2022-08-31,FOLD,Healthcare,-0.07034728353120734,0.025336934453686233
2022-08-31,HOLX,Healthcare,-0.04499705484581762,0.011120124326236866
2022-08-31,IDXX,Healthcare,-0.06276971299324408,-0.015206810505088288
2022-08-31,INSP,Healthcare,-0.07373758405621134,0.01783243071273357
2022-08-31,IQV,Healthcare,-0.1482178300087983,0.007993627051028011
2022-08-31,MASI,Healthcare,-0.039008753157792286,0.027159212972694677
2022-08-31,MTD,Healthcare,-0.10585088988924407,-0.024286562721117136
2022-08-31,NBIX,Healthcare,0.015100849398168803,-0.006604350888306238
2022-08-31,NTRA,Healthcare,-0.11043440544192995,0.006200227598150326
2022-08-31,NVCR,Healthcare,-0.07488121395533631,0.009712926708243568
2022-08-31,PODD,Healthcare,-0.10204723529044257,0.010047793153833065
2022-08-31,RARE,Healthcare,-0.1316837693465509,-0.0012386973659202153
2022-08-31,RMD,Healthcare,-0.0073663550286182655,-0.0019045680064895812
2022-08-31,WAT,Healthcare,-0.09735434269931342,-0.002112750098893755
2022-08-31,AAPL,Technology,-0.12097682433514934,0.02544896039352277
2022-08-31,ADBE,Technology,-0.2630676670740144,0.013369919701532817
2022-08-31,AMAT,Technology,-0.1290526954524578,0.0016314572439538062
2022-08-31,AMD,Technology,-0.2534464644764812,0.05165887408954974
2022-08-31,AVGO,Technology,-0.10293705717279178,0.002777910808393808
2022-08-31,CDNS,Technology,-0.05950400726506955,0.010431991844965035
2022-08-31,CRM,Technology,-0.07865768031544795,0.007213774983458725
2022-08-31,CRWD,Technology,-0.09747551060874804,0.07255007810515561
2022-08-31,FTNT,Technology,0.009036813592450788,0.047807113733612704
2022-08-31,GOOGL,Technology,-0.11615237591303418,0.075807120091628
2022-08-31,INTC,Technology,-0.19266910859303765,0.06166892871443574
2022-08-31,INTU,Technology,-0.10296914226932263,0.08802190747922367
2022-08-31,KLAC,Technology,-0.1205939455135493,0.07179439899460313
2022-08-31,LRCX,Technology,-0.16097606138169573,0.11041571279073799
2022-08-31,META,Technology,-0.16724977604239277,0.11815806934111343
2022-08-31,MSFT,Technology,-0.10926679210811907,0.06146470622874578
2022-08-31,MU,Technology,-0.11374502652542706,0.06504243023323235
2022-08-31,NET,Technology,-0.11603002008858487,0.014561699918192277
2022-08-31,NOW,Technology,-0.1311720578308152,-0.03426185660751403
2022-08-31,NVDA,Technology,-0.1955341492497492,0.047456192360173115
2022-08-31,ORCL,Technology,-0.17639938660575916,-0.008776601809490555
2022-08-31,PANW,Technology,-0.11752665718490263,-0.0199200171939792
2022-08-31,QCOM,Technology,-0.14583819161715517,0.10873496878260826
2022-08-31,SNPS,Technology,-0.11707410130703821,-0.00015139444077525918
2022-08-31,TXN,Technology,-0.06313186272517657,0.03784304909722434
2022-08-31,ACN,Technology,-0.10802174856974878,0.0658911467367302
2022-08-31,ADI,Technology,-0.08044587896184607,0.04488620587642451
2022-08-31,ANET,Technology,-0.058308291824474834,0.05048405727264547
2022-08-31,CGNX,Technology,-0.015673362708710337,0.09121241905067769
2022-08-31,COHU,Technology,-0.03913526798532729,0.07365863210381365
2022-08-31,CSCO,Technology,-0.10554574531188787,0.03223805162012384
2022-08-31,DELL,Technology,-0.10759985740975142,-0.08063429576352903
2022-08-31,ENTG,Technology,-0.12499998979446625,0.049379718618729106
2022-08-31,FORM,Technology,-0.1444672592345344,-0.05233975538567009
2022-08-31,HPQ,Technology,-0.12433095867347244,-0.008148167192116123
2022-08-31,IBM,Technology,-0.07504868739117121,-0.018212131370731896
2022-08-31,IPGP,Technology,-0.06888175423360243,0.05488081385450629
2022-08-31,KEYS,Technology,-0.039843790369245236,0.043104369380412365
2022-08-31,MCHP,Technology,-0.06467434542464467,0.0604518045906162
2022-08-31,MKSI,Technology,-0.17036448085824296,0.02977273456636592
2022-08-31,MPWR,Technology,-0.19652254369178523,0.060330208851970046
2022-08-31,MRVL,Technology,-0.08351137676005926,0.06517087228339462
2022-08-31,NXPI,Technology,-0.09882015096489638,0.06570120663906445
2022-08-31,ONTO,Technology,-0.09776017778349044,0.08725683235229983
2022-08-31,QRVO,Technology,-0.11550451390269789,0.1066203066998924
2022-08-31,STX,Technology,-0.19597291950152484,0.09268948800028479
2022-08-31,SWKS,Technology,-0.13475392001226494,0.05909835198511925
2022-08-31,TER,Technology,-0.11212208445819216,0.004285580588953199
2022-08-31,VRSN,Technology,-0.04675659777702146,0.011092729035830404
2022-08-31,WDC,Technology,-0.22976812160872007,0.02861979800902998
2022-09-30,AMZN,Consumer,-0.09345130582826322,-0.01324695887197826
2022-09-30,AZO,Consumer,0.18252228767932865,0.017166626726838927
2022-09-30,BKNG,Consumer,0.13769994291230492,0.03444816004044234
2022-09-30,CMG,Consumer,-0.0029479144038669913,0.03640084193853544
2022-09-30,COST,Consumer,0.06380962075865848,0.013228206568498808
2022-09-30,DG,Consumer,0.0657723555151637,-0.006521547582179989
2022-09-30,DLTR,Consumer,0.1645848118437796,-0.01852788030559175
2022-09-30,DRI,Consumer,0.14354983922566067,-0.03606082107156588
2022-09-30,EBAY,Consumer,0.08231476065460819,0.0453158825562635
2022-09-30,HD,Consumer,0.07316768009653396,0.0651877307470117
2022-09-30,HLT,Consumer,0.12137270503330555,-0.043859947692706285
2022-09-30,KR,Consumer,0.08091441664672439,-0.0046411062208285
2022-09-30,LOW,Consumer,0.043663253653587475,-0.009610498949423518
2022-09-30,LULU,Consumer,0.17699245749906511,0.06566345211798594
2022-09-30,MAR,Consumer,0.14250046943001848,-0.03370866808355913
2022-09-30,MCD,Consumer,0.18167642071666168,-0.004022946817026557
2022-09-30,MGM,Consumer,0.1968370831462678,-0.054558721368913675
2022-09-30,NKE,Consumer,0.11501451907612692,-0.030474185625350723
2022-09-30,ORLY,Consumer,0.19026089633427845,0.010507739020567968
2022-09-30,ROST,Consumer,0.13551670512309988,-0.027872389289375906
2022-09-30,SBUX,Consumer,0.027652614839254852,0.013096814104317896
2022-09-30,TGT,Consumer,0.10688044418329068,0.015974178834625683
2022-09-30,TJX,Consumer,0.16065680118957104,0.06489935184052405
2022-09-30,WMT,Consumer,0.09737835679747642,0.0246010914489988
2022-09-30,YUM,Consumer,0.11199948339410382,0.010627298940532147
2022-09-30,BBY,Consumer,0.08004420666186163,0.013035610550581606
2022-09-30,CCL,Consumer,0.2887625013262223,-0.03934533076545915
2022-09-30,CHDN,Consumer,0.12902534260378884,-0.051085307077549345
2022-09-30,CMCSA,Consumer,0.09179230716832043,0.03311004123632991
2022-09-30,CZR,Consumer,0.3555487234184702,-0.012068518143057075
2022-09-30,DIS,Consumer,0.1294391946194049,0.013317604297590423
2022-09-30,DKNG,Consumer,0.04359311971239088,-0.053502960218053494
2022-09-30,F,Consumer,0.19375009940428112,0.02616527034530875
2022-09-30,FOX,Consumer,-0.045613906882015054,-0.05150444322148972
2022-09-30,GM,Consumer,0.2231223868473804,-0.08692172329919291
2022-09-30,GRMN,Consumer,0.09625192487414624,0.03027673612765512
2022-09-30,H,Consumer,0.16366091354117618,-0.0020225640226126367
2022-09-30,IHG,Consumer,0.12816302650066924,-0.019989600791926347
2022-09-30,LVS,Consumer,0.013059641235328767,-0.05247125554777064
2022-09-30,NCLH,Consumer,0.48679576585380757,-0.15197114798410552
2022-09-30,NFLX,Consumer,0.23972132814132263,0.04470646562952816
2022-09-30,PENN,Consumer,0.20319877130973274,-0.005401382543371835
2022-09-30,POOL,Consumer,-0.043933072120330374,0.021456785084642768
2022-09-30,RCL,Consumer,0.408443145654904,-0.015070612141802546
2022-09-30,SIRI,Consumer,0.05779340593146154,-0.001753160343225872
2022-09-30,TSLA,Consumer,-0.14216779156971604,0.07665809261311435
2022-09-30,WBD,Consumer,0.13043478260869557,0.0017109905519848414
2022-09-30,WYNN,Consumer,0.013803050741543643,0.02815696340023548
2022-09-30,APA,Energy,0.33760754153426986,0.054640046370987204
2022-09-30,BA,Energy,0.1769903563900086,0.0387084538037182
2022-09-30,CAT,Energy,0.32806179320826856,0.017928453631498774
2022-09-30,COP,Energy,0.2320693885946401,0.05305918702449887
2022-09-30,CVX,Energy,0.2591354273820028,0.012735955400241448
2022-09-30,DE,Energy,0.18548029783552167,0.028206262557862367
2022-09-30,DVN,Energy,0.2863793327888391,0.05684032918540068
2022-09-30,EOG,Energy,0.22911310891529602,0.04597193899506006
2022-09-30,FDX,Energy,0.0795444522306008,0.017928453631498774
2022-09-30,GD,Energy,0.18393863754501671,0.00980973187291681
2022-09-30,GE,Energy,0.2568247377017412,0.04050572257049677
2022-09-30,HAL,Energy,0.47928485079764727,0.04116261300425376
2022-09-30,HON,Energy,0.2218963131445646,0.017081460936080844
2022-09-30,LMT,Energy,0.2598827587319199,-0.002561973944704988
2022-09-30,MMM,Energy,0.138371076110551,0.03155315612104388
2022-09-30,MPC,Energy,0.14386392436394901,0.018048732337561674
2022-09-30,NOC,Energy,0.16731175116354535,0.012714282196396545
2022-09-30,OXY,Energy,0.1814482704079876,0.10642999522676228
2022-09-30,PSX,Energy,0.29199653804491255,0.05576456554035413
2022-09-30,RTX,Energy,0.15831899690091533,-0.0026093420834161422
2022-09-30,SLB,Energy,0.44930356625645107,0.04691691887307163
2022-09-30,UNP,Energy,0.011908494526644775,0.014158530420971274
2022-09-30,UPS,Energy,0.03856619271565509,0.010609356429623606
2022-09-30,VLO,Energy,0.1750118440137831,0.05621584472814833
2022-09-30,XOM,Energy,0.2691560881736339,0.04048249980287396
2022-09-30,AME,Energy,0.14328512809077232,0.017081460936080844
2022-09-30,BE,Energy,-0.06403205109060939,0.03533834831283298
2022-09-30,BKR,Energy,0.3196565231386337,0.04299862552773772
2022-09-30,CTRA,Energy,0.19180703281457623,0.05975775273932229
2022-09-30,EMR,Energy,0.18273680365973677,0.017638200207172904
2022-09-30,ENPH,Energy,0.106425915051654,0.0697969101970118
2022-09-30,ETN,Energy,0.12529970870728535,0.017081460936080844
2022-09-30,FSLR,Energy,0.1005519212380257,0.052654872065558286
2022-09-30,FTV,Energy,0.09605504256427655,0.017081460936080844
2022-09-30,GNRC,Energy,-0.3493319632915368,0.11956767832773767
2022-09-30,HUBB,Energy,0.06493258042102323,0.010366471144008873
2022-09-30,MTDR,Energy,0.35834008778807624,0.05537517867228794
2022-09-30,PH,Energy,0.19937278494473554,0.012340511742415183
2022-09-30,PLUG,Energy,-0.23940983492855528,-0.051960517226157125
2022-09-30,PR,Energy,0.43676449156008346,-0.02064683504528026
2022-09-30,ROK,Energy,0.18683466209148314,0.017928453631498774
2022-09-30,ROP,Energy,0.15453686261985,0.017081460936080844
2022-09-30,SM,Energy,0.20000336669461904,0.0522988245995339
2022-09-30,VRSK,Energy,0.0721280985491799,0.017081460936080844
2022-09-30,WMB,Energy,0.14320641305275017,0.016372037921542033
2022-09-30,XYL,Energy,0.17250468679838593,0.07915219344935691
2022-09-30,AXP,Financials,0.10456350306568485,0.007980876035481659
2022-09-30,BAC,Financials,0.19337764245547717,0.05334506767879064
2022-09-30,BK,Financials,0.10300858272116709,0.02855278575780515
2022-09-30,BLK,Financials,0.173784586930684,0.06932041255834319
2022-09-30,C,Financials,0.1005519265065955,0.009220414862588573
2022-09-30,CFG,Financials,0.19033761926288562,-0.008232240707482357
2022-09-30,CME,Financials,-0.021622250342014038,-0.0076000489304105315
2022-09-30,COF,Financials,0.15026588954138465,0.0037875306342082513
2022-09-30,FITB,Financials,0.11670855120807788,0.012310443118114602
2022-09-30,GS,Financials,0.1756015922403562,0.012193706356416817
2022-09-30,HBAN,Financials,0.15174508681342247,0.0019219440372706957
2022-09-30,ICE,Financials,0.05777529654704483,0.06595111059903036
2022-09-30,JPM,Financials,0.21537076794581567,0.06300655817347574
2022-09-30,KEY,Financials,0.11548062077395138,0.01102792517788779
2022-09-30,MCO,Financials,0.08950658351142238,0.011628697773318881
2022-09-30,MS,Financials,0.05008050811358822,0.018646271859625977
2022-09-30,MTB,Financials,-0.04508879385924214,-0.019727600625988273
2022-09-30,PNC,Financials,0.09377997160786711,-0.0074011461279703625
2022-09-30,RF,Financials,0.09367226186174227,-0.01580244182700163
2022-09-30,SCHW,Financials,0.10852917991851685,0.040661486227768655
2022-09-30,SPGI,Financials,0.05207147598550299,0.044617034289941404
2022-09-30,STT,Financials,0.21690493831835855,0.02473676769537427
2022-09-30,TFC,Financials,0.028709135658377072,-0.01447005803702849
2022-09-30,USB,Financials,0.05282730206109387,0.019773441853711382
2022-09-30,WFC,Financials,0.1434609487268046,0.009073653791670598
2022-09-30,AFL,Financials,0.15854104178007544,-0.011625644521338121
2022-09-30,AJG,Financials,0.09262945572900794,-0.018977966849758075
2022-09-30,ALL,Financials,0.013811779916344413,0.019868270850522503
2022-09-30,AMTD,Financials,-0.10924366212280023,-0.026366484848882255
2022-09-30,AON,Financials,0.052884254305809675,-0.019142954742788234
2022-09-30,CB,Financials,0.18149320946217995,-0.00440908962500456
2022-09-30,FDS,Financials,0.06343259275359348,0.013799310704309425
2022-09-30,FNF,Financials,0.08784528710618211,0.04694669052205339
2022-09-30,GL,Financials,0.16094331708449938,-0.03027784240916977
2022-09-30,HIG,Financials,0.16903462180481643,0.0009450185527762209
2022-09-30,IBKR,Financials,0.2541073244580181,0.04248711708304
2022-09-30,LPLA,Financials,0.1701300499574454,-0.009018464156191569
2022-09-30,MET,Financials,0.20450831281459037,-0.014800447503931254
2022-09-30,MSCI,Financials,0.11159584810073886,0.02148795855832653
2022-09-30,NDAQ,Financials,0.09809443517122163,0.02559629004645131
2022-09-30,PGR,Financials,0.1058002976985788,-0.002442556499458209
2022-09-30,PRU,Financials,0.22627681454738635,-0.002293219279313176
2022-09-30,RJF,Financials,0.19550690395662307,-0.024219074217471156
2022-09-30,SEIC,Financials,0.10703364836263773,0.013764188117722384
2022-09-30,SF,Financials,0.1918704233839168,0.0417765615026566
2022-09-30,SYF,Financials,0.2695219100924269,0.020217550415271797
2022-09-30,TRV,Financials,0.20404718741147265,-0.003529945381822889
2022-09-30,UNM,Financials,0.1837925479259206,-0.009337281327783041
2022-09-30,WTW,Financials,0.08594593465293388,0.004497585331087359
2022-09-30,ABBV,Healthcare,0.10192768550704301,0.005756412346663394
2022-09-30,ABT,Healthcare,0.027354649836921263,0.021063315908594653
2022-09-30,AMGN,Healthcare,0.1994234553983958,-0.009652877364575011
2022-09-30,BAX,Healthcare,0.009097456007773896,0.004280432000082815
2022-09-30,BIIB,Healthcare,0.061573042851708726,-0.0005776072773281066
2022-09-30,BMY,Healthcare,0.09804427066187582,0.02350287822922123
2022-09-30,BSX,Healthcare,0.11309065633576121,0.01952381388349302
2022-09-30,CI,Healthcare,0.16430625317437642,-0.0054199044682697135
2022-09-30,CVS,Healthcare,-0.0010310727241332751,-0.034126777160387416
2022-09-30,DHR,Healthcare,-0.025630147203374753,0.021772863494332148
2022-09-30,EW,Healthcare,-0.1234418163776505,-0.041067515349024836
2022-09-30,GILD,Healthcare,0.27184314748585936,0.0026631935699185033
2022-09-30,HUM,Healthcare,0.15022978009421206,0.01884128400791969
2022-09-30,ISRG,Healthcare,0.3149274328341394,-0.055855198643964966
2022-09-30,JNJ,Healthcare,0.06494889282894811,0.0033774889853198874
2022-09-30,LLY,Healthcare,0.11980804323056105,0.00830400408666444
2022-09-30,MDT,Healthcare,0.08160957084286014,0.022606587648604994
2022-09-30,MRK,Healthcare,0.17510441403516785,0.0005822066999940488
2022-09-30,PFE,Healthcare,0.06375717995481356,-0.00741996772816694
2022-09-30,REGN,Healthcare,0.08692491376549749,0.013166373334711158
2022-09-30,SYK,Healthcare,0.13182591457057136,-0.010851800916646294
2022-09-30,TMO,Healthcare,0.01336769965880924,0.008533605820306246
2022-09-30,UNH,Healthcare,0.09921995343762569,0.023070030943115997
2022-09-30,VRTX,Healthcare,0.07757128822351844,-0.021335093517167215
2022-09-30,ZBH,Healthcare,0.08417040872004722,0.0447173042059942
2022-09-30,A,Healthcare,0.14018460733144433,0.00670615649911186
2022-09-30,ACAD,Healthcare,-0.02017114372827422,-0.01746918311305978
2022-09-30,ALGN,Healthcare,-0.06185117821854469,-0.04816947896275479
2022-09-30,ALKS,Healthcare,0.016569674899129527,0.014196710172510884
2022-09-30,BDX,Healthcare,0.05896867432136177,-0.00686494590862033
2022-09-30,DGX,Healthcare,0.17716955459957462,0.015092302360969019
2022-09-30,DXCM,Healthcare,0.4996274820753279,-0.023774034501571277
2022-09-30,FOLD,Healthcare,-0.04214555537052489,-0.00030514298369064045
2022-09-30,HOLX,Healthcare,0.050837051756788876,0.009961830010589557
2022-09-30,IDXX,Healthcare,0.10399019690676514,-0.05707918535179768
2022-09-30,INSP,Healthcare,0.09911485772686457,-0.006051802076341598
2022-09-30,IQV,Healthcare,0.15750247805801454,-0.008501550022668185
2022-09-30,MASI,Healthcare,-0.06772454881396317,0.026160450443576917
2022-09-30,MTD,Healthcare,0.166780485009139,-0.030710132493983723
2022-09-30,NBIX,Healthcare,0.08389044100285625,-0.03594179183860672
2022-09-30,NTRA,Healthcare,0.07165676429749768,-0.022245411092559883
2022-09-30,NVCR,Healthcare,-0.07001841879148507,-0.027957969385858275
2022-09-30,PODD,Healthcare,0.12820402983698642,0.026518846373654755
2022-09-30,RARE,Healthcare,-0.022941337030669473,-0.02813845938381874
2022-09-30,RMD,Healthcare,0.024690801022261732,-0.012811322163939912
2022-09-30,WAT,Healthcare,0.10996926050041678,0.003958080035046253
2022-09-30,AAPL,Technology,0.1095510624015239,-0.030525545892230152
2022-09-30,ADBE,Technology,0.15734006494300012,-0.004929483211653641
2022-09-30,AMAT,Technology,0.07762717371641426,-0.06161202754875315
2022-09-30,AMD,Technology,-0.05208332079026845,-0.10345740133627002
2022-09-30,AVGO,Technology,0.058805059999418985,0.05788769161583371
2022-09-30,CDNS,Technology,-0.07367064691741265,0.032892758043973784
2022-09-30,CRM,Technology,0.13035316405282926,-0.14502187559156454
2022-09-30,CRWD,Technology,-0.0219040147068027,0.042610148197847246
2022-09-30,FTNT,Technology,0.16344389588275932,-0.024101037164652197
2022-09-30,GOOGL,Technology,-0.011918514222148069,-0.04998241580674763
2022-09-30,INTC,Technology,0.10322088191142087,-0.014630250768748486
2022-09-30,INTU,Technology,0.10582396932373994,-0.07195006088647511
2022-09-30,KLAC,Technology,0.045666378085831516,0.02671848873149641
2022-09-30,LRCX,Technology,0.1059562939744072,-0.09908576553666565
2022-09-30,META,Technology,-0.313384367666634,0.006460652803110707
2022-09-30,MSFT,Technology,-0.0033060754437610473,-0.04912598826789871
2022-09-30,MU,Technology,0.0821189693514397,-0.0979752449258926
2022-09-30,NET,Technology,0.01826068154865257,0.06406284576558044
2022-09-30,NOW,Technology,0.11421836138044728,-0.023379665999866624
2022-09-30,NVDA,Technology,0.11187072618190341,-0.11667868625564472
2022-09-30,ORCL,Technology,0.2849405831678631,0.04207475134139512
2022-09-30,PANW,Technology,0.04762197552649994,-0.16147688675888763
2022-09-30,QCOM,Technology,0.04142343288182526,-0.015906930679750478
2022-09-30,SNPS,Technology,-0.042420940585870315,0.06218475774269186
2022-09-30,TXN,Technology,0.04607026885507537,0.010626724214867654
2022-09-30,ACN,Technology,0.10828796539168506,0.00791040656126305
2022-09-30,ADI,Technology,0.023539459844727828,0.01215291191440097
2022-09-30,ANET,Technology,0.07059971001677545,0.015415846294181667
2022-09-30,CGNX,Technology,0.11531960520903217,0.013897062806801887
2022-09-30,COHU,Technology,0.2769587778171956,0.02351028761375625
2022-09-30,CSCO,Technology,0.14629977247898496,0.004673023247478571
2022-09-30,DELL,Technology,0.13465550749737787,-0.06671251421965714
2022-09-30,ENTG,Technology,-0.044326586406462476,-0.11467483885538757
2022-09-30,FORM,Technology,-0.19321358483026574,-0.053574049645513176
2022-09-30,HPQ,Technology,0.10834667957838273,-0.011275264867157932
2022-09-30,IBM,Technology,0.16395902663056106,-0.016185702461488517
2022-09-30,IPGP,Technology,0.01553058935016094,-0.05893869191492946
2022-09-30,KEYS,Technology,0.1066979742057037,-0.01751729535604992
2022-09-30,MCHP,Technology,0.011633692038498067,0.009230849485827211
2022-09-30,MKSI,Technology,-0.005929111495432626,-0.04576429882580822
2022-09-30,MPWR,Technology,-0.0659052185052732,0.05507819926025339
2022-09-30,MRVL,Technology,-0.07412500742931194,-0.018522608640399157
2022-09-30,NXPI,Technology,-0.009694359314904477,-0.062001293794966404
2022-09-30,ONTO,Technology,0.04355961207181003,-0.0021438179880805984
2022-09-30,QRVO,Technology,0.08399443220436353,-0.027619024321618987
2022-09-30,STX,Technology,-0.06706764552119293,-0.029520656112083838
2022-09-30,SWKS,Technology,0.008678545067149823,0.006033494468884258
2022-09-30,TER,Technology,0.08250178874137792,0.005126971856443489
2022-09-30,VRSN,Technology,0.15405866291641046,0.003960984203744014
2022-09-30,WDC,Technology,0.05591398870840192,-0.02444204904949171
2022-10-31,AMZN,Consumer,-0.05759470309709913,-0.0720460176122795
2022-10-31,AZO,Consumer,0.018208568633854227,0.012421208001128302
2022-10-31,BKNG,Consumer,0.11231480042799014,0.02176099162323445
2022-10-31,CMG,Consumer,0.08584889093584547,0.06602463058766184
2022-10-31,COST,Consumer,0.07527430301471205,0.02192351281051117
2022-10-31,DG,Consumer,0.002470139064993493,0.009724229531583398
2022-10-31,DLTR,Consumer,-0.05179814961430407,0.004044369831728652
2022-10-31,DRI,Consumer,0.026896693077708145,0.07896560805325802
2022-10-31,EBAY,Consumer,0.14632360694848634,-0.024782574462405196
2022-10-31,HD,Consumer,0.10069954819930227,-0.01750829999099746
2022-10-31,HLT,Consumer,0.05562412624628732,0.09524935801941713
2022-10-31,KR,Consumer,0.045951364635881564,0.09176894819896649
2022-10-31,LOW,Consumer,0.09027943753190315,0.036838068232997616
2022-10-31,LULU,Consumer,0.15581688451929487,0.04210220772596732
2022-10-31,MAR,Consumer,0.03530712675173753,0.0931162447963168
2022-10-31,MCD,Consumer,0.006111228755021347,0.029499999255901327
2022-10-31,MGM,Consumer,0.03626653086925957,0.06510054763188171
2022-10-31,NKE,Consumer,0.18353475372847372,-0.0036567701866364404
2022-10-31,ORLY,Consumer,0.032693519325173614,0.02667410653480399
2022-10-31,ROST,Consumer,0.22970011589871664,0.0869315222130606
2022-10-31,SBUX,Consumer,0.18705801559372293,-0.024083741978978817
2022-10-31,TGT,Consumer,0.023549337816366034,-0.04668109704415691
2022-10-31,TJX,Consumer,0.1148640663251479,0.0824555375098438
2022-10-31,WMT,Consumer,0.07089178346206526,0.03826791902473865
2022-10-31,YUM,Consumer,0.09302036393596413,0.04272549368239292
2022-10-31,BBY,Consumer,0.246893772689466,0.09258314384587221
2022-10-31,CCL,Consumer,0.09602642108450077,-0.10596250317292598
2022-10-31,CHDN,Consumer,0.06757733182887127,0.03526113918252965
2022-10-31,CMCSA,Consumer,0.1543793350762459,-0.03881436703738493
2022-10-31,CZR,Consumer,0.16190262760502705,-0.02898703000010694
2022-10-31,DIS,Consumer,-0.08137791608432199,-0.0022300200809591583
2022-10-31,DKNG,Consumer,-0.030379777855453316,0.05968305727237581
2022-10-31,F,Consumer,0.05050824207724225,-0.1194245396539714
2022-10-31,FOX,Consumer,0.12205875856625803,-0.029865433094271435
2022-10-31,GM,Consumer,0.033375929900523404,-0.0031628177933579233
2022-10-31,GRMN,Consumer,0.056224478507658215,0.05880849065484982
2022-10-31,H,Consumer,0.06485500893047402,0.08841685827235446
2022-10-31,IHG,Consumer,0.07257472131969278,0.013382705296705398
2022-10-31,LVS,Consumer,0.23230722716474084,-0.07144475518166035
2022-10-31,NCLH,Consumer,-0.026642917220388806,0.02204207737475859
2022-10-31,NFLX,Consumer,0.046765786760407435,0.10254599195465526
2022-10-31,PENN,Consumer,0.06314200147839699,-0.016466526033543028
2022-10-31,POOL,Consumer,0.08629565826967434,-0.014365140165727175
2022-10-31,RCL,Consumer,0.12270512287399815,0.19163804827078318
2022-10-31,SIRI,Consumer,0.07857337998531078,-0.05008075631138308
2022-10-31,TSLA,Consumer,-0.14432626046795272,0.007034809745080097
2022-10-31,WBD,Consumer,-0.12307695242074823,0.00415450756484297
2022-10-31,WYNN,Consumer,0.30923310831251993,-0.019912850432000032
2022-10-31,APA,Energy,0.030576285832291328,0.11192634169780208
2022-10-31,BA,Energy,0.25521024333652575,0.011985727682990954
2022-10-31,CAT,Energy,0.0921648246010498,0.008829567334736284
2022-10-31,COP,Energy,-0.01671805509606661,0.08198450959420285
2022-10-31,CVX,Energy,0.02116091896388972,0.03724171651430778
2022-10-31,DE,Energy,0.11414274036603644,0.01576813729010935
2022-10-31,DVN,Energy,-0.1141564088180792,0.06753224457663626
2022-10-31,EOG,Energy,0.03962768261554839,0.08229091513221748
2022-10-31,FDX,Energy,0.13688542207899523,0.036014706545692075
2022-10-31,GD,Energy,0.010368285858208814,0.04185934874362495
2022-10-31,GE,Energy,0.10487071885900257,0.011433460079973682
2022-10-31,HAL,Energy,0.04036254232716496,0.012059800875292166
2022-10-31,HON,Energy,0.08138964934959025,0.057568510431592744
2022-10-31,LMT,Energy,0.003155088476617829,0.03984336866653694
2022-10-31,MMM,Energy,0.013156954592193237,0.002223669797315859
2022-10-31,MPC,Energy,0.07879521499509146,0.019325146488789805
2022-10-31,NOC,Energy,-0.02540574228533432,0.02340719502351419
2022-10-31,OXY,Energy,-0.04283753154552383,0.08242306503804514
2022-10-31,PSX,Energy,0.04895051942815054,0.06670453344928123
2022-10-31,RTX,Energy,0.04723522783251766,0.013322298867499378
2022-10-31,SLB,Energy,-0.009225424762291934,0.07618506314025025
2022-10-31,UNP,Energy,0.10292173207793942,0.010896582699273613
2022-10-31,UPS,Energy,0.14147243872175386,0.01606503141866436
2022-10-31,VLO,Energy,0.0717413466705914,0.06930131822286918
2022-10-31,XOM,Energy,0.012871902823772041,0.07536710715765324
2022-10-31,AME,Energy,0.09841159150456069,0.024973629746119295
2022-10-31,BE,Energy,0.13789427885091765,0.091363732278788
2022-10-31,BKR,Energy,0.05626248757715446,-0.0011638625918068454
2022-10-31,CTRA,Energy,-0.08122719838439119,0.0642571381038954
2022-10-31,EMR,Energy,0.11222643176886749,0.012192395988911208
2022-10-31,ENPH,Energy,0.04426708904850374,0.09961930661719616
2022-10-31,ETN,Energy,0.09476382441375142,0.024973629746119295
2022-10-31,FSLR,Energy,0.18520292710456387,0.0544053829115073
2022-10-31,FTV,Energy,0.05824889122488286,0.05548339152144428
2022-10-31,GNRC,Energy,-0.08963857036301204,0.05100902907141154
2022-10-31,HUBB,Energy,0.07464031112558933,0.015536531001061888
2022-10-31,MTDR,Energy,2.9470922799035293e-05,0.10610944065061179
2022-10-31,PH,Energy,0.03338025541775824,0.04203323089452447
2022-10-31,PLUG,Energy,-0.0012515334582141602,0.14816074948128818
2022-10-31,PR,Energy,0.044705935420380705,0.13175970277139354
2022-10-31,ROK,Energy,0.03978043716071733,0.008829567334736284
2022-10-31,ROP,Energy,0.05873969166936721,0.012192395988911208
2022-10-31,SM,Energy,-0.04157394746789833,0.09939245646247949
2022-10-31,VRSK,Energy,0.004813083661131312,0.012192395988911208
2022-10-31,WMB,Energy,0.06018957793242308,0.03696662890115407
2022-10-31,XYL,Energy,0.09977588819138283,0.06852447543126665
2022-10-31,AXP,Financials,0.06156979886786407,0.019582357429475845
2022-10-31,BAC,Financials,0.05022173716934897,0.03668530673878407
2022-10-31,BK,Financials,0.09000244005676872,0.05637598295868866
2022-10-31,BLK,Financials,0.10851324371035354,0.017236886435107374
2022-10-31,C,Financials,0.0678201773607281,0.024215990111037148
2022-10-31,CFG,Financials,0.04693662045585412,0.02483505522150619
2022-10-31,CME,Financials,0.018464883159702516,0.01007421915291166
2022-10-31,COF,Financials,-0.020429266806660795,0.023583928800876914
2022-10-31,FITB,Financials,0.018772911100514822,0.013582945432502196
2022-10-31,GS,Financials,0.12821797971794857,0.04165223681588372
2022-10-31,HBAN,Financials,0.019762524014987903,0.04932506941094041
2022-10-31,ICE,Financials,0.1333054121428432,0.018388410989103002
2022-10-31,JPM,Financials,0.09771195281982425,0.0697665286601164
2022-10-31,KEY,Financials,0.06406451674777025,-0.0029577733867166647
2022-10-31,MCO,Financials,0.1288062632296365,0.02734633882813046
2022-10-31,MS,Financials,0.1326519577661971,0.0331902993953354
2022-10-31,MTB,Financials,0.01693974469754722,-0.017409545448517656
2022-10-31,PNC,Financials,0.03973295659566678,0.03842856160642692
2022-10-31,RF,Financials,0.05740302975398337,-0.007449253431431762
2022-10-31,SCHW,Financials,0.038893793405263555,0.03744365587042334
2022-10-31,SPGI,Financials,0.10082172267275591,0.024626228985010795
2022-10-31,STT,Financials,0.0766216186043327,0.03167694725746852
2022-10-31,TFC,Financials,0.057459195014435194,0.029830586021746274
2022-10-31,USB,Financials,0.06925775385031807,0.015477354183678916
2022-10-31,WFC,Financials,0.04933289261453333,0.03145314570218082
2022-10-31,AFL,Financials,0.11121469646624904,0.008159191470777979
2022-10-31,AJG,Financials,0.06430401931748642,0.015872026719911583
2022-10-31,ALL,Financials,0.06743020587928861,0.014259628331017401
2022-10-31,AMTD,Financials,-0.07075476048042695,0.009260212910890417
2022-10-31,AON,Financials,0.09517206468061357,0.05598876871242965
2022-10-31,CB,Financials,0.021871767013619703,0.04563019662617704
2022-10-31,FDS,Financials,0.08627548820148423,0.008613772297106909
2022-10-31,FNF,Financials,0.024885636733425365,0.025548763553271472
2022-10-31,GL,Financials,0.038434936667553155,0.024268561254430145
2022-10-31,HIG,Financials,0.060633222955144284,0.04444345700584636
2022-10-31,IBKR,Financials,0.0031285199000572472,0.04223713122818774
2022-10-31,LPLA,Financials,-0.0732248778534581,0.011408181993405436
2022-10-31,MET,Financials,0.05478714657690209,-0.006507432766397751
2022-10-31,MSCI,Financials,0.08601763619612846,0.06622101339512715
2022-10-31,NDAQ,Financials,0.09993570272430352,0.032461939871329316
2022-10-31,PGR,Financials,0.029205538173451506,-0.033534437688486324
2022-10-31,PRU,Financials,0.03861084295988104,0.00958762139109636
2022-10-31,RJF,Financials,-0.010495990551330436,0.015691796573868304
2022-10-31,SEIC,Financials,0.1469612696909901,0.0015199420250256077
2022-10-31,SF,Financials,0.04340731177180457,0.003331671692868646
2022-10-31,SYF,Financials,0.05680568519555118,0.04582154760984656
2022-10-31,TRV,Financials,0.029003428158806077,-0.016233934515695048
2022-10-31,UNM,Financials,-0.07479728587245937,0.015264819936246453
2022-10-31,WTW,Financials,0.12808777597323506,0.07049674331541723
2022-10-31,ABBV,Healthcare,0.10095620855680743,0.03013885059820929
2022-10-31,ABT,Healthcare,0.08732559270042284,0.02619596062568982
2022-10-31,AMGN,Healthcare,0.06666397947066227,0.007622062201265608
2022-10-31,BAX,Healthcare,0.04011044159509991,-0.008298301461729258
2022-10-31,BIIB,Healthcare,0.07666529353357676,-0.010038300657753524
2022-10-31,BMY,Healthcare,0.03627236287700897,-0.002400542607940716
2022-10-31,BSX,Healthcare,0.05010437988473271,0.013622359170358731
2022-10-31,CI,Healthcare,0.018046129979936376,-0.004723325710976659
2022-10-31,CVS,Healthcare,0.07581859936114466,-0.01154744045402075
2022-10-31,DHR,Healthcare,0.08638287920551502,0.023682842243905468
2022-10-31,EW,Healthcare,0.06654700641330513,-0.02669539674453263
2022-10-31,GILD,Healthcare,0.11942382094688919,0.01642456510811215
2022-10-31,HUM,Healthcare,-0.014657584187067085,-0.008969321922631345
2022-10-31,ISRG,Healthcare,0.0970504049550236,-0.009626946746110206
2022-10-31,JNJ,Healthcare,0.02976859095647244,0.008157494314881731
2022-10-31,LLY,Healthcare,0.02768707064862741,0.0005191033955717861
2022-10-31,MDT,Healthcare,-0.09503083473565455,-0.015034160116435177
2022-10-31,MRK,Healthcare,0.08814231159503505,0.02926206463735726
2022-10-31,PFE,Healthcare,0.08613630897484681,0.04554975174421768
2022-10-31,REGN,Healthcare,0.003940025604832087,-0.0032618945541183974
2022-10-31,SYK,Healthcare,0.02028449085442019,-0.00803143699508919
2022-10-31,TMO,Healthcare,0.089986013052884,0.024050646547018186
2022-10-31,UNH,Healthcare,-0.013312104094337807,0.03237454143294671
2022-10-31,VRTX,Healthcare,0.014102544540014028,0.008801143387760516
2022-10-31,ZBH,Healthcare,0.05954993953434751,0.046857381059545324
2022-10-31,A,Healthcare,0.12020221125262465,0.06298868770788837
2022-10-31,ACAD,Healthcare,-0.02807241070889943,-0.018942701658063978
2022-10-31,ALGN,Healthcare,0.012146168673620172,-0.016033529888085745
2022-10-31,ALKS,Healthcare,0.0916299495065176,0.027262455079714927
2022-10-31,BDX,Healthcare,0.05665966739451744,0.0014313694197583186
2022-10-31,DGX,Healthcare,0.0569440980156013,0.05649251675964998
2022-10-31,DXCM,Healthcare,-0.03725782451962856,0.04989620332706743
2022-10-31,FOLD,Healthcare,0.21000003814697266,0.045041217516512674
2022-10-31,HOLX,Healthcare,0.12330383826044411,0.010599783408938768
2022-10-31,IDXX,Healthcare,0.18402469914714015,-0.016349037641216743
2022-10-31,INSP,Healthcare,0.23913829754177351,-0.012606322651898262
2022-10-31,IQV,Healthcare,0.03982451555509359,-0.013037562194275796
2022-10-31,MASI,Healthcare,0.10136774862607134,0.07979373250426317
2022-10-31,MTD,Healthcare,0.16177179463993885,-0.015139545603951796
2022-10-31,NBIX,Healthcare,0.10371781208427944,0.021385377332903282
2022-10-31,NTRA,Healthcare,-0.1243611641065574,-0.01376956599354172
2022-10-31,NVCR,Healthcare,0.08746097304683831,0.07756363841394258
2022-10-31,PODD,Healthcare,0.15671727499402754,0.04661546493585143
2022-10-31,RARE,Healthcare,-0.10281759618251185,0.00629054058569242
2022-10-31,RMD,Healthcare,0.031227949746274186,0.02048698772347209
2022-10-31,WAT,Healthcare,0.15853859192755682,0.020785224432471956
2022-10-31,AAPL,Technology,-0.0330274517659529,0.039447417647485494
2022-10-31,ADBE,Technology,0.0829827085581829,0.11174200401412453
2022-10-31,AMAT,Technology,0.24438622727813808,0.014821168017372901
2022-10-31,AMD,Technology,0.292540717255801,-0.02263161951220912
2022-10-31,AVGO,Technology,0.1721051538424465,-0.03348715724965464
2022-10-31,CDNS,Technology,0.13640262883769028,0.040520854814801596
2022-10-31,CRM,Technology,-0.014391905017654971,0.008288538266972118
2022-10-31,CRWD,Technology,-0.27016126703988863,-0.04490054036666827
2022-10-31,FTNT,Technology,-0.06997900648491862,-0.031281695828181286
2022-10-31,GOOGL,Technology,0.06856407297044531,0.05612182043236112
2022-10-31,INTC,Technology,0.07197051936975707,-0.06803122046334337
2022-10-31,INTU,Technology,-0.0465731163659463,0.0726349408646074
2022-10-31,KLAC,Technology,0.2466389451383364,-0.014348598364705688
2022-10-31,LRCX,Technology,0.16700444431935968,0.06505174690362017
2022-10-31,META,Technology,0.26771133162220484,-0.09876306751566416
2022-10-31,MSFT,Technology,0.10222310737405049,-0.019753736698090527
2022-10-31,MU,Technology,0.06561920755039363,-0.014802013899315132
2022-10-31,NET,Technology,-0.12748580156394462,0.027761687087236663
2022-10-31,NOW,Technology,-0.010552840953857445,-0.026434874743921536
2022-10-31,NVDA,Technology,0.2541552362677084,0.015641264272006652
2022-10-31,ORCL,Technology,0.0635326952120494,0.15360366037434556
2022-10-31,PANW,Technology,-0.0098490732412998,0.004183696838049339
2022-10-31,QCOM,Technology,0.08190104101674445,0.004903972486356034
2022-10-31,SNPS,Technology,0.16062219351452156,0.036871841956058825
2022-10-31,TXN,Technology,0.12345146793551276,0.07549618702238488
2022-10-31,ACN,Technology,0.05998579484514943,0.022057751686973937
2022-10-31,ADI,Technology,0.20537099219962518,0.06163402079063557
2022-10-31,ANET,Technology,0.15257324464903954,0.002078381975092644
2022-10-31,CGNX,Technology,0.07829451924397968,0.06993917654755856
2022-10-31,COHU,Technology,0.08809239632991805,0.006358693101079328
2022-10-31,CSCO,Technology,0.09443091286983707,0.03426004610847922
2022-10-31,DELL,Technology,0.16640601999511784,0.07352635688864789
2022-10-31,ENTG,Technology,-0.024608952382830673,-0.07029012796352034
2022-10-31,FORM,Technology,0.14151413854090178,-0.147477125789576
2022-10-31,HPQ,Technology,0.0876177105379623,-0.07952600728205135
2022-10-31,IBM,Technology,0.08956048141377204,0.05093207464653541
2022-10-31,IPGP,Technology,0.06268964379653474,0.056784322002504765
2022-10-31,KEYS,Technology,0.038702301058766375,0.016288724962621206
2022-10-31,MCHP,Technology,0.28833422216204907,0.058238024314717154
2022-10-31,MKSI,Technology,0.023581456471855278,0.05472369752554486
2022-10-31,MPWR,Technology,0.12523184265247123,-0.034864300551200135
2022-10-31,MRVL,Technology,0.1723790616183538,-0.017639044447872454
2022-10-31,NXPI,Technology,0.20372393233414599,0.10434240355835797
2022-10-31,ONTO,Technology,0.19614005578452876,0.06301270062287968
2022-10-31,QRVO,Technology,0.15299718736987789,0.030079042913650766
2022-10-31,STX,Technology,0.06665353885973047,-0.04377654830551297
2022-10-31,SWKS,Technology,0.11908640638273571,0.06825618045073223
2022-10-31,TER,Technology,0.1500853584823154,0.009635326147839789
2022-10-31,VRSN,Technology,-0.003242661604389574,0.05621186930941468
2022-10-31,WDC,Technology,0.0692465158888329,0.03778114264361827
2022-11-30,AMZN,Consumer,-0.1298943525647971,0.07415889418859767
2022-11-30,AZO,Consumer,-0.043745664350281155,0.011759328114148542
2022-11-30,BKNG,Consumer,-0.030859315725779046,-0.08400353940774868
2022-11-30,CMG,Consumer,-0.14718862559197254,0.1158310033191277
2022-11-30,COST,Consumer,-0.15345405314248128,0.03363003425005294
2022-11-30,DG,Consumer,-0.034741460377674005,0.05492326061074459
2022-11-30,DLTR,Consumer,-0.058886095149910056,-0.059229188977061295
2022-11-30,DRI,Consumer,-0.05891572167628467,-0.06472999885215236
2022-11-30,EBAY,Consumer,-0.087367711301231,0.08254638596166652
2022-11-30,HD,Consumer,-0.025093649363519988,0.03873746859564962
2022-11-30,HLT,Consumer,-0.1140091391494149,-0.01936099747941389
2022-11-30,KR,Consumer,-0.09371812238255095,0.03647401097125054
2022-11-30,LOW,Consumer,-0.06262056389455828,0.04960577539240915
2022-11-30,LULU,Consumer,-0.15758195435434996,0.03839749953913535
2022-11-30,MAR,Consumer,-0.0995464088373047,-0.12090149391725503
2022-11-30,MCD,Consumer,-0.03394508306078681,-0.03286213391325074
2022-11-30,MGM,Consumer,-0.09026684486615422,-0.030425183114247585
2022-11-30,NKE,Consumer,0.07000767765605098,0.04584342572764101
2022-11-30,ORLY,Consumer,-0.023723649030917615,0.055986709376246384
2022-11-30,ROST,Consumer,-0.011021068950266444,-0.01956447206181769
2022-11-30,SBUX,Consumer,-0.02935427558659709,0.17172559552028602
2022-11-30,TGT,Consumer,-0.10791894364933796,0.11224604276692397
2022-11-30,TJX,Consumer,-0.005621582156956406,-0.0380639066032129
2022-11-30,WMT,Consumer,-0.06623462892433407,-0.0319588952550571
2022-11-30,YUM,Consumer,-0.004508065350667945,-0.006670797150032061
2022-11-30,BBY,Consumer,-0.04944704331518768,0.08701518169624149
2022-11-30,CCL,Consumer,-0.18831814519824974,-0.09497165553990876
2022-11-30,CHDN,Consumer,-0.04436692177205459,-0.0002420074545224567
2022-11-30,CMCSA,Consumer,-0.04557854645037496,0.04365344152144488
2022-11-30,CZR,Consumer,-0.1812635829608792,-0.012097850639213325
2022-11-30,DIS,Consumer,-0.11229187237565208,0.03240628226346511
2022-11-30,DKNG,Consumer,-0.25652737792346003,0.07084319747261271
2022-11-30,F,Consumer,-0.16330940263802207,0.12836885598008402
2022-11-30,FOX,Consumer,-0.06782441129732764,0.0502332296851493
2022-11-30,GM,Consumer,-0.16876709070295004,0.09201307854702101
2022-11-30,GRMN,Consumer,9.256988276806766e-06,0.031161728927792613
2022-11-30,H,Consumer,-0.09838505773078021,-0.09170609392500939
2022-11-30,IHG,Consumer,-0.008160605386081765,-0.04702568230157474
2022-11-30,LVS,Consumer,0.026259721175388995,0.05139658589672937
2022-11-30,NCLH,Consumer,-0.25547449066309946,-0.13066127860129917
2022-11-30,NFLX,Consumer,-0.03485741643246454,0.1629521299420232
2022-11-30,PENN,Consumer,-0.15601017556171937,0.10058069853722068
2022-11-30,POOL,Consumer,-0.08220779643352671,0.10771112978833774
2022-11-30,RCL,Consumer,-0.1752045199970984,-0.09548839789943732
2022-11-30,SIRI,Consumer,-0.10015394409307021,-0.01784765926547962
2022-11-30,TSLA,Consumer,-0.3673343490707852,0.059004097442412765
2022-11-30,WBD,Consumer,-0.16842106495977915,0.12352124561489224
2022-11-30,WYNN,Consumer,-0.014223992957678289,0.030445941490812423
2022-11-30,APA,Energy,-0.003628682437189945,0.009739305480179945
2022-11-30,BA,Energy,0.06490384779426561,0.02193666475587122
2022-11-30,CAT,Energy,0.013324239977809293,-0.01152122043508394
2022-11-30,COP,Energy,-0.03865124347816773,0.05514407945949439
2022-11-30,CVX,Energy,-0.020839115593754065,0.008760097052530552
2022-11-30,DE,Energy,-0.025035456221283114,-0.003610277151540226
2022-11-30,DVN,Energy,-0.08280632446801228,0.05757783284158492
2022-11-30,EOG,Energy,-0.07656992795597484,0.05523855173622078
2022-11-30,FDX,Energy,-0.043099263245718444,0.030509869419025785
2022-11-30,GD,Energy,-0.01695779992698676,0.013987799534639056
2022-11-30,GE,Energy,-0.02441592948324811,0.014329101956576598
2022-11-30,HAL,Energy,0.041986760867628314,0.007984279678565192
2022-11-30,HON,Energy,-0.023912686040959863,-0.006543514200800887
2022-11-30,LMT,Energy,0.002679174144741392,0.0038764056424763927
2022-11-30,MMM,Energy,-0.04802722338992538,0.03030155348465598
2022-11-30,MPC,Energy,-0.044495456183236914,0.04716504575236118
2022-11-30,NOC,Energy,0.023101955629642346,0.03905326787846927
2022-11-30,OXY,Energy,-0.09168505148465411,0.06248209160584939
2022-11-30,PSX,Energy,-0.040206652551107114,0.028534044324175094
2022-11-30,RTX,Energy,0.022285251450865573,-0.004501075872692354
2022-11-30,SLB,Energy,0.04059566330905917,0.055594254533206745
2022-11-30,UNP,Energy,-0.041780105956040536,0.028186203745979112
2022-11-30,UPS,Energy,-0.0837505297870954,0.02762955778771084
2022-11-30,VLO,Energy,-0.05059106110670952,0.05434957503539129
2022-11-30,XOM,Energy,-0.009340778424713703,0.04721758944999536
2022-11-30,AME,Energy,-0.01743687247762027,0.004138374339094145
2022-11-30,BE,Energy,-0.10192578595481927,0.22186738529032693
2022-11-30,BKR,Energy,0.017574094794071682,0.0076691809775360446
2022-11-30,CTRA,Energy,-0.11967035990569519,0.03059753015872864
2022-11-30,EMR,Energy,0.0030282868363287196,-0.012319009496100502
2022-11-30,ENPH,Energy,-0.17352383267811144,0.08742425995830758
2022-11-30,ETN,Energy,-0.03976745393362502,0.004138374339094145
2022-11-30,FSLR,Energy,-0.13180319743845503,0.059493904853016234
2022-11-30,FTV,Energy,-0.04885259826429034,0.039937711196162164
2022-11-30,GNRC,Energy,-0.04605755435528036,0.1100167694638272
2022-11-30,HUBB,Energy,-0.07628112698371847,0.01823696679415077
2022-11-30,MTDR,Energy,-0.13743228090929271,0.075998348352581
2022-11-30,PH,Energy,-0.026560732996009362,-0.006543514200800887
2022-11-30,PLUG,Energy,-0.22493735238140422,0.2336750241279939
2022-11-30,PR,Energy,-0.07480338944141507,0.06756582074408259
2022-11-30,ROK,Energy,-0.02516856379653365,0.014329101956576598
2022-11-30,ROP,Energy,-0.015493731011521517,0.01028395973134338
2022-11-30,SM,Energy,-0.1920669851612492,0.05196465521903503
2022-11-30,VRSK,Energy,-0.03806751110015871,0.01867161303741208
2022-11-30,WMB,Energy,-0.039796038737321404,0.0053237844952105234
2022-11-30,XYL,Energy,-0.015843406140588434,0.08420267142212076
2022-11-30,AXP,Financials,-0.06244065997625792,0.010032390925659036
2022-11-30,BAC,Financials,-0.11985103181199741,0.027086885873401658
2022-11-30,BK,Financials,-0.008278814031816295,0.06328039337833907
2022-11-30,BLK,Financials,-0.003470448717217134,0.04974453868601729
2022-11-30,C,Financials,-0.06568887360692754,0.05724694221345989
2022-11-30,CFG,Financials,-0.07102384857050204,0.024455089010991235
2022-11-30,CME,Financials,-0.016268079619011444,0.07937148857516534
2022-11-30,COF,Financials,-0.09957375919386968,0.01981161894477944
2022-11-30,FITB,Financials,-0.08844131597750937,0.03469909413676452
2022-11-30,GS,Financials,-0.11076013072175372,0.007428457137969044
2022-11-30,HBAN,Financials,-0.078754675806198,-0.010895288052439162
2022-11-30,ICE,Financials,-0.04941579161740017,0.10193883111381097
2022-11-30,JPM,Financials,-0.029526324325408027,0.02182912426312329
2022-11-30,KEY,Financials,-0.07389669248041009,0.05522591530894682
2022-11-30,MCO,Financials,-0.06587984858740947,0.041631330952497166
2022-11-30,MS,Financials,-0.08649411261466755,0.04281802563141044
2022-11-30,MTB,Financials,-0.14680612095321333,-0.008658520374338403
2022-11-30,PNC,Financials,-0.06133355229549087,0.05918886112176327
2022-11-30,RF,Financials,-0.06240853884639952,0.01399544849198757
2022-11-30,SCHW,Financials,0.008722974918492277,0.04031042089845999
2022-11-30,SPGI,Financials,-0.050623592994143984,0.0758758723199691
2022-11-30,STT,Financials,-0.01846524253166204,0.03577056465339471
2022-11-30,TFC,Financials,-0.08075226395016877,0.06458684208540731
2022-11-30,USB,Financials,-0.028457997267699486,0.06387651050488001
2022-11-30,WFC,Financials,-0.13889470619638078,0.011019894621910142
2022-11-30,AFL,Financials,0.0001391056520529954,-0.0040476606354891195
2022-11-30,AJG,Financials,-0.05065471288115908,0.003271424933769632
2022-11-30,ALL,Financials,0.012696539919530903,0.003805337460442326
2022-11-30,AMTD,Financials,-0.08629437651643901,0.001708363438420515
2022-11-30,AON,Financials,-0.026404406493596322,0.07151967514292625
2022-11-30,CB,Financials,0.008459921169724494,-0.02613890848501156
2022-11-30,FDS,Financials,-0.13024354286423756,0.05990033065245852
2022-11-30,FNF,Financials,-0.01898418241854727,0.07312343954937618
2022-11-30,GL,Financials,0.004918199710883808,-0.01163865539062777
2022-11-30,HIG,Financials,-0.007071022557787021,-0.029228776352784095
2022-11-30,IBKR,Financials,-0.09900372828510295,0.03993551879213443
2022-11-30,LPLA,Financials,-0.0867729353132296,0.002666150675979046
2022-11-30,MET,Financials,-0.05645345705207838,-0.02030213751686362
2022-11-30,MSCI,Financials,-0.08400428734239496,0.024121027565032177
2022-11-30,NDAQ,Financials,-0.10123067198123437,0.051268379020541086
2022-11-30,PGR,Financials,-0.018463818173592883,-0.024579712701038182
2022-11-30,PRU,Financials,-0.07932983685888972,-0.022462840770960637
2022-11-30,RJF,Financials,-0.08240216994344085,-0.006445726867071887
2022-11-30,SEIC,Financials,-0.05702550008065865,0.016342807921148724
2022-11-30,SF,Financials,-0.09151741934454904,-0.0006205519166706131
2022-11-30,SYF,Financials,-0.12559880909742116,0.03020548377652934
2022-11-30,TRV,Financials,-0.007313476941605446,-0.027465888671036803
2022-11-30,UNM,Financials,-0.027264273603182176,0.012276729875424013
2022-11-30,WTW,Financials,-0.0030368731768094515,0.028090453123824643
2022-11-30,ABBV,Healthcare,0.0026678672301898576,0.03856415592823251
2022-11-30,ABT,Healthcare,0.020542956679386215,0.02006120052842812
2022-11-30,AMGN,Healthcare,-0.08296073981001684,0.012708919587470242
2022-11-30,BAX,Healthcare,-0.0937054553598482,0.03629183892029268
2022-11-30,BIIB,Healthcare,-0.09257134959850744,-0.04371899203697865
2022-11-30,BMY,Healthcare,-0.10376185631763502,0.006564417529551991
2022-11-30,BSX,Healthcare,0.022089683894149337,0.03231646511721699
2022-11-30,CI,Healthcare,0.010909611613079795,0.022603233255413066
2022-11-30,CVS,Healthcare,-0.08529645805594366,0.015355922275500243
2022-11-30,DHR,Healthcare,-0.028286826487112338,0.06854383980240794
2022-11-30,EW,Healthcare,-0.03417474938056231,0.02270011948303367
2022-11-30,GILD,Healthcare,-0.014436683137690975,0.012570739124429998
2022-11-30,HUM,Healthcare,-0.06714943365749959,0.004281820277466431
2022-11-30,ISRG,Healthcare,-0.018639773186428177,0.016986891192157176
2022-11-30,JNJ,Healthcare,-0.00758430307756508,0.006103610741042713
2022-11-30,LLY,Healthcare,-0.014121137063781708,0.02658958911303805
2022-11-30,MDT,Healthcare,-0.00795314601527397,0.016969075072971324
2022-11-30,MRK,Healthcare,0.014212444692300874,0.02887497426126288
2022-11-30,PFE,Healthcare,0.022142219009577024,0.062294527164893
2022-11-30,REGN,Healthcare,-0.04018904277781543,-0.02430082214067525
2022-11-30,SYK,Healthcare,0.048574750365981245,-0.011943626477533359
2022-11-30,TMO,Healthcare,-0.01649473912852495,0.05963493779177106
2022-11-30,UNH,Healthcare,-0.029110508729809137,-0.01310073273045034
2022-11-30,VRTX,Healthcare,-0.0872945500947887,0.0058141894395839526
2022-11-30,ZBH,Healthcare,0.06362877661835897,0.051489370863193606
2022-11-30,A,Healthcare,-0.03295137336038345,0.03602960973972798
2022-11-30,ACAD,Healthcare,0.02182285970814135,0.039273917151173246
2022-11-30,ALGN,Healthcare,0.072409183205556,0.02549805526934172
2022-11-30,ALKS,Healthcare,0.05447935579955976,0.04257505815948502
2022-11-30,BDX,Healthcare,0.023671779497488332,0.023023794114822412
2022-11-30,DGX,Healthcare,0.03036274680448825,0.013299895134803787
2022-11-30,DXCM,Healthcare,-0.026143798997601997,0.025642851987394213
2022-11-30,FOLD,Healthcare,0.00909088043052475,0.054824842786451396
2022-11-30,HOLX,Healthcare,-0.01772591962449277,0.022739570287587618
2022-11-30,IDXX,Healthcare,-0.042055096314500995,0.01501230515045677
2022-11-30,INSP,Healthcare,0.04267912922135397,0.011766140456628552
2022-11-30,IQV,Healthcare,-0.06022385389188345,-0.0038317683661415647
2022-11-30,MASI,Healthcare,0.02076717577021414,0.018565842356580306
2022-11-30,MTD,Healthcare,-0.01640634370870586,0.016787298617938328
2022-11-30,NBIX,Healthcare,-0.05997162965215341,0.012807195605230364
2022-11-30,NTRA,Healthcare,-0.023103131994558823,0.021547598853270074
2022-11-30,NVCR,Healthcare,-0.045419026940382246,0.06459567593292145
2022-11-30,PODD,Healthcare,-0.016634868390202562,0.03262706836815167
2022-11-30,RARE,Healthcare,0.2763086172121456,0.06904298843374015
2022-11-30,RMD,Healthcare,-0.09587314603975206,0.05409917439330345
2022-11-30,WAT,Healthcare,-0.01159844045141012,0.021348739467294413
2022-11-30,AAPL,Technology,-0.1222725948343234,0.14416880976162053
2022-11-30,ADBE,Technology,-0.02435275005029791,0.01576855860981036
2022-11-30,AMAT,Technology,-0.111496470757387,0.13893544716308628
2022-11-30,AMD,Technology,-0.1656576203187402,0.20775166694172986
2022-11-30,AVGO,Technology,0.023166049154599522,0.14650403983142662
2022-11-30,CDNS,Technology,-0.06626362672267827,0.11947271674455037
2022-11-30,CRM,Technology,-0.17260530390468343,0.04309558123681226
2022-11-30,CRWD,Technology,-0.10505737739096244,-0.09329635282723672
2022-11-30,FTNT,Technology,-0.0803235603841248,-0.00359071645836608
2022-11-30,GOOGL,Technology,-0.1263490070002916,0.06667328235414582
2022-11-30,INTC,Technology,-0.12105084236022678,0.13408558456955083
2022-11-30,INTU,Technology,-0.04506979060209915,0.1524393097644184
2022-11-30,KLAC,Technology,-0.0410022937674458,0.17167150919505625
2022-11-30,LRCX,Technology,-0.1069322384887661,0.2002685227042868
2022-11-30,META,Technology,0.018967031341476925,-0.053986979417768484
2022-11-30,MSFT,Technology,-0.06004539064828418,-0.04896673932846719
2022-11-30,MU,Technology,-0.13107131473982903,0.06240159670748458
2022-11-30,NET,Technology,-0.07997558717926345,-0.013622920874891064
2022-11-30,NOW,Technology,-0.06733128349486006,-0.06698465945583691
2022-11-30,NVDA,Technology,-0.13644169684584773,-0.05208173054618101
2022-11-30,ORCL,Technology,-0.01553655443982771,0.003077993172005699
2022-11-30,PANW,Technology,-0.17869335904066674,0.029308800872354303
2022-11-30,QCOM,Technology,-0.1308402889068796,0.09431119416424276
2022-11-30,SNPS,Technology,-0.05963951078042362,0.1221449479894201
2022-11-30,TXN,Technology,-0.0844510422284721,0.07714495063870754
2022-11-30,ACN,Technology,-0.11328205388475121,0.13243916764471209
2022-11-30,ADI,Technology,-0.041590295833169644,0.05555573943852061
2022-11-30,ANET,Technology,-0.12885860864602627,0.13136926163909532
2022-11-30,CGNX,Technology,-0.0536359392862128,0.10512832295019729
2022-11-30,COHU,Technology,-0.1052484782211881,0.09291434168882204
2022-11-30,CSCO,Technology,-0.04183408053678095,0.045061553985048144
2022-11-30,DELL,Technology,-0.10203166065420566,0.02473600978983981
2022-11-30,ENTG,Technology,-0.15137779153359354,0.11792444228638167
2022-11-30,FORM,Technology,-0.03641093037276222,0.09023993876687403
2022-11-30,HPQ,Technology,-0.09734568475655181,0.06205260491579212
2022-11-30,IBM,Technology,-0.05379437900440165,0.029208082425161853
2022-11-30,IPGP,Technology,0.03998681136395099,0.1315863204388715
2022-11-30,KEYS,Technology,-0.05428709214751448,0.07606265694844455
2022-11-30,MCHP,Technology,-0.11289312487261383,0.19442347400458143
2022-11-30,MKSI,Technology,0.01037455765687989,0.009195509506796956
2022-11-30,MPWR,Technology,-0.07217756433936706,0.11751241344362208
2022-11-30,MRVL,Technology,-0.20378334715069124,0.08579941395685849
2022-11-30,NXPI,Technology,-0.09690731571716504,0.07550604031030853
2022-11-30,ONTO,Technology,-0.14834272749290356,0.16498593001734488
2022-11-30,QRVO,Technology,-0.08675063587255982,0.10607965855692514
2022-11-30,STX,Technology,0.007028296197087558,0.047320625398768336
2022-11-30,SWKS,Technology,-0.04695676091715573,0.06425252567206818
2022-11-30,TER,Technology,-0.06527547162506298,0.13239133958289484
2022-11-30,VRSN,Technology,0.02817694094898804,0.16443759848897146
2022-11-30,WDC,Technology,-0.14149667163484247,0.07459639247259126
2022-12-31,AMZN,Consumer,0.22773806254069018,-0.005421429204523924
2022-12-31,AZO,Consumer,-0.011081849152098866,0.04881586116732663
2022-12-31,BKNG,Consumer,0.2078221707679866,0.01143291423518105
2022-12-31,CMG,Consumer,0.18658877479768732,0.012777745522485446
2022-12-31,COST,Consumer,0.11969346706430573,-0.007900076457042845
2022-12-31,DG,Consumer,-0.05137044321674289,0.04479695944913041
2022-12-31,DLTR,Consumer,0.061792916314432844,-0.0015670336148504698
2022-12-31,DRI,Consumer,0.07856754193822879,0.0018315260883319862
2022-12-31,EBAY,Consumer,0.19363370148801673,-0.0725915173324802
2022-12-31,HD,Consumer,0.02630944143151548,-0.005881034550423422
2022-12-31,HLT,Consumer,0.1482274651063462,-0.001379150886205939
2022-12-31,KR,Consumer,0.0011216161865821306,0.06478924236797445
2022-12-31,LOW,Consumer,0.05060012039894235,-0.017044997347683468
2022-12-31,LULU,Consumer,-0.04213746112195105,-0.056173233134104696
2022-12-31,MAR,Consumer,0.16985668970444823,0.02419112340915002
2022-12-31,MCD,Consumer,0.014684863510564972,0.030737962711744726
2022-12-31,MGM,Consumer,0.23501346122865785,0.04967607624213696
2022-12-31,NKE,Consumer,0.0881977032305934,-0.09211851778254647
2022-12-31,ORLY,Consumer,-0.06123002126098431,0.06053863814376564
2022-12-31,ROST,Consumer,0.01826480164822586,0.012447157104341626
2022-12-31,SBUX,Consumer,0.10020162392962462,-0.0823668006699238
2022-12-31,TGT,Consumer,0.15499198340482145,0.04394260218691018
2022-12-31,TJX,Consumer,0.02839195768434144,0.007881431163042128
2022-12-31,WMT,Consumer,0.014669407309435778,0.045804088958393
2022-12-31,YUM,Consumer,0.018972470360526517,-0.04304340472077205
2022-12-31,BBY,Consumer,0.1060965742175548,-0.06838661946093408
2022-12-31,CCL,Consumer,0.34243155177521056,0.045744900310402334
2022-12-31,CHDN,Consumer,0.1734380824164179,-0.011280123901697673
2022-12-31,CMCSA,Consumer,0.13400578843238975,-0.010369586852364207
2022-12-31,CZR,Consumer,0.2514423866067441,-0.13878303862285932
2022-12-31,DIS,Consumer,0.24873401593721112,0.05503700224128239
2022-12-31,DKNG,Consumer,0.31606666543305817,0.15080221547951014
2022-12-31,F,Consumer,0.16165092039677398,-0.00026299506145013217
2022-12-31,FOX,Consumer,0.11423549197173033,-0.004525038666820399
2022-12-31,GM,Consumer,0.16884651272324858,0.09782448061233548
2022-12-31,GRMN,Consumer,0.07140510171704961,0.0039409815606262725
2022-12-31,H,Consumer,0.2064123916406202,0.02340835088963224
2022-12-31,IHG,Consumer,0.21271889376312925,-0.026229373849402916
2022-12-31,LVS,Consumer,0.2273766014586327,-0.060386489134457134
2022-12-31,NCLH,Consumer,0.24264708517698685,0.0002593264311891762
2022-12-31,NFLX,Consumer,0.20001358326102392,0.25110901354779747
2022-12-31,PENN,Consumer,0.19360268862938956,0.0025363383619141926
2022-12-31,POOL,Consumer,0.27546055094882904,0.06727411300391313
2022-12-31,RCL,Consumer,0.3137772291403227,-0.0030879274928965338
2022-12-31,SIRI,Consumer,-0.008561907064154606,-0.009950449699987993
2022-12-31,TSLA,Consumer,0.4062347847991097,-0.026449851182330324
2022-12-31,WBD,Consumer,0.5632911825360898,0.04447645840358203
2022-12-31,WYNN,Consumer,0.25669927712659124,-0.015335355869626626
2022-12-31,APA,Energy,-0.04505625080456599,0.05462899627841603
2022-12-31,BA,Energy,0.11816890050771578,0.07412734438142446
2022-12-31,CAT,Energy,0.05816159588701297,0.009105880402957206
2022-12-31,COP,Energy,0.03279656623102212,0.058139909864105825
2022-12-31,CVX,Energy,-0.030475405735187144,0.018845085604702674
2022-12-31,DE,Energy,-0.013807240715135505,0.008056724797616972
2022-12-31,DVN,Energy,0.028125402637854346,0.04280949601871599
2022-12-31,EOG,Energy,0.0275763696570428,0.06290491341057834
2022-12-31,FDX,Energy,0.11928392733222037,-0.017265700664925183
2022-12-31,GD,Energy,-0.055638102849417725,0.021645920238454183
2022-12-31,GE,Energy,0.230396178573687,0.034638933726598924
2022-12-31,HAL,Energy,0.047522244555851856,0.048773596005904064
2022-12-31,HON,Energy,-0.027157984485501774,0.009105880402957206
2022-12-31,LMT,Energy,-0.04775004333044097,0.021645920238454183
2022-12-31,MMM,Energy,-0.0403603191926859,0.022606296905526076
2022-12-31,MPC,Energy,0.10421867168479415,0.01685326962002181
2022-12-31,NOC,Energy,-0.17882740807081765,0.019350041909621044
2022-12-31,OXY,Energy,0.028575950601525957,0.0613394193751228
2022-12-31,PSX,Energy,-0.03660657245513321,0.048221947586094126
2022-12-31,RTX,Energy,-0.010602578125519901,0.01799957548889847
2022-12-31,SLB,Energy,0.0658435526163268,0.05026296340548233
2022-12-31,UNP,Energy,-0.013908299686699488,0.009429088292242043
2022-12-31,UPS,Energy,0.06551971656121469,0.004717973639646033
2022-12-31,VLO,Energy,0.10381495721096834,0.05483003488044247
2022-12-31,XOM,Energy,0.05176789802698156,0.053271195474522505
2022-12-31,AME,Energy,0.03721730124365208,0.02112805918567941
2022-12-31,BE,Energy,0.3038702516173808,0.12036816906457604
2022-12-31,BKR,Energy,0.07483908683002372,0.028336722506605225
2022-12-31,CTRA,Energy,0.01872192485848423,0.05815364643707446
2022-12-31,EMR,Energy,-0.06079529674079143,0.00726501570507042
2022-12-31,ENPH,Energy,-0.16447761163086494,0.07179206589426525
2022-12-31,ETN,Energy,0.03351384053733075,0.02112805918567941
2022-12-31,FSLR,Energy,0.18566001778409458,0.09326310875262225
2022-12-31,FTV,Energy,0.05883235049458313,0.02938812090279597
2022-12-31,GNRC,Energy,0.19809253016665207,0.07421046237551304
2022-12-31,HUBB,Energy,-0.024586806176609577,0.02297386264381164
2022-12-31,MTDR,Energy,0.1558350796684682,0.05511171047328897
2022-12-31,PH,Energy,0.12027525254726279,0.016178477533058403
2022-12-31,PLUG,Energy,0.37590950810218415,0.1297845191674486
2022-12-31,PR,Energy,0.15638334738763304,0.07120304550604425
2022-12-31,ROK,Energy,0.09496442375016012,0.047329018909654116
2022-12-31,ROP,Energy,-0.010808621274487007,0.02874031126019766
2022-12-31,SM,Energy,-0.051986181942132004,0.07329674375351926
2022-12-31,VRSK,Energy,0.030438944401271373,0.04892873525885681
2022-12-31,WMB,Energy,-0.020060689481490313,0.020462921816987032
2022-12-31,XYL,Energy,-0.05932877838509942,0.02049131735033768
2022-12-31,AXP,Financials,0.188063249123962,0.021710433785548326
2022-12-31,BAC,Financials,0.07125612922584423,0.010803414996458576
2022-12-31,BK,Financials,0.1194067350388135,-0.005181734142539685
2022-12-31,BLK,Financials,0.07137743631483695,-0.024837658135098726
2022-12-31,C,Financials,0.1545434181524692,0.008761737954802177
2022-12-31,CFG,Financials,0.11111002111510193,-0.006147542697954287
2022-12-31,CME,Financials,0.050547290252160204,0.06764051309453262
2022-12-31,COF,Financials,0.2801203826029246,0.034944560256985634
2022-12-31,FITB,Financials,0.10606530352557986,0.01570234226690147
2022-12-31,GS,Financials,0.06532128209389088,0.013481016139474318
2022-12-31,HBAN,Financials,0.07588665298616637,0.021417578374124824
2022-12-31,ICE,Financials,0.048347929230730724,-0.025098966288756578
2022-12-31,JPM,Financials,0.05140793069006677,-0.009212609953604328
2022-12-31,KEY,Financials,0.10160731548007829,0.028357377861172556
2022-12-31,MCO,Financials,0.158387890664351,-0.043642059033427036
2022-12-31,MS,Financials,0.15402310852129864,-0.01796921460214982
2022-12-31,MTB,Financials,0.07541691753686464,0.02584135582238559
2022-12-31,PNC,Financials,0.05681313105923724,0.025093940603452006
2022-12-31,RF,Financials,0.09183672634070117,-0.0028749487859999756
2022-12-31,SCHW,Financials,-0.07014156321937992,0.11287374405239559
2022-12-31,SPGI,Financials,0.11942462395363762,-0.0432837748878523
2022-12-31,STT,Financials,0.1773880691622587,0.03530048023407837
2022-12-31,TFC,Financials,0.14780380181913766,0.020316523901466294
2022-12-31,USB,Financials,0.14193978049768563,0.03823739785979356
2022-12-31,WFC,Financials,0.1351416349040555,0.026333946679147024
2022-12-31,AFL,Financials,0.021684933182757105,-0.014400661847975253
2022-12-31,AJG,Financials,0.03808209616347602,0.026760648094457083
2022-12-31,ALL,Financials,-0.052581331187283586,0.003189798067255589
2022-12-31,AMTD,Financials,-0.07222219622184267,0.009003249971588708
2022-12-31,AON,Financials,0.06364687413542391,-0.028260089739318872
2022-12-31,CB,Financials,0.031232901436928806,0.028761189941170613
2022-12-31,FDS,Financials,0.054161226277289476,0.030580729648807585
2022-12-31,FNF,Financials,0.17038801089338396,-0.0007167960625802622
2022-12-31,GL,Financials,0.004229059861605489,0.013394266912454638
2022-12-31,HIG,Financials,0.023473493558982872,0.01131457751767563
2022-12-31,IBKR,Financials,0.10490667705287149,0.09823966605253062
2022-12-31,LPLA,Financials,0.09691447258435115,0.021973357127058175
2022-12-31,MET,Financials,0.008981515088136716,0.028714668699501004
2022-12-31,MSCI,Financials,0.1427219657884815,0.00838783059799122
2022-12-31,NDAQ,Financials,-0.018907797706465,0.04961474595642799
2022-12-31,PGR,Financials,0.051992487661270514,0.004392484888628973
2022-12-31,PRU,Financials,0.05509750820536752,-0.00040578533589557636
2022-12-31,RJF,Financials,0.05540468508424001,0.022523930309183253
2022-12-31,SEIC,Financials,0.07084057761939211,-0.01936871034632476
2022-12-31,SF,Financials,0.1548740216829858,0.022985451818622313
2022-12-31,SYF,Financials,0.11777217655278704,0.01617165046855468
2022-12-31,TRV,Financials,0.01936125412992684,0.021490294245267022
2022-12-31,UNM,Financials,0.03259156453623757,0.03251885137848625
2022-12-31,WTW,Financials,0.03929189539046196,-0.024569400996846454
2022-12-31,ABBV,Healthcare,-0.07707135285856159,0.01617652122807381
2022-12-31,ABT,Healthcare,0.011481281647934383,0.021686126302600903
2022-12-31,AMGN,Healthcare,-0.03898888153952329,0.013113088574628153
2022-12-31,BAX,Healthcare,-0.10359035957379426,-0.007234207455817002
2022-12-31,BIIB,Healthcare,0.050483821287254926,0.009354252163616803
2022-12-31,BMY,Healthcare,0.0177170888720386,0.0018715502844949055
2022-12-31,BSX,Healthcare,-0.0004322554044910998,-0.01244090367195934
2022-12-31,CI,Healthcare,-0.04427476868681102,0.001496851332974387
2022-12-31,CVS,Healthcare,-0.04679337290218477,-0.008536819101650125
2022-12-31,DHR,Healthcare,-0.00391821227499356,-0.018888009521073043
2022-12-31,EW,Healthcare,0.028012281474243172,0.004522124991330327
2022-12-31,GILD,Healthcare,-0.02224824193151742,0.018134625534037052
2022-12-31,HUM,Healthcare,-0.0009566563693538255,0.013095876277394482
2022-12-31,ISRG,Healthcare,-0.07409083553757223,0.0063933897618634414
2022-12-31,JNJ,Healthcare,-0.07489369571698712,0.0020051566700757593
2022-12-31,LLY,Healthcare,-0.059288129676151935,0.010941769496961403
2022-12-31,MDT,Healthcare,0.07681425410056852,0.013191066726899228
2022-12-31,MRK,Healthcare,-0.03190603524338753,-0.0027223376570645543
2022-12-31,PFE,Healthcare,-0.13026116288151401,0.006033242511618049
2022-12-31,REGN,Healthcare,0.051255075024470687,-0.01459796658201513
2022-12-31,SYK,Healthcare,0.03812022982525254,0.01196365837913851
2022-12-31,TMO,Healthcare,0.035664309597760235,-0.0020050333959857483
2022-12-31,UNH,Healthcare,-0.058451867179998396,-0.021284094424796434
2022-12-31,VRTX,Healthcare,0.1188448212109321,-0.006104771970035677
2022-12-31,ZBH,Healthcare,-0.001255002348702683,-0.016798780247756193
2022-12-31,A,Healthcare,0.01623791280870046,-0.0031815057699682158
2022-12-31,ACAD,Healthcare,0.19535179619644483,-0.013037263781288264
2022-12-31,ALGN,Healthcare,0.2789474575268085,-0.015356243850361655
2022-12-31,ALKS,Healthcare,0.09605818252954723,0.03134873623810679
2022-12-31,BDX,Healthcare,-0.008179064514433065,0.014691995554685876
2022-12-31,DGX,Healthcare,-0.046629015923617456,-0.009032728993830213
2022-12-31,DXCM,Healthcare,-0.05430944579562347,0.02598523134880348
2022-12-31,FOLD,Healthcare,0.06797706151621097,0.005806827490173208
2022-12-31,HOLX,Healthcare,0.08768888386676199,-0.011569331133800057
2022-12-31,IDXX,Healthcare,0.17781157482181564,-0.009783300697607255
2022-12-31,INSP,Healthcare,0.004684741356624222,-0.05615835232153476
2022-12-31,IQV,Healthcare,0.11967399260824907,-0.034660384229552026
2022-12-31,MASI,Healthcare,0.14957759607493815,0.05669143296866442
2022-12-31,MTD,Healthcare,0.06051409300095267,-0.030034723122079908
2022-12-31,NBIX,Healthcare,-0.07124917918856566,0.0023942459726625422
2022-12-31,NTRA,Healthcare,0.06870804734973013,0.01144360931755129
2022-12-31,NVCR,Healthcare,0.24308114794774482,-0.042431526719589725
2022-12-31,PODD,Healthcare,-0.024015785089252395,-0.02657247328049578
2022-12-31,RARE,Healthcare,-0.02158428578627225,0.058283978264397136
2022-12-31,RMD,Healthcare,0.09724693100821691,-0.03470196748344908
2022-12-31,WAT,Healthcare,-0.04086636858176995,-0.04217816819057405
2022-12-31,AAPL,Technology,0.11052117082140245,-0.008036335423400088
2022-12-31,ADBE,Technology,0.10046651912528914,-0.10298527421246703
2022-12-31,AMAT,Technology,0.1448965926352388,0.0627827215486288
2022-12-31,AMD,Technology,0.16025946303524585,-0.07407703523512554
2022-12-31,AVGO,Technology,0.046286239637122195,-0.024710899965034373
2022-12-31,CDNS,Technology,0.13813497588220347,-0.020284063619139422
2022-12-31,CRM,Technology,0.2668376910931727,0.01797081447331899
2022-12-31,CRWD,Technology,0.005793528398209125,0.09359816208556614
2022-12-31,FTNT,Technology,0.07056659451850855,-0.006970345267515547
2022-12-31,GOOGL,Technology,0.1202538587368478,-0.03367121798851354
2022-12-31,INTC,Technology,0.06923954329654891,-0.09857549265367227
2022-12-31,INTU,Technology,0.08813717775374319,0.028886038249929583
2022-12-31,KLAC,Technology,0.04097817639523682,-0.025741867204302327
2022-12-31,LRCX,Technology,0.1898643249599954,0.05632630265195447
2022-12-31,META,Technology,0.23790924544490522,0.02227427253107733
2022-12-31,MSFT,Technology,0.03331646304240765,0.023130368653615164
2022-12-31,MU,Technology,0.20648256271999665,-0.05926307355419884
2022-12-31,NET,Technology,0.17031632202762004,0.11580700695363506
2022-12-31,NOW,Technology,0.172199780610939,-0.09471056397977373
2022-12-31,NVDA,Technology,0.3368687137581099,-0.04330345624661065
2022-12-31,ORCL,Technology,0.08627004942365057,0.07001130367252319
2022-12-31,PANW,Technology,0.13687836478786575,0.039194363898775175
2022-12-31,QCOM,Technology,0.21166081135798298,-0.038477819282366564
2022-12-31,SNPS,Technology,0.10792693329841496,-0.023872716196789757
2022-12-31,TXN,Technology,0.080213768040311,-0.06572683974472063
2022-12-31,ACN,Technology,0.05003522340234645,-0.022835854066427377
2022-12-31,ADI,Technology,0.0453575852802266,-0.009713838648917474
2022-12-31,ANET,Technology,0.038483710157946494,0.021214490537881683
2022-12-31,CGNX,Technology,0.16196142851964201,-0.0950024193972168
2022-12-31,COHU,Technology,0.12574111357026507,0.04487229374688816
2022-12-31,CSCO,Technology,0.029782827164549497,0.013989331320664974
2022-12-31,DELL,Technology,0.018132110331045448,0.08975428469764225
2022-12-31,ENTG,Technology,0.23211666278989118,-0.04781368819676594
2022-12-31,FORM,Technology,0.26585694867799203,0.07624101776537885
2022-12-31,HPQ,Technology,0.08448083697840825,-0.019216798420573205
2022-12-31,IBM,Technology,-0.04372197929296906,0.006999848537687832
2022-12-31,IPGP,Technology,0.18411324223404657,-0.12071609332188078
2022-12-31,KEYS,Technology,0.04840123005083119,-0.014428199672669641
2022-12-31,MCHP,Technology,0.10491094408344259,0.016890977396936697
2022-12-31,MKSI,Technology,0.20760048645391538,-0.0884275596640999
2022-12-31,MPWR,Technology,0.20630069944362495,-0.04595810840534067
2022-12-31,MRVL,Technology,0.16686893596470553,-0.09255188724814607
2022-12-31,NXPI,Technology,0.1662977153354901,0.07356525762734087
2022-12-31,ONTO,Technology,0.15508893752299802,0.017314726432119988
2022-12-31,QRVO,Technology,0.198808521555649,-0.04522930623660418
2022-12-31,STX,Technology,0.2883481725106891,-0.07389531498800717
2022-12-31,SWKS,Technology,0.20344559962714026,-0.04256862353402102
2022-12-31,TER,Technology,0.16428151535464752,-0.0794680725195722
2022-12-31,VRSN,Technology,0.061380378709260164,0.02617936152142895
2022-12-31,WDC,Technology,0.39302706013474853,-0.03280162372719497
2023-01-31,AMZN,Consumer,-0.08629878923214462,-0.0301453736982566
2023-01-31,AZO,Consumer,0.01955427332417048,0.08776888899840297
2023-01-31,BKNG,Consumer,0.03693370718335154,0.18112832208523724
2023-01-31,CMG,Consumer,-0.0943281872681313,0.034642469018986224
2023-01-31,COST,Consumer,-0.05109588863348047,0.0292356370333696
2023-01-31,DG,Consumer,-0.07405835410531869,0.10563171434940627
2023-01-31,DLTR,Consumer,-0.03262747460018067,0.06043656620153844
2023-01-31,DRI,Consumer,-0.03365525706973427,0.17288173511699131
2023-01-31,EBAY,Consumer,-0.07272708508901382,0.13925489014273132
2023-01-31,HD,Consumer,-0.08523302429123092,0.15078642471450587
2023-01-31,HLT,Consumer,-0.00296457994794308,0.07925876695015367
2023-01-31,KR,Consumer,-0.02775457089805844,0.057828012923718204
2023-01-31,LOW,Consumer,-0.012004987503913545,0.1771215792974517
2023-01-31,LULU,Consumer,0.0075599820363163595,0.11987643478728223
2023-01-31,MAR,Consumer,-0.02607758373105984,0.0881140761280715
2023-01-31,MCD,Consumer,-0.007352968311197583,0.12874764181808052
2023-01-31,MGM,Consumer,0.03863797343677322,0.1743238548371717
2023-01-31,NKE,Consumer,-0.06706992966918368,0.10386374798727029
2023-01-31,ORLY,Consumer,0.047643081838218526,0.13794209737346488
2023-01-31,ROST,Consumer,-0.06472606958177296,0.15707397720706712
2023-01-31,SBUX,Consumer,-0.05990878039918812,0.2033669623581067
2023-01-31,TGT,Consumer,-0.015007840725200783,0.08283713258861235
2023-01-31,TJX,Consumer,-0.06078667167707019,0.1333301194978168
2023-01-31,WMT,Consumer,-0.012094237192958324,0.047158189110141184
2023-01-31,YUM,Consumer,-0.021183612729525736,0.18510966295246825
2023-01-31,BBY,Consumer,-0.06323258747496707,0.21808592036411817
2023-01-31,CCL,Consumer,-0.018484267077337635,0.044987422218746735
2023-01-31,CHDN,Consumer,-0.009351109991175499,0.17308397871012274
2023-01-31,CMCSA,Consumer,-0.05540028676625963,0.1444799647649072
2023-01-31,CZR,Consumer,-0.024971245053112323,0.1524549493114513
2023-01-31,DIS,Consumer,-0.08185090241487081,0.08341615875536305
2023-01-31,DKNG,Consumer,0.2581721746714023,0.11189267586348445
2023-01-31,F,Consumer,-0.0502653715700373,0.10614102967510006
2023-01-31,FOX,Consumer,0.025151868922716147,0.09781669638121898
2023-01-31,GM,Consumer,-0.014750636195122735,0.03220147018807591
2023-01-31,GRMN,Consumer,-0.007584984135790007,0.1458260976640692
2023-01-31,H,Consumer,0.06524919684991182,0.1508678223564072
2023-01-31,IHG,Consumer,-0.026713840275032097,0.09158042160744329
2023-01-31,LVS,Consumer,-0.02593210900209486,0.13592897829802683
2023-01-31,NCLH,Consumer,-0.025641048148890566,0.13216986216807675
2023-01-31,NFLX,Consumer,-0.08966823583896388,0.27593454085236585
2023-01-31,PENN,Consumer,-0.13878702314267555,0.054813962349088585
2023-01-31,POOL,Consumer,-0.07455703832895721,0.10810797028498437
2023-01-31,RCL,Consumer,0.08777321074454658,0.14383590249336733
2023-01-31,SIRI,Consumer,-0.23818273722870997,0.04313105097553904
2023-01-31,TSLA,Consumer,0.18756497670132144,0.07507437807945563
2023-01-31,WBD,Consumer,0.0539811205943721,-0.021817272427747236
2023-01-31,WYNN,Consumer,0.0456386778861535,0.1715523403705644
2023-01-31,APA,Energy,-0.13422047331364295,0.0848476417038783
2023-01-31,BA,Energy,-0.0537558542170995,0.09029975396903815
2023-01-31,CAT,Energy,-0.0504974568545824,0.0831364119153725
2023-01-31,COP,Energy,-0.14818957518608133,0.08698922194314633
2023-01-31,CVX,Energy,-0.06797330204591512,0.08376513262764611
2023-01-31,DE,Energy,-0.008513918158866263,0.0848476417038783
2023-01-31,DVN,Energy,-0.1473750607850709,0.08618348844218372
2023-01-31,EOG,Energy,-0.1454063781614724,0.08590671286691413
2023-01-31,FDX,Energy,0.04828232034125235,0.08593984378969655
2023-01-31,GD,Energy,-0.022097214948048505,0.08590671286691413
2023-01-31,GE,Energy,0.052559488605353755,0.0940860467733368
2023-01-31,HAL,Energy,-0.11725903959886652,0.09636973796275086
2023-01-31,HON,Energy,-0.07667789183497409,0.08618348844218372
2023-01-31,LMT,Energy,0.030190211012074197,0.08590671286691413
2023-01-31,MMM,Energy,-0.0513858546415259,0.10636228305279846
2023-01-31,MPC,Energy,-0.03264231650539129,0.08429279365286325
2023-01-31,NOC,Energy,0.03964397713765466,0.08506804885400124
2023-01-31,OXY,Energy,-0.09615667614343737,0.08456956922813284
2023-01-31,PSX,Energy,0.033178054060377216,0.08618348844218372
2023-01-31,RTX,Energy,-0.01222124541427494,0.08590671286691413
2023-01-31,SLB,Energy,-0.0617454364455059,0.0866372768061423
2023-01-31,UNP,Energy,0.021980359276649653,0.09622762701260483
2023-01-31,UPS,Energy,-0.006114740505894334,0.09650440258787442
2023-01-31,VLO,Energy,-0.05240481004688513,0.08494686299978668
2023-01-31,XOM,Energy,-0.04529136291133029,0.08456956922813284
2023-01-31,AME,Energy,-0.023185183217337646,0.08618348844218372
2023-01-31,BE,Energy,-0.12996388814505944,0.08376513262764611
2023-01-31,BKR,Energy,-0.030045759048857312,0.0831364119153725
2023-01-31,CTRA,Energy,-0.0023973544561246563,0.08376513262764611
2023-01-31,EMR,Energy,-0.07772348493514736,0.08376513262764611
2023-01-31,ENPH,Energy,-0.049010777234642644,0.0834211568760966
2023-01-31,ETN,Energy,0.07841691982547494,0.08618348844218372
2023-01-31,FSLR,Energy,-0.04763517130138051,0.12062760304156124
2023-01-31,FTV,Energy,-0.019099768908588666,0.09650440258787442
2023-01-31,GNRC,Energy,-0.004892175334622606,0.029459813516618836
2023-01-31,HUBB,Energy,0.10373711187578083,0.08698922194314633
2023-01-31,MTDR,Energy,-0.18471036339926472,0.0848476417038783
2023-01-31,PH,Energy,0.08338792487063351,0.09650440258787442
2023-01-31,PLUG,Energy,-0.126322004370092,0.1528479564147001
2023-01-31,PR,Energy,-0.005519696684396003,0.0848476417038783
2023-01-31,ROK,Energy,0.04992704914029833,0.0940860467733368
2023-01-31,ROP,Energy,0.008084384338826966,0.09650440258787442
2023-01-31,SM,Energy,-0.10222086055164126,0.08376513262764611
2023-01-31,VRSK,Energy,-0.05874914144986976,0.09650440258787442
2023-01-31,WMB,Energy,-0.06637728462106707,0.08618348844218372
2023-01-31,XYL,Energy,-0.010030784383904923,0.09758691166410662
2023-01-31,AXP,Financials,-0.005373411406386364,0.0795623128851067
2023-01-31,BAC,Financials,-0.03325841779219341,0.10914663731743336
2023-01-31,BK,Financials,0.0061299491944595275,0.1130514388382588
2023-01-31,BLK,Financials,-0.09191150942823978,0.11714674009346857
2023-01-31,C,Financials,-0.019725418021013907,0.10651719932917048
2023-01-31,CFG,Financials,-0.036011060373250525,0.08605907897241635
2023-01-31,CME,Financials,0.04924676931817085,0.0862669655548806
2023-01-31,COF,Financials,-0.07882413991445669,0.052978125824307686
2023-01-31,FITB,Financials,0.00027550981896862226,0.10202984214911885
2023-01-31,GS,Financials,-0.038708610391369636,0.08554548202851377
2023-01-31,HBAN,Financials,0.00988767518248812,0.07458556955471014
2023-01-31,ICE,Financials,-0.05346353444689278,0.11475025665926074
2023-01-31,JPM,Financials,0.02422109097206615,0.10795563558742244
2023-01-31,KEY,Financials,-0.03611355131697591,0.09827467165553454
2023-01-31,MCO,Financials,-0.09864953470628957,0.10785515950191285
2023-01-31,MS,Financials,-0.008527711364522572,0.08099840453667445
2023-01-31,MTB,Financials,-0.004551439929815104,0.05210535679731651
2023-01-31,PNC,Financials,-0.045397023174877815,0.10087957846005549
2023-01-31,RF,Financials,-0.009345804027240168,0.07753120807959368
2023-01-31,SCHW,Financials,0.009589164761304225,0.08622159263322941
2023-01-31,SPGI,Financials,-0.08761585290181262,0.08499263799533358
2023-01-31,STT,Financials,-0.029015488155378133,0.10990115006219582
2023-01-31,TFC,Financials,-0.03926083125899882,0.07041730851536922
2023-01-31,USB,Financials,-0.04156605613717168,0.10093900662124687
2023-01-31,WFC,Financials,0.004231810023849647,0.09444261159566877
2023-01-31,AFL,Financials,-0.06727239157426035,0.06127492230305343
2023-01-31,AJG,Financials,-0.042765039627547186,0.0649254488891001
2023-01-31,ALL,Financials,0.009238831762083066,0.08097279262884231
2023-01-31,AMTD,Financials,-0.05988027485615888,0.07639226087725474
2023-01-31,AON,Financials,-0.0459080555487521,0.08217706216188228
2023-01-31,CB,Financials,-0.0723987104398418,0.07681489327375202
2023-01-31,FDS,Financials,-0.01776283502281306,0.09978900996234277
2023-01-31,FNF,Financials,-0.09470788141189079,0.12074898796984578
2023-01-31,GL,Financials,0.00695083537413832,0.06470211921275927
2023-01-31,HIG,Financials,0.00863299445130905,0.07622866623948198
2023-01-31,IBKR,Financials,0.07843245216376982,0.08993767219807544
2023-01-31,LPLA,Financials,0.05246299043211544,0.059007651048524935
2023-01-31,MET,Financials,-0.010577992601872088,0.05656334069018105
2023-01-31,MSCI,Financials,-0.0153063218891909,0.10471339343060787
2023-01-31,NDAQ,Financials,-0.06861606759848338,0.0868982262368898
2023-01-31,PGR,Financials,0.05258560935389056,0.05053218881419146
2023-01-31,PRU,Financials,-0.03538039205555921,0.07852225946372567
2023-01-31,RJF,Financials,-0.03821927614947085,0.06704278158828231
2023-01-31,SEIC,Financials,-0.03491914067189028,0.08045466443076711
2023-01-31,SF,Financials,-0.003236241562277864,0.09109314279587037
2023-01-31,SYF,Financials,-0.021816754130083882,0.10462579028166591
2023-01-31,TRV,Financials,-0.03139405179708954,0.0562954314040457
2023-01-31,UNM,Financials,0.05995734036436495,0.056749377087775006
2023-01-31,WTW,Financials,-0.07801257409933804,0.07882479792393828
2023-01-31,ABBV,Healthcare,0.04162440271461065,0.023167884452626405
2023-01-31,ABT,Healthcare,-0.07987331239158102,0.001522563493409208
2023-01-31,AMGN,Healthcare,-0.07407695998292341,0.06360086718492568
2023-01-31,BAX,Healthcare,-0.11940233428541958,0.031202697216806127
2023-01-31,BIIB,Healthcare,-0.07232729111850333,0.0331154586406469
2023-01-31,BMY,Healthcare,-0.05079167476103419,0.01550242367205287
2023-01-31,BSX,Healthcare,0.010162188555743246,0.016535431220443004
2023-01-31,CI,Healthcare,-0.07758847194522367,0.007644226386123945
2023-01-31,CVS,Healthcare,-0.0530494694132182,0.03178255387166724
2023-01-31,DHR,Healthcare,-0.06373411765188997,0.046130626865734485
2023-01-31,EW,Healthcare,0.048761481642402904,0.030072647008788762
2023-01-31,GILD,Healthcare,-0.04062449114631406,0.0511518266660914
2023-01-31,HUM,Healthcare,-0.03259734881073295,0.04700049209485162
2023-01-31,ISRG,Healthcare,-0.06634377829698279,0.05602022051146573
2023-01-31,JNJ,Healthcare,-0.055426077824982545,0.012072500252450767
2023-01-31,LLY,Healthcare,-0.09275916399234418,0.027756263115938453
2023-01-31,MDT,Healthcare,-0.010634398891568031,0.017837508702722445
2023-01-31,MRK,Healthcare,-0.01089292128300734,0.004760063230195032
2023-01-31,PFE,Healthcare,-0.08129551376533073,0.039102312863359974
2023-01-31,REGN,Healthcare,0.0025708509109010347,0.03196401397036608
2023-01-31,SYK,Healthcare,0.035735481475445585,0.012196392190787315
2023-01-31,TMO,Healthcare,-0.050093913184831806,0.05549406870775448
2023-01-31,UNH,Healthcare,-0.04657533248082424,0.025262691303058367
2023-01-31,VRTX,Healthcare,-0.10154749903682148,0.02971628221639092
2023-01-31,ZBH,Healthcare,-0.027249956617579674,0.024412087232456595
2023-01-31,A,Healthcare,-0.066478092521559,0.06729187740137697
2023-01-31,ACAD,Healthcare,0.08723067722099609,-0.013236075766089837
2023-01-31,ALGN,Healthcare,0.14744369329999296,0.06138579702327414
2023-01-31,ALKS,Healthcare,-0.06634077021722995,-0.005260556149644307
2023-01-31,BDX,Healthcare,-0.07005795445403118,-0.005425507083013925
2023-01-31,DGX,Healthcare,-0.0681570950867133,0.02966378972895102
2023-01-31,DXCM,Healthcare,0.03660478039397286,0.0381216753854099
2023-01-31,FOLD,Healthcare,0.011503038264500054,0.012925905608384306
2023-01-31,HOLX,Healthcare,-0.02126094750569818,0.06309000028798027
2023-01-31,IDXX,Healthcare,-0.015109281510145678,0.056167176083214844
2023-01-31,INSP,Healthcare,0.02714769297188835,0.008045045162878432
2023-01-31,IQV,Healthcare,-0.0912776343975309,0.059396423312502236
2023-01-31,MASI,Healthcare,-0.01628647837864239,0.03597257524026335
2023-01-31,MTD,Healthcare,-0.0647196723662593,0.04461248922468944
2023-01-31,NBIX,Healthcare,-0.07058506994964242,0.034852266104554684
2023-01-31,NTRA,Healthcare,0.13091075918784,0.028121245427581685
2023-01-31,NVCR,Healthcare,-0.1558455696086024,0.022433818350727774
2023-01-31,PODD,Healthcare,-0.03814569710868998,0.05955051285121152
2023-01-31,RARE,Healthcare,-0.01853077693926819,0.02229527540355535
2023-01-31,RMD,Healthcare,-0.06547107212990821,0.05313225264889809
2023-01-31,WAT,Healthcare,-0.05383764272550273,0.045422311174038055
2023-01-31,AAPL,Technology,0.023183017579780696,0.11974174777548502
2023-01-31,ADBE,Technology,-0.1252632299767431,0.1180133791945649
2023-01-31,AMAT,Technology,0.044237295258026776,0.16202927053939228
2023-01-31,AMD,Technology,0.04564205236901575,0.16709661512182328
2023-01-31,AVGO,Technology,0.015862889088604115,0.1086690053240099
2023-01-31,CDNS,Technology,0.055297273473167596,0.1583033182188981
2023-01-31,CRM,Technology,-0.02595705480530386,0.12231034498252288
2023-01-31,CRWD,Technology,0.13966006329011327,-0.05730071508610368
2023-01-31,FTNT,Technology,0.13565147981318915,0.10527058688178176
2023-01-31,GOOGL,Technology,-0.0888304578736333,0.07849218676648059
2023-01-31,INTC,Technology,-0.10708523525234814,0.1360204849943315
2023-01-31,INTU,Technology,-0.03664814502820346,0.04135518390333816
2023-01-31,KLAC,Technology,-0.030255076857254037,0.14002579395570122
2023-01-31,LRCX,Technology,-0.028174493632876385,0.10286208314947427
2023-01-31,META,Technology,0.17433033133475373,0.05875363896813843
2023-01-31,MSFT,Technology,0.009017809586259862,0.03250889981596279
2023-01-31,MU,Technology,-0.04112783569284173,0.16378336583200181
2023-01-31,NET,Technology,0.13419010573798684,0.18721288301131517
2023-01-31,NOW,Technology,-0.05044715597068472,-0.02283209511244838
2023-01-31,NVDA,Technology,0.1883093554709947,0.07712955201259566
2023-01-31,ORCL,Technology,-0.01198303447226412,0.19524815403516724
2023-01-31,PANW,Technology,0.1874054200827171,0.0617536260171177
2023-01-31,QCOM,Technology,-0.072667269655321,0.15820747146761077
2023-01-31,SNPS,Technology,0.028296847393992852,0.01939078156317865
2023-01-31,TXN,Technology,-0.03250403154303516,0.18624995463637878
2023-01-31,ACN,Technology,-0.048378358766524854,0.1360346445518725
2023-01-31,ADI,Technology,0.07496287246606292,0.1419669831096534
2023-01-31,ANET,Technology,0.10061895447505886,0.2692962654718862
2023-01-31,CGNX,Technology,-0.1337232317554231,0.03774785308098351
2023-01-31,COHU,Technology,0.031042097423641613,0.18353616622375946
2023-01-31,CSCO,Technology,-0.00513643227266769,0.1896611141377453
2023-01-31,DELL,Technology,0.0004924044023031371,0.16354457810283723
2023-01-31,ENTG,Technology,0.056002943991312115,0.04424430793365152
2023-01-31,FORM,Technology,0.06965177805022593,0.0755784959997477
2023-01-31,HPQ,Technology,0.013040606465879678,0.09906078808611044
2023-01-31,IBM,Technology,-0.028514565769304778,0.07822848621233848
2023-01-31,IPGP,Technology,0.09937555344588311,0.08438640093950041
2023-01-31,KEYS,Technology,-0.10811262185548576,0.17421913597474176
2023-01-31,MCHP,Technology,0.048366326739757604,0.24538308676421025
2023-01-31,MKSI,Technology,-0.05043681432646252,0.0655204661050134
2023-01-31,MPWR,Technology,0.13533869715529678,0.07074997509402574
2023-01-31,MRVL,Technology,0.04635000019674429,0.07441687162886149
2023-01-31,NXPI,Technology,-0.031631586972206804,0.10981932331230389
2023-01-31,ONTO,Technology,0.048569607383507574,0.16389829309851664
2023-01-31,QRVO,Technology,-0.07150749135461698,0.08376332523756767
2023-01-31,STX,Technology,-0.04750667894862837,0.09147543436725411
2023-01-31,SWKS,Technology,0.022981563735637422,0.043703981859265814
2023-01-31,TER,Technology,-0.004496777151339781,0.07816242969907256
2023-01-31,VRSN,Technology,-0.09731710814718753,0.15674757049813598
2023-01-31,WDC,Technology,-0.12445963456973275,0.041583821121586345
2023-02-28,AMZN,Consumer,0.0961476943206232,0.04077306508918347
2023-02-28,AZO,Consumer,-0.011417526471624417,0.06581210915089564
2023-02-28,BKNG,Consumer,0.05087543796917027,0.002801239745163316
2023-02-28,CMG,Consumer,0.1456728757916399,-0.02907031263161675
2023-02-28,COST,Consumer,0.02620934658968399,-0.10370662820007047
2023-02-28,DG,Consumer,-0.02699944743480609,0.022633246454432723
2023-02-28,DLTR,Consumer,-0.011908010339174102,-0.05677145663984416
2023-02-28,DRI,Consumer,0.08511088409035805,0.005982405228958003
2023-02-28,EBAY,Consumer,-0.02784226570214343,0.005343053302017838
2023-02-28,HD,Consumer,0.0024181367298834466,0.03915078530601416
2023-02-28,HLT,Consumer,-0.02518866446737822,-0.030317000676114755
2023-02-28,KR,Consumer,0.1444136808863834,0.029059482793221923
2023-02-28,LOW,Consumer,-0.028092301005591014,0.04409204274221697
2023-02-28,LULU,Consumer,0.17784601572898806,0.08617257590780068
2023-02-28,MAR,Consumer,-0.018908154633357488,-0.0007312062342158308
2023-02-28,MCD,Consumer,0.05948972656000695,0.03579920654906025
2023-02-28,MGM,Consumer,0.03278307143541981,0.013350376815381215
2023-02-28,NKE,Consumer,0.03535398021940406,0.08871465473159007
2023-02-28,ORLY,Consumer,0.022744253500488032,0.05316287906660172
2023-02-28,ROST,Consumer,-0.03679763594144225,0.11342750223787638
2023-02-28,SBUX,Consumer,0.01998248353585974,0.04226307953098211
2023-02-28,TGT,Consumer,-0.017032759420029575,-0.0077217918641922486
2023-02-28,TJX,Consumer,0.022976610943661768,0.07951934587057732
2023-02-28,WMT,Consumer,0.041682749039660516,0.015698366188602833
2023-02-28,YUM,Consumer,0.03869130254380404,0.02740453167156391
2023-02-28,BBY,Consumer,-0.046961977349586737,-0.01961721842480862
2023-02-28,CCL,Consumer,-0.04425611373145433,-0.08620942705314733
2023-02-28,CHDN,Consumer,0.04585395625527133,0.0032318826708174577
2023-02-28,CMCSA,Consumer,0.019908444808737658,-0.025394646246744184
2023-02-28,CZR,Consumer,-0.038416016799097674,-0.01759763265400795
2023-02-28,DIS,Consumer,0.005220335735580894,0.005618659907517234
2023-02-28,DKNG,Consumer,0.026511133818604815,-0.06536601096372745
2023-02-28,F,Consumer,0.04391061800051288,0.015030646434754907
2023-02-28,FOX,Consumer,-0.029147291216558457,0.029139113760988516
2023-02-28,GM,Consumer,-0.05096904831956506,0.10223509596508272
2023-02-28,GRMN,Consumer,0.03631778325675361,0.038135719454506375
2023-02-28,H,Consumer,-0.03828292423658797,-0.0513281106244737
2023-02-28,IHG,Consumer,-0.018600568247842175,-0.012881353915452714
2023-02-28,LVS,Consumer,-0.0003481308508105352,0.10263847941937705
2023-02-28,NCLH,Consumer,-0.09244263925575824,0.04367486467066518
2023-02-28,NFLX,Consumer,0.0724862320732742,0.38117619253786306
2023-02-28,PENN,Consumer,-0.028496587607806934,0.026127771194183965
2023-02-28,POOL,Consumer,-0.037628753907389956,0.048531387558092345
2023-02-28,RCL,Consumer,-0.07559444633561807,0.2174791188123115
2023-02-28,SIRI,Consumer,-0.09567203552694048,-0.002304622958058428
2023-02-28,TSLA,Consumer,0.008507121398494633,-0.11064592106890488
2023-02-28,WBD,Consumer,-0.033290621504427964,-0.13139750883420553
2023-02-28,WYNN,Consumer,0.032665921185916824,0.1749704511742584
2023-02-28,APA,Energy,-0.060448238108545604,0.049262520396023815
2023-02-28,BA,Energy,0.053981589974124056,0.048476027640143825
2023-02-28,CAT,Energy,-0.04470877752172231,0.012289588196262571
2023-02-28,COP,Energy,-0.03411288347306174,0.03803998782204884
2023-02-28,CVX,Energy,0.0148659574585015,0.01632955203241703
2023-02-28,DE,Energy,-0.012089108785762859,0.017899167634256932
2023-02-28,DVN,Energy,-0.04436995456447512,0.05933570044971707
2023-02-28,EOG,Energy,0.023619236213173744,0.04257484607027626
2023-02-28,FDX,Energy,0.13060407484572,0.031449782159180116
2023-02-28,GD,Energy,0.0013163509951454877,0.016956180420943438
2023-02-28,GE,Energy,0.12960227122763568,0.01589951291064366
2023-02-28,HAL,Energy,-0.12669041923129976,0.03803998782204884
2023-02-28,HON,Energy,-0.0018800000613082846,0.014188401166587022
2023-02-28,LMT,Energy,-0.003225977003701419,0.02156583285044203
2023-02-28,MMM,Energy,-0.02441061426059543,0.020359384682041442
2023-02-28,MPC,Energy,0.0908577312238199,0.043576719397641996
2023-02-28,NOC,Energy,-0.005149612852995866,0.041395519159227664
2023-02-28,OXY,Energy,0.06918250933831671,0.055014205686661474
2023-02-28,PSX,Energy,-0.01150535648976514,0.03773978547228712
2023-02-28,RTX,Energy,-0.0016310375772224939,0.014316997186410035
2023-02-28,SLB,Energy,-0.07724099412707308,0.04632447286072557
2023-02-28,UNP,Energy,-0.029042743545117156,0.01865200969752157
2023-02-28,UPS,Energy,0.06301715491304871,0.019712752548722026
2023-02-28,VLO,Energy,0.05974339330405942,0.03440541666051011
2023-02-28,XOM,Energy,-0.00227463143621065,0.03365596543234712
2023-02-28,AME,Energy,0.028458216270948355,0.012495709541629083
2023-02-28,BE,Energy,-0.08114339260242454,0.013860558721205018
2023-02-28,BKR,Energy,-0.05686276558508385,0.05345615789846775
2023-02-28,CTRA,Energy,0.005813586473449428,0.024661474710321263
2023-02-28,EMR,Energy,0.05356051970821918,0.014188401166587022
2023-02-28,ENPH,Energy,-0.001187479225998933,0.06727750116685711
2023-02-28,ETN,Energy,-0.01568942989657285,0.014188401166587022
2023-02-28,FSLR,Energy,0.285916996481385,0.05836496251107693
2023-02-28,FTV,Energy,0.02265219617380354,0.025513308891506107
2023-02-28,GNRC,Energy,-0.0999916655811579,0.061770157827760776
2023-02-28,HUBB,Energy,-0.03271847533783445,0.01710463446077733
2023-02-28,MTDR,Energy,-0.11414769595729723,0.0354896113094585
2023-02-28,PH,Energy,-0.04473496690351597,0.02195151854566021
2023-02-28,PLUG,Energy,-0.21183588720732793,0.004428014972338565
2023-02-28,PR,Energy,-0.024565064383398894,0.04933680178027558
2023-02-28,ROK,Energy,-0.005018029765916365,0.0217453972002937
2023-02-28,ROP,Energy,0.02438411112657679,0.014092115388530065
2023-02-28,SM,Energy,-0.045747150194057395,0.04362005756223204
2023-02-28,VRSK,Energy,0.12337746822632112,0.02147275504557731
2023-02-28,WMB,Energy,0.007121705027729908,0.016233266254360078
2023-02-28,XYL,Energy,0.01997072219309537,0.01632955203241703
2023-02-28,AXP,Financials,-0.051957211697283845,-0.00750556878059154
2023-02-28,BAC,Financials,-0.16077249457478593,0.0990667092696997
2023-02-28,BK,Financials,-0.10691838099318951,0.051667953799274476
2023-02-28,BLK,Financials,-0.022428557456538822,0.037833466214755994
2023-02-28,C,Financials,-0.07496530891600306,0.0039052704172431256
2023-02-28,CFG,Financials,-0.27274899734889757,0.04570863049456914
2023-02-28,CME,Financials,0.03951847146390386,0.07933961084721236
2023-02-28,COF,Financials,-0.11844515529107635,-0.007246509244338602
2023-02-28,FITB,Financials,-0.2570452604611443,0.05042006547830961
2023-02-28,GS,Financials,-0.06312462461261903,0.05199395231609307
2023-02-28,HBAN,Financials,-0.2586044677981265,-0.002098790719285967
2023-02-28,ICE,Financials,0.028890898002301046,0.07666703397166828
2023-02-28,JPM,Financials,-0.09096607085956254,0.06720744374683846
2023-02-28,KEY,Financials,-0.3154729013219364,-0.0010953747852526534
2023-02-28,MCO,Financials,0.0546958024023787,0.0031702759714909846
2023-02-28,MS,Financials,-0.09015527919790134,0.0030614508985613432
2023-02-28,MTB,Financials,-0.2233488980676417,0.0482094373462297
2023-02-28,PNC,Financials,-0.19516213245894753,0.024186465955740397
2023-02-28,RF,Financials,-0.1967336192571436,0.027978800975898454
2023-02-28,SCHW,Financials,-0.32777200582958244,0.10329971223164548
2023-02-28,SPGI,Financials,0.01046292714850594,0.0002821313379065192
2023-02-28,STT,Financials,-0.13925157465302285,0.06214428907168784
2023-02-28,TFC,Financials,-0.27369543292784937,0.018738548223723662
2023-02-28,USB,Financials,-0.23456617352500153,-0.03514916864229201
2023-02-28,WFC,Financials,-0.2007698244732551,0.04384812209444137
2023-02-28,AFL,Financials,-0.05326501640744197,0.020665224909341723
2023-02-28,AJG,Financials,0.02413648674780644,0.006310419340460175
2023-02-28,ALL,Financials,-0.13954023882430389,0.03140944140361238
2023-02-28,AMTD,Financials,0.0,0.00042197626101344666
2023-02-28,AON,Financials,0.03696763054035701,0.031235819972085334
2023-02-28,CB,Financials,-0.07570912249587103,0.031401963075631624
2023-02-28,FDS,Financials,0.0013026256264145886,0.029292171782947376
2023-02-28,FNF,Financials,-0.11175858735546884,-0.009430723138929079
2023-02-28,GL,Financials,-0.09403922557828348,0.018365194879188387
2023-02-28,HIG,Financials,-0.1048157693845575,0.03779696404424633
2023-02-28,IBKR,Financials,-0.041226433239397675,0.09276215132281887
2023-02-28,LPLA,Financials,-0.18792052699742534,0.0031412066051535524
2023-02-28,MET,Financials,-0.19224854479890496,0.03264352655394172
2023-02-28,MSCI,Financials,0.07189509763534407,0.0056482646562744975
2023-02-28,NDAQ,Financials,-0.021023123590810155,0.06633696417881264
2023-02-28,PGR,Financials,-0.003205398752606059,-0.01052211581299508
2023-02-28,PRU,Financials,-0.17260012708920847,0.07134516764865395
2023-02-28,RJF,Financials,-0.13611587431823013,0.06275827312890173
2023-02-28,SEIC,Financials,-0.04481326522166529,0.015794871247667302
2023-02-28,SF,Financials,-0.11581604952022717,0.008974224259428506
2023-02-28,SYF,Financials,-0.18566207422066394,0.030668576587678985
2023-02-28,TRV,Financials,-0.06919044950722364,0.0019737196189467347
2023-02-28,UNM,Financials,-0.11200915457369853,0.028036341210036893
2023-02-28,WTW,Financials,-0.004820264865113666,0.031517478889256885
2023-02-28,ABBV,Healthcare,0.035542621062178315,0.04842652425322468
2023-02-28,ABT,Healthcare,-0.004522415793280721,-0.001694865964242395
2023-02-28,AMGN,Healthcare,0.04355526329004489,0.032533001963396195
2023-02-28,BAX,Healthcare,0.015269166203656148,0.011609629167446263
2023-02-28,BIIB,Healthcare,0.03027500878683753,0.00041878297352347465
2023-02-28,BMY,Healthcare,0.005075551133433498,0.0032469209221292106
2023-02-28,BSX,Healthcare,0.07084754863248977,0.0069836469859122265
2023-02-28,CI,Healthcare,-0.12145094587995198,-0.013506061363550632
2023-02-28,CVS,Healthcare,-0.1104860777041532,0.032347448472313384
2023-02-28,DHR,Healthcare,0.019332257169296208,0.050591599672965594
2023-02-28,EW,Healthcare,0.028468434187274072,-0.02246817897271767
2023-02-28,GILD,Healthcare,0.04011051504440788,0.0038579780100911334
2023-02-28,HUM,Healthcare,-0.01752246631325438,0.0024493606980154213
2023-02-28,ISRG,Healthcare,0.11369284581039851,0.04689673997079819
2023-02-28,JNJ,Healthcare,0.011353272995777708,0.016776913104170628
2023-02-28,LLY,Healthcare,0.10346369485782514,-0.005751938653284078
2023-02-28,MDT,Healthcare,-0.01797491699081344,0.029036718816830114
2023-02-28,MRK,Healthcare,0.008374031070431442,-0.020325285648937916
2023-02-28,PFE,Healthcare,0.00566945513573569,0.03407132941707097
2023-02-28,REGN,Healthcare,0.08054776371003203,0.0058093441664691
2023-02-28,SYK,Healthcare,0.0888592316823491,0.013644184788688554
2023-02-28,TMO,Healthcare,0.06457245879218565,0.008494607708612198
2023-02-28,UNH,Healthcare,-0.0035020563873058297,-0.00968268934843066
2023-02-28,VRTX,Healthcare,0.08536290623127729,-0.015508160919506783
2023-02-28,ZBH,Healthcare,0.04501965658942364,-0.0012344713465651598
2023-02-28,A,Healthcare,-0.025568960616040193,-0.025061597447560275
2023-02-28,ACAD,Healthcare,-0.09038186519885327,-0.011307913455068616
2023-02-28,ALGN,Healthcare,0.0796123251968901,0.008922495907747284
2023-02-28,ALKS,Healthcare,0.054225907829124065,0.0156860945183136
2023-02-28,BDX,Healthcare,0.05948127526075053,0.004066271919855808
2023-02-28,DGX,Healthcare,0.022549960834297167,-0.008239221566104519
2023-02-28,DXCM,Healthcare,0.04657236347586724,0.032827326517448165
2023-02-28,FOLD,Healthcare,-0.15921148556506504,0.02500682425155433
2023-02-28,HOLX,Healthcare,0.013309863971841418,0.00799373689583086
2023-02-28,IDXX,Healthcare,0.0567154021041163,-0.035838610283073016
2023-02-28,INSP,Healthcare,-0.09948827022750872,0.03167738207730345
2023-02-28,IQV,Healthcare,-0.04595386278581404,-0.003124051208737168
2023-02-28,MASI,Healthcare,0.10298246356440788,0.03125504372781572
2023-02-28,MTD,Healthcare,0.06730789534090897,0.001347090589570304
2023-02-28,NBIX,Healthcare,-0.018234697199242533,0.008344744777016131
2023-02-28,NTRA,Healthcare,0.1435633641654641,-0.002836318808832716
2023-02-28,NVCR,Healthcare,-0.21865663978355,0.017843479919281518
2023-02-28,PODD,Healthcare,0.1541467953449316,0.02638564065609302
2023-02-28,RARE,Healthcare,-0.0986739275955224,0.08506689318732419
2023-02-28,RMD,Healthcare,0.028122094448147505,0.006099598720883206
2023-02-28,WAT,Healthcare,-0.004052911660896719,0.04552579133755127
2023-02-28,AAPL,Technology,0.11864864027605604,-0.029264614469648828
2023-02-28,ADBE,Technology,0.18959710015662457,-0.05033409095116746
2023-02-28,AMAT,Technology,0.05751183503547974,-0.00725836336945909
2023-02-28,AMD,Technology,0.24726393296541094,0.08600572880648118
2023-02-28,AVGO,Technology,0.08727638588527831,0.028734147042713945
2023-02-28,CDNS,Technology,0.08888770436132165,-0.005968519845812782
2023-02-28,CRM,Technology,0.2210745305213746,-0.022883992174906238
2023-02-28,CRWD,Technology,0.13729382492534326,-0.023058887241413736
2023-02-28,FTNT,Technology,0.1181022984514215,0.005538836984450003
2023-02-28,GOOGL,Technology,0.15178771771897193,-0.004033052626385262
2023-02-28,INTC,Technology,0.31046900930277066,-0.024800676351347105
2023-02-28,INTU,Technology,0.09492122910776102,-0.07550730362224442
2023-02-28,KLAC,Technology,0.05216414923981105,0.019135991947449207
2023-02-28,LRCX,Technology,0.09471847374643416,-0.03062796590015426
2023-02-28,META,Technology,0.21150125131894182,-0.15254513806344686
2023-02-28,MSFT,Technology,0.15588141336863592,-0.051771677035315496
2023-02-28,MU,Technology,0.04358354710717438,0.022124201357664765
2023-02-28,NET,Technology,0.0274954436265471,-0.017313667406313724
2023-02-28,NOW,Technology,0.07531760972231005,-0.04412436341384442
2023-02-28,NVDA,Technology,0.19666268005741894,-0.014270185806037393
2023-02-28,ORCL,Technology,0.06315804003462455,0.06627836764869793
2023-02-28,PANW,Technology,0.060359986572718904,0.017832915435881766
2023-02-28,QCOM,Technology,0.03909449837640766,0.08575314771420958
2023-02-28,SNPS,Technology,0.06182645049098601,-0.06095840592913612
2023-02-28,TXN,Technology,0.0849230169729327,-0.06985648430406215
2023-02-28,ACN,Technology,0.07629441622525213,-0.07071845640300836
2023-02-28,ADI,Technology,0.07494409291964943,-0.008846352715761233
2023-02-28,ANET,Technology,0.21023795460493644,0.03146704854863667
2023-02-28,CGNX,Technology,0.04644217837825404,-0.08980964685971929
2023-02-28,COHU,Technology,0.03198920973933217,-0.01980189424590194
2023-02-28,CSCO,Technology,0.07971919546788331,0.01666094891717337
2023-02-28,DELL,Technology,-0.010580685315693783,0.01046724700129719
2023-02-28,ENTG,Technology,-0.03778010986094049,0.08754314920648094
2023-02-28,FORM,Technology,0.058139534146894656,0.12065196074158542
2023-02-28,HPQ,Technology,0.0034787351192422378,-0.03413869342558428
2023-02-28,IBM,Technology,0.013843608688548725,0.06292410106558657
2023-02-28,IPGP,Technology,0.0005679949370138715,-0.11437487247964155
2023-02-28,KEYS,Technology,0.009502306513344827,0.042999901000143045
2023-02-28,MCHP,Technology,0.03393796592567666,-0.06725388209126862
2023-02-28,MKSI,Technology,-0.08573186588762838,0.06685770235670731
2023-02-28,MPWR,Technology,0.03566407526415882,-0.029894980965363683
2023-02-28,MRVL,Technology,-0.04097462333279056,0.07820199423434222
2023-02-28,NXPI,Technology,0.05091476025326935,-0.07028110648841462
2023-02-28,ONTO,Technology,0.06559956290332547,-0.033371849212627806
2023-02-28,QRVO,Technology,0.006740016942110794,0.05790568757236142
2023-02-28,STX,Technology,0.03584739506655099,0.1395472744432763
2023-02-28,SWKS,Technology,0.057452704909950914,0.01936020533025148
2023-02-28,TER,Technology,0.06298199532644833,-0.021371349612000948
2023-02-28,VRSN,Technology,0.07366766484925846,0.06354696852376422
2023-02-28,WDC,Technology,-0.02104989247275002,0.07353002033204879
2023-03-31,AMZN,Consumer,0.02091195675834423,0.02820795584072574
2023-03-31,AZO,Consumer,0.08346120635457899,0.013999986000154948
2023-03-31,BKNG,Consumer,0.012780885552929444,0.10734554323094984
2023-03-31,CMG,Consumer,0.21034496272424996,0.007236815732044495
2023-03-31,COST,Consumer,0.012779942208992479,0.0804089857222506
2023-03-31,DG,Consumer,0.05519715837218442,-0.027888729175960632
2023-03-31,DLTR,Consumer,0.07077675685207829,0.053711016686980126
2023-03-31,DRI,Consumer,-0.013014831645053793,0.01309300790152583
2023-03-31,EBAY,Consumer,0.04642781340268676,0.060822897524487864
2023-03-31,HD,Consumer,0.018365496263924586,0.05872520531426417
2023-03-31,HLT,Consumer,0.02236118642668039,0.07996357102209802
2023-03-31,KR,Consumer,-0.01498893188021333,0.09037778888717875
2023-03-31,LOW,Consumer,0.04450276828653421,-0.008687837178699809
2023-03-31,LULU,Consumer,0.04321917166550282,0.11659810360895566
2023-03-31,MAR,Consumer,0.01987465038002023,0.022746828864571182
2023-03-31,MCD,Consumer,0.057723512287574774,0.020982384437214598
2023-03-31,MGM,Consumer,0.011256191368993695,0.05849545763875033
2023-03-31,NKE,Consumer,0.03326808011257909,0.02056901480267521
2023-03-31,ORLY,Consumer,0.0804847960851387,0.039198918416312095
2023-03-31,ROST,Consumer,0.005653541101203752,0.01610674914361663
2023-03-31,SBUX,Consumer,0.09757028277552204,0.020552368836243243
2023-03-31,TGT,Consumer,-0.04757564373387202,0.06221834449980348
2023-03-31,TJX,Consumer,0.005870267990054412,0.016513776019811736
2023-03-31,WMT,Consumer,0.023872490020256265,0.058150813062910534
2023-03-31,YUM,Consumer,0.06435490574542291,0.05015386462512153
2023-03-31,BBY,Consumer,-0.04791103544597464,0.09966088289694316
2023-03-31,CCL,Consumer,-0.0926108225588359,0.1393842351794994
2023-03-31,CHDN,Consumer,0.13802765011886553,0.00906527742326961
2023-03-31,CMCSA,Consumer,0.09965872039375268,0.06899616880603834
2023-03-31,CZR,Consumer,-0.07211637694584916,0.21826668215313327
2023-03-31,DIS,Consumer,0.023669187746767628,0.0071764587113884075
2023-03-31,DKNG,Consumer,0.13171483247253057,-0.09969381931086904
2023-03-31,F,Consumer,-0.04536684768327537,0.12314350145167219
2023-03-31,FOX,Consumer,-0.024592769472261744,0.0014727552091323773
2023-03-31,GM,Consumer,-0.09923676819124883,0.029689725296768756
2023-03-31,GRMN,Consumer,-0.027249232397958734,0.05385118818626878
2023-03-31,H,Consumer,0.022452926152344954,0.0708170280256836
2023-03-31,IHG,Consumer,0.04024033707460317,0.04614990057508581
2023-03-31,LVS,Consumer,0.11140122352988824,-0.00783532252047343
2023-03-31,NCLH,Consumer,-0.007434901800260629,0.1270329426707462
2023-03-31,NFLX,Consumer,-0.045009849776145416,0.21547641062427897
2023-03-31,PENN,Consumer,0.004383043451922974,0.11169938556658239
2023-03-31,POOL,Consumer,0.025931792792726505,0.14663965676450688
2023-03-31,RCL,Consumer,0.001990707006068293,0.14082662460110978
2023-03-31,SIRI,Consumer,-0.04282107024596471,0.0837716384994938
2023-03-31,TSLA,Consumer,-0.20799193945263272,-0.12051977692191355
2023-03-31,WBD,Consumer,-0.09867554219541375,0.08715966187910916
2023-03-31,WYNN,Consumer,0.02117758566807182,0.06703735323942246
2023-03-31,APA,Energy,0.02853670962192134,0.05768592986904177
2023-03-31,BA,Energy,-0.0265969688428489,0.029060744090133962
2023-03-31,CAT,Energy,-0.0386834299656279,0.013480921430384743
2023-03-31,COP,Energy,0.03709293192510921,0.055662180979310465
2023-03-31,CVX,Energy,0.03321904011963617,0.03625176689652445
2023-03-31,DE,Energy,-0.08443129392879534,0.0099838203541684
2023-03-31,DVN,Energy,0.055720048541890055,0.042309169513818384
2023-03-31,EOG,Energy,0.049300607613915304,0.055662180979310465
2023-03-31,FDX,Energy,-0.0031074390839875843,0.04088323663935652
2023-03-31,GD,Energy,-0.03770859510275093,0.014729603220213302
2023-03-31,GE,Energy,0.03525117908930597,0.019884655100791328
2023-03-31,HAL,Energy,0.035082194828752744,0.051639608367374454
2023-03-31,HON,Energy,0.04562582984158903,0.035393458889337696
2023-03-31,LMT,Energy,-0.017515422142218795,0.014729603220213302
2023-03-31,MMM,Energy,0.010560367262909542,0.024689887242383447
2023-03-31,MPC,Energy,-0.09515681796330777,0.03338336276453601
2023-03-31,NOC,Energy,-0.000974735646718905,0.02322361487733226
2023-03-31,OXY,Energy,-0.014416172083343781,0.040125160250589605
2023-03-31,PSX,Energy,-0.023476135958132582,0.028827620053880766
2023-03-31,RTX,Energy,0.020116361982563502,0.014729603220213302
2023-03-31,SLB,Energy,0.00509160682756149,0.04175003720128479
2023-03-31,UNP,Energy,-0.0276258678669542,0.01180528834350634
2023-03-31,UPS,Energy,-0.07309667379224405,0.04463889445559893
2023-03-31,VLO,Energy,-0.17858155766854578,0.028229942107098213
2023-03-31,XOM,Energy,0.079153662082041,0.01667830734608946
2023-03-31,AME,Energy,-0.050918627471237876,0.013080105495017265
2023-03-31,BE,Energy,-0.1645760479890057,0.06839408909351746
2023-03-31,BKR,Energy,0.01316695942594337,0.055941475412026126
2023-03-31,CTRA,Energy,0.04319477411697381,0.02386805926394989
2023-03-31,EMR,Energy,-0.044525950589675345,0.035713949263769605
2023-03-31,ENPH,Energy,-0.21913639955561715,0.039148278409841336
2023-03-31,ETN,Energy,-0.024629361432985775,0.012417645078759285
2023-03-31,FSLR,Energy,-0.16055171571928883,0.048991009289092544
2023-03-31,FTV,Energy,-0.07451936674172499,0.01396063040513419
2023-03-31,GNRC,Energy,-0.053606154995021194,0.08410404407691487
2023-03-31,HUBB,Energy,0.1069007131116897,0.01438263775555345
2023-03-31,MTDR,Energy,0.02896115575401348,0.05598829289345434
2023-03-31,PH,Energy,-0.03341150830713635,0.010295013283994932
2023-03-31,PLUG,Energy,-0.22952222463895655,0.04202143102727807
2023-03-31,PR,Energy,-0.00476177089148333,0.058769784716535524
2023-03-31,ROK,Energy,-0.03421391935280271,0.012021436040158906
2023-03-31,ROP,Energy,0.03358787400964691,0.023589864848856126
2023-03-31,SM,Energy,0.002334727762084876,-0.0014300646465631977
2023-03-31,VRSK,Energy,0.011727178240245939,0.0407847891235004
2023-03-31,WMB,Energy,0.013395766371209872,0.03727392453992442
2023-03-31,XYL,Energy,-0.00821399353913288,0.012868400071141081
2023-03-31,AXP,Financials,-0.018261759421106638,0.0031869468804733665
2023-03-31,BAC,Financials,0.02377601547003927,0.08938757485869164
2023-03-31,BK,Financials,-0.05434736411693408,0.026750699297822852
2023-03-31,BLK,Financials,0.0031085414896407926,0.054079446194046255
2023-03-31,C,Financials,0.014843827128230958,0.0625857606391506
2023-03-31,CFG,Financials,0.018768548592789536,0.006532782163347992
2023-03-31,CME,Financials,-0.030023111441909278,0.004918841531679743
2023-03-31,COF,Financials,0.011855057016801451,0.10087640443251415
2023-03-31,FITB,Financials,-0.01651652958849137,0.003303968892280551
2023-03-31,GS,Financials,0.049921849482917446,-0.0008218623320700488
2023-03-31,HBAN,Financials,0.0,0.019777822458015126
2023-03-31,ICE,Financials,0.0444911548899769,0.10264195845757719
2023-03-31,JPM,Financials,0.06918048495276885,0.026390058738995137
2023-03-31,KEY,Financials,-0.10063887284333017,0.004801234626797808
2023-03-31,MCO,Financials,0.023201083518565202,0.019699926522964536
2023-03-31,MS,Financials,0.033589772794014205,0.020490019370305496
2023-03-31,MTB,Financials,0.052103342310896306,0.03319740964542929
2023-03-31,PNC,Financials,0.03755625695892517,0.01920596929103952
2023-03-31,RF,Financials,-0.016163617838901856,0.019699980021575497
2023-03-31,SCHW,Financials,-0.002672608129489329,0.07043133210452229
2023-03-31,SPGI,Financials,0.05165764840045961,0.02074345745872217
2023-03-31,STT,Financials,-0.045316181279855594,0.03422863951034076
2023-03-31,TFC,Financials,-0.04457479545922538,0.03558387634610313
2023-03-31,USB,Financials,-0.049098598084242995,0.018597411746003267
2023-03-31,WFC,Financials,0.06340302077750293,0.020854941365015
2023-03-31,AFL,Financials,0.08260990116811429,0.031174397379988488
2023-03-31,AJG,Financials,0.08755429172875884,0.009302077196837972
2023-03-31,ALL,Financials,0.04467109477456788,0.002897560073540572
2023-03-31,AMTD,Financials,0.10828020125565097,-0.005293468040870785
2023-03-31,AON,Financials,0.033277154318340996,0.02200552053066455
2023-03-31,CB,Financials,0.03800602062680025,0.0215333382419675
2023-03-31,FDS,Financials,-0.00819097949747638,0.025231240228746264
2023-03-31,FNF,Financials,0.01603198979034115,0.016190294994240798
2023-03-31,GL,Financials,-0.013633865457329697,0.0009410509404311708
2023-03-31,HIG,Financials,0.018653980728172037,0.00958445534640386
2023-03-31,IBKR,Financials,-0.05704920520833123,0.050821733693847966
2023-03-31,LPLA,Financials,0.03181816202325183,-0.02716349611850925
2023-03-31,MET,Financials,0.05850883520279093,-0.0003318173842319578
2023-03-31,MSCI,Financials,-0.13800501530884857,-0.004508475686722093
2023-03-31,NDAQ,Financials,0.012804238287068781,-0.006327487411381271
2023-03-31,PGR,Financials,-0.04589246685361392,0.012029764923696323
2023-03-31,PRU,Financials,0.051486782429502,0.03583477565427211
2023-03-31,RJF,Financials,-0.02937713584519963,0.01882675831089442
2023-03-31,SEIC,Financials,0.023631640593306136,0.003923473965559365
2023-03-31,SF,Financials,0.014892321655174623,0.03133639392056431
2023-03-31,SYF,Financials,0.014786609902080805,0.12462953912539622
2023-03-31,TRV,Financials,0.056764397363952446,0.004422709169227763
2023-03-31,UNM,Financials,0.07554384119485635,0.0002583630912431028
2023-03-31,WTW,Financials,-0.003356418129118688,0.024592526495307576
2023-03-31,ABBV,Healthcare,-0.04304325090863703,0.005263319079681038
2023-03-31,ABT,Healthcare,0.09640624077741289,0.02922306080851723
2023-03-31,AMGN,Healthcare,-0.00831455407524928,0.028452185661545407
2023-03-31,BAX,Healthcare,0.17554254563409089,0.008939681274448372
2023-03-31,BIIB,Healthcare,0.0942344794520864,0.02490300054964421
2023-03-31,BMY,Healthcare,-0.028717367750474287,0.019119111948370626
2023-03-31,BSX,Healthcare,0.04177493910818897,-0.0014880477324706212
2023-03-31,CI,Healthcare,-0.008766165795533798,0.027784524657062395
2023-03-31,CVS,Healthcare,-0.005348111663230903,0.04394780892041604
2023-03-31,DHR,Healthcare,-0.060030360964300034,0.04511228224072179
2023-03-31,EW,Healthcare,0.06345944381688451,0.04933162928198735
2023-03-31,GILD,Healthcare,-0.009159928456032751,0.0026809205906681895
2023-03-31,HUM,Healthcare,0.09275758286039326,0.00999059773825269
2023-03-31,ISRG,Healthcare,0.17908169171094235,0.0663267842853122
2023-03-31,JNJ,Healthcare,0.0561292234487365,0.033643799101028285
2023-03-31,LLY,Healthcare,0.15269934244550099,0.038010135129618886
2023-03-31,MDT,Healthcare,0.12813167294869476,0.03979819597637265
2023-03-31,MRK,Healthcare,0.08534643440280676,-0.018175806568751146
2023-03-31,PFE,Healthcare,-0.04681379810487163,0.041107625309618354
2023-03-31,REGN,Healthcare,-0.024194682806974788,-0.00682437071262026
2023-03-31,SYK,Healthcare,0.04967266498380374,-0.013306920195936597
2023-03-31,TMO,Healthcare,-0.03725030439734456,0.03621712838102506
2023-03-31,UNH,Healthcare,0.041261940565910926,0.011036530746230304
2023-03-31,VRTX,Healthcare,0.0814422289193153,0.018483088296877535
2023-03-31,ZBH,Healthcare,0.07151707876060609,0.005439552915678953
2023-03-31,A,Healthcare,-0.01944026486856487,-0.011727542831733355
2023-03-31,ACAD,Healthcare,0.13336877096613997,-0.015490980258655777
2023-03-31,ALGN,Healthcare,-0.02645605574887433,0.03129782781906138
2023-03-31,ALKS,Healthcare,0.012770439736884631,0.024539912495598313
2023-03-31,BDX,Healthcare,0.06774664393769125,0.026155208910367416
2023-03-31,DGX,Healthcare,-0.013987103556809433,0.035362605264352816
2023-03-31,DXCM,Healthcare,0.04441380632777436,0.04152884350084607
2023-03-31,FOLD,Healthcare,0.040577078726200755,-0.01741599465131179
2023-03-31,HOLX,Healthcare,0.0657993232811882,0.003879557458953396
2023-03-31,IDXX,Healthcare,-0.01583743225647316,-0.008521660505898185
2023-03-31,INSP,Healthcare,0.14337589827178743,-0.04605409439812052
2023-03-31,IQV,Healthcare,-0.053597484513161486,0.01886627761866706
2023-03-31,MASI,Healthcare,0.02492687910952296,-0.005143184398579177
2023-03-31,MTD,Healthcare,-0.02529715655084608,-0.0218121854820712
2023-03-31,NBIX,Healthcare,-0.0017783076763978611,0.001348079748281942
2023-03-31,NTRA,Healthcare,-0.0864553169575728,0.01344828540988683
2023-03-31,NVCR,Healthcare,0.0957765579429306,0.03384279542391213
2023-03-31,PODD,Healthcare,-0.0028843207135770266,0.013612143648283068
2023-03-31,RARE,Healthcare,0.08902742719873546,0.06650161404805685
2023-03-31,RMD,Healthcare,0.10032404603943612,0.05036010700246476
2023-03-31,WAT,Healthcare,-0.029939022010345817,0.06143911635928049
2023-03-31,AAPL,Technology,0.028987301738990334,0.036104550747615885
2023-03-31,ADBE,Technology,-0.02026623156330265,0.09687280673241823
2023-03-31,AMAT,Technology,-0.07978518380695432,0.036335588070886965
2023-03-31,AMD,Technology,-0.08815426182359576,0.26321145912259614
2023-03-31,AVGO,Technology,-0.023443544518844228,0.041330875932068356
2023-03-31,CDNS,Technology,-0.0030463106326067413,0.06787903070269197
2023-03-31,CRM,Technology,-0.007057862537916515,0.10885668965731615
2023-03-31,CRWD,Technology,-0.1253824285576597,0.09381062696015427
2023-03-31,FTNT,Technology,-0.05130905649092621,0.18103443106912284
2023-03-31,GOOGL,Technology,0.03480187247008604,0.024753173735452695
2023-03-31,INTC,Technology,-0.04928049455098116,0.0971942066397859
2023-03-31,INTU,Technology,-0.002445031604328518,0.04315244634776342
2023-03-31,KLAC,Technology,-0.03164055218710016,0.01134660306870162
2023-03-31,LRCX,Technology,-0.01139362845660552,0.02213220955516729
2023-03-31,META,Technology,0.1339056927558946,0.06591662748355588
2023-03-31,MSFT,Technology,0.06576501417408287,0.03579136987883929
2023-03-31,MU,Technology,0.06877824645639374,0.05465316901900566
2023-03-31,NET,Technology,-0.23694454502929663,0.1393089663710569
2023-03-31,NOW,Technology,-0.01140469052127524,0.11493630487607215
2023-03-31,NVDA,Technology,-0.0010079540121153974,0.003152167463459168
2023-03-31,ORCL,Technology,0.0236402651461185,0.07008616683048056
2023-03-31,PANW,Technology,-0.08651245771537874,0.020080135577981245
2023-03-31,QCOM,Technology,-0.08449613946847678,0.06247689815091325
2023-03-31,SNPS,Technology,-0.03865370272046931,0.02509449574555544
2023-03-31,TXN,Technology,-0.10112376281316482,0.028159041928438794
2023-03-31,ACN,Technology,-0.015462173740476648,0.02294216730019503
2023-03-31,ADI,Technology,-0.08792231304385045,0.04797065578787733
2023-03-31,ANET,Technology,-0.045871541285859796,0.09044465501558005
2023-03-31,CGNX,Technology,-0.037538049790531214,0.13769647432898743
2023-03-31,COHU,Technology,-0.11852043004427393,0.04836591693468504
2023-03-31,CSCO,Technology,-0.0894239490265758,0.048323057677080644
2023-03-31,DELL,Technology,0.09093483023852378,0.0684402259181206
2023-03-31,ENTG,Technology,-0.08645269255540733,0.014410397128383556
2023-03-31,FORM,Technology,-0.1425431981523212,0.16706262581943265
2023-03-31,HPQ,Technology,0.012265650109112958,0.06931466747894027
2023-03-31,IBM,Technology,-0.03570073361595549,0.0879288455977188
2023-03-31,IPGP,Technology,-0.06755327521356858,0.01611784577178519
2023-03-31,KEYS,Technology,-0.10428534049693872,0.014444694935585138
2023-03-31,MCHP,Technology,-0.12878970601597772,-0.0037964191712510807
2023-03-31,MKSI,Technology,-0.05359963629035569,0.07937748185094755
2023-03-31,MPWR,Technology,-0.07705688345021078,0.05313768124546095
2023-03-31,MRVL,Technology,-0.08686826251622082,0.09707889603474701
2023-03-31,NXPI,Technology,-0.12194335401921419,0.026151534920163193
2023-03-31,ONTO,Technology,-0.07851609139889915,0.02183345230406392
2023-03-31,QRVO,Technology,-0.09343307957352609,0.055714790227407225
2023-03-31,STX,Technology,-0.11116155917511039,0.07434608249870821
2023-03-31,SWKS,Technology,-0.10239008717573161,0.043082596928639014
2023-03-31,TER,Technology,-0.1500324374850177,-0.0003448077772586985
2023-03-31,VRSN,Technology,0.04954335279131228,0.06139023041978887
2023-03-31,WDC,Technology,-0.08574466596429753,0.15940565972994516
2023-04-30,AMZN,Consumer,0.14348037288458837,0.20135481421754184
2023-04-30,AZO,Consumer,-0.10380690367275658,0.04588583654116016
2023-04-30,BKNG,Consumer,-0.06609073523838183,0.05690870013015824
2023-04-30,CMG,Consumer,0.004289924507512977,0.010841083258668312
2023-04-30,COST,Consumer,0.018693562084727278,0.024910584904260184
2023-04-30,DG,Consumer,-0.09198055054919896,0.0733529767519304
2023-04-30,DLTR,Consumer,-0.12250342208433407,0.09469680243273527
2023-04-30,DRI,Consumer,0.04337520177892085,0.006906918961181609
2023-04-30,EBAY,Consumer,-0.07850061535025821,0.07616327488803075
2023-04-30,HD,Consumer,-0.05007457878702848,0.02840919475383212
2023-04-30,HLT,Consumer,-0.05386956750308691,0.049275409142587906
2023-04-30,KR,Consumer,-0.06290302237713064,-0.002700730087915982
2023-04-30,LOW,Consumer,-0.03223774203080598,-0.001517317325603604
2023-04-30,LULU,Consumer,-0.1263390648944146,-0.09568639684385832
2023-04-30,MAR,Consumer,-0.006081203757919207,0.07572484200321938
2023-04-30,MCD,Consumer,-0.03597665818254636,0.0186408243453148
2023-04-30,MGM,Consumer,-0.1253338709463745,0.027832757982681262
2023-04-30,NKE,Consumer,-0.16934980420227141,0.06509995151175155
2023-04-30,ORLY,Consumer,-0.015261970535620839,0.017666917092239963
2023-04-30,ROST,Consumer,-0.029139051057357146,0.05545389736275434
2023-04-30,SBUX,Consumer,-0.14142813863663062,0.016007038025064976
2023-04-30,TGT,Consumer,-0.1643957568154777,0.041544419494167
2023-04-30,TJX,Consumer,-0.02160926261032614,-0.011314356214685304
2023-04-30,WMT,Consumer,-0.02346222405766807,0.06005768198861161
2023-04-30,YUM,Consumer,-0.08030646316726897,0.03043712739164587
2023-04-30,BBY,Consumer,-0.024825583691658548,0.07394136453028623
2023-04-30,CCL,Consumer,0.21932676434671605,0.07194533920630253
2023-04-30,CHDN,Consumer,-0.07141139425924248,0.06335581639050858
2023-04-30,CMCSA,Consumer,-0.048827485463386,0.1047681583828748
2023-04-30,CZR,Consumer,-0.0945021529581549,0.12363038288367993
2023-04-30,DIS,Consumer,-0.1418535667417733,0.03297923668476469
2023-04-30,DKNG,Consumer,0.06526701575238425,0.07505353391593275
2023-04-30,F,Consumer,0.010100695793157533,0.04961549542110461
2023-04-30,FOX,Consumer,-0.043549414949729415,0.053965538243512925
2023-04-30,GM,Consumer,-0.019067784747416217,0.06954546419832798
2023-04-30,GRMN,Consumer,0.050728219123324036,0.014685387266505366
2023-04-30,H,Consumer,-0.0583791905556621,0.061597650894951624
2023-04-30,IHG,Consumer,-0.0422921316289081,0.07390208000514922
2023-04-30,LVS,Consumer,-0.1365699881475474,-0.02818523113615746
2023-04-30,NCLH,Consumer,0.1123595473511787,0.15391092408369614
2023-04-30,NFLX,Consumer,0.19792073389072873,-0.005938732349034574
2023-04-30,PENN,Consumer,-0.15944947479085758,0.07621495643800895
2023-04-30,POOL,Consumer,-0.0969774520057256,0.059735186191355885
2023-04-30,RCL,Consumer,0.23750581663670833,0.09577598382296573
2023-04-30,SIRI,Consumer,-0.057024708186549256,0.10120004590997864
2023-04-30,TSLA,Consumer,0.2411295460159617,-0.012278827675893346
2023-04-30,WBD,Consumer,-0.1711976475005219,0.14271710018292746
2023-04-30,WYNN,Consumer,-0.1343693629014261,0.03235858562117878
2023-04-30,APA,Energy,-0.1375847618305226,0.057705098234220195
2023-04-30,BA,Energy,-0.005222951143390886,0.04451916332139115
2023-04-30,CAT,Energy,-0.05964359612600423,0.03381936219223071
2023-04-30,COP,Energy,-0.029915757774004126,0.052779035880887844
2023-04-30,CVX,Energy,-0.09778809103320563,0.010795304279241838
2023-04-30,DE,Energy,-0.08475746240547555,0.009699612347213882
2023-04-30,DVN,Energy,-0.1371889375681069,0.035686729373297275
2023-04-30,EOG,Energy,-0.10195052714014807,0.049102119069923816
2023-04-30,FDX,Energy,-0.043023821358822656,0.03028256670095686
2023-04-30,GD,Energy,-0.06485306297218407,0.022250977528778432
2023-04-30,GE,Energy,0.02586635367273793,0.03939368862046773
2023-04-30,HAL,Energy,-0.1251909340725318,0.056309969512206265
2023-04-30,HON,Energy,-0.036202683818854275,0.02798369599062066
2023-04-30,LMT,Energy,-0.03756359957573219,0.012440727761499053
2023-04-30,MMM,Energy,-0.10818703066798363,0.047407330121844775
2023-04-30,MPC,Energy,-0.13421258827028493,0.03290792948177736
2023-04-30,NOC,Energy,-0.051799075294892805,0.03138876028701008
2023-04-30,OXY,Energy,-0.06289598262831586,0.04886406563147363
2023-04-30,PSX,Energy,-0.06444356570925303,0.027356120174823813
2023-04-30,RTX,Energy,-0.07200800857213352,0.012440727761499053
2023-04-30,SLB,Energy,-0.13211754583314528,0.04872078917108875
2023-04-30,UNP,Energy,-0.0095815912897389,0.05015441777444674
2023-04-30,UPS,Energy,-0.06231839738442557,0.020760152032005662
2023-04-30,VLO,Energy,-0.057902610625340856,0.04424633780305668
2023-04-30,XOM,Energy,-0.12906315478683206,0.015417793606872768
2023-04-30,AME,Energy,0.0517655857564181,0.01600472296413609
2023-04-30,BE,Energy,-0.17597594105891645,0.07074015096568681
2023-04-30,BKR,Energy,-0.06169028746586691,0.06369265819990381
2023-04-30,CTRA,Energy,-0.08462024361652831,0.05143697104677103
2023-04-30,EMR,Energy,-0.0610996842965168,0.020760152032005662
2023-04-30,ENPH,Energy,0.05895254637319858,0.011766644896655392
2023-04-30,ETN,Energy,0.05793843421693157,0.01600472296413609
2023-04-30,FSLR,Energy,0.11162232817628381,0.06445845905751046
2023-04-30,FTV,Energy,0.03315118699092623,0.009430233641189145
2023-04-30,GNRC,Energy,0.06554487251253538,-0.006956555984111918
2023-04-30,HUBB,Energy,0.052843071999886915,0.012171349055474316
2023-04-30,MTDR,Energy,-0.1001428127243078,0.05343932640644914
2023-04-30,PH,Energy,-0.009180666002719828,0.015417793606872768
2023-04-30,PLUG,Energy,-0.07862680610659967,0.0376008220300441
2023-04-30,PR,Energy,-0.09766900832953773,0.024664424620087718
2023-04-30,ROK,Energy,-0.012664710843482752,0.01476228692928368
2023-04-30,ROP,Energy,-0.0012313223171869225,0.02011825573636207
2023-04-30,SM,Energy,-0.06374647550388268,0.03228078878271385
2023-04-30,VRSK,Energy,0.12879323038483514,0.020218815573631355
2023-04-30,WMB,Energy,-0.05287512458570831,0.040762952439803136
2023-04-30,XYL,Energy,-0.03182303431659872,0.011381334453388169
2023-04-30,AXP,Financials,-0.017230704644714323,0.04189403794368875
2023-04-30,BAC,Financials,-0.05088799829536328,0.09704563771957184
2023-04-30,BK,Financials,-0.05611623401782251,0.012497650005929718
2023-04-30,BLK,Financials,-0.02033672059096503,0.07033009790049333
2023-04-30,C,Financials,-0.05842377941159116,0.08562272451054183
2023-04-30,CFG,Financials,-0.1544519266714911,0.09530334190435734
2023-04-30,CME,Financials,-0.0377887551206999,0.01645659574047483
2023-04-30,COF,Financials,0.07841920468702557,0.14461798578601492
2023-04-30,FITB,Financials,-0.0736640826881857,0.09940567131802203
2023-04-30,GS,Financials,-0.04971382340537234,0.052091821411302905
2023-04-30,HBAN,Financials,-0.07946419937610816,0.08746920898915783
2023-04-30,ICE,Financials,-0.02735687489657601,-0.0008096701839911452
2023-04-30,JPM,Financials,-0.018301601716641636,0.034728355137708174
2023-04-30,KEY,Financials,-0.15334773563434423,0.10761274079143927
2023-04-30,MCO,Financials,0.014532389580600658,0.056738987151729446
2023-04-30,MS,Financials,-0.09125265469249233,0.025286335677558787
2023-04-30,MTB,Financials,-0.0428460497064318,-0.0007765441899631899
2023-04-30,PNC,Financials,-0.11071028366223823,0.059830997979110526
2023-04-30,RF,Financials,-0.054217179721931186,0.07329975159873318
2023-04-30,SCHW,Financials,0.013944861027126887,0.06268326020668348
2023-04-30,SPGI,Financials,0.015943202653215582,0.029851346148388698
2023-04-30,STT,Financials,-0.05867731621797745,0.05731164573823774
2023-04-30,TFC,Financials,-0.04700162900665039,0.0749278211679551
2023-04-30,USB,Financials,-0.12777119031873008,0.08920849211599453
2023-04-30,WFC,Financials,0.00934383873467537,0.07014466897673789
2023-04-30,AFL,Financials,-0.07486509836961108,0.024455570683289563
2023-04-30,AJG,Financials,-0.037152746300126216,-0.004756905777676502
2023-04-30,ALL,Financials,-0.0631479287802853,-0.0031617277264371474
2023-04-30,AMTD,Financials,-0.13218383297252345,0.012771375400060514
2023-04-30,AON,Financials,-0.05194061175546072,-0.0036174903757164884
2023-04-30,CB,Financials,-0.07819020556984924,0.07167965723409293
2023-04-30,FDS,Financials,-0.06273270431265321,0.017660386049264558
2023-04-30,FNF,Financials,-0.038038817766252064,0.09391261556520832
2023-04-30,GL,Financials,-0.04920751803473278,0.002998061627605319
2023-04-30,HIG,Financials,-0.028793308772406045,-0.006825019173709649
2023-04-30,IBKR,Financials,-0.006705746920826483,0.025202913599818282
2023-04-30,LPLA,Financials,-0.06584828626520534,0.06760502389755078
2023-04-30,MET,Financials,-0.18431572089702652,0.06845315210962562
2023-04-30,MSCI,Financials,-0.021871794464770833,0.027374902081171094
2023-04-30,NDAQ,Financials,-0.00036119393312028514,0.06696343472374353
2023-04-30,PGR,Financials,-0.06224340872875067,-0.011037079072547336
2023-04-30,PRU,Financials,-0.08152282319615156,0.10748965085506294
2023-04-30,RJF,Financials,-0.001988255433670205,0.04311552700001864
2023-04-30,SEIC,Financials,-0.03955182388984979,0.026721856657714163
2023-04-30,SF,Financials,-0.06755329421144174,0.06324300356747023
2023-04-30,SYF,Financials,0.05737710097944482,0.13267777440711986
2023-04-30,TRV,Financials,-0.06569497005678837,0.012752260792435143
2023-04-30,UNM,Financials,0.029620725447812024,0.022857978297410476
2023-04-30,WTW,Financials,-0.055051972507992764,-0.007254334840378046
2023-04-30,ABBV,Healthcare,-0.0870827144766918,0.0012966351527271243
2023-04-30,ABT,Healthcare,-0.07667245449402038,0.02061609315909775
2023-04-30,AMGN,Healthcare,-0.07094385495539512,0.01263621178438601
2023-04-30,BAX,Healthcare,-0.14597318068191,0.01933831074467722
2023-04-30,BIIB,Healthcare,-0.02570426007239035,-0.0015722623819887298
2023-04-30,BMY,Healthcare,-0.034896022657085135,-0.006788492663808972
2023-04-30,BSX,Healthcare,-0.012279343874984527,-0.0009603816544928523
2023-04-30,CI,Healthcare,-0.02321448196619058,0.044261083148069154
2023-04-30,CVS,Healthcare,-0.07202288863754325,0.023411497507801485
2023-04-30,DHR,Healthcare,-0.030771106097274736,0.004322815672452268
2023-04-30,EW,Healthcare,-0.042623321856289365,0.006295107938818448
2023-04-30,GILD,Healthcare,-0.06410404065445507,-0.009535282401799893
2023-04-30,HUM,Healthcare,-0.05395014264900111,-0.003765948954627689
2023-04-30,ISRG,Healthcare,0.021977276045281657,0.018935580082291657
2023-04-30,JNJ,Healthcare,-0.0456327636546654,-0.002598031595880051
2023-04-30,LLY,Healthcare,0.08770027873675179,0.007047967564217348
2023-04-30,MDT,Healthcare,-0.09004927567886867,0.0509418920994552
2023-04-30,MRK,Healthcare,-0.04382096017838877,-0.056833320130728775
2023-04-30,PFE,Healthcare,-0.011792057741701667,0.030430395340062474
2023-04-30,REGN,Healthcare,-0.0826026166014836,0.0028177501345398987
2023-04-30,SYK,Healthcare,-0.08032704810045888,0.03524515172212842
2023-04-30,TMO,Healthcare,-0.08369083417900147,0.0069849478073524705
2023-04-30,UNH,Healthcare,-0.009855978161476986,0.016979135906535384
2023-04-30,VRTX,Healthcare,-0.05036246620142282,0.0006803266075493452
2023-04-30,ZBH,Healthcare,-0.08017919958259534,-0.006145404391512104
2023-04-30,A,Healthcare,-0.14590549012750387,0.02441154731802944
2023-04-30,ACAD,Healthcare,0.10173464997916937,-0.06991162091188409
2023-04-30,ALGN,Healthcare,-0.1310789601320146,0.02915208272194216
2023-04-30,ALKS,Healthcare,0.01331002025464012,0.014569263729178675
2023-04-30,BDX,Healthcare,-0.08531652185741356,-0.01015412022395626
2023-04-30,DGX,Healthcare,-0.04437727152096527,0.03288906220044063
2023-04-30,DXCM,Healthcare,-0.033624479353854264,0.017888315569733026
2023-04-30,FOLD,Healthcare,-0.024263408483255366,-0.01140194766226634
2023-04-30,HOLX,Healthcare,-0.08278110184562859,0.013682885296259707
2023-04-30,IDXX,Healthcare,-0.055652662639449235,0.021639648925083063
2023-04-30,INSP,Healthcare,0.0928893804805182,0.010336209788276202
2023-04-30,IQV,Healthcare,0.04611384015082565,0.05542084533608297
2023-04-30,MASI,Healthcare,-0.14433754435790658,0.028061495290499356
2023-04-30,MTD,Healthcare,-0.11373114641824511,0.024320390801256874
2023-04-30,NBIX,Healthcare,-0.11391530118703386,0.001039852632768949
2023-04-30,NTRA,Healthcare,-0.07117508918509285,0.011150968776217345
2023-04-30,NVCR,Healthcare,0.08968127307848373,-0.01796067400559094
2023-04-30,PODD,Healthcare,-0.13768710655388094,-0.023144104174833296
2023-04-30,RARE,Healthcare,0.13029545866691916,-0.006124151727447803
2023-04-30,RMD,Healthcare,-0.1235388553723048,0.009638554502238515
2023-04-30,WAT,Healthcare,-0.16360363073444184,0.06235718825116548
2023-04-30,AAPL,Technology,0.04605828661615585,0.0018199238692623364
2023-04-30,ADBE,Technology,0.10655263069834309,-0.000726309739471689
2023-04-30,AMAT,Technology,0.18237243888625976,0.054074379422857304
2023-04-30,AMD,Technology,0.32270331712609934,0.08028504090954165
2023-04-30,AVGO,Technology,0.2896410235744662,0.0236836122576178
2023-04-30,CDNS,Technology,0.10245885426854517,0.00035851805799935613
2023-04-30,CRM,Technology,0.12607758031949068,-0.0015762603816968888
2023-04-30,CRWD,Technology,0.33386089806074204,-0.050011705104073004
2023-04-30,FTNT,Technology,0.08374310321784395,-0.0355886299190337
2023-04-30,GOOGL,Technology,0.14468058087397395,0.02961068992115854
2023-04-30,INTC,Technology,0.016379507068293053,0.09721153632835333
2023-04-30,INTU,Technology,-0.055929784611410405,0.022908561981124897
2023-04-30,KLAC,Technology,0.1499064565662913,-0.011552876652999845
2023-04-30,LRCX,Technology,0.17672867346764454,0.021409498490872866
2023-04-30,META,Technology,0.10153133894474031,-0.013442893802112926
2023-04-30,MSFT,Technology,0.07110579334408573,0.055955721939670196
2023-04-30,MU,Technology,0.059664332221645244,0.03601551788034048
2023-04-30,NET,Technology,0.4699257127220764,-0.052744420931982464
2023-04-30,NOW,Technology,0.1857994656003028,0.03067675882803229
2023-04-30,NVDA,Technology,0.36343657204129376,0.00019267496799577486
2023-04-30,ORCL,Technology,0.11845432802288958,0.06970222897797314
2023-04-30,PANW,Technology,0.1695165600003814,0.007776092813812809
2023-04-30,QCOM,Technology,-0.022281092601664443,0.005308286587835102
2023-04-30,SNPS,Technology,0.22525041064600915,-0.013314428738843895
2023-04-30,TXN,Technology,0.047958849186807706,0.02714589963412657
2023-04-30,ACN,Technology,0.09144081493196499,0.012716622897733955
2023-04-30,ADI,Technology,-0.012174664695060566,-0.007987099168883712
2023-04-30,ANET,Technology,0.038586366973487385,0.019343131822433142
2023-04-30,CGNX,Technology,0.15399637220092588,-0.01166287920087946
2023-04-30,COHU,Technology,0.13297872280464107,0.04554502851316871
2023-04-30,CSCO,Technology,0.05121700362063786,0.005289353865191928
2023-04-30,DELL,Technology,0.030351841350285014,0.07564242277800816
2023-04-30,ENTG,Technology,0.4067092814198032,-0.05239505420195606
2023-04-30,FORM,Technology,0.14573421923893926,-0.017293460088445324
2023-04-30,HPQ,Technology,-0.021878214403086682,0.05381280187378868
2023-04-30,IBM,Technology,0.031116241319358418,0.05240687336834241
2023-04-30,IPGP,Technology,-0.039224230340557775,0.03716813097036303
2023-04-30,KEYS,Technology,0.11863940635039483,-0.02476740158366312
2023-04-30,MCHP,Technology,0.03616850243696246,-0.02144706497146237
2023-04-30,MKSI,Technology,0.1629993353812389,-0.034187047548616796
2023-04-30,MPWR,Technology,0.060480052879621216,0.001600035733622497
2023-04-30,MRVL,Technology,0.4815099004417167,0.002885270865770199
2023-04-30,NXPI,Technology,0.09380713988474287,0.019909072661704424
2023-04-30,ONTO,Technology,0.3256358857007835,0.025874980985892096
2023-04-30,QRVO,Technology,0.05625543225639662,0.018192994866611734
2023-04-30,STX,Technology,0.022630693509913646,0.02337034484121027
2023-04-30,SWKS,Technology,-0.016469443229115477,-0.028463013066140904
2023-04-30,TER,Technology,0.09764489382169383,0.01880780109827354
2023-04-30,VRSN,Technology,0.0068531498341268815,0.025790684595429627
2023-04-30,WDC,Technology,0.12456450665894114,-0.021972921209416553
2023-05-31,AMZN,Consumer,0.08110796675057008,0.02913235554126429
2023-05-31,AZO,Consumer,0.04462805031290862,-0.019426064129933543
2023-05-31,BKNG,Consumer,0.07635613718993106,0.09793379645867001
2023-05-31,CMG,Consumer,0.03010364489507822,-0.06203777257671849
2023-05-31,COST,Consumer,0.05242787268027582,0.005970039907438245
2023-05-31,DG,Consumer,-0.155701492440816,-0.03355984737707954
2023-05-31,DLTR,Consumer,0.06390862103450234,0.009264939568266937
2023-05-31,DRI,Consumer,0.05399972918157658,-0.016930279702517398
2023-05-31,EBAY,Consumer,0.05054054372380845,-0.008024472415446371
2023-05-31,HD,Consumer,0.09592547427786569,-0.02349957063935908
2023-05-31,HLT,Consumer,0.06927728906235275,-0.011013727837674833
2023-05-31,KR,Consumer,0.0368408603006376,-0.016958327587362654
2023-05-31,LOW,Consumer,0.12215954954177399,0.014401035010059076
2023-05-31,LULU,Consumer,0.14030069096439512,-0.01742724882532423
2023-05-31,MAR,Consumer,0.09476140587664061,-0.01880437648070984
2023-05-31,MCD,Consumer,0.05220464368066069,0.033425147738139524
2023-05-31,MGM,Consumer,0.11784161734616294,0.04139860112118196
2023-05-31,NKE,Consumer,0.05199796813289104,0.06651054169755148
2023-05-31,ORLY,Consumer,0.05755498357550981,-0.0003273202451061404
2023-05-31,ROST,Consumer,0.08564780215350343,-0.014363283579125655
2023-05-31,SBUX,Consumer,0.01454306125242999,0.021807546799212665
2023-05-31,TGT,Consumer,0.007408681388717309,-0.009841245815078553
2023-05-31,TJX,Consumer,0.10418019478010421,-0.02910467140875753
2023-05-31,WMT,Consumer,0.07019832226311107,0.003964061748074463
2023-05-31,YUM,Consumer,0.07661830804645464,-0.04966279739372171
2023-05-31,BBY,Consumer,0.1412730293626825,0.007567595210423853
2023-05-31,CCL,Consumer,0.6767587557926467,0.08175186166303297
2023-05-31,CHDN,Consumer,0.024664953715477722,-0.018853814718984247
2023-05-31,CMCSA,Consumer,0.05590826409392924,0.1055476144279665
2023-05-31,CZR,Consumer,0.24286767390429764,-0.020699429287687064
2023-05-31,DIS,Consumer,0.015006697983999562,0.03276644627761808
2023-05-31,DKNG,Consumer,0.1383890111876538,0.029347646287429044
2023-05-31,F,Consumer,0.2608335920190519,0.005705486450957087
2023-05-31,FOX,Consumer,0.09174936492675734,0.0041353388338807315
2023-05-31,GM,Consumer,0.19306946836043815,-0.017493168034147345
2023-05-31,GRMN,Consumer,0.01805313771762207,-0.008496332101268274
2023-05-31,H,Consumer,0.06605879030362782,0.03791447120423554
2023-05-31,IHG,Consumer,0.06179348663940076,0.039419056010958506
2023-05-31,LVS,Consumer,0.052058625247314305,0.02380510319502776
2023-05-31,NCLH,Consumer,0.4659932591603788,0.11259442317057804
2023-05-31,NFLX,Consumer,0.11451562666946691,0.06996591907257697
2023-05-31,PENN,Consumer,-0.04033547092466494,0.027720676564484896
2023-05-31,POOL,Consumer,0.18470718396052233,0.00989867028891716
2023-05-31,RCL,Consumer,0.28121515748587456,0.040468006371627244
2023-05-31,SIRI,Consumer,0.2724717794515077,0.03721143059550764
2023-05-31,TSLA,Consumer,0.28362672689273194,-0.07837682392630327
2023-05-31,WBD,Consumer,0.11170215059481636,0.08694670083818795
2023-05-31,WYNN,Consumer,0.07001009576343731,0.06794465646028454
2023-05-31,APA,Energy,0.07520452107863052,0.0594605654403467
2023-05-31,BA,Energy,0.026543542998889835,0.08024795392001928
2023-05-31,CAT,Energy,0.195868728508098,0.08024795392001928
2023-05-31,COP,Energy,0.04967310988866536,0.07385116719331501
2023-05-31,CVX,Energy,0.04468216582746587,0.06281607840263784
2023-05-31,DE,Energy,0.17476118248478745,0.08024795392001928
2023-05-31,DVN,Energy,0.06379006843949564,0.0034723699391143665
2023-05-31,EOG,Energy,0.06664191363975558,0.05732232048517489
2023-05-31,FDX,Energy,0.14366456295088414,0.08024795392001928
2023-05-31,GD,Energy,0.05372705028425018,0.08060302911545884
2023-05-31,GE,Energy,0.08194633988020317,0.07901753284976347
2023-05-31,HAL,Energy,0.15742662958957698,0.06495432335780962
2023-05-31,HON,Energy,0.08298550705671959,0.09449860585027933
2023-05-31,LMT,Energy,0.03686848339513649,0.09586974322436219
2023-05-31,MMM,Energy,0.072660879067314,0.05987046751977413
2023-05-31,MPC,Energy,0.11142897556599651,0.09636689854873196
2023-05-31,NOC,Energy,0.0466372788331848,0.07510927119799589
2023-05-31,OXY,Energy,0.02283733206353622,0.06281607840263784
2023-05-31,PSX,Energy,0.041152779681967955,0.0779697591421392
2023-05-31,RTX,Energy,0.06316460912219535,0.09740007075799186
2023-05-31,SLB,Energy,0.1530966791912609,0.0779697591421392
2023-05-31,UNP,Energy,0.06285051777407324,0.08739930062309659
2023-05-31,UPS,Energy,0.0733532838962847,0.09711476579298242
2023-05-31,VLO,Energy,0.0958519265799429,0.07983805184059183
2023-05-31,XOM,Energy,0.0496182783670196,0.07983805184059183
2023-05-31,AME,Energy,0.11773265884453576,0.09677680062815941
2023-05-31,BE,Energy,0.1916909667094684,0.07983805184059183
2023-05-31,BKR,Energy,0.16000005677228346,0.08850437336900849
2023-05-31,CTRA,Energy,0.0881719298204715,0.05987046751977413
2023-05-31,EMR,Energy,0.16361974944243673,0.08024795392001928
2023-05-31,ENPH,Energy,-0.0368070449479615,0.07696630759288288
2023-05-31,ETN,Energy,0.1432634792742986,0.07983805184059183
2023-05-31,FSLR,Energy,-0.06341155868269499,0.07612962585501114
2023-05-31,FTV,Energy,0.14836430603859574,0.08024795392001928
2023-05-31,GNRC,Energy,0.36917010089825397,0.11560897563088417
2023-05-31,HUBB,Energy,0.17382985299947817,0.09732813384338741
2023-05-31,MTDR,Energy,0.18990223729495148,0.004321113299606238
2023-05-31,PH,Energy,0.21720149630104668,0.07983805184059183
2023-05-31,PLUG,Energy,0.24879816399347465,0.07876658738323165
2023-05-31,PR,Energy,0.17470535069064352,0.07983805184059183
2023-05-31,ROK,Energy,0.1825201916278656,0.07983805184059183
2023-05-31,ROP,Energy,0.0585177303492872,0.1050332200771486
2023-05-31,SM,Energy,0.20311909572400721,0.07876658738323165
2023-05-31,VRSK,Energy,0.0332001343376509,0.08739930062309659
2023-05-31,WMB,Energy,0.1548414800489497,0.06558915723265807
2023-05-31,XYL,Energy,0.12395219794537016,0.08024795392001928
2023-05-31,AXP,Financials,0.09863773319217994,0.0753879568340329
2023-05-31,BAC,Financials,0.04062390196246013,0.07578918033594555
2023-05-31,BK,Financials,0.10746259283036763,0.06716975476346446
2023-05-31,BLK,Financials,0.05881298172914606,0.06342748765971698
2023-05-31,C,Financials,0.03880883198222951,0.07051687859210787
2023-05-31,CFG,Financials,0.011636654014975933,0.027870300170998324
2023-05-31,CME,Financials,0.04287173591958937,0.08645302002086024
2023-05-31,COF,Financials,0.049515549961508754,0.08452742838567669
2023-05-31,FITB,Financials,0.09364102029579091,0.07630643623094319
2023-05-31,GS,Financials,-0.004198760166694515,0.03098482435861598
2023-05-31,HBAN,Financials,0.06076857441358552,0.02554847670891955
2023-05-31,ICE,Financials,0.0714247361000162,0.0889361815580403
2023-05-31,JPM,Financials,0.07169710192926604,0.060163316506321916
2023-05-31,KEY,Financials,-0.010706682087473718,-0.0038678036353760837
2023-05-31,MCO,Financials,0.09732396679372268,0.08140293880018283
2023-05-31,MS,Financials,0.04452049555222182,0.08232482274846725
2023-05-31,MTB,Financials,0.03860362787595295,0.041378830483615334
2023-05-31,PNC,Financials,0.08736958401383421,0.06823408257213763
2023-05-31,RF,Financials,0.043936703635301555,0.07231138736443571
2023-05-31,SCHW,Financials,0.07572601336951834,0.00985216692529436
2023-05-31,SPGI,Financials,0.09106505913297336,0.0925193721667671
2023-05-31,STT,Financials,0.08520752788056352,0.03614193749590675
2023-05-31,TFC,Financials,-0.003938296337917091,0.06547727364476774
2023-05-31,USB,Financials,0.12167522429621003,0.05023133162409115
2023-05-31,WFC,Financials,0.07209253109080516,0.08026100487847367
2023-05-31,AFL,Financials,0.08705809651038199,0.04607546575489917
2023-05-31,AJG,Financials,0.09905894076768473,0.0650627161761062
2023-05-31,ALL,Financials,0.013759915055668648,0.08502372774561047
2023-05-31,AMTD,Financials,0.04635751690587653,0.01701414795668785
2023-05-31,AON,Financials,0.11972498213083349,0.10244208616115745
2023-05-31,CB,Financials,0.04112445165313683,0.07587150426751946
2023-05-31,FDS,Financials,0.04094657641392918,0.09362689474879166
2023-05-31,FNF,Financials,0.06835632424513038,0.09484522884832744
2023-05-31,GL,Financials,0.062415210336044025,0.05900901086353143
2023-05-31,HIG,Financials,0.051079950319965706,0.09779767100659954
2023-05-31,IBKR,Financials,0.07561817479366773,0.0369375921345441
2023-05-31,LPLA,Financials,0.11628493721740063,0.03794150238884366
2023-05-31,MET,Financials,0.14086777731188738,0.05202660690441501
2023-05-31,MSCI,Financials,-0.002635317451908148,-0.03629093853274386
2023-05-31,NDAQ,Financials,-0.09547806091468636,0.07281832776854631
2023-05-31,PGR,Financials,0.03486799836372367,0.07944564519627512
2023-05-31,PRU,Financials,0.12110796874800589,0.048863228435307667
2023-05-31,RJF,Financials,0.15320589907684412,0.06932019194148424
2023-05-31,SEIC,Financials,0.06142713994599758,0.07490364518024624
2023-05-31,SF,Financials,0.07378069969211487,0.07689200916659329
2023-05-31,SYF,Financials,0.09560725109458312,0.06278511181397348
2023-05-31,TRV,Financials,0.03198766496334482,0.03929885942872727
2023-05-31,UNM,Financials,0.09781341655029996,0.041419086925660875
2023-05-31,WTW,Financials,0.07997790192734566,0.11145881221106765
2023-05-31,ABBV,Healthcare,-0.023412882100816046,0.038748907501322566
2023-05-31,ABT,Healthcare,0.06882359510880232,0.013885434632593558
2023-05-31,AMGN,Healthcare,0.006208820440015694,0.03570561537750934
2023-05-31,BAX,Healthcare,0.12688605336498848,-0.005191884069349952
2023-05-31,BIIB,Healthcare,-0.03900002501862754,0.03797134171575582
2023-05-31,BMY,Healthcare,-0.007603971843438639,0.02746194377079282
2023-05-31,BSX,Healthcare,0.05069931300621344,-0.002086377630290182
2023-05-31,CI,Healthcare,0.13948415693065064,0.019805987424540903
2023-05-31,CVS,Healthcare,0.016169437973599043,0.029811355193602156
2023-05-31,DHR,Healthcare,0.046408751566555884,0.03837489811256531
2023-05-31,EW,Healthcare,0.11990974797093701,-0.0019029817994782202
2023-05-31,GILD,Healthcare,0.011358374567287832,0.022424465245656038
2023-05-31,HUM,Healthcare,-0.10729593444391583,0.014596059394532243
2023-05-31,ISRG,Healthcare,0.11077185066649653,0.05169021591828067
2023-05-31,JNJ,Healthcare,0.06745766321245572,0.027481149794757312
2023-05-31,LLY,Healthcare,0.09202266686879934,0.01885229514512846
2023-05-31,MDT,Healthcare,0.07290580461347607,0.03279865624273834
2023-05-31,MRK,Healthcare,0.05208728813739061,-0.0019096583039646636
2023-05-31,PFE,Healthcare,-0.03524473359922242,0.036328935804414125
2023-05-31,REGN,Healthcare,-0.023138877708669292,0.0307275277716696
2023-05-31,SYK,Healthcare,0.10985517460824878,0.013544453421463525
2023-05-31,TMO,Healthcare,0.02682076032388192,0.030955145112104104
2023-05-31,UNH,Healthcare,-0.00949618193411328,0.013594904094458736
2023-05-31,VRTX,Healthcare,0.08758536235249337,0.005844892841955442
2023-05-31,ZBH,Healthcare,0.14529684325798042,-0.022346135667269094
2023-05-31,A,Healthcare,0.04158043440075443,0.010100312422637626
2023-05-31,ACAD,Healthcare,0.019148968635721353,-0.027389678735524114
2023-05-31,ALGN,Healthcare,0.25111444869001476,0.02703283415132023
2023-05-31,ALKS,Healthcare,0.08192184261611479,0.011368416309894493
2023-05-31,BDX,Healthcare,0.0959875345692549,-0.023334970505975328
2023-05-31,DGX,Healthcare,0.059630594551012495,0.03143383643389853
2023-05-31,DXCM,Healthcare,0.09594057790938337,0.03460304314665683
2023-05-31,FOLD,Healthcare,0.11545294532058437,0.011428295194218707
2023-05-31,HOLX,Healthcare,0.026365849247650175,-0.01707117571893383
2023-05-31,IDXX,Healthcare,0.08059905514156229,0.02253993384464299
2023-05-31,INSP,Healthcare,0.10991837494438839,-0.02260052950476157
2023-05-31,IQV,Healthcare,0.14148595852020973,0.04594857878047452
2023-05-31,MASI,Healthcare,0.01674497513092632,0.006541191863939198
2023-05-31,MTD,Healthcare,-0.007739021618266673,-0.0034350235230306545
2023-05-31,NBIX,Healthcare,0.05327827920806327,0.006027532723109031
2023-05-31,NTRA,Healthcare,0.03290170275905213,0.021289687081700915
2023-05-31,NVCR,Healthcare,-0.4220860407892668,-0.0007260090339145734
2023-05-31,PODD,Healthcare,0.05137646795949169,0.01508401571631646
2023-05-31,RARE,Healthcare,-0.06543759121346016,0.014964820439272575
2023-05-31,RMD,Healthcare,0.03657653931078553,0.02668779532934334
2023-05-31,WAT,Healthcare,0.06098243471768683,0.025271479008998714
2023-05-31,AAPL,Technology,0.09433002759150333,0.09210768589336553
2023-05-31,ADBE,Technology,0.17042049889471578,0.1831138162435879
2023-05-31,AMAT,Technology,0.0843207158106527,0.17416133246947502
2023-05-31,AMD,Technology,-0.03637590267884627,0.18162745856057902
2023-05-31,AVGO,Technology,0.0793245298251366,0.21729622754473915
2023-05-31,CDNS,Technology,0.015633799112636515,0.21604105008003663
2023-05-31,CRM,Technology,-0.05425735794078157,0.14558142003125527
2023-05-31,CRWD,Technology,-0.08280777718909726,0.06881474464635559
2023-05-31,FTNT,Technology,0.10624900208236787,0.15344098928285538
2023-05-31,GOOGL,Technology,-0.025799729703045893,0.11118923097255536
2023-05-31,INTC,Technology,0.06361317201200944,0.13065800133373284
2023-05-31,INTU,Technology,0.0932191726278413,0.040991494774144814
2023-05-31,KLAC,Technology,0.09487794443670494,0.07287368796339594
2023-05-31,LRCX,Technology,0.0452926734878214,0.08594076482152792
2023-05-31,META,Technology,0.08408894684820822,0.12034997993853092
2023-05-31,MSFT,Technology,0.036998592749217574,0.15799581535016585
2023-05-31,MU,Technology,-0.07463357231160772,0.12960544474944508
2023-05-31,NET,Technology,-0.05480047303126112,0.09865376069504675
2023-05-31,NOW,Technology,0.031553983903599425,0.1551262045613363
2023-05-31,NVDA,Technology,0.11821042800189918,0.1717967655244305
2023-05-31,ORCL,Technology,0.12412677044503861,0.18383840573241994
2023-05-31,PANW,Technology,0.1973850472733576,0.17208810261928012
2023-05-31,QCOM,Technology,0.049642944111510934,0.1906219441921037
2023-05-31,SNPS,Technology,-0.04297078459677939,0.26817827804924804
2023-05-31,TXN,Technology,0.035311702502920594,0.17769909992034366
2023-05-31,ACN,Technology,0.008694796287612272,0.15055197536838347
2023-05-31,ADI,Technology,0.10159879588110998,0.22645237803408533
2023-05-31,ANET,Technology,-0.02573042487389987,0.2516928504527083
2023-05-31,CGNX,Technology,0.019286754880203816,0.2227875828395351
2023-05-31,COHU,Technology,0.08398542534919051,0.16623810946806553
2023-05-31,CSCO,Technology,0.0416749452072569,0.15201328332286806
2023-05-31,DELL,Technology,0.20754284928157452,0.07434975446448254
2023-05-31,ENTG,Technology,0.05292173353560248,0.07813609860489054
2023-05-31,FORM,Technology,0.09364014763329065,0.21976979662509108
2023-05-31,HPQ,Technology,0.0659892113719538,0.07133349128176703
2023-05-31,IBM,Technology,0.040594139576202615,0.12267886808625264
2023-05-31,IPGP,Technology,0.22947411807183715,0.1702804934742345
2023-05-31,KEYS,Technology,0.034919615512473134,0.08654732582929944
2023-05-31,MCHP,Technology,0.19040648759205836,0.2894588966099426
2023-05-31,MKSI,Technology,0.11088256956833042,0.11031310735237401
2023-05-31,MPWR,Technology,0.10480796776439583,0.181641201562793
2023-05-31,MRVL,Technology,0.022054790495728893,0.07788873871471091
2023-05-31,NXPI,Technology,0.14897826838828676,0.23693978028246607
2023-05-31,ONTO,Technology,0.0849557790052562,0.15958694389060998
2023-05-31,QRVO,Technology,0.04904376453112924,0.18715375476475607
2023-05-31,STX,Technology,0.040781327597500194,0.148557579554335
2023-05-31,SWKS,Technology,0.06936538614924603,0.21092787128063578
2023-05-31,TER,Technology,0.11118867334697735,0.26346798491742107
2023-05-31,VRSN,Technology,0.011866224794009339,0.08147402008745915
2023-05-31,WDC,Technology,-0.02065587378917444,0.044568821421484
2023-06-30,AMZN,Consumer,0.025467873963526566,-0.030098539211733426
2023-06-30,AZO,Consumer,-0.004668453900462,0.06744122607249856
2023-06-30,BKNG,Consumer,0.10016199597693931,-0.0073034311137600534
2023-06-30,CMG,Consumer,-0.082617980974665,0.012820903943468636
2023-06-30,COST,Consumer,0.041401961596436276,-0.02702768725205514
2023-06-30,DG,Consumer,-0.0019412107948166835,0.00936109205389279
2023-06-30,DLTR,Consumer,0.07547039603522432,0.05940717294169204
2023-06-30,DRI,Consumer,0.019147932123007028,-0.01684754422872994
2023-06-30,EBAY,Consumer,-0.004027783607736035,0.02311516575436148
2023-06-30,HD,Consumer,0.07468429050334335,-0.007500770317868905
2023-06-30,HLT,Consumer,0.06829267674428596,6.423060295727561e-05
2023-06-30,KR,Consumer,0.034893481512966895,0.059181139890274195
2023-06-30,LOW,Consumer,0.0428732834307457,-0.01105892222354151
2023-06-30,LULU,Consumer,7.925701267330609e-05,-0.061056810906964014
2023-06-30,MAR,Consumer,0.09864432553965052,9.689986514550596e-05
2023-06-30,MCD,Consumer,-0.01745896652293588,0.02193292302278269
2023-06-30,MGM,Consumer,0.15596545023678576,0.003716843307944394
2023-06-30,NKE,Consumer,0.00018115420167985619,-0.048935682898944156
2023-06-30,ORLY,Consumer,-0.030890841001162128,0.007138064610212625
2023-06-30,ROST,Consumer,0.022384659254599315,0.0235743257005572
2023-06-30,SBUX,Consumer,0.025338422410758454,-0.02977253642143955
2023-06-30,TGT,Consumer,0.03464741548508821,0.0395963484754779
2023-06-30,TJX,Consumer,0.020521217594670293,-0.01890903728862424
2023-06-30,WMT,Consumer,0.017050433438701385,0.06165926260010727
2023-06-30,YUM,Consumer,-0.0063515300531917784,-0.0021637798929289567
2023-06-30,BBY,Consumer,0.013422840964629312,-0.06059464358818288
2023-06-30,CCL,Consumer,0.0005310922508969806,0.0416633275056151
2023-06-30,CHDN,Consumer,-0.1675648986995617,-0.03857047820421
2023-06-30,CMCSA,Consumer,0.09694631203138093,0.025652298072741896
2023-06-30,CZR,Consumer,0.15793602205743684,0.0714006775338654
2023-06-30,DIS,Consumer,-0.004368281979940325,-0.02996225436131659
2023-06-30,DKNG,Consumer,0.19608585064591422,0.13152125891080851
2023-06-30,F,Consumer,-0.117396228764019,0.033874185137723424
2023-06-30,FOX,Consumer,-0.015051754486276825,0.08217604657345572
2023-06-30,GM,Consumer,-0.0049274713193603326,0.01997299090302953
2023-06-30,GRMN,Consumer,0.015341699711098444,-0.042074115361535935
2023-06-30,H,Consumer,0.10272305945530191,0.033685648990307675
2023-06-30,IHG,Consumer,0.07026262843587583,-0.009084371234201716
2023-06-30,LVS,Consumer,0.031206909580067332,0.03828089373490111
2023-06-30,NCLH,Consumer,0.013780396451648302,0.17567165137543556
2023-06-30,NFLX,Consumer,-0.0034507123426921193,0.0032796193347627072
2023-06-30,PENN,Consumer,0.09404911212249001,-0.019942437557764866
2023-06-30,POOL,Consumer,0.026959247489249938,0.04905315010790761
2023-06-30,RCL,Consumer,0.0517639992097374,-0.031196991635884606
2023-06-30,SIRI,Consumer,0.12582788762885655,0.13428828133355922
2023-06-30,TSLA,Consumer,0.021622049507798113,-0.03349338335241877
2023-06-30,WBD,Consumer,0.042264731625475616,0.15194198276021104
2023-06-30,WYNN,Consumer,0.031909806109383654,-0.018088770664768987
2023-06-30,APA,Energy,0.19279860111726466,0.007821793349088614
2023-06-30,BA,Energy,0.1311327995888596,0.014147997284068242
2023-06-30,CAT,Energy,0.08304502445853723,0.018101621150068765
2023-06-30,COP,Energy,0.13618365552083045,0.021501023240619508
2023-06-30,CVX,Energy,0.04010169375468986,0.01613705631599482
2023-06-30,DE,Energy,0.060243263334767594,0.01699181916127181
2023-06-30,DVN,Energy,0.11708729557636222,0.02207815963658835
2023-06-30,EOG,Energy,0.16592181602282952,0.026604096565756113
2023-06-30,FDX,Energy,0.08894707054292694,0.01608675113040003
2023-06-30,GD,Energy,0.0455958873484541,0.01653735619071815
2023-06-30,GE,Energy,0.04073260011081348,0.018399080390074516
2023-06-30,HAL,Energy,0.18460144149634394,0.025600977923845872
2023-06-30,HON,Energy,-0.06443361575526552,0.014158812428004416
2023-06-30,LMT,Energy,-0.03043148147196517,0.013336829371869257
2023-06-30,MMM,Energy,0.11399751769100486,0.01563165957215464
2023-06-30,MPC,Energy,0.14082336819563213,0.04141399679737282
2023-06-30,NOC,Energy,-0.023694485579730973,0.01653735619071815
2023-06-30,OXY,Energy,0.07363949791725033,0.026444425290583246
2023-06-30,PSX,Energy,0.1695323621859346,0.02595557013959615
2023-06-30,RTX,Energy,-0.1023887225520036,0.013336829371869257
2023-06-30,SLB,Energy,0.1877035266800493,0.04012449249371796
2023-06-30,UNP,Energy,0.13390677769272297,0.018701730858996887
2023-06-30,UPS,Energy,0.04396106967767199,0.0318218269122354
2023-06-30,VLO,Energy,0.09897701118026458,0.026604096565756113
2023-06-30,XOM,Energy,-9.326143194565706e-05,0.027457432933748548
2023-06-30,AME,Energy,-0.0202615396336695,0.014521183754562423
2023-06-30,BE,Energy,0.09235475190527787,0.07163467321118068
2023-06-30,BKR,Energy,0.13223659023724132,0.0443419010520462
2023-06-30,CTRA,Energy,0.08853757800279705,0.02598567194611939
2023-06-30,EMR,Energy,0.010620927293980342,0.01830143098427356
2023-06-30,ENPH,Energy,-0.09344395925316484,-0.004455325762285969
2023-06-30,ETN,Energy,0.02098448549021903,0.01255661892048847
2023-06-30,FSLR,Energy,0.09106211737636483,0.05441288645218722
2023-06-30,FTV,Energy,0.04788029235022484,0.011850387525284443
2023-06-30,GNRC,Energy,0.030644350002005494,0.18833340708874918
2023-06-30,HUBB,Energy,-0.05899382572055123,0.014921483629285748
2023-06-30,MTDR,Energy,0.06326441450246434,0.029707345689942807
2023-06-30,PH,Energy,0.05119971160360204,0.012592669428499912
2023-06-30,PLUG,Energy,0.26275259403535944,0.07337130222404689
2023-06-30,PR,Energy,0.06660588466126405,0.046717209061964006
2023-06-30,ROK,Energy,0.020761954546972605,0.013804137215422221
2023-06-30,ROP,Energy,0.026948930070471278,0.012936529497145932
2023-06-30,SM,Energy,0.15230103172106868,0.022710943870732456
2023-06-30,VRSK,Energy,0.012874244952684188,0.011690055738543653
2023-06-30,WMB,Energy,0.05577676780915364,0.016177194875026748
2023-06-30,XYL,Energy,0.0011542149952050718,0.01702283908933668
2023-06-30,AXP,Financials,-0.027215151328955134,-0.007242235726273948
2023-06-30,BAC,Financials,0.11537118716511197,0.02452653314044403
2023-06-30,BK,Financials,0.028335292529301226,0.027659046206070372
2023-06-30,BLK,Financials,0.06903078210430902,0.00659377392591645
2023-06-30,C,Financials,0.035186837375885016,0.012197615654977435
2023-06-30,CFG,Financials,0.23696310999510883,0.009017646868623079
2023-06-30,CME,Financials,0.0737761442289615,0.06286157346734247
2023-06-30,COF,Financials,0.06994588271585322,0.022929649187315583
2023-06-30,FITB,Financials,0.11026329598869133,0.042859927027161106
2023-06-30,GS,Financials,0.10333596152823898,-0.01934900857475184
2023-06-30,HBAN,Financials,0.13543592252635084,0.01565681669288417
2023-06-30,ICE,Financials,0.015210433329834183,0.034817219358339487
2023-06-30,JPM,Financials,0.0935426064985534,0.02171263314635731
2023-06-30,KEY,Financials,0.3322513402041687,0.021550767778420184
2023-06-30,MCO,Financials,0.01446549531795216,0.0010987463310978556
2023-06-30,MS,Financials,0.08204742416119282,-0.011763090132439851
2023-06-30,MTB,Financials,0.13009038652136162,0.036909056594948
2023-06-30,PNC,Financials,0.09999647273721513,0.043838817729155315
2023-06-30,RF,Financials,0.14309781200223703,0.07216983987151603
2023-06-30,SCHW,Financials,0.16619597889869353,-0.008689947129571237
2023-06-30,SPGI,Financials,-0.015914568270589236,0.01861642532165
2023-06-30,STT,Financials,-0.010111910927571577,-0.003211135859849753
2023-06-30,TFC,Financials,0.09456361131104152,0.036228800818772805
2023-06-30,USB,Financials,0.20096866266791502,0.03074345885509151
2023-06-30,WFC,Financials,0.08153688413698834,0.03592481818582335
2023-06-30,AFL,Financials,0.03638952255806216,0.0066910539010312025
2023-06-30,AJG,Financials,-0.021724282856629862,0.027689694938785956
2023-06-30,ALL,Financials,0.03338213138351165,-0.009920277100224159
2023-06-30,AMTD,Financials,-0.04430370705698905,0.016089229059695564
2023-06-30,AON,Financials,-0.07556882652184715,0.03424764753574191
2023-06-30,CB,Financials,0.0615394948052137,0.014936477027606473
2023-06-30,FDS,Financials,0.08583552305443964,-0.012050322725904566
2023-06-30,FNF,Financials,0.08805558294590266,0.056533099670926415
2023-06-30,GL,Financials,0.02536667935314929,0.024980537888884075
2023-06-30,HIG,Financials,-0.0019439926814392994,0.03965081800184656
2023-06-30,IBKR,Financials,0.051282106259561644,0.03438993259629564
2023-06-30,LPLA,Financials,0.05486823541391206,0.017200589098101786
2023-06-30,MET,Financials,0.11392164976642039,-0.02153811362255191
2023-06-30,MSCI,Financials,0.16789183492432525,0.004378625260940542
2023-06-30,NDAQ,Financials,0.012838569441749215,0.05652591856060802
2023-06-30,PGR,Financials,-0.04754882797347404,-0.021326551476343495
2023-06-30,PRU,Financials,0.0937429875732001,0.05605012954559961
2023-06-30,RJF,Financials,0.06071114961146451,0.0916484289249207
2023-06-30,SEIC,Financials,0.05652474595896284,0.03260818028206355
2023-06-30,SF,Financials,0.06485692343583405,-0.005869078073204146
2023-06-30,SYF,Financials,0.025661434750431145,0.04959389257560033
2023-06-30,TRV,Financials,-0.006046335169873296,-0.011951615622141927
2023-06-30,UNM,Financials,0.026733440470104508,0.010235085623355494
2023-06-30,WTW,Financials,-0.10263269374524409,0.03366110407695708
2023-06-30,ABBV,Healthcare,0.12252855362517479,-0.000765537415252759
2023-06-30,ABT,Healthcare,0.026086402032908573,0.01106181547811029
2023-06-30,AMGN,Healthcare,0.05463457205244682,0.03259700048816868
2023-06-30,BAX,Healthcare,-0.007243179403227273,0.011977578607817166
2023-06-30,BIIB,Healthcare,-0.05146569544668311,-0.009766591610807049
2023-06-30,BMY,Healthcare,-0.018882110680082054,0.02092535475978798
2023-06-30,BSX,Healthcare,-0.04141249162780092,-0.004352462000502077
2023-06-30,CI,Healthcare,0.051675001682877975,0.015373202863673505
2023-06-30,CVS,Healthcare,0.08928829612817157,0.02017563469047594
2023-06-30,DHR,Healthcare,0.06274989524455421,0.04746992222394347
2023-06-30,EW,Healthcare,-0.12996927698769867,0.03618187479259095
2023-06-30,GILD,Healthcare,-0.012066815226959626,0.014898179830621127
2023-06-30,HUM,Healthcare,0.02169391624752115,-0.010761180316295292
2023-06-30,ISRG,Healthcare,-0.05129557355000447,0.04264104099902231
2023-06-30,JNJ,Healthcare,0.012143741139488018,0.004341687739697112
2023-06-30,LLY,Healthcare,-0.030768989832569926,-5.789474689430732e-05
2023-06-30,MDT,Healthcare,-0.003859184473545385,0.039699390443780055
2023-06-30,MRK,Healthcare,-0.07574314409223337,-0.004711195727673844
2023-06-30,PFE,Healthcare,-0.005949886599687981,0.03464609920506278
2023-06-30,REGN,Healthcare,0.03252430974619269,0.042178513412819266
2023-06-30,SYK,Healthcare,-0.07106095432349768,-0.00033754727995190237
2023-06-30,TMO,Healthcare,0.051576455263218524,0.025688704226281688
2023-06-30,UNH,Healthcare,0.05353280908767588,-0.003298284188490228
2023-06-30,VRTX,Healthcare,0.001221882502078886,-0.0065174531019228776
2023-06-30,ZBH,Healthcare,-0.051167624863901584,-0.01141613091437732
2023-06-30,A,Healthcare,0.01264048356062708,0.0012452575285225847
2023-06-30,ACAD,Healthcare,0.22087677827403351,0.042008300627840396
2023-06-30,ALGN,Healthcare,0.06857255682479124,-0.00042866546843668544
2023-06-30,ALKS,Healthcare,-0.06453669647452498,-0.015983147857282436
2023-06-30,BDX,Healthcare,0.05533881313790001,0.013411449996003572
2023-06-30,DGX,Healthcare,-0.033123140189449285,0.017935754439779926
2023-06-30,DXCM,Healthcare,-0.030736885200256303,0.07179832578263727
2023-06-30,FOLD,Healthcare,0.08439485911854216,0.0545156285180197
2023-06-30,HOLX,Healthcare,-0.01914292983067778,0.0060212546415575495
2023-06-30,IDXX,Healthcare,0.10453371629329222,-0.022891429091475974
2023-06-30,INSP,Healthcare,-0.11344879074666159,-0.02760317918246261
2023-06-30,IQV,Healthcare,-0.004493525588052605,-0.014263415403552184
2023-06-30,MASI,Healthcare,-0.2567608581976788,-0.01766958031511091
2023-06-30,MTD,Healthcare,-0.041299474962901206,-0.007800671949315188
2023-06-30,NBIX,Healthcare,0.08048776343861563,0.02489394749076001
2023-06-30,NTRA,Healthcare,-0.07069458770029025,0.009371428444834089
2023-06-30,NVCR,Healthcare,-0.21349399061088103,-0.02449795786797836
2023-06-30,PODD,Healthcare,-0.040195590223664035,-0.013314961371891764
2023-06-30,RARE,Healthcare,-0.06525042416075211,0.02230266938543737
2023-06-30,RMD,Healthcare,0.0176202600835762,0.01423803901096817
2023-06-30,WAT,Healthcare,0.03627966759266643,0.011374301013023128
2023-06-30,AAPL,Technology,0.012785409161544248,0.019435674655025294
2023-06-30,ADBE,Technology,0.11693489400135704,0.007959530016390302
2023-06-30,AMAT,Technology,0.04877556465126043,0.12097147573382329
2023-06-30,AMD,Technology,0.004301622754951495,0.02151241264044279
2023-06-30,AVGO,Technology,0.035991484438543386,-0.030700752611111826
2023-06-30,CDNS,Technology,-0.002174696214965466,-0.016873637744156206
2023-06-30,CRM,Technology,0.06508564504324932,-0.013403450902516139
2023-06-30,CRWD,Technology,0.10070136199787383,0.09786790621962684
2023-06-30,FTNT,Technology,0.028178396428163444,0.02787455063422708
2023-06-30,GOOGL,Technology,0.10877197176555398,0.049928896607775344
2023-06-30,INTC,Technology,0.06967710109177228,-0.013159772675518168
2023-06-30,INTU,Technology,0.11871833346868144,0.010743528631301586
2023-06-30,KLAC,Technology,0.059647040965202125,0.011345199521918242
2023-06-30,LRCX,Technology,0.11764597671799049,0.046940168251830054
2023-06-30,META,Technology,0.11018183299144524,0.24307037760619368
2023-06-30,MSFT,Technology,-0.013566759836495912,0.08011523897849307
2023-06-30,MU,Technology,0.13332831685743463,0.06582008609653237
2023-06-30,NET,Technology,0.05201153057412333,0.09722012367857225
2023-06-30,NOW,Technology,0.037421938776133645,0.05239169997402478
2023-06-30,NVDA,Technology,0.10465225836181125,0.036229072910239114
2023-06-30,ORCL,Technology,-0.012163771053746442,-0.0020170564695685
2023-06-30,PANW,Technology,-0.0217212160474618,0.0005653032736155334
2023-06-30,QCOM,Technology,0.11029897610605155,-0.03956490150560361
2023-06-30,SNPS,Technology,0.03764264484740343,-0.03672262710210371
2023-06-30,TXN,Technology,0.006914220178307673,0.012113660193628242
2023-06-30,ACN,Technology,0.028900741948789666,0.03106353182442716
2023-06-30,ADI,Technology,0.02422876172725097,0.013045906661123733
2023-06-30,ANET,Technology,-0.04300877036717887,-0.032879433930607216
2023-06-30,CGNX,Technology,-0.024991083606656916,0.07614606464554018
2023-06-30,COHU,Technology,0.05028874118206961,0.011122684710802895
2023-06-30,CSCO,Technology,0.013425383308584005,-0.0008056919590668613
2023-06-30,DELL,Technology,-0.015189031301679257,0.028362253580632577
2023-06-30,ENTG,Technology,-0.010016387959027928,0.04628773568940762
2023-06-30,FORM,Technology,0.08591462658774773,0.09459906710374226
2023-06-30,HPQ,Technology,0.06903280885374552,0.018989996003094787
2023-06-30,IBM,Technology,0.07749777424930371,0.04907010236409134
2023-06-30,IPGP,Technology,-0.032175012077159004,0.0530389180954622
2023-06-30,KEYS,Technology,-0.0380411778637203,0.07245956926829103
2023-06-30,MCHP,Technology,0.04855471346021201,0.014013185456035566
2023-06-30,MKSI,Technology,0.009898275597179262,0.05202665446794945
2023-06-30,MPWR,Technology,0.03565165935420089,0.11552645914474047
2023-06-30,MRVL,Technology,0.09058921570061895,0.08318790942853582
2023-06-30,NXPI,Technology,0.08940780058673092,0.043934611272397624
2023-06-30,ONTO,Technology,0.06739931649219999,0.033735122089272485
2023-06-30,QRVO,Technology,0.07831028089153325,-0.037436639457558096
2023-06-30,STX,Technology,0.026345443652766365,0.060727846696340564
2023-06-30,SWKS,Technology,0.03324588306465692,-0.012019359630328878
2023-06-30,TER,Technology,0.014461655129614615,0.010729888051926558
2023-06-30,VRSN,Technology,-0.06646897760003245,0.020036027011401485
2023-06-30,WDC,Technology,0.12206690497108519,0.08684442935765883
2023-07-31,AMZN,Consumer,0.0323907994336623,-0.008672505193407771
2023-07-31,AZO,Consumer,0.019990211630452226,-0.03399966359709271
2023-07-31,BKNG,Consumer,0.04518298499370332,-0.022697542728649538
2023-07-31,CMG,Consumer,-0.018162618406164288,-0.0235888595178707
2023-07-31,COST,Consumer,-0.01846389076604904,0.011000112953090708
2023-07-31,DG,Consumer,-0.17979395036333268,0.04088400645831059
2023-07-31,DLTR,Consumer,-0.2071535076873824,0.06946042150292125
2023-07-31,DRI,Consumer,-0.07938681664278047,-0.010323099554570532
2023-07-31,EBAY,Consumer,0.011718056651592423,0.05464050947025584
2023-07-31,HD,Consumer,-0.004285649252463775,-0.07642229692236088
2023-07-31,HLT,Consumer,-0.04303227371095031,0.010497012927308383
2023-07-31,KR,Consumer,-0.04057755671878416,0.041898942725665904
2023-07-31,LOW,Consumer,-0.01617801549493303,0.01565713185616056
2023-07-31,LULU,Consumer,0.007212139051414601,-0.028402527307846395
2023-07-31,MAR,Consumer,0.01097571874678982,-0.016110996864349768
2023-07-31,MCD,Consumer,-0.03594304403288351,-0.04548563097681066
2023-07-31,MGM,Consumer,-0.13374041469974085,-0.02847409500557723
2023-07-31,NKE,Consumer,-0.07863023521208379,0.0037149017174133874
2023-07-31,ORLY,Consumer,0.015025013670200593,-0.026766644843230297
2023-07-31,ROST,Consumer,0.06254355425743707,-0.04301174992209387
2023-07-31,SBUX,Consumer,-0.03554597952580296,0.014559547530819256
2023-07-31,TGT,Consumer,-0.06474085856753209,0.05475387178968836
2023-07-31,TJX,Consumer,0.0728887830618743,-0.04678339956141795
2023-07-31,WMT,Consumer,0.020818536325579062,-0.02220314157139658
2023-07-31,YUM,Consumer,-0.05581352303203513,-0.03128026771865789
2023-07-31,BBY,Consumer,-0.07947032821079603,0.02203949153207211
2023-07-31,CCL,Consumer,-0.1602972985425244,-0.053901378117246004
2023-07-31,CHDN,Consumer,0.08139843833570781,-0.0367549852615108
2023-07-31,CMCSA,Consumer,0.033142019797147926,0.031031028150001277
2023-07-31,CZR,Consumer,-0.0637072535931481,-0.011553589012756247
2023-07-31,DIS,Consumer,-0.05861172099129508,0.026528523710873143
2023-07-31,DKNG,Consumer,-0.06702331724650645,0.23081920733974257
2023-07-31,F,Consumer,-0.08175614481097804,-0.0035107206494726603
2023-07-31,FOX,Consumer,-0.019961204456235948,0.06876788893982
2023-07-31,GM,Consumer,-0.12430112076424504,-0.019250622570837653
2023-07-31,GRMN,Consumer,0.0012278686966560315,0.024413609341073526
2023-07-31,H,Consumer,-0.1091365999222823,0.004853780490953425
2023-07-31,IHG,Consumer,0.013921335213728847,-0.005186642942442623
2023-07-31,LVS,Consumer,-0.07958496905084134,0.04667887823426869
2023-07-31,NCLH,Consumer,-0.24920707186461089,-0.15679867812222406
2023-07-31,NFLX,Consumer,-0.012050922303035394,-0.013345372535115316
2023-07-31,PENN,Consumer,-0.09889693004666733,0.04014904218064604
2023-07-31,POOL,Consumer,-0.04703392916018967,0.0012593268038606888
2023-07-31,RCL,Consumer,-0.09320862597535218,0.07244578920299345
2023-07-31,SIRI,Consumer,-0.13294673892662046,-0.047407412955977835
2023-07-31,TSLA,Consumer,-0.034962443852926794,0.030227313208883205
2023-07-31,WBD,Consumer,0.005355826329992652,0.15524515346440568
2023-07-31,WYNN,Consumer,-0.06727765999991209,0.03720990910929051
2023-07-31,APA,Energy,0.08273673327632936,-0.026771858167751236
2023-07-31,BA,Energy,-0.06204733910618321,0.014474077838507432
2023-07-31,CAT,Energy,0.060187728280756136,-0.027963519162168923
2023-07-31,COP,Energy,0.015528715435072282,0.03577499188578904
2023-07-31,CVX,Energy,-0.006181933189918776,0.015948235900159053
2023-07-31,DE,Energy,-0.043435747363204325,-0.02175068750393935
2023-07-31,DVN,Energy,-0.05388894565582325,0.022318102374106582
2023-07-31,EOG,Energy,-0.029502905366738386,0.016039717955202728
2023-07-31,FDX,Energy,-0.03308018248699318,0.006198645956193969
2023-07-31,GD,Energy,0.013686319629658605,0.016914894489510588
2023-07-31,GE,Energy,0.001925819341835222,0.016825173187247685
2023-07-31,HAL,Energy,-0.011770768021654776,-0.019360029194631298
2023-07-31,HON,Energy,-0.02658803840377466,0.008649742901233852
2023-07-31,LMT,Energy,0.011140843288165225,0.01431759693767106
2023-07-31,MMM,Energy,-0.029010914437595403,0.007964257336107129
2023-07-31,MPC,Energy,0.07874396006112061,0.04211621481018251
2023-07-31,NOC,Energy,-0.022534853052537773,0.018549625602379063
2023-07-31,OXY,Energy,-0.005385698046586285,0.0336622867359609
2023-07-31,PSX,Energy,0.03297309953773908,0.02934544376005516
2023-07-31,RTX,Energy,-0.014666103952587606,0.01493200746978535
2023-07-31,SLB,Energy,0.010627265722073842,0.014523963391446461
2023-07-31,UNP,Energy,-0.043785931062744865,0.024700046249565132
2023-07-31,UPS,Energy,-0.08654329575988906,0.011167797623374536
2023-07-31,VLO,Energy,0.01572531608186556,0.016673003123776294
2023-07-31,XOM,Energy,0.04533264237404189,0.013859667306393144
2023-07-31,AME,Energy,0.005737406763834718,0.008649742901233852
2023-07-31,BE,Energy,-0.16069433041172243,-7.19766814019388e-05
2023-07-31,BKR,Energy,0.016902011174048548,-0.00800767111705622
2023-07-31,CTRA,Energy,0.03105985195031491,0.03344389923819668
2023-07-31,EMR,Energy,0.08138870848592417,-0.02175068750393935
2023-07-31,ENPH,Energy,-0.16663375318871299,0.025387776191123514
2023-07-31,ETN,Energy,0.1264668808679954,0.01957705107115419
2023-07-31,FSLR,Energy,-0.08813885881028827,0.055674902669895034
2023-07-31,FTV,Energy,0.007271858870435466,0.0055842354240796905
2023-07-31,GNRC,Energy,-0.22700065115419288,0.07373459477621383
2023-07-31,HUBB,Energy,0.0486194531345685,0.02173197233688711
2023-07-31,MTDR,Energy,0.14437944624067778,-0.015211897606488174
2023-07-31,PH,Energy,0.02059663099465281,0.024902807443833105
2023-07-31,PLUG,Energy,-0.35518291829722326,0.0899648765239339
2023-07-31,PR,Energy,0.2228324157550372,-0.007614187975381695
2023-07-31,ROK,Energy,-0.06831809080835316,0.009586470539961825
2023-07-31,ROP,Energy,0.01218938820211779,0.013048561293276428
2023-07-31,SM,Energy,0.16588585153966373,-0.012163901495648319
2023-07-31,VRSK,Energy,0.05800643958770668,0.014099490872754672
2023-07-31,WMB,Energy,0.002322378582779505,0.007088887426843259
2023-07-31,XYL,Energy,-0.07871293390216139,0.009460848914350568
2023-07-31,AXP,Financials,-0.0644837360143905,-0.010143596471524468
2023-07-31,BAC,Financials,-0.09659629369258871,0.08373742637311765
2023-07-31,BK,Financials,-0.010802574819565147,-0.0171599617812851
2023-07-31,BLK,Financials,-0.05185066210900624,0.03279515571274974
2023-07-31,C,Financials,-0.12360344513189903,0.03547536477850767
2023-07-31,CFG,Financials,-0.11651998531955554,0.07605298243673075
2023-07-31,CME,Financials,0.018697136717335416,-0.0051429268008055355
2023-07-31,COF,Financials,-0.12034728449126852,0.07875809153134214
2023-07-31,FITB,Financials,-0.08762895725607078,-0.012151719329589044
2023-07-31,GS,Financials,-0.0714514305728795,0.03091984156392505
2023-07-31,HBAN,Financials,-0.0939541743152632,0.03287668544980506
2023-07-31,ICE,Financials,0.027787487157035162,0.025378195072716065
2023-07-31,JPM,Financials,-0.073626227212506,0.004202099986497545
2023-07-31,KEY,Financials,-0.06193519710267903,0.04627872555732951
2023-07-31,MCO,Financials,-0.04299359240446565,0.019522638498575027
2023-07-31,MS,Financials,-0.07000866581277354,0.0479207826274868
2023-07-31,MTB,Financials,-0.09660238691971856,0.09538808306721437
2023-07-31,PNC,Financials,-0.1180510491524317,0.009220328009223754
2023-07-31,RF,Financials,-0.08787426078572691,0.09224303326623573
2023-07-31,SCHW,Financials,-0.10170395368145424,0.011130450031811375
2023-07-31,SPGI,Financials,-0.006942747693829299,0.02265793351111957
2023-07-31,STT,Financials,-0.051076895241124465,0.022278034569993953
2023-07-31,TFC,Financials,-0.06492242177806617,0.013909031356342031
2023-07-31,USB,Financials,-0.07938503587886081,-0.04050005147841486
2023-07-31,WFC,Financials,-0.09850647004438529,0.033639297135874394
2023-07-31,AFL,Financials,0.03667489924859413,0.024598283778869218
2023-07-31,AJG,Financials,0.07556071002482256,0.02189976847962097
2023-07-31,ALL,Financials,-0.03516136781643164,0.04674275577680557
2023-07-31,AMTD,Financials,-0.19205299860559344,0.08438431381262014
2023-07-31,AON,Financials,0.04675031200989066,0.02806311160721589
2023-07-31,CB,Financials,-0.017318258423679955,0.007114304807598171
2023-07-31,FDS,Financials,0.005436367296924871,0.01844387309176174
2023-07-31,FNF,Financials,0.05693118377749751,0.0021939776323531973
2023-07-31,GL,Financials,-0.005348863585064367,0.002087260676631347
2023-07-31,HIG,Financials,0.005085086077723178,0.02805413304725396
2023-07-31,IBKR,Financials,0.04409741866259953,0.011779417592226568
2023-07-31,LPLA,Financials,0.00670545591230387,-0.002733793356771096
2023-07-31,MET,Financials,0.01417692977977647,-0.02693126283390973
2023-07-31,MSCI,Financials,-0.0056253177295843,0.01694734052616606
2023-07-31,NDAQ,Financials,0.03941373825692018,-0.04384665971516618
2023-07-31,PGR,Financials,0.05945380937915945,0.029382747888129737
2023-07-31,PRU,Financials,-0.005465965479989454,0.024451436817564398
2023-07-31,RJF,Financials,-0.049786636936659856,-0.024138349131488348
2023-07-31,SEIC,Financials,-0.014764270309539196,-0.009796985020085358
2023-07-31,SF,Financials,0.02898689885232364,0.033320957071519094
2023-07-31,SYF,Financials,-0.0654314496582743,0.019365592575956582
2023-07-31,TRV,Financials,-0.06592915491546048,0.03142073157531071
2023-07-31,UNM,Financials,0.011931866992545226,-0.002456284868292323
2023-07-31,WTW,Financials,-0.021625024894639133,0.06297965468805171
2023-07-31,ABBV,Healthcare,-0.017515682415966127,-6.663758092919091e-05
2023-07-31,ABT,Healthcare,-0.07572087561685148,-0.003752075920480502
2023-07-31,AMGN,Healthcare,0.10363853534353495,0.04689110826340984
2023-07-31,BAX,Healthcare,-0.09612017439692633,-0.031730719077260265
2023-07-31,BIIB,Healthcare,-0.010474173967474854,0.01802976282082585
2023-07-31,BMY,Healthcare,-0.008682907086970837,-0.003176455118633351
2023-07-31,BSX,Healthcare,0.04030858657847469,-0.0007519672693049515
2023-07-31,CI,Healthcare,-0.06384272261041002,-0.023771086300871765
2023-07-31,CVS,Healthcare,-0.12746019099488848,0.006769469899247518
2023-07-31,DHR,Healthcare,0.03897118216262019,-0.008292167168945612
2023-07-31,EW,Healthcare,-0.06823441568105992,-0.01673759491636995
2023-07-31,GILD,Healthcare,0.0044654295351418405,0.01899046734971719
2023-07-31,HUM,Healthcare,0.01050713752929111,0.02461059177344054
2023-07-31,ISRG,Healthcare,-0.03612824118746116,0.06985711530817741
2023-07-31,JNJ,Healthcare,-0.027912229926964405,-0.004757645023020427
2023-07-31,LLY,Healthcare,0.22184146584184838,0.010258194879747698
2023-07-31,MDT,Healthcare,-0.07133081745266467,0.003983471785950551
2023-07-31,MRK,Healthcare,0.021847139588100584,-0.00527928153380208
2023-07-31,PFE,Healthcare,-0.01885742184713879,0.01073698002993135
2023-07-31,REGN,Healthcare,0.11400314695699465,0.05143226601567657
2023-07-31,SYK,Healthcare,0.0004939664109475661,-0.010265659561027611
2023-07-31,TMO,Healthcare,0.015383113571629359,0.004313929797115772
2023-07-31,UNH,Healthcare,-0.0588304992372517,0.011224202959998505
2023-07-31,VRTX,Healthcare,-0.011352670833781886,0.0007498108290276519
2023-07-31,ZBH,Healthcare,-0.13774885674573822,-0.015382936730525541
2023-07-31,A,Healthcare,-0.005748650519757259,0.0006355501546084349
2023-07-31,ACAD,Healthcare,-0.07592336972407565,0.01313444678886843
2023-07-31,ALGN,Healthcare,-0.020508612822728534,0.09223999851490482
2023-07-31,ALKS,Healthcare,-0.0030737756310551534,0.015710256382934794
2023-07-31,BDX,Healthcare,0.00297899118807754,-0.019457326569091205
2023-07-31,DGX,Healthcare,-0.027438943711851405,0.0178935956862871
2023-07-31,DXCM,Healthcare,-0.1893063155413759,0.07988636835257507
2023-07-31,FOLD,Healthcare,-0.05873716574572674,-0.02362976768872418
2023-07-31,HOLX,Healthcare,-0.05892722756326818,-0.006382987034730067
2023-07-31,IDXX,Healthcare,-0.078092005717872,0.05192653873770447
2023-07-31,INSP,Healthcare,-0.21170214097019624,-0.01854288238891126
2023-07-31,IQV,Healthcare,-0.005050007381855348,0.020119920618877803
2023-07-31,MASI,Healthcare,-0.065576484647076,-0.0308764936348808
2023-07-31,MTD,Healthcare,-0.03498293498792471,0.0029695716859975186
2023-07-31,NBIX,Healthcare,0.06870154128895956,0.03141216577326112
2023-07-31,NTRA,Healthcare,0.298761564724326,0.016558059538922483
2023-07-31,NVCR,Healthcare,-0.32414216058660317,0.039019160529230344
2023-07-31,PODD,Healthcare,-0.3072809152163787,-0.012705310015710266
2023-07-31,RARE,Healthcare,-0.1467995865759809,-0.008165158834737753
2023-07-31,RMD,Healthcare,-0.2803738548212611,-0.018572229296466167
2023-07-31,WAT,Healthcare,0.016617778067007816,-0.04638930820815267
2023-07-31,AAPL,Technology,-0.04238373377667792,0.09182444429200987
2023-07-31,ADBE,Technology,0.02411345251003838,0.06684230855153117
2023-07-31,AMAT,Technology,0.00990395555490986,0.029881136433545143
2023-07-31,AMD,Technology,-0.07587412752972944,0.036515248829903195
2023-07-31,AVGO,Technology,0.026973861064245597,0.020837008084312002
2023-07-31,CDNS,Technology,0.027477492780260127,0.06779835222184953
2023-07-31,CRM,Technology,-0.01577697535252287,0.15884283442839797
2023-07-31,CRWD,Technology,0.008474545875001738,0.26049931767714224
2023-07-31,FTNT,Technology,-0.22529595807013625,0.09967184129130968
2023-07-31,GOOGL,Technology,0.025994480585080693,0.06913877805891504
2023-07-31,INTC,Technology,-0.014078226199866983,0.0433977698991503
2023-07-31,INTU,Technology,0.058842784014246696,0.022606168461648597
2023-07-31,KLAC,Technology,-0.02084667886684899,0.015498283341501252
2023-07-31,LRCX,Technology,-0.0223941728017939,0.06611725057403024
2023-07-31,META,Technology,-0.0712805094435578,0.03712009662359605
2023-07-31,MSFT,Technology,-0.022225655687465595,0.058130495152720146
2023-07-31,MU,Technology,-0.020310982784993437,0.08226954600463193
2023-07-31,NET,Technology,-0.05438415073918157,0.1264865052487389
2023-07-31,NOW,Technology,0.010000003271610103,0.11660332339226821
2023-07-31,NVDA,Technology,0.056196410520484186,-0.03620048709934522
2023-07-31,ORCL,Technology,0.02695547995548564,-0.025264972664278247
2023-07-31,PANW,Technology,-0.026644277017215723,0.15222143249027958
2023-07-31,QCOM,Technology,-0.12732863399736882,0.046652473300629736
2023-07-31,SNPS,Technology,0.015692844282938934,0.07345101490756392
2023-07-31,TXN,Technology,-0.0663331689554888,-0.007995181908691097
2023-07-31,ACN,Technology,0.02345489429078529,0.0005155845125293603
2023-07-31,ADI,Technology,-0.08895916508801394,0.0533035143201479
2023-07-31,ANET,Technology,0.2588174630051343,-0.03615878854896709
2023-07-31,CGNX,Technology,-0.13676606410337366,0.04625606121238416
2023-07-31,COHU,Technology,-0.1434135605360537,0.061573657873056124
2023-07-31,CSCO,Technology,0.10203677851167003,0.024219195177827835
2023-07-31,DELL,Technology,0.06273631078535802,0.045550695753911956
2023-07-31,ENTG,Technology,-0.07608783034300892,0.07601721085900995
2023-07-31,FORM,Technology,-0.04951561249040293,0.15829208246878193
2023-07-31,HPQ,Technology,-0.09503497069896227,0.024910855014708546
2023-07-31,IBM,Technology,0.030099384596689482,0.02157389045341749
2023-07-31,IPGP,Technology,-0.17565611923887836,-0.04068612996841704
2023-07-31,KEYS,Technology,-0.1724608794605884,0.012039926728017465
2023-07-31,MCHP,Technology,-0.12428436533379938,0.027345735329078545
2023-07-31,MKSI,Technology,-0.07972725686494953,0.04506757748853007
2023-07-31,MPWR,Technology,-0.06841929836952243,0.0444379515225527
2023-07-31,MRVL,Technology,-0.10563500316134267,0.1143960691015417
2023-07-31,NXPI,Technology,-0.07740596401901367,0.013571866424418337
2023-07-31,ONTO,Technology,0.11792146129907999,0.06125989914794126
2023-07-31,QRVO,Technology,-0.0239047203568854,0.04543456910859464
2023-07-31,STX,Technology,0.11480321026419582,0.05102309066620501
2023-07-31,SWKS,Technology,-0.04305168964060646,0.05544674747816531
2023-07-31,TER,Technology,-0.04391169587635446,0.01884223754511751
2023-07-31,VRSN,Technology,-0.014979875063468318,0.02629632633751095
2023-07-31,WDC,Technology,0.05733089254683987,0.058863281482792455
2023-08-31,AMZN,Consumer,-0.07890726899285905,0.024262233376797445
2023-08-31,AZO,Consumer,0.0034210916167003447,0.05808785397919254
2023-08-31,BKNG,Consumer,-0.00678897666875522,-0.030269401072696368
2023-08-31,CMG,Consumer,-0.049209980416075716,0.019692096707414158
2023-08-31,COST,Consumer,0.028546585677910352,-0.036036865723610936
2023-08-31,DG,Consumer,-0.23610109573859428,-0.027074609694333375
2023-08-31,DLTR,Consumer,-0.13002618161774837,0.018656700981877068
2023-08-31,DRI,Consumer,-0.07903007100527715,0.02276916319037991
2023-08-31,EBAY,Consumer,-0.015408486857875547,0.0030598809318239943
2023-08-31,HD,Consumer,-0.08519534246098559,-0.00755623115990196
2023-08-31,HLT,Consumer,0.010292492756512894,-0.004291448427774434
2023-08-31,KR,Consumer,-0.03535252451018722,-0.016902432135618883
2023-08-31,LOW,Consumer,-0.09822979691877243,0.009077246949623183
2023-08-31,LULU,Consumer,0.01140947247158608,0.008958961744970698
2023-08-31,MAR,Consumer,-0.034150780019806315,-0.018835469683356545
2023-08-31,MCD,Consumer,-0.06299120480984799,-0.02827207850994267
2023-08-31,MGM,Consumer,-0.16416555925084475,-0.005515825137587077
2023-08-31,NKE,Consumer,-0.05672291784384209,0.010881810989896008
2023-08-31,ORLY,Consumer,-0.03281898045894249,0.050523694603406534
2023-08-31,ROST,Consumer,-0.07017899928873983,0.03479706078824563
2023-08-31,SBUX,Consumer,-0.06332115795310722,-0.013521335221797407
2023-08-31,TGT,Consumer,-0.12627414775724788,0.058772150934002246
2023-08-31,TJX,Consumer,-0.0389273040850564,0.0259253258072382
2023-08-31,WMT,Consumer,-0.01648112641351851,0.02430247743363875
2023-08-31,YUM,Consumer,-0.03431756512161088,0.01892671210446172
2023-08-31,BBY,Consumer,-0.07960429671109381,0.01835056044648908
2023-08-31,CCL,Consumer,-0.1327433312112588,0.12964272351358203
2023-08-31,CHDN,Consumer,-0.07375476623275079,0.0327905391221422
2023-08-31,CMCSA,Consumer,-0.05175379179961681,-0.0112555113585068
2023-08-31,CZR,Consumer,-0.16123778715244985,-0.004321434198922262
2023-08-31,DIS,Consumer,-0.031429236670677874,0.039732980866714035
2023-08-31,DKNG,Consumer,-0.0070825999047032795,-0.016726349446816405
2023-08-31,F,Consumer,0.023907502680532655,0.031771868890991976
2023-08-31,FOX,Consumer,-0.05373531344582683,-0.003323870521527362
2023-08-31,GM,Consumer,-0.016114550407267836,0.004515961020550453
2023-08-31,GRMN,Consumer,-0.0008847148547458383,-0.029425222200506272
2023-08-31,H,Consumer,-0.05631180691723092,0.020736789050598725
2023-08-31,IHG,Consumer,-0.016058877230317403,0.015408152039018446
2023-08-31,LVS,Consumer,-0.16441845475800676,-0.0163771212768253
2023-08-31,NCLH,Consumer,-0.005431512024469343,0.0729257881151905
2023-08-31,NFLX,Consumer,-0.1293119743829111,-0.025251427622681313
2023-08-31,PENN,Consumer,-0.031236798414348455,-0.018550413540369567
2023-08-31,POOL,Consumer,-0.02598485186218913,-0.007567067578327364
2023-08-31,RCL,Consumer,-0.06872848330120374,-0.08789785359863445
2023-08-31,SIRI,Consumer,0.027273024175656246,0.073562685530216
2023-08-31,TSLA,Consumer,-0.030455617484936637,0.05413859381494524
2023-08-31,WBD,Consumer,-0.17351602945764888,0.03975805870646909
2023-08-31,WYNN,Consumer,-0.08847896008336531,0.004569457809458709
2023-08-31,APA,Energy,-0.0625001331861279,0.0030409296280229123
2023-08-31,BA,Energy,-0.1444003315617799,0.0348308460253231
2023-08-31,CAT,Energy,-0.0289191027081116,0.009486987905669373
2023-08-31,COP,Energy,0.011520925843282459,0.03107760925790503
2023-08-31,CVX,Energy,0.0466787999254874,0.013507220707256058
2023-08-31,DE,Energy,-0.07842960023385115,0.013507220707256058
2023-08-31,DVN,Energy,-0.05723296934040978,0.021257876215357484
2023-08-31,EOG,Energy,-0.014461056370414282,0.006557164988418578
2023-08-31,FDX,Energy,0.01995846444242244,0.025626868846773128
2023-08-31,GD,Energy,-0.025017720713586322,0.0138308027684222
2023-08-31,GE,Energy,-0.0334654510155471,0.028717828832860188
2023-08-31,HAL,Energy,0.05291122293571515,-0.0038732944611235215
2023-08-31,HON,Energy,-0.017026581318827283,0.012885115197823968
2023-08-31,LMT,Energy,-0.08785557143359479,0.0138308027684222
2023-08-31,MMM,Energy,-0.12234002324124249,0.030406947185795234
2023-08-31,MPC,Energy,0.060026657786745874,0.009810569966835516
2023-08-31,NOC,Energy,0.016393827770685432,0.03515317959740746
2023-08-31,OXY,Energy,0.03612983268375247,0.02710956137444982
2023-08-31,PSX,Energy,0.05247031439768923,0.00551674725048386
2023-08-31,RTX,Energy,-0.16352872538413543,0.02208881719179178
2023-08-31,SLB,Energy,-0.007064818331258493,0.014934622118650742
2023-08-31,UNP,Energy,-0.07680086509468664,0.0053046784552469445
2023-08-31,UPS,Energy,-0.0798700508219542,0.014485730865635557
2023-08-31,VLO,Energy,0.09091601225416102,0.015424775726268556
2023-08-31,XOM,Energy,0.05746924585107904,0.012885115197823968
2023-08-31,AME,Energy,-0.07213342210585838,0.014505400179197776
2023-08-31,BE,Energy,-0.11541024473993577,-0.03862819820096398
2023-08-31,BKR,Energy,-0.024039699000108605,0.03454547006739529
2023-08-31,CTRA,Energy,-0.040439788017453404,0.019948776723773844
2023-08-31,EMR,Energy,-0.017099168236417772,0.013507220707256058
2023-08-31,ENPH,Energy,-0.050422803406063754,0.1385245661864318
2023-08-31,ETN,Energy,-0.07418493612305321,0.019074502362699076
2023-08-31,FSLR,Energy,-0.14556894823436317,0.04214608911403115
2023-08-31,FTV,Energy,-0.05948004247698291,0.014203546155884044
2023-08-31,GNRC,Energy,-0.0829054681973489,0.10875023198674266
2023-08-31,HUBB,Energy,-0.0387670044545928,0.012544006406454634
2023-08-31,MTDR,Energy,-0.0633069878186242,0.0267201874748737
2023-08-31,PH,Energy,-0.0656753531515889,0.02711318385711212
2023-08-31,PLUG,Energy,-0.10165486165917015,-0.029412697809011637
2023-08-31,PR,Energy,-0.015514782672995109,0.020412345023323897
2023-08-31,ROK,Energy,-0.08398456044033453,0.014203546155884044
2023-08-31,ROP,Energy,-0.029615626302395226,0.013581440646451955
2023-08-31,SM,Energy,-0.06286925811462074,0.03845877090205678
2023-08-31,VRSK,Energy,-0.023335952237045987,0.01343388205434939
2023-08-31,WMB,Energy,-0.01137258490777826,0.014203546155884044
2023-08-31,XYL,Energy,-0.12082284315096015,0.0138308027684222
2023-08-31,AXP,Financials,-0.05569973829693853,0.017386943169669416
2023-08-31,BAC,Financials,-0.0449948564267707,-0.020698869860697404
2023-08-31,BK,Financials,-0.049476263303159906,-0.0222434282828089
2023-08-31,BLK,Financials,-0.07045965716112434,0.010721965866770867
2023-08-31,C,Financials,-0.0038748965706807414,0.010071155084251555
2023-08-31,CFG,Financials,-0.047280508001380506,-0.08095592660173064
2023-08-31,CME,Financials,-0.006772720381697961,-0.0020984706670312183
2023-08-31,COF,Financials,-0.052153453035614694,0.02070817554080918
2023-08-31,FITB,Financials,-0.03232731440781045,-0.07223405833983713
2023-08-31,GS,Financials,-0.012633336430682207,-0.0030197594054236117
2023-08-31,HBAN,Financials,-0.048639971149054384,-0.04181796251088471
2023-08-31,ICE,Financials,-0.06418214614329498,0.05108175067510012
2023-08-31,JPM,Financials,-0.008952363547731212,0.003048779583021404
2023-08-31,KEY,Financials,-0.05030883477062953,-0.06442916865074577
2023-08-31,MCO,Financials,-0.06125294878131826,0.0023746160476292313
2023-08-31,MS,Financials,-0.040868930859977115,0.004008694934710389
2023-08-31,MTB,Financials,0.011195485161578311,-0.052734020523670225
2023-08-31,PNC,Financials,0.016897132958649363,-0.04650318540774957
2023-08-31,RF,Financials,-0.062159235564355986,-0.016942682051093005
2023-08-31,SCHW,Financials,-0.07185117602424629,-0.03906410497108052
2023-08-31,SPGI,Financials,-0.06511284928264927,-0.0048785344958576045
2023-08-31,STT,Financials,-0.015843110060325682,-0.005196826843393808
2023-08-31,TFC,Financials,-0.0635026135632194,-0.05354970541769532
2023-08-31,USB,Financials,-0.08143224520245318,-0.09093621733662496
2023-08-31,WFC,Financials,-0.01041405833039688,0.0028377392814338807
2023-08-31,AFL,Financials,0.029234594541851067,0.04605228249929521
2023-08-31,AJG,Financials,-0.011063834053123611,0.02144487691198975
2023-08-31,ALL,Financials,0.033392167766669756,0.005853369875364557
2023-08-31,AMTD,Financials,0.00819671330225158,0.05398864346081436
2023-08-31,AON,Financials,-0.027505167096348426,0.01026558362939669
2023-08-31,CB,Financials,0.04065611346340958,-0.027701687565582046
2023-08-31,FDS,Financials,0.0019476869931276397,0.007339521238046365
2023-08-31,FNF,Financials,0.00823002036796483,-0.04909777804430826
2023-08-31,GL,Financials,-0.02545490329704425,0.04094331403577941
2023-08-31,HIG,Financials,-0.012670285044470542,0.0012712666802639342
2023-08-31,IBKR,Financials,-0.04962668557550021,0.02480212574493844
2023-08-31,LPLA,Financials,0.03061708381482453,0.0170417937894089
2023-08-31,MET,Financials,-0.006788602777078934,0.026577755761582944
2023-08-31,MSCI,Financials,-0.05617880011500942,-0.013665790001122075
2023-08-31,NDAQ,Financials,-0.0701200722358194,0.07714747356605238
2023-08-31,PGR,Financials,0.04368031273400974,-0.028362275711736374
2023-08-31,PRU,Financials,0.002323998030075103,0.027961137782967962
2023-08-31,RJF,Financials,-0.03575813140294981,0.044281493337322966
2023-08-31,SEIC,Financials,-0.02948759019806635,0.019553103144417716
2023-08-31,SF,Financials,-0.055059960980687106,-0.005896189340092343
2023-08-31,SYF,Financials,-0.0529739259098978,0.021674563041789
2023-08-31,TRV,Financials,0.019246944895442875,0.012690915438322046
2023-08-31,UNM,Financials,0.0,0.026534191541804107
2023-08-31,WTW,Financials,0.014668322433310843,-0.03919260138977345
2023-08-31,ABBV,Healthcare,0.014289415931858951,0.02487996626077759
2023-08-31,ABT,Healthcare,-0.05879505564270937,-0.024472301055458175
2023-08-31,AMGN,Healthcare,0.04845150746227134,-0.02686632202266322
2023-08-31,BAX,Healthcare,-0.07044324668134239,0.051667260546957035
2023-08-31,BIIB,Healthcare,-0.03871175999777188,0.0602573691054689
2023-08-31,BMY,Healthcare,-0.05855642531035554,0.018121456501644713
2023-08-31,BSX,Healthcare,-0.021134583216024683,-0.00862046240737769
2023-08-31,CI,Healthcare,0.04013414988233044,0.0004961837221316541
2023-08-31,CVS,Healthcare,0.07135200762119265,-0.014796597269214989
2023-08-31,DHR,Healthcare,-0.06377349026541068,0.01747065914775882
2023-08-31,EW,Healthcare,-0.09402383060848785,0.024337459008765456
2023-08-31,GILD,Healthcare,-0.01053690503626914,0.004814632810676162
2023-08-31,HUM,Healthcare,0.055810771559954286,-0.005766914729899073
2023-08-31,ISRG,Healthcare,-0.0652103895627304,0.04066783234651812
2023-08-31,JNJ,Healthcare,-0.03667733590341371,-0.003899765285368617
2023-08-31,LLY,Healthcare,-0.03080117436642793,0.00645956034860251
2023-08-31,MDT,Healthcare,-0.030316033610375492,-0.02128342130307178
2023-08-31,MRK,Healthcare,-0.04889122202058893,0.027196442034141562
2023-08-31,PFE,Healthcare,-0.06246468343748912,-0.004994716512174365
2023-08-31,REGN,Healthcare,-0.004271116574167233,0.0053697356990957
2023-08-31,SYK,Healthcare,-0.033535221305293184,-0.0048615594070907575
2023-08-31,TMO,Healthcare,-0.09079708453727997,0.0169458350899223
2023-08-31,UNH,Healthcare,0.06205205438622152,0.007320837834700179
2023-08-31,VRTX,Healthcare,-0.001722472612457726,0.0302612661694499
2023-08-31,ZBH,Healthcare,-0.05587892600489164,0.001662665737960313
2023-08-31,A,Healthcare,-0.07640209816669097,0.014437837420106549
2023-08-31,ACAD,Healthcare,-0.22871947448098873,0.017909062596935917
2023-08-31,ALGN,Healthcare,-0.17512293931739698,0.03556551948761929
2023-08-31,ALKS,Healthcare,-0.04042481272992815,0.01901756769106699
2023-08-31,BDX,Healthcare,-0.07169318135089897,-0.012651880948440233
2023-08-31,DGX,Healthcare,-0.07330781601671132,0.0378785639771328
2023-08-31,DXCM,Healthcare,-0.07605466478377221,0.0261511035954679
2023-08-31,FOLD,Healthcare,-0.05148204860555261,-0.02086788689418607
2023-08-31,HOLX,Healthcare,-0.07144763835321444,0.01149750262972624
2023-08-31,IDXX,Healthcare,-0.1449717723891496,0.038881347973089675
2023-08-31,INSP,Healthcare,-0.12535261737188352,-0.04128512659530184
2023-08-31,IQV,Healthcare,-0.11624670671159154,-0.005710893669308075
2023-08-31,MASI,Healthcare,-0.23276162721608273,-0.0036162734762540064
2023-08-31,MTD,Healthcare,-0.08686590292076268,0.011810764483138609
2023-08-31,NBIX,Healthcare,0.03315272872243891,0.016189080601267232
2023-08-31,NTRA,Healthcare,-0.24655201183549946,0.07678970198531881
2023-08-31,NVCR,Healthcare,-0.2679057112642428,-0.006097299831889771
2023-08-31,PODD,Healthcare,-0.16806635069807507,-0.01413625718269287
2023-08-31,RARE,Healthcare,-0.030986663802101133,-0.015148262158722559
2023-08-31,RMD,Healthcare,-0.07343812872092648,0.009581032054742299
2023-08-31,WAT,Healthcare,-0.0234686489471978,-0.06141471394753059
2023-08-31,AAPL,Technology,-0.08867824604291419,-0.03632378775492669
2023-08-31,ADBE,Technology,-0.08838994276331213,-0.0092109927912158
2023-08-31,AMAT,Technology,-0.09367620405950039,-0.005592363965671855
2023-08-31,AMD,Technology,-0.027430963794871754,0.05099017849844346
2023-08-31,AVGO,Technology,-0.09512117879838022,0.06080897114788526
2023-08-31,CDNS,Technology,-0.02553651358885145,-0.011281411426778208
2023-08-31,CRM,Technology,-0.08434924293894641,0.05544563117942048
2023-08-31,CRWD,Technology,0.026682243366783487,0.0342785431837311
2023-08-31,FTNT,Technology,-0.025411041397797374,0.02035830145921009
2023-08-31,GOOGL,Technology,-0.03899531391440669,0.020212558407654378
2023-08-31,INTC,Technology,0.011667502556232723,0.09158007038162741
2023-08-31,INTU,Technology,-0.05697550542925989,0.06804577096768823
2023-08-31,KLAC,Technology,-0.08609801631155456,0.011909223671619099
2023-08-31,LRCX,Technology,-0.1049763191441464,0.09662716818317812
2023-08-31,META,Technology,0.014599962786752574,0.0004347424716495021
2023-08-31,MSFT,Technology,-0.03664271088639548,-0.009652320533792174
2023-08-31,MU,Technology,-0.027309254310234565,-0.02187021593022446
2023-08-31,NET,Technology,-0.03060122868098647,0.004104067386226682
2023-08-31,NOW,Technology,-0.05072770648799141,0.011487304210959393
2023-08-31,NVDA,Technology,-0.11857809228518656,0.028531237115557672
2023-08-31,ORCL,Technology,-0.1201926782071917,0.03594967747312099
2023-08-31,PANW,Technology,-0.03641594944191906,0.1685722740212575
2023-08-31,QCOM,Technology,-0.030297733529261572,-0.019376205504718642
2023-08-31,SNPS,Technology,0.00017430445142041506,0.0745725790049895
2023-08-31,TXN,Technology,-0.05384997136707881,0.021277469165503424
2023-08-31,ACN,Technology,-0.051456170574515014,0.03726983155245126
2023-08-31,ADI,Technology,-0.03222421746270088,-0.0016753546356457314
2023-08-31,ANET,Technology,-0.05788046559980453,0.044756403270745336
2023-08-31,CGNX,Technology,-0.09855568801776804,0.010408097143961053
2023-08-31,COHU,Technology,-0.07889812278938346,-0.05085363635968968
2023-08-31,CSCO,Technology,-0.06259807387341776,0.005257193105043828
2023-08-31,DELL,Technology,0.22510663330230374,0.009490269128297348
2023-08-31,ENTG,Technology,-0.07267704473344105,0.04669709098617769
2023-08-31,FORM,Technology,-0.010758807230989875,0.07605205327160795
2023-08-31,HPQ,Technology,-0.12720591325386021,0.08112213664976592
2023-08-31,IBM,Technology,-0.044473310912760855,0.005063031256923898
2023-08-31,IPGP,Technology,-0.0629383504652058,0.05566034125059209
2023-08-31,KEYS,Technology,-0.007426897753180617,-0.010576508298031662
2023-08-31,MCHP,Technology,-0.04630973883516165,-0.0148750936414919
2023-08-31,MKSI,Technology,-0.13658585233783616,0.010202908081955328
2023-08-31,MPWR,Technology,-0.1115874529250308,-0.018377953957579077
2023-08-31,MRVL,Technology,-0.07072964410333427,0.05804915533961581
2023-08-31,NXPI,Technology,-0.023327036408785973,-0.00264225696224116
2023-08-31,ONTO,Technology,-0.08245790356001459,0.03604280705586428
2023-08-31,QRVO,Technology,-0.11099728314268253,-0.0021010683094860143
2023-08-31,STX,Technology,-0.05836909202274776,0.02711398425785651
2023-08-31,SWKS,Technology,-0.09334201343504345,0.04117164337298727
2023-08-31,TER,Technology,-0.06869373826470271,0.027996894265253525
2023-08-31,VRSN,Technology,-0.025313996501538205,0.03586545756759924
2023-08-31,WDC,Technology,0.01400000450544825,0.01616475663790649
2023-09-30,AMZN,Consumer,0.046963447626806376,0.03424476182573948
2023-09-30,AZO,Consumer,-0.024748171317035217,0.004693290962154356
2023-09-30,BKNG,Consumer,-0.09545877066324371,-0.11570809961615888
2023-09-30,CMG,Consumer,0.060251258191192925,-0.004932404687440708
2023-09-30,COST,Consumer,-0.02216107801367495,-0.003059876623639009
2023-09-30,DG,Consumer,0.13141692893278822,-0.11578635226904455
2023-09-30,DLTR,Consumer,0.043588534736215045,0.04387201584566454
2023-09-30,DRI,Consumer,0.02565063398631806,0.0011040200660526532
2023-09-30,EBAY,Consumer,-0.11022910629163574,0.002900506837918336
2023-09-30,HD,Consumer,-0.05781696501694489,-0.008268972933663923
2023-09-30,HLT,Consumer,0.008989458033072939,-0.009328734435026386
2023-09-30,KR,Consumer,0.013854646254904956,0.03551500387217932
2023-09-30,LOW,Consumer,-0.07770714207409168,-0.0004045349052215577
2023-09-30,LULU,Consumer,0.020409289006327214,0.02653202114651471
2023-09-30,MAR,Consumer,-0.04069990884590713,-0.005787481867823403
2023-09-30,MCD,Consumer,-0.0048207831474210705,-0.0138038727212063
2023-09-30,MGM,Consumer,-0.05005441340050498,-0.05220685163744521
2023-09-30,NKE,Consumer,0.07477512116991614,0.026341300797573436
2023-09-30,ORLY,Consumer,0.023743978019930223,0.0197460316117149
2023-09-30,ROST,Consumer,0.02673745987756071,-0.03775614617796839
2023-09-30,SBUX,Consumer,0.010628030084996132,0.03960816320490561
2023-09-30,TGT,Consumer,0.0019896534085694917,0.044606785546200706
2023-09-30,TJX,Consumer,-0.009113408088458952,-0.006117309404529973
2023-09-30,WMT,Consumer,0.021759614891823986,0.004322534162051895
2023-09-30,YUM,Consumer,-0.03265570575332288,-0.001313162913167611
2023-09-30,BBY,Consumer,-0.03814580966918879,0.022177196033405275
2023-09-30,CCL,Consumer,-0.164723046015832,-0.2049113655563343
2023-09-30,CHDN,Consumer,-0.05342993007223373,-0.009786489552333952
2023-09-30,CMCSA,Consumer,-0.06267682278730036,-0.0033436745721994628
2023-09-30,CZR,Consumer,-0.13937431061792827,-0.03210585654526583
2023-09-30,DIS,Consumer,0.006662512752955152,0.02867627218415845
2023-09-30,DKNG,Consumer,-0.061820640686427786,-0.06663743833880333
2023-09-30,F,Consumer,-0.2027351819248029,0.1282401139569072
2023-09-30,FOX,Consumer,-0.03358721722054858,-0.01086838861631375
2023-09-30,GM,Consumer,-0.1446768507777595,0.019784115924510723
2023-09-30,GRMN,Consumer,-0.025380271428649293,0.000983441925157562
2023-09-30,H,Consumer,-0.03431372584645298,-0.00317429889016077
2023-09-30,IHG,Consumer,-0.035050099113376976,-0.009967480887160733
2023-09-30,LVS,Consumer,0.03534021229822071,-0.04873193795532046
2023-09-30,NCLH,Consumer,-0.1747572354832594,-0.04940048950555382
2023-09-30,NFLX,Consumer,0.09028073485862631,-0.015000537777748168
2023-09-30,PENN,Consumer,-0.14030505941868665,0.10199684024077216
2023-09-30,POOL,Consumer,-0.11325469342984384,0.012442441301630643
2023-09-30,RCL,Consumer,-0.08042106721886,0.03748627486502006
2023-09-30,SIRI,Consumer,-0.05309744166541419,0.054458009733601355
2023-09-30,TSLA,Consumer,-0.1973463537763216,0.0952659608689366
2023-09-30,WBD,Consumer,-0.08471455850629661,0.02661679949292521
2023-09-30,WYNN,Consumer,-0.0501027336572335,0.08205607092601835
2023-09-30,APA,Energy,-0.027964325201037754,0.018997198732558236
2023-09-30,BA,Energy,-0.025354682477388035,0.011960377030386203
2023-09-30,CAT,Energy,-0.1676994222209549,0.004102417048200799
2023-09-30,COP,Energy,-0.00834746118522478,0.023787947602038433
2023-09-30,CVX,Energy,-0.13574879928117112,0.012400795970342639
2023-09-30,DE,Energy,-0.031851198416238846,0.013268655298146274
2023-09-30,DVN,Energy,-0.023689524202157863,0.05072814282489586
2023-09-30,EOG,Energy,0.002153955243337613,0.012400795970342639
2023-09-30,FDX,Energy,-0.09368870760733439,0.019977866633534
2023-09-30,GD,Energy,0.09866087057276007,0.012478472225485695
2023-09-30,GE,Energy,-0.01736774208036751,0.009979295659993661
2023-09-30,HAL,Energy,-0.028642005322231268,0.019973210185640456
2023-09-30,HON,Energy,-0.008011304638616656,0.02099647064236115
2023-09-30,LMT,Energy,0.11169811447251954,0.012478472225485695
2023-09-30,MMM,Energy,-0.028519718744548617,0.02250934185781681
2023-09-30,MPC,Energy,-0.0005946985114471115,0.006492311578632594
2023-09-30,NOC,Energy,0.07096918010278119,0.030152780440239228
2023-09-30,OXY,Energy,-0.047318025998198454,0.02323241810626714
2023-09-30,PSX,Energy,-0.05060349010546494,0.012400795970342639
2023-09-30,RTX,Energy,0.13088786505670957,0.018397491790817656
2023-09-30,SLB,Energy,-0.04528307957788913,0.023347528662081996
2023-09-30,UNP,Energy,0.019545295748651048,0.012664451367459627
2023-09-30,UPS,Energy,-0.09379606912776683,0.012214816828368707
2023-09-30,VLO,Energy,-0.10380343903665057,0.023787947602038433
2023-09-30,XOM,Energy,-0.09976186670273501,0.012400795970342639
2023-09-30,AME,Energy,-0.047306477009477876,0.01334633155328933
2023-09-30,BE,Energy,-0.21568631681635608,0.06632163255900694
2023-09-30,BKR,Energy,-0.025481491533753786,0.011960377030386203
2023-09-30,CTRA,Energy,0.016635750904136826,0.02464976772409598
2023-09-30,EMR,Energy,-0.07869949783357388,0.006492311578632594
2023-09-30,ENPH,Energy,-0.3376612499341992,0.06191173522742392
2023-09-30,ETN,Energy,-0.025178178330899526,0.03386803691948052
2023-09-30,FSLR,Energy,-0.11844792266487836,0.043830780414515436
2023-09-30,FTV,Energy,-0.11974104940629327,0.012214816828368707
2023-09-30,GNRC,Energy,-0.22843244859383804,0.15444323027371043
2023-09-30,HUBB,Energy,-0.13818957106946117,0.020452752120779214
2023-09-30,MTDR,Energy,0.037155159866288257,0.024403947750779986
2023-09-30,PH,Energy,-0.05291114644382555,0.019791887491560068
2023-09-30,PLUG,Energy,-0.22500000784271657,0.14285627428249062
2023-09-30,PR,Energy,0.043696153142365635,0.03784509272285235
2023-09-30,ROK,Energy,-0.08066621855475331,0.012828236358189839
2023-09-30,ROP,Energy,0.010272193138346042,0.012478472225485695
2023-09-30,SM,Energy,0.020470049783251953,0.006893761539383472
2023-09-30,VRSK,Energy,-0.0375887734905207,0.012478472225485695
2023-09-30,WMB,Energy,0.0210743830025224,0.012214816828368707
2023-09-30,XYL,Energy,0.027573399135798704,0.01334633155328933
2023-09-30,AXP,Financials,-0.01715919218977513,-0.002978123245141404
2023-09-30,BAC,Financials,-0.03798380870297213,0.0036278331177754357
2023-09-30,BK,Financials,0.006584816626130197,0.03230468968001111
2023-09-30,BLK,Financials,-0.05291648180618358,-0.012566337037541706
2023-09-30,C,Financials,-0.03987378359419369,-0.004000503710285659
2023-09-30,CFG,Financials,-0.10976088968844755,0.009212803473659614
2023-09-30,CME,Financials,0.06612715127297042,0.017713410336913107
2023-09-30,COF,Financials,0.04368875438331732,-0.004205742213648016
2023-09-30,FITB,Financials,-0.06395568619346048,0.0816189652443353
2023-09-30,GS,Financials,-0.06168660197096221,-0.009492655880038238
2023-09-30,HBAN,Financials,-0.072115255906684,0.06771408099219435
2023-09-30,ICE,Financials,-0.023450298542563308,0.01029981102635744
2023-09-30,JPM,Financials,-0.034022403884208186,0.014239571838718426
2023-09-30,KEY,Financials,-0.050186102092157236,0.0037752077977893537
2023-09-30,MCO,Financials,-0.025840544791642883,-0.03790900893899104
2023-09-30,MS,Financials,-0.12225405629854869,0.015728846216342057
2023-09-30,MTB,Financials,-0.10834330200967734,0.027883275452116413
2023-09-30,PNC,Financials,-0.05521028070701661,0.0635298468736346
2023-09-30,RF,Financials,-0.1552326149810891,0.03384045079941259
2023-09-30,SCHW,Financials,-0.05209472626530165,0.0036809897756714784
2023-09-30,SPGI,Financials,-0.04405991156589817,-0.011179670206535843
2023-09-30,STT,Financials,-0.03479688254583657,0.0016706133882282293
2023-09-30,TFC,Financials,-0.008738119412864953,0.03746133642714548
2023-09-30,USB,Financials,-0.03569272271077717,0.00023226159299499064
2023-09-30,WFC,Financials,-0.026676622635461555,0.005940522527126279
2023-09-30,AFL,Financials,0.01771976643374984,-0.020764174463893035
2023-09-30,AJG,Financials,0.03316824643965455,0.028908158339083705
2023-09-30,ALL,Financials,0.1500762592365481,0.02136067372023448
2023-09-30,AMTD,Financials,-0.36666670543391466,0.022439898068046544
2023-09-30,AON,Financials,-0.04380540838398905,0.028657010249549218
2023-09-30,CB,Financials,0.030934772696516344,0.038825579396587956
2023-09-30,FDS,Financials,-0.012280910942146894,0.026957505100505635
2023-09-30,FNF,Financials,-0.05351085538630973,-0.0365775156326139
2023-09-30,GL,Financials,0.07238034812717764,0.021860886450429773
2023-09-30,HIG,Financials,0.035819805131779736,0.04344006298729704
2023-09-30,IBKR,Financials,-0.07497685223868633,0.02703322571247456
2023-09-30,LPLA,Financials,-0.055249327441832974,0.03471769480075344
2023-09-30,MET,Financials,-0.04609770320396811,0.01891797210584626
2023-09-30,MSCI,Financials,-0.08094257134835003,0.0051142622542001415
2023-09-30,NDAQ,Financials,0.020786075188494735,0.048089678251216364
2023-09-30,PGR,Financials,0.1357033980035658,0.006147844107270573
2023-09-30,PRU,Financials,-0.03635802077406647,-0.004441633360531884
2023-09-30,RJF,Financials,-0.04968629660856072,-0.01944268618872878
2023-09-30,SEIC,Financials,-0.10908185319035801,-0.008280970575572831
2023-09-30,SF,Financials,-0.07226559698322577,-0.0025166104693750487
2023-09-30,SYF,Financials,-0.07426455531121612,-0.060008838732950175
2023-09-30,TRV,Financials,0.02528948425520028,0.03149134464646355
2023-09-30,UNM,Financials,0.0016945462852320237,0.01904643797412621
2023-09-30,WTW,Financials,0.1288761869488695,0.04895477141583401
2023-09-30,ABBV,Healthcare,-0.04338436954593672,-0.011905834291588608
2023-09-30,ABT,Healthcare,-0.018343826902852967,0.01035472146861078
2023-09-30,AMGN,Healthcare,-0.048593713895904944,0.0016454132227774446
2023-09-30,BAX,Healthcare,-0.1406997279554717,0.04880163626932168
2023-09-30,BIIB,Healthcare,-0.07575586840857862,-0.04045434665062069
2023-09-30,BMY,Healthcare,-0.10315278034123898,0.009331868904443935
2023-09-30,BSX,Healthcare,-0.030492436242716803,-0.0230384188067098
2023-09-30,CI,Healthcare,0.08085435530845775,0.030468868695834487
2023-09-30,CVS,Healthcare,-0.0031173848624383993,0.01926534899086154
2023-09-30,DHR,Healthcare,-0.1258915700160228,-0.01845346902708916
2023-09-30,EW,Healthcare,-0.08025400774480462,0.0008870334637608655
2023-09-30,GILD,Healthcare,0.04803852217292248,-0.004271550073836658
2023-09-30,HUM,Healthcare,0.07639983329310751,-0.01967759563779625
2023-09-30,ISRG,Healthcare,-0.10287730146477903,-0.0001386114952127071
2023-09-30,JNJ,Healthcare,-0.04757628673918968,0.001429449833713643
2023-09-30,LLY,Healthcare,0.03127726754379179,0.012984707339145675
2023-09-30,MDT,Healthcare,-0.09954061265232184,0.018427749337252615
2023-09-30,MRK,Healthcare,-0.0024282618742766937,-0.00826627968233921
2023-09-30,PFE,Healthcare,-0.07868547144734261,0.009148067342422779
2023-09-30,REGN,Healthcare,-0.05233556976723264,0.025093934696094528
2023-09-30,SYK,Healthcare,-0.011161024951570675,-0.01646840294955189
2023-09-30,TMO,Healthcare,-0.1213031104697041,-0.019602215388921106
2023-09-30,UNH,Healthcare,0.06221869545648939,-0.0011343996850885973
2023-09-30,VRTX,Healthcare,0.0413239648034216,-0.011942044131858672
2023-09-30,ZBH,Healthcare,-0.06959556596365168,0.01692287829867132
2023-09-30,A,Healthcare,-0.07370392311683405,0.027643223604200858
2023-09-30,ACAD,Healthcare,0.08301341312713473,0.008659744049708918
2023-09-30,ALGN,Healthcare,-0.3954212239295709,0.045844786221802485
2023-09-30,ALKS,Healthcare,-0.13637985232450367,-0.022743455587693428
2023-09-30,BDX,Healthcare,-0.022241102164025972,0.0021840568573428787
2023-09-30,DGX,Healthcare,0.07383830009429415,0.002471456444925042
2023-09-30,DXCM,Healthcare,-0.047909979362202315,0.045312508170615856
2023-09-30,FOLD,Healthcare,-0.09786180882531481,-0.005912608771645256
2023-09-30,HOLX,Healthcare,-0.04654183409101431,0.014510718210090078
2023-09-30,IDXX,Healthcare,-0.08644541986115328,-0.009535969871473024
2023-09-30,INSP,Healthcare,-0.2584156326768763,0.047026164380620926
2023-09-30,IQV,Healthcare,-0.08091485727545267,-0.017613939789785905
2023-09-30,MASI,Healthcare,-0.07470350169890638,-0.022173716852232593
2023-09-30,MTD,Healthcare,-0.11088644222643518,0.03265770834059853
2023-09-30,NBIX,Healthcare,-0.013866644965277786,0.034906366812632206
2023-09-30,NTRA,Healthcare,-0.1080225712835452,-0.01849199500275119
2023-09-30,NVCR,Healthcare,-0.17647055697297742,-0.0007999713253850616
2023-09-30,PODD,Healthcare,-0.16878799449348025,-0.0040714955551033
2023-09-30,RARE,Healthcare,-0.00701262242074574,0.02578638459313582
2023-09-30,RMD,Healthcare,-0.04497194074563404,0.009938234846874896
2023-09-30,WAT,Healthcare,-0.13011922901294593,0.006110246449435734
2023-09-30,AAPL,Technology,-0.0025701405642550856,-0.006932693990704439
2023-09-30,ADBE,Technology,0.04345950956533673,0.1216574564920098
2023-09-30,AMAT,Technology,-0.044059278663841406,-0.02634203642984963
2023-09-30,AMD,Technology,-0.042015169302141886,0.08625390408374368
2023-09-30,AVGO,Technology,0.012990998208568527,-0.0176213757593484
2023-09-30,CDNS,Technology,0.023687592742078545,-0.040893325312522204
2023-09-30,CRM,Technology,-0.009616247988868398,0.0012619831449828156
2023-09-30,CRWD,Technology,0.0560998871772207,0.049488770392740515
2023-09-30,FTNT,Technology,-0.025732824273644095,-0.0029117069455741767
2023-09-30,GOOGL,Technology,-0.05181112380449859,0.03195058637577107
2023-09-30,INTC,Technology,0.02672290980565184,0.1223645342489893
2023-09-30,INTU,Technology,-0.029607480322871083,0.01791748181143973
2023-09-30,KLAC,Technology,0.024070256451983463,0.027411476522956252
2023-09-30,LRCX,Technology,-0.06150594685468713,0.07927701744652599
2023-09-30,META,Technology,0.003530797274986286,0.013809964793165555
2023-09-30,MSFT,Technology,0.07081555824984709,0.03896196767169139
2023-09-30,MU,Technology,-0.01541140700137733,0.004125571029860727
2023-09-30,NET,Technology,-0.1007297302759762,0.03373516489261118
2023-09-30,NOW,Technology,0.040951078227295934,0.03401554373389353
2023-09-30,NVDA,Technology,-0.06250705899666986,-0.05408089343513154
2023-09-30,ORCL,Technology,-0.020219299383835376,0.007232190142918208
2023-09-30,PANW,Technology,0.036597857625424224,-0.029418163389948772
2023-09-30,QCOM,Technology,-0.01863856886500448,0.06721532195866377
2023-09-30,SNPS,Technology,0.022811951092351457,0.04021269187918226
2023-09-30,TXN,Technology,-0.09872481128293065,0.022259432819367483
2023-09-30,ACN,Technology,-0.028614647282090178,0.028801193535639893
2023-09-30,ADI,Technology,-0.10143347947568171,0.06962782697510583
2023-09-30,ANET,Technology,0.0893818468768468,-0.0897857393510962
2023-09-30,CGNX,Technology,-0.15197910112924096,0.09644533919773382
2023-09-30,COHU,Technology,-0.1248548028026285,0.038356018322203686
2023-09-30,CSCO,Technology,-0.02331673774869847,-0.007242349762421033
2023-09-30,DELL,Technology,-0.023400017469191958,0.010856239646198784
2023-09-30,ENTG,Technology,-0.06143575520990674,0.06962062225345067
2023-09-30,FORM,Technology,-0.03033765312696557,-0.006332847569671808
2023-09-30,HPQ,Technology,0.024513733871619037,0.006497072718573423
2023-09-30,IBM,Technology,0.030933785527133217,0.031062641586318114
2023-09-30,IPGP,Technology,-0.1540279618734649,0.06758190600171224
2023-09-30,KEYS,Technology,-0.0775451190095614,0.08785201819004824
2023-09-30,MCHP,Technology,-0.0866111583239052,0.018985547892056934
2023-09-30,MKSI,Technology,-0.2412755892318844,0.1070854714889451
2023-09-30,MPWR,Technology,-0.04385290780904594,-0.0064576846564276535
2023-09-30,MRVL,Technology,-0.12667271117558587,-0.021953827540728256
2023-09-30,NXPI,Technology,-0.1375049081602071,0.029280693141477267
2023-09-30,ONTO,Technology,-0.11880484861436924,-0.07852168557185008
2023-09-30,QRVO,Technology,-0.08431971246285197,0.025562069511623056
2023-09-30,STX,Technology,0.03487494032420835,0.02814605548763024
2023-09-30,SWKS,Technology,-0.1201948556854413,0.02504287851514754
2023-09-30,TER,Technology,-0.17111280303625986,0.032640811191354056
2023-09-30,VRSN,Technology,-0.014170704469451012,0.04626872627744606
2023-09-30,WDC,Technology,-0.12009635394161178,0.03994727820479614
2023-10-31,AMZN,Consumer,0.0976782655173829,0.1195173977112019
2023-10-31,AZO,Consumer,0.053610450444909974,0.024523435521715993
2023-10-31,BKNG,Consumer,0.12049945396426676,0.10163657823226013
2023-10-31,CMG,Consumer,0.13389445376197062,0.048886050398980856
2023-10-31,COST,Consumer,0.0749182388839833,0.025134514181799347
2023-10-31,DG,Consumer,0.10147837947221983,-0.008281766193319056
2023-10-31,DLTR,Consumer,0.11252138277131696,-0.08754485485612443
2023-10-31,DRI,Consumer,0.07517349766382542,0.028739451759203546
2023-10-31,EBAY,Consumer,0.05184388007225271,0.02499549008009762
2023-10-31,HD,Consumer,0.10855670405326934,0.04854523488310578
2023-10-31,HLT,Consumer,0.10652617159684508,0.06131714570728912
2023-10-31,KR,Consumer,-0.01779768898464329,0.04035423493082497
2023-10-31,LOW,Consumer,0.04334367769736014,0.048393760081715885
2023-10-31,LULU,Consumer,0.1355087306035816,0.037520237670932544
2023-10-31,MAR,Consumer,0.07769709699209804,0.07316591010551986
2023-10-31,MCD,Consumer,0.0814690103552449,0.03863198030049188
2023-10-31,MGM,Consumer,0.12943873696371933,-0.11259750483357707
2023-10-31,NKE,Consumer,0.07297863230683421,0.07600166096140432
2023-10-31,ORLY,Consumer,0.05582303549736145,0.04658391590863528
2023-10-31,ROST,Consumer,0.12425620019611272,0.008417195351499419
2023-10-31,SBUX,Consumer,0.08245502372698921,0.027960778921899975
2023-10-31,TGT,Consumer,0.2202904963666985,-0.015786637389274383
2023-10-31,TJX,Consumer,0.004138022382031981,0.060611007546334306
2023-10-31,WMT,Consumer,-0.047243176522944075,0.030461312142191124
2023-10-31,YUM,Consumer,0.04371877724652462,0.055631525808064526
2023-10-31,BBY,Consumer,0.06165838110569499,0.03657050213257891
2023-10-31,CCL,Consumer,0.31413617599093224,-0.023768094674243102
2023-10-31,CHDN,Consumer,0.05748755046365028,0.015448235218311481
2023-10-31,CMCSA,Consumer,0.014531325546925267,0.06948326487057215
2023-10-31,CZR,Consumer,0.12108302594529707,-0.026132987826955015
2023-10-31,DIS,Consumer,0.13604614113720204,0.04121736489311172
2023-10-31,DKNG,Consumer,0.38450400132312823,0.16876967011556077
2023-10-31,F,Consumer,0.052307610493247836,-0.024534389673530832
2023-10-31,FOX,Consumer,-0.00895734307070839,0.019859236777747986
2023-10-31,GM,Consumer,0.12376789212581629,-0.00599846229112664
2023-10-31,GRMN,Consumer,0.19223634835144976,0.0773896982037369
2023-10-31,H,Consumer,0.12172593134846244,0.08214647233600034
2023-10-31,IHG,Consumer,0.08900604392809353,0.037072928701177746
2023-10-31,LVS,Consumer,-0.02423858174784488,-0.07797109372356203
2023-10-31,NCLH,Consumer,0.12279411981262545,0.02203409960697502
2023-10-31,NFLX,Consumer,0.151278895158228,-0.04051061014237823
2023-10-31,PENN,Consumer,0.24480486749968722,0.01988553378629696
2023-10-31,POOL,Consumer,0.10359297444225612,0.03574208425289817
2023-10-31,RCL,Consumer,0.268263696223501,0.13014352212736513
2023-10-31,SIRI,Consumer,0.09945495274048288,-0.015650641882687975
2023-10-31,TSLA,Consumer,0.19537943740621855,0.15616858380066817
2023-10-31,WBD,Consumer,0.051307872274796384,-0.05040560656889278
2023-10-31,WYNN,Consumer,-0.03547564176911555,0.0617340276107425
2023-10-31,APA,Energy,-0.0936555457719157,0.09418904830469568
2023-10-31,BA,Energy,0.2398565239365813,0.03591563462642289
2023-10-31,CAT,Energy,0.10913511629184969,0.04100216824721787
2023-10-31,COP,Energy,-0.022283429398760157,0.09329215490753477
2023-10-31,CVX,Energy,-0.004286831882797548,0.04959195226628225
2023-10-31,DE,Energy,-0.0026001615898125774,0.0925486478084047
2023-10-31,DVN,Energy,-0.03435697627152612,0.09264457662037351
2023-10-31,EOG,Energy,-0.025188110750805404,0.09418904830469568
2023-10-31,FDX,Energy,0.07800906244150108,0.07933492250712294
2023-10-31,GD,Energy,0.02345548574096057,0.09390813354414322
2023-10-31,GE,Energy,0.12123735570919036,0.03393704581449931
2023-10-31,HAL,Energy,-0.05871903278865165,0.03951764457502388
2023-10-31,HON,Energy,0.07537308564100265,0.04823246653054376
2023-10-31,LMT,Energy,-0.008089724078227833,0.09226773304785224
2023-10-31,MMM,Energy,0.10642150294985497,0.04987286702683472
2023-10-31,MPC,Energy,-0.008189201138978808,0.09329215490753477
2023-10-31,NOC,Energy,0.011926199084786315,0.09066675034657645
2023-10-31,OXY,Energy,-0.04303518953588947,0.09329215490753477
2023-10-31,PSX,Energy,0.1402873472237829,0.09390813354414322
2023-10-31,RTX,Energy,0.008485332785457045,0.08363189240520146
2023-10-31,SLB,Energy,-0.06503777932629862,0.08531834952507882
2023-10-31,UNP,Energy,0.08506327661230095,0.04959195226628225
2023-10-31,UPS,Energy,0.08591522368492921,0.08434424283000158
2023-10-31,VLO,Energy,-0.00490226674051264,0.08953003018756615
2023-10-31,XOM,Energy,-0.020505640159828253,0.09390813354414322
2023-10-31,AME,Energy,0.10272088137401392,0.09418904830469568
2023-10-31,BE,Energy,0.38846154904224495,-0.018062025448298696
2023-10-31,BKR,Energy,-0.013911294211405578,0.08531834952507882
2023-10-31,CTRA,Energy,-0.03838635418102865,0.09418904830469568
2023-10-31,EMR,Energy,0.0051849276194619875,0.09418904830469568
2023-10-31,ENPH,Energy,0.2694143543440475,-0.029114587837254274
2023-10-31,ETN,Energy,0.09951174429258636,0.08503743476452634
2023-10-31,FSLR,Energy,0.10761672277623635,0.04002806155214064
2023-10-31,FTV,Energy,0.057934591158680826,0.09418904830469568
2023-10-31,GNRC,Energy,0.3925300359199555,0.07534248470402291
2023-10-31,HUBB,Energy,0.11531357572063694,0.09390813354414322
2023-10-31,MTDR,Energy,-0.058363261074897754,0.09543448794421773
2023-10-31,PH,Energy,0.17844063647137443,0.08531834952507882
2023-10-31,PLUG,Energy,-0.31409167174334984,-0.026572872971737386
2023-10-31,PR,Energy,-0.08967861156817714,0.03393704581449931
2023-10-31,ROK,Energy,0.05317773926794289,0.04987286702683472
2023-10-31,ROP,Energy,0.10168433742313598,0.09390813354414322
2023-10-31,SM,Energy,-0.07118045790356908,0.04987286702683472
2023-10-31,VRSK,Energy,0.061884200442708925,0.04959195226628225
2023-10-31,WMB,Energy,0.06947696519888891,0.09418904830469568
2023-10-31,XYL,Energy,0.12758244142702657,0.0925486478084047
2023-10-31,AXP,Financials,0.16941719242741193,0.013497401918018204
2023-10-31,BAC,Financials,0.16679384321734392,0.06536894647400796
2023-10-31,BK,Financials,0.1369413540726785,0.028882062642784794
2023-10-31,BLK,Financials,0.22693854647643552,0.008094117300450725
2023-10-31,C,Financials,0.18254128873856335,0.06900651474564697
2023-10-31,CFG,Financials,0.16389260334109834,0.07091983457004936
2023-10-31,CME,Financials,0.022955065429460797,0.050662050058965125
2023-10-31,COF,Financials,0.10874590595414158,0.05668435087131355
2023-10-31,FITB,Financials,0.22100365487903728,0.09925361122161565
2023-10-31,GS,Financials,0.13416730469820126,0.03994271484464219
2023-10-31,HBAN,Financials,0.16683921237537236,0.07500431409537213
2023-10-31,ICE,Financials,0.05956826774435653,0.03286768896187292
2023-10-31,JPM,Financials,0.12239325874323193,0.09299186041594705
2023-10-31,KEY,Financials,0.2333282750262915,0.0927693932834716
2023-10-31,MCO,Financials,0.18744846896090595,0.005015282374549639
2023-10-31,MS,Financials,0.12030512448404562,0.05202605839708145
2023-10-31,MTB,Financials,0.14845138355805432,0.07879733414353235
2023-10-31,PNC,Financials,0.1702629989567892,0.03538640401698954
2023-10-31,RF,Financials,0.14796975530210577,0.04524356006455537
2023-10-31,SCHW,Financials,0.1837145126332309,0.0711787215691363
2023-10-31,SPGI,Financials,0.19301903080197835,0.056297275258901325
2023-10-31,STT,Financials,0.12672113492608528,0.02603159613977879
2023-10-31,TFC,Financials,0.15300880812107032,0.09257410025413436
2023-10-31,USB,Financials,0.19573383920881815,0.06911169788465019
2023-10-31,WFC,Financials,0.1311924162441509,0.09011513626371617
2023-10-31,AFL,Financials,0.06438108247387087,0.06889230117123195
2023-10-31,AJG,Financials,0.0597484368457577,0.08231294524722971
2023-10-31,ALL,Financials,0.08308196769008802,0.03700543023742638
2023-10-31,AMTD,Financials,-0.22978175670326562,0.060015922606165464
2023-10-31,AON,Financials,0.061700124948105506,0.05571903018282273
2023-10-31,CB,Financials,0.0690055882007874,0.05302964283080781
2023-10-31,FDS,Financials,0.05220187480908178,0.0693413383987423
2023-10-31,FNF,Financials,0.1470964995474151,0.07615634811741695
2023-10-31,GL,Financials,0.05818154718162938,0.05345299848308636
2023-10-31,HIG,Financials,0.07066191441492586,0.058305319977714785
2023-10-31,IBKR,Financials,-0.026583046334046068,0.06336770291079717
2023-10-31,LPLA,Financials,-0.008544185878500477,0.0681343754173472
2023-10-31,MET,Financials,0.06958538059166886,0.08494657606918546
2023-10-31,MSCI,Financials,0.1076224087649511,0.014308483973090546
2023-10-31,NDAQ,Financials,0.12580658628470331,0.052247262637392496
2023-10-31,PGR,Financials,0.03757322580839095,0.029863766253980507
2023-10-31,PRU,Financials,0.08347971583658476,0.07098191249917427
2023-10-31,RJF,Financials,0.10173922430456939,0.01968814489454568
2023-10-31,SEIC,Financials,0.09336569608978973,0.08638752907337431
2023-10-31,SF,Financials,0.07687537221766316,0.016468926959320864
2023-10-31,SYF,Financials,0.15365430582801887,0.05776153333722931
2023-10-31,TRV,Financials,0.07871466031987406,0.04902121888737974
2023-10-31,UNM,Financials,-0.12065418599643551,0.06349036577149542
2023-10-31,WTW,Financials,0.04413072794658923,0.056246227493808074
2023-10-31,ABBV,Healthcare,0.008570957503715615,-0.0031301189109456252
2023-10-31,ABT,Healthcare,0.1030143506135135,0.029059474603700584
2023-10-31,AMGN,Healthcare,0.06280838849562942,0.005999741568982421
2023-10-31,BAX,Healthcare,0.12148504915868963,0.03391976715700917
2023-10-31,BIIB,Healthcare,-0.01456593227612979,0.03485208970752218
2023-10-31,BMY,Healthcare,-0.04172313032343311,0.03406179682737139
2023-10-31,BSX,Healthcare,0.09181482494682403,-0.009180173683629451
2023-10-31,CI,Healthcare,-0.1498058662232672,0.016455700784698737
2023-10-31,CVS,Healthcare,-0.015360327006811336,-0.021128664863159573
2023-10-31,DHR,Healthcare,0.1629517241423759,0.019356605624552402
2023-10-31,EW,Healthcare,0.06261766772335142,0.00441649538307666
2023-10-31,GILD,Healthcare,-0.024700946188034312,-0.031865479778642625
2023-10-31,HUM,Healthcare,-0.0741470122297061,-0.007663219521091287
2023-10-31,ISRG,Healthcare,0.18541680608210132,0.006225464126382247
2023-10-31,JNJ,Healthcare,0.05095399015847324,0.015811757930801723
2023-10-31,LLY,Healthcare,0.06896549017664344,-0.00011154760397155705
2023-10-31,MDT,Healthcare,0.12344103653613026,0.02126229314052569
2023-10-31,MRK,Healthcare,-0.0021421844496258835,0.04232308327131253
2023-10-31,PFE,Healthcare,0.010497532284772904,0.011533590049488559
2023-10-31,REGN,Healthcare,0.0563156684689079,-0.021913149691840918
2023-10-31,SYK,Healthcare,0.09662508377584911,0.024984006666118094
2023-10-31,TMO,Healthcare,0.11464358758777249,0.0323747818424748
2023-10-31,UNH,Healthcare,0.03250791296363631,-0.027111677514037067
2023-10-31,VRTX,Healthcare,-0.0201595871096496,0.009577532500232147
2023-10-31,ZBH,Healthcare,0.11397382518506727,0.029280042413473054
2023-10-31,A,Healthcare,0.23633548681357208,0.011587867094045794
2023-10-31,ACAD,Healthcare,-0.012848870717761418,-0.07331567933476854
2023-10-31,ALGN,Healthcare,0.15824263120087223,-0.018562102446196462
2023-10-31,ALKS,Healthcare,-0.002067017085790601,0.012406803680028954
2023-10-31,BDX,Healthcare,-0.06566992414112716,0.04191256454879161
2023-10-31,DGX,Healthcare,0.05480399327593721,0.04160475782534015
2023-10-31,DXCM,Healthcare,0.3004614911837251,0.0425956499467366
2023-10-31,FOLD,Healthcare,0.004557902417299253,0.05655045953707376
2023-10-31,HOLX,Healthcare,0.07752765641181614,0.03396437795382771
2023-10-31,IDXX,Healthcare,0.166095090747147,-0.023595248081701634
2023-10-31,INSP,Healthcare,-0.012571392073102872,0.008840751238273166
2023-10-31,IQV,Healthcare,0.18398498001202435,-0.001455069116311766
2023-10-31,MASI,Healthcare,0.15567614088980397,0.0017700101546090478
2023-10-31,MTD,Healthcare,0.10833337411843003,0.0005912421066250178
2023-10-31,NBIX,Healthcare,0.050928373644740565,0.0031504338562106595
2023-10-31,NTRA,Healthcare,0.41753227850401253,-0.09271498680140028
2023-10-31,NVCR,Healthcare,-0.07744358783458638,0.008383356762376046
2023-10-31,PODD,Healthcare,0.4263406946598731,-0.015989007667629195
2023-10-31,RARE,Healthcare,0.09745753670999391,0.00815899922430412
2023-10-31,RMD,Healthcare,0.1204889859014715,0.039524950894371996
2023-10-31,WAT,Healthcare,0.17641381288565183,0.04689553806881072
2023-10-31,AAPL,Technology,0.11378022299885915,0.16099993674815363
2023-10-31,ADBE,Technology,0.14838554405386728,0.21307474539722396
2023-10-31,AMAT,Technology,0.1341276976564132,0.261691265938748
2023-10-31,AMD,Technology,0.23005079860009525,0.11388313631624598
2023-10-31,AVGO,Technology,0.10026492320270397,0.200345032204962
2023-10-31,CDNS,Technology,0.1393370108805947,0.14952486193759362
2023-10-31,CRM,Technology,0.2542943926599004,0.28979655126908876
2023-10-31,CRWD,Technology,0.3406686641693135,0.131931975632679
2023-10-31,FTNT,Technology,-0.08063664410187865,0.15688820346112733
2023-10-31,GOOGL,Technology,0.06810126014113482,0.34250777591544174
2023-10-31,INTC,Technology,0.22868456839960816,0.11910425822736853
2023-10-31,INTU,Technology,0.15458129883884797,0.21697886729367985
2023-10-31,KLAC,Technology,0.16269764117995233,0.1759182052968009
2023-10-31,LRCX,Technology,0.21709586163691408,0.2610858877419575
2023-10-31,META,Technology,0.08590304097498058,0.11531398301501164
2023-10-31,MSFT,Technology,0.12294534111718969,0.18792948406696922
2023-10-31,MU,Technology,0.13832804009068478,0.1301891041196476
2023-10-31,NET,Technology,0.36091027332518544,0.09644707209193783
2023-10-31,NOW,Technology,0.17855110215802972,0.27156706071602127
2023-10-31,NVDA,Technology,0.14688587587312374,0.3032352985054199
2023-10-31,ORCL,Technology,0.12388771700172074,0.16183311973324374
2023-10-31,PANW,Technology,0.21426216422517874,0.22457479949429443
2023-10-31,QCOM,Technology,0.19158405760626085,0.1315570206587546
2023-10-31,SNPS,Technology,0.15718723935665024,0.12534992765625622
2023-10-31,TXN,Technology,0.07534678079704582,0.1369342254457938
2023-10-31,ACN,Technology,0.12134376059601593,0.1370073565220782
2023-10-31,ADI,Technology,0.165575442877274,0.08375025557435752
2023-10-31,ANET,Technology,0.09652149557306999,0.1796401115919334
2023-10-31,CGNX,Technology,0.04961963620008136,0.15966357703888084
2023-10-31,COHU,Technology,0.05275382165846931,0.18115533162782665
2023-10-31,CSCO,Technology,-0.07193541818833638,0.2258728897731307
2023-10-31,DELL,Technology,0.13391130851265243,0.10378057220695455
2023-10-31,ENTG,Technology,0.1858246901041316,0.19575668326771664
2023-10-31,FORM,Technology,0.10920899192124156,0.1248250496924788
2023-10-31,HPQ,Technology,0.11431809740598298,0.17391693192561294
2023-10-31,IBM,Technology,0.10867145597791605,0.16987595051975923
2023-10-31,IPGP,Technology,0.11478463836093256,0.09327419753252905
2023-10-31,KEYS,Technology,0.11339611627884594,0.13560818450869289
2023-10-31,MCHP,Technology,0.17652772932264904,0.13571534918599218
2023-10-31,MKSI,Technology,0.2608006607902116,0.2209834324686395
2023-10-31,MPWR,Technology,0.2421785745130598,0.20192876489079012
2023-10-31,MRVL,Technology,0.1802203299819869,0.1998833873139737
2023-10-31,NXPI,Technology,0.18355266361905986,0.20702989453674733
2023-10-31,ONTO,Technology,0.2548722173198048,0.19196402274254104
2023-10-31,QRVO,Technology,0.10386641525096962,0.16341610562682016
2023-10-31,STX,Technology,0.15897440150711795,0.15406724602118704
2023-10-31,SWKS,Technology,0.1256030230028342,0.09315773128587096
2023-10-31,TER,Technology,0.1089212060837077,0.06232455512514104
2023-10-31,VRSN,Technology,0.06280669500227098,0.14728208885556607
2023-10-31,WDC,Technology,0.20323781229901838,0.13313542012985566
2023-11-30,AMZN,Consumer,0.04004385139407618,-0.0008710976058050027
2023-11-30,AZO,Consumer,-0.00931819047090754,-0.005020614158102998
2023-11-30,BKNG,Consumer,0.1348560067591862,0.036958249750053684
2023-11-30,CMG,Consumer,0.03846526265246242,-0.014806026078934022
2023-11-30,COST,Consumer,0.13893186519692136,-0.005100181761923373
2023-11-30,DG,Consumer,0.03683626164369613,-0.05970568726988686
2023-11-30,DLTR,Consumer,0.1493648940922223,0.09010377928308962
2023-11-30,DRI,Consumer,0.05004156218007494,-0.009633319731275866
2023-11-30,EBAY,Consumer,0.06364304633330686,0.011161881664895111
2023-11-30,HD,Consumer,0.10545787574057353,0.019477454384772573
2023-11-30,HLT,Consumer,0.08697442197075778,-0.04953363968328545
2023-11-30,KR,Consumer,0.03252760386230702,-0.04076721605375408
2023-11-30,LOW,Consumer,0.11929782440441183,-0.042335771592428614
2023-11-30,LULU,Consumer,0.14433756157987077,0.050005310323710084
2023-11-30,MAR,Consumer,0.11253092767368278,0.0028251283061268054
2023-11-30,MCD,Consumer,0.05205073293652229,-0.01819169040701077
2023-11-30,MGM,Consumer,0.1328600877515811,-0.03400598645410246
2023-11-30,NKE,Consumer,-0.012101979964209697,-0.03112400401325931
2023-11-30,ORLY,Consumer,-0.03287925316457618,-0.028395595316167543
2023-11-30,ROST,Consumer,0.06413350771102633,-0.01023028035835982
2023-11-30,SBUX,Consumer,-0.03313194917084805,-0.07925473218657636
2023-11-30,TGT,Consumer,0.06434514353580356,0.04141222317382644
2023-11-30,TJX,Consumer,0.06469192504910004,-0.02068647816666528
2023-11-30,WMT,Consumer,0.01634995457485733,0.00943349395217043
2023-11-30,YUM,Consumer,0.04070084302814325,0.02023058400078577
2023-11-30,BBY,Consumer,0.11736095765749921,0.0066907524474116775
2023-11-30,CCL,Consumer,0.23107579960778413,-0.011255532318726509
2023-11-30,CHDN,Consumer,0.16550043890292176,0.0524986446416761
2023-11-30,CMCSA,Consumer,0.04678908221084477,-0.02716490870413868
2023-11-30,CZR,Consumer,0.0483005319421177,-0.006418297192184537
2023-11-30,DIS,Consumer,-0.022718145087810004,0.016089167220820537
2023-11-30,DKNG,Consumer,-0.07819041702998897,0.12156346450997439
2023-11-30,F,Consumer,0.18810892877775287,-0.06089355610375424
2023-11-30,FOX,Consumer,-0.0003615206920909442,0.05958268470699054
2023-11-30,GM,Consumer,0.13670885669402844,-0.03707687818148271
2023-11-30,GRMN,Consumer,0.057622474208669505,0.01303107797223769
2023-11-30,H,Consumer,0.13637182158472316,0.06287306769799712
2023-11-30,IHG,Consumer,0.16078906851070074,0.004817632590983514
2023-11-30,LVS,Consumer,0.06699917039225212,-0.032317521712533104
2023-11-30,NCLH,Consumer,0.31237723082964797,-0.06097012791061655
2023-11-30,NFLX,Consumer,0.027238018939319764,0.048166606925509156
2023-11-30,PENN,Consumer,0.05944629574792493,-0.07940099835965193
2023-11-30,POOL,Consumer,0.14796158711876184,-0.007638010746148677
2023-11-30,RCL,Consumer,0.20500683666252328,0.011872741380058323
2023-11-30,SIRI,Consumer,0.16880342109967095,0.16000639924774512
2023-11-30,TSLA,Consumer,0.03498831153123483,-0.15588274126731694
2023-11-30,WBD,Consumer,0.08899524613878262,0.039455644595437836
2023-11-30,WYNN,Consumer,0.07924665240999662,0.01427774459023457
2023-11-30,APA,Energy,-0.003333573749382146,0.07204918412737914
2023-11-30,BA,Energy,0.1253291808804471,0.020449501430130697
2023-11-30,CAT,Energy,0.17928380779384967,0.0279648039529853
2023-11-30,COP,Energy,0.004326299894195307,0.01192402903100325
2023-11-30,CVX,Energy,0.03871866536659763,0.027415122155953476
2023-11-30,DE,Energy,0.10133888555329329,0.030156135158232327
2023-11-30,DVN,Energy,0.025189785326542813,0.09006965769360577
2023-11-30,EOG,Energy,-0.0046241706007381644,0.012615432333474886
2023-11-30,FDX,Energy,-0.018017225456129382,0.009108895717644203
2023-11-30,GD,Energy,0.05142322708365543,-0.003819112481536828
2023-11-30,GE,Energy,0.048523250928429684,0.008041256977660198
2023-11-30,HAL,Energy,-0.01944593558911023,0.05232461972121382
2023-11-30,HON,Energy,0.07038571431419127,0.01844326678459011
2023-11-30,LMT,Energy,0.012216144798714579,-0.006280709314796428
2023-11-30,MMM,Energy,0.10346204798883618,0.021008674348329367
2023-11-30,MPC,Energy,-0.00556351256931209,0.012473710828035089
2023-11-30,NOC,Energy,-0.014774026172080457,0.003369337500780817
2023-11-30,OXY,Energy,0.012694824878713318,0.02866569837662377
2023-11-30,PSX,Energy,0.03297383740523463,0.012706944567557714
2023-11-30,RTX,Energy,0.03264594124592479,0.026601538123295097
2023-11-30,SLB,Energy,0.004828238778952665,0.032913709430031204
2023-11-30,UNP,Energy,0.0964543089011205,0.01192402903100325
2023-11-30,UPS,Energy,0.03706871302074477,0.027668858542284038
2023-11-30,VLO,Energy,0.03701338759147821,0.03281653195987945
2023-11-30,XOM,Energy,-0.02686386140419028,0.01192402903100325
2023-11-30,AME,Energy,0.06392965849436383,0.022265479149052126
2023-11-30,BE,Energy,0.02493079091502337,0.11316581787880409
2023-11-30,BKR,Energy,0.012740685893071646,0.012473710828035089
2023-11-30,CTRA,Energy,-0.027809555055415047,0.013174605251673539
2023-11-30,EMR,Energy,0.09482568614713416,0.012640016773763446
2023-11-30,ENPH,Energy,0.30805784775996603,0.09354724039227438
2023-11-30,ETN,Energy,0.05766611888815665,0.022356991383134964
2023-11-30,FSLR,Energy,0.0919001147939078,0.03937056611078141
2023-11-30,FTV,Energy,0.06741067819489577,0.028106525458425097
2023-11-30,GNRC,Energy,0.10395494857832377,0.03872023731156493
2023-11-30,HUBB,Energy,0.09643329220293428,0.027415122155953476
2023-11-30,MTDR,Energy,-0.01762276288803999,0.03656870730914605
2023-11-30,PH,Energy,0.06353021589540142,0.02212375764361233
2023-11-30,PLUG,Energy,0.11386139665604955,0.11205515178356086
2023-11-30,PR,Energy,0.03500752619445335,0.04089948134272598
2023-11-30,ROK,Energy,0.12721476199887816,0.02882251320118529
2023-11-30,ROP,Energy,0.012856591269269524,0.01192402903100325
2023-11-30,SM,Energy,0.03391188099767506,0.03656870730914605
2023-11-30,VRSK,Energy,-0.00928245025943708,0.012706944567557714
2023-11-30,WMB,Energy,-0.04129149512606145,0.012640016773763446
2023-11-30,XYL,Energy,0.08779609644470443,0.021008674348329367
2023-11-30,AXP,Financials,0.09703112534621638,-0.004190460182645036
2023-11-30,BAC,Financials,0.10429647002198839,0.04929829924275936
2023-11-30,BK,Financials,0.07719362299713772,0.01543438978902573
2023-11-30,BLK,Financials,0.08783862518432972,0.0384522054925081
2023-11-30,C,Financials,0.11583523658054817,0.04402771517847562
2023-11-30,CFG,Financials,0.21525470783397682,0.045676456089702944
2023-11-30,CME,Financials,-0.006272166961308834,0.004191786822611558
2023-11-30,COF,Financials,0.17427907783986507,0.00857029823435964
2023-11-30,FITB,Financials,0.20337401244479514,0.058595929907731444
2023-11-30,GS,Financials,0.129501531642348,-0.0007169682599467614
2023-11-30,HBAN,Financials,0.1431059275921316,0.0957314644501827
2023-11-30,ICE,Financials,0.13219431772532153,0.020797618799967187
2023-11-30,JPM,Financials,0.08982570727855088,0.017652011008971215
2023-11-30,KEY,Financials,0.16222757361231177,0.06848803937611055
2023-11-30,MCO,Financials,0.0701445668590337,-0.007282307004320766
2023-11-30,MS,Financials,0.17532120161080078,-0.012755891334236824
2023-11-30,MTB,Financials,0.06951715160384109,0.024407274809216357
2023-11-30,PNC,Financials,0.15594199474349324,0.11446889665040111
2023-11-30,RF,Financials,0.178409346768736,-0.01317594153244178
2023-11-30,SCHW,Financials,0.12198314193167015,0.08017928969677816
2023-11-30,SPGI,Financials,0.05937525554926992,0.03970815132985412
2023-11-30,STT,Financials,0.0731613301767069,0.061248082223731376
2023-11-30,TFC,Financials,0.14872421638468603,0.07798132183260208
2023-11-30,USB,Financials,0.14816595713073832,0.06121464944753677
2023-11-30,WFC,Financials,0.1038349631553328,0.0627619249104175
2023-11-30,AFL,Financials,-0.002538821980405115,0.002194843144335889
2023-11-30,AJG,Financials,-0.0968673868524883,0.0026415288993522574
2023-11-30,ALL,Financials,0.015304322372214019,-0.039524260303326786
2023-11-30,AMTD,Financials,0.0,-0.06002785369832272
2023-11-30,AON,Financials,-0.11406757154666591,0.015832796806778685
2023-11-30,CB,Financials,-0.011189187048060267,-0.0036679917100036563
2023-11-30,FDS,Financials,0.05202213240416187,0.022711175414577896
2023-11-30,FNF,Financials,0.1493165108688037,-0.028260162548302
2023-11-30,GL,Financials,-0.01145130437442643,0.015890719104088607
2023-11-30,HIG,Financials,0.028403552092914897,-0.007219571208604732
2023-11-30,IBKR,Financials,0.06500515884027513,0.033669740525750405
2023-11-30,LPLA,Financials,0.02393161102572594,0.02630894902207759
2023-11-30,MET,Financials,0.03928953087280318,0.0659985536000308
2023-11-30,MSCI,Financials,0.0860135462707381,0.014831088477715755
2023-11-30,NDAQ,Financials,0.045307343700556,0.004037813368405615
2023-11-30,PGR,Financials,-0.028957964599071295,0.00030850051308931926
2023-11-30,PRU,Financials,0.06064635171226729,0.01669852687091294
2023-11-30,RJF,Financials,0.0646397283683473,0.025998147551379976
2023-11-30,SEIC,Financials,0.09094774473651923,0.0067604991999453455
2023-11-30,SF,Financials,0.13323489686929468,0.010805198836504618
2023-11-30,SYF,Financials,0.1801605219250364,0.036905250774726374
2023-11-30,TRV,Financials,0.060435748575429216,-0.007376439905023932
2023-11-30,UNM,Financials,0.051627842265211,0.00036698622278539823
2023-11-30,WTW,Financials,-0.01725671589821487,-0.01741146695561599
2023-11-30,ABBV,Healthcare,0.08834869321255767,0.033063632978340904
2023-11-30,ABT,Healthcare,0.05542230708567453,0.008566110808713195
2023-11-30,AMGN,Healthcare,0.06816492749485614,-0.022684445549799225
2023-11-30,BAX,Healthcare,0.07150766926057539,-0.017976578867603198
2023-11-30,BIIB,Healthcare,0.10547670450052782,0.02224607263122174
2023-11-30,BMY,Healthcare,0.039084600538846326,0.01907198689801283
2023-11-30,BSX,Healthcare,0.03435322964054621,0.022605242591989587
2023-11-30,CI,Healthcare,0.14446712636071224,0.004728580486320937
2023-11-30,CVS,Healthcare,0.16203110275431776,-0.0091353219279019
2023-11-30,DHR,Healthcare,0.03702776708449118,-0.0037567800568601385
2023-11-30,EW,Healthcare,0.12612614135281763,0.023015037153621846
2023-11-30,GILD,Healthcare,0.06720504620776824,-0.003285581587207986
2023-11-30,HUM,Healthcare,-0.05393462548423156,-0.006798450652609717
2023-11-30,ISRG,Healthcare,0.08531717065407496,-0.00021910699605681117
2023-11-30,JNJ,Healthcare,0.013449042207494433,0.016670757064955893
2023-11-30,LLY,Healthcare,-0.013738366752097275,0.008401589640934815
2023-11-30,MDT,Healthcare,0.0479383423236861,0.04001435101324745
2023-11-30,MRK,Healthcare,0.07152038892520407,-0.0002754628559504383
2023-11-30,PFE,Healthcare,-0.055136119701326036,0.028439092290360332
2023-11-30,REGN,Healthcare,0.0661317811180071,-0.0036550484640390057
2023-11-30,SYK,Healthcare,0.013273378722898022,-0.0028243692167432746
2023-11-30,TMO,Healthcare,0.07138205019115462,0.006584484344317487
2023-11-30,UNH,Healthcare,-0.04467513753192198,-0.012705184151616004
2023-11-30,VRTX,Healthcare,0.14678283432879646,0.0006544434560748572
2023-11-30,ZBH,Healthcare,0.048428794294628874,0.029496820901058637
2023-11-30,A,Healthcare,0.0897115083472062,0.02677284780305327
2023-11-30,ACAD,Healthcare,0.4052961625225353,-0.07388530589386708
2023-11-30,ALGN,Healthcare,0.28157154391465866,-0.05383457274021952
2023-11-30,ALKS,Healthcare,0.14913009413800804,0.001438774323192575
2023-11-30,BDX,Healthcare,0.036609003006201846,0.013723377682737993
2023-11-30,DGX,Healthcare,0.004736364779605484,0.01577057611563696
2023-11-30,DXCM,Healthcare,0.0741862876026893,0.05185501036304113
2023-11-30,FOLD,Healthcare,0.2876587106116082,-0.031054280809092543
2023-11-30,HOLX,Healthcare,0.0021037011229227964,0.014273193246141357
2023-11-30,IDXX,Healthcare,0.19155463283191354,0.007288917856475195
2023-11-30,INSP,Healthcare,0.3999724457620448,-0.0025267628545939526
2023-11-30,IQV,Healthcare,0.08070994061972203,0.03033786179464438
2023-11-30,MASI,Healthcare,0.2501066170430548,0.04597860976572304
2023-11-30,MTD,Healthcare,0.11084034807471488,-9.794251789796741e-05
2023-11-30,NBIX,Healthcare,0.1301140633453748,0.01405512656399864
2023-11-30,NTRA,Healthcare,0.11957101940095693,-0.022653571059546056
2023-11-30,NVCR,Healthcare,0.21678889553170566,-0.007084795729155898
2023-11-30,PODD,Healthcare,0.14749590105132238,0.024861523381573342
2023-11-30,RARE,Healthcare,0.230888071377358,-0.014479028450282629
2023-11-30,RMD,Healthcare,0.09059801159141401,-0.004763722910344889
2023-11-30,WAT,Healthcare,0.17326548652162876,0.023477070186445903
2023-11-30,AAPL,Technology,0.013582569637605957,-0.012185029218002264
2023-11-30,ADBE,Technology,-0.023583957626512553,0.003645102912983148
2023-11-30,AMAT,Technology,0.08205396505444029,0.05301845460889589
2023-11-30,AMD,Technology,0.2166556553861283,0.037352485549067914
2023-11-30,AVGO,Technology,0.2113498693176732,0.012591480893692742
2023-11-30,CDNS,Technology,-0.003293423839671461,-0.011525094159247249
2023-11-30,CRM,Technology,0.0446208683504723,0.07832853338852143
2023-11-30,CRWD,Technology,0.07734504158903621,0.07727234851416896
2023-11-30,FTNT,Technology,0.11358442256509504,0.07294212511532056
2023-11-30,GOOGL,Technology,0.05402558470002572,-0.002703056877867336
2023-11-30,INTC,Technology,0.12416102913298444,-0.02170888749261545
2023-11-30,INTU,Technology,0.09374240202229434,-0.032444252949617176
2023-11-30,KLAC,Technology,0.06734928902290083,0.0013562585287334068
2023-11-30,LRCX,Technology,0.09704336430287563,0.05963831980448254
2023-11-30,META,Technology,0.08195020561588362,0.03807998258780524
2023-11-30,MSFT,Technology,-0.007574312666211114,0.04291728325886306
2023-11-30,MU,Technology,0.12262564955041588,0.06141061081963822
2023-11-30,NET,Technology,0.07919637705129601,0.03594111625636979
2023-11-30,NOW,Technology,0.030259349802534086,0.012061353611773431
2023-11-30,NVDA,Technology,0.058933994781221966,-0.023181248291327186
2023-11-30,ORCL,Technology,-0.09276303718831491,-0.06504453520118027
2023-11-30,PANW,Technology,-0.0007116183458746317,0.0005661313733767732
2023-11-30,QCOM,Technology,0.12072830031706383,0.13644071744011022
2023-11-30,SNPS,Technology,-0.05213262953525055,0.02370412587068503
2023-11-30,TXN,Technology,0.11623344087231091,0.06844818337052859
2023-11-30,ACN,Technology,0.053341028676451074,0.01855125286469672
2023-11-30,ADI,Technology,0.08788098852924153,0.0383553156726341
2023-11-30,ANET,Technology,0.07191291843864622,-0.055824001103338385
2023-11-30,CGNX,Technology,0.10716170026825367,0.14056442537703945
2023-11-30,COHU,Technology,0.11534824772185148,0.10993443697139009
2023-11-30,CSCO,Technology,0.04423310659602464,0.014339606767437415
2023-11-30,DELL,Technology,0.008303599308778775,0.044878699960794556
2023-11-30,ENTG,Technology,0.14770113001042806,0.05312432228172027
2023-11-30,FORM,Technology,0.1098988039432478,-0.02245667763938308
2023-11-30,HPQ,Technology,0.03496814191431796,0.027325377883466458
2023-11-30,IBM,Technology,0.031470775946246476,0.007990608245151616
2023-11-30,IPGP,Technology,0.1334586308917971,0.08946187548105458
2023-11-30,KEYS,Technology,0.17072630107031617,0.10294457569399192
2023-11-30,MCHP,Technology,0.08077655410230133,0.0693282637338834
2023-11-30,MKSI,Technology,0.2461539328915061,0.046314727496727874
2023-11-30,MPWR,Technology,0.15135696085013373,-0.010388614982554981
2023-11-30,MRVL,Technology,0.0821819517513267,0.21336839145468364
2023-11-30,NXPI,Technology,0.1306391117137129,0.030789754956439278
2023-11-30,ONTO,Technology,0.08432025993073866,0.07694203496623207
2023-11-30,QRVO,Technology,0.1669430115062338,0.17366072955133702
2023-11-30,STX,Technology,0.08834714179130265,0.027056450386179078
2023-11-30,SWKS,Technology,0.15980593940447485,0.16058104875859192
2023-11-30,TER,Technology,0.17662353205001358,0.09521874906919929
2023-11-30,VRSN,Technology,-0.029406212271200993,0.01088376671884335
2023-11-30,WDC,Technology,0.08404051252012201,0.08676265040756773
2023-12-31,AMZN,Consumer,0.021455801332457725,-0.008391262431685666
2023-12-31,AZO,Consumer,0.06827006704681926,-0.00685908863875635
2023-12-31,BKNG,Consumer,-0.011205924961241398,-0.014044752996518601
2023-12-31,CMG,Consumer,0.053262828311353205,-0.005052890471618557
2023-12-31,COST,Consumer,0.0527208092425393,0.014207246630856431
2023-12-31,DG,Consumer,-0.02429944527559058,0.07622626970116483
2023-12-31,DLTR,Consumer,-0.08046467926090528,0.004061942738712841
2023-12-31,DRI,Consumer,-0.002498356516521416,-0.03553737979125822
2023-12-31,EBAY,Consumer,-0.05845937200334528,0.02022121858042825
2023-12-31,HD,Consumer,0.0184966468742076,-0.0023696855067225006
2023-12-31,HLT,Consumer,0.048712333338108316,-0.03333082453488853
2023-12-31,KR,Consumer,0.009407285816307454,0.020741217787693795
2023-12-31,LOW,Consumer,-0.03882171114966004,0.013010446172229831
2023-12-31,LULU,Consumer,-0.1124019641695263,0.014383514917030212
2023-12-31,MAR,Consumer,0.06305705929935912,0.014709922025312738
2023-12-31,MCD,Consumer,-0.012781986370364984,-0.01572649918738309
2023-12-31,MGM,Consumer,-0.029319636623620693,0.02692589900168607
2023-12-31,NKE,Consumer,-0.06484281572778705,0.006027136591003109
2023-12-31,ORLY,Consumer,0.07680398500299801,0.015720109676869213
2023-12-31,ROST,Consumer,0.013657229236604618,-0.03946722354697361
2023-12-31,SBUX,Consumer,-0.03103838722099006,-0.00363873061262913
2023-12-31,TGT,Consumer,-0.023451830906006665,0.0028520188955244107
2023-12-31,TJX,Consumer,0.011725907017638315,0.02685224282213666
2023-12-31,WMT,Consumer,0.04820803656289585,0.034341337301668426
2023-12-31,YUM,Consumer,-0.008954323291040955,-0.032004009033068194
2023-12-31,BBY,Consumer,-0.07396539400023872,0.01969008252430566
2023-12-31,CCL,Consumer,-0.10571743798172206,0.08707645658306386
2023-12-31,CHDN,Consumer,-0.10346095118318654,0.026788211250332962
2023-12-31,CMCSA,Consumer,0.06841143051665144,0.00965060077301256
2023-12-31,CZR,Consumer,-0.06420652874681099,0.0013379539616941746
2023-12-31,DIS,Consumer,0.06379457596533888,-0.03558949824022047
2023-12-31,DKNG,Consumer,0.10780139679604384,-0.19969479989644445
2023-12-31,F,Consumer,-0.038556067225338775,-0.007125624933725097
2023-12-31,FOX,Consumer,0.08535258948485791,0.05300290198364293
2023-12-31,GM,Consumer,0.08017809917427221,-0.009285992034436703
2023-12-31,GRMN,Consumer,-0.07040598373522189,-0.07697951334506065
2023-12-31,H,Consumer,-0.01564331547436515,-0.0237939399606999
2023-12-31,IHG,Consumer,0.04474662978169297,-0.00886996160359607
2023-12-31,LVS,Consumer,-0.005893031742713606,0.06448477937191564
2023-12-31,NCLH,Consumer,-0.11177652575510633,0.010124626698950132
2023-12-31,NFLX,Consumer,0.15862223990142965,0.012403495701390654
2023-12-31,PENN,Consumer,-0.1333589992181483,0.005847119507034065
2023-12-31,POOL,Consumer,-0.06887222162156503,0.010603666243604948
2023-12-31,RCL,Consumer,-0.015368241386778059,-0.06946826570906738
2023-12-31,SIRI,Consumer,-0.06946975674498213,0.06742772438156747
2023-12-31,TSLA,Consumer,-0.24625725810339172,-0.02245243727269255
2023-12-31,WBD,Consumer,-0.11950787724083078,0.03860910213633892
2023-12-31,WYNN,Consumer,0.03643935499340745,0.07755410703038115
2023-12-31,APA,Energy,-0.11963779320017975,0.06865207147768863
2023-12-31,BA,Energy,-0.19036296201506397,-0.014355065886006274
2023-12-31,CAT,Energy,0.020398469700510624,0.018419254963703183
2023-12-31,COP,Energy,-0.03618502282655922,0.012031653031531923
2023-12-31,CVX,Energy,-0.011598310373775567,0.03061366957182793
2023-12-31,DE,Energy,-0.01573005054200305,0.03436843022383925
2023-12-31,DVN,Energy,-0.07240615775359527,0.09131007859430218
2023-12-31,EOG,Energy,-0.051762381233117494,0.015891991311910745
2023-12-31,FDX,Energy,-0.04617142317731837,0.006058506603731995
2023-12-31,GD,Energy,0.02590477937344149,0.012539557370852276
2023-12-31,GE,Energy,0.037530476683116376,0.003402092029306603
2023-12-31,HAL,Energy,-0.01383117290014213,0.05828408416511598
2023-12-31,HON,Energy,-0.03552512851538814,0.008583280678851765
2023-12-31,LMT,Energy,-0.05257688782150449,0.013777421789241018
2023-12-31,MMM,Energy,-0.13693740769649787,0.043062844306601095
2023-12-31,MPC,Energy,0.11620399924142699,0.013478200686375993
2023-12-31,NOC,Energy,-0.045670003127572745,0.014007483800462059
2023-12-31,OXY,Energy,-0.03583993286425069,0.025987856312271136
2023-12-31,PSX,Energy,0.08389663366878475,0.007777627276956531
2023-12-31,RTX,Energy,0.08295714138699473,0.023237578540815394
2023-12-31,SLB,Energy,-0.06418135711349537,0.0529488816690557
2023-12-31,UNP,Energy,-0.0068804882695259195,0.008407128531300599
2023-12-31,UPS,Energy,-0.09750050130195198,0.010782000585379415
2023-12-31,VLO,Energy,0.07658018251201093,0.05130907163019393
2023-12-31,XOM,Energy,0.028305621454519203,0.024843675802957526
2023-12-31,AME,Energy,-0.017223454478838107,0.006208820440673077
2023-12-31,BE,Energy,-0.23513516561230885,0.003912906035984855
2023-12-31,BKR,Energy,-0.16617909066840786,0.012769619382073317
2023-12-31,CTRA,Energy,-0.025078232370265297,0.012769619382073317
2023-12-31,EMR,Energy,-0.057536195664714795,0.017108476955533775
2023-12-31,ENPH,Energy,-0.21197216789471784,0.05071948345943751
2023-12-31,ETN,Energy,0.02184200405548964,0.00830967995171566
2023-12-31,FSLR,Energy,-0.15080099786175016,0.03125764332066325
2023-12-31,FTV,Energy,0.061795385098018185,0.021900188879540247
2023-12-31,GNRC,Energy,-0.120473589155351,-0.03607550528817693
2023-12-31,HUBB,Energy,0.020186531183704837,0.007392532188816548
2023-12-31,MTDR,Energy,-0.03464653717907351,0.036120552790815184
2023-12-31,PH,Energy,0.008248354424633897,0.009203871725823386
2023-12-31,PLUG,Energy,-0.011111153496636272,0.10561130230232674
2023-12-31,PR,Energy,-0.008823599671500926,0.059162255644181254
2023-12-31,ROK,Energy,-0.1842308748847331,0.027494030500859478
2023-12-31,ROP,Energy,-0.013571774586964125,0.009649234550652547
2023-12-31,SM,Energy,-0.03749828814384226,0.057963033296730436
2023-12-31,VRSK,Energy,0.011177974186123762,0.011257089152503463
2023-12-31,WMB,Energy,-0.004880788166531702,0.007703006762842298
2023-12-31,XYL,Energy,-0.01678916571389122,0.006384869217092835
2023-12-31,AXP,Financials,0.07498946484247693,0.01714016220821648
2023-12-31,BAC,Financials,0.010097997387517266,-0.04489123656800173
2023-12-31,BK,Financials,0.07376767406642681,-0.006046946021639826
2023-12-31,BLK,Financials,-0.04618120175683271,-0.028855209918634325
2023-12-31,C,Financials,0.0919517929460294,-0.028531255832278394
2023-12-31,CFG,Financials,-0.00103029496731033,-0.002793926232084146
2023-12-31,CME,Financials,-0.022602083272507234,-0.00576911515406585
2023-12-31,COF,Financials,0.0320317634044629,-0.020136306668579587
2023-12-31,FITB,Financials,-0.007248303733092487,-0.019249240112149308
2023-12-31,GS,Financials,-0.004562168237963848,-0.03980698986716719
2023-12-31,HBAN,Financials,0.0007861238853272834,-0.014695588861357552
2023-12-31,ICE,Financials,-0.0085648687412464,0.030380156282661927
2023-12-31,JPM,Financials,0.031364884548929606,0.025301083359607693
2023-12-31,KEY,Financials,0.009027772702262515,0.05609569116436595
2023-12-31,MCO,Financials,0.003789434503689515,-0.011792997624081881
2023-12-31,MS,Financials,-0.05528572380296748,-0.006424334160077255
2023-12-31,MTB,Financials,0.007440803145364772,-0.04106210717867985
2023-12-31,PNC,Financials,-0.01348215717964596,-0.009374634498271552
2023-12-31,RF,Financials,-0.0366353908764907,-0.014550690158650261
2023-12-31,SCHW,Financials,-0.08546518678484594,-0.03122885263553793
2023-12-31,SPGI,Financials,0.017774565068155557,-0.023059780818086236
2023-12-31,STT,Financials,-0.04634630636997639,-0.051581769260434784
2023-12-31,TFC,Financials,0.0037922409210058294,-0.029669403713971507
2023-12-31,USB,Financials,-0.04020333535352161,0.06346622375393232
2023-12-31,WFC,Financials,0.01950419330885511,-0.038638557851114134
2023-12-31,AFL,Financials,0.022303070491477506,-0.014177610339911394
2023-12-31,AJG,Financials,0.032372724860999735,0.0041981178012099486
2023-12-31,ALL,Financials,0.1090868656571733,0.02105673902984247
2023-12-31,AMTD,Financials,-0.06666667108182567,-0.006630468333625924
2023-12-31,AON,Financials,0.02757715442319042,0.017055090936358295
2023-12-31,CB,Financials,0.08407088722579115,0.0025385340957248866
2023-12-31,FDS,Financials,-0.002368724303720704,0.026398441391609975
2023-12-31,FNF,Financials,-0.01940424614460423,-0.023332205391636454
2023-12-31,GL,Financials,0.01090631153504007,0.006099768125496259
2023-12-31,HIG,Financials,0.08186106043116337,0.006701466438862064
2023-12-31,IBKR,Financials,0.07056727985571376,0.0559770428072071
2023-12-31,LPLA,Financials,0.05083027536403062,0.03197612877297131
2023-12-31,MET,Financials,0.048238442891679334,-0.008179364261202879
2023-12-31,MSCI,Financials,0.05828672805534518,-4.043738957142931e-05
2023-12-31,NDAQ,Financials,-0.006363929260573609,-0.012512854831591865
2023-12-31,PGR,Financials,0.1247256833264454,0.012605924160601183
2023-12-31,PRU,Financials,0.011763628547059035,-0.004973430107879146
2023-12-31,RJF,Financials,-0.011838553742724578,-0.042946481085937155
2023-12-31,SEIC,Financials,-0.0048780349732390205,0.015287196073109478
2023-12-31,SF,Financials,0.054953028082307176,-0.030018614083668006
2023-12-31,SYF,Financials,0.017805735738797512,-0.044175982311896754
2023-12-31,TRV,Financials,0.10955954558598857,0.028912888886216244
2023-12-31,UNM,Financials,0.07734652790362917,-0.0085208558764665
2023-12-31,WTW,Financials,0.02114423891950179,0.02601866451622594
2023-12-31,ABBV,Healthcare,0.07098614691555238,-0.017579658134207515
2023-12-31,ABT,Healthcare,0.032948391441811165,-0.0022361704647906873
2023-12-31,AMGN,Healthcare,0.0911049061176008,-0.0161810004487618
2023-12-31,BAX,Healthcare,0.0007759805078328963,-0.02753962590334439
2023-12-31,BIIB,Healthcare,-0.046798260485000354,0.009056112933657314
2023-12-31,BMY,Healthcare,-0.03650076180845008,0.031817024658779565
2023-12-31,BSX,Healthcare,0.09427429196983472,0.009920949876090206
2023-12-31,CI,Healthcare,0.005009208635601947,0.0063770242921300955
2023-12-31,CVS,Healthcare,-0.04957593293846052,0.03883816139657726
2023-12-31,DHR,Healthcare,0.03704502594116432,-0.024615037317817286
2023-12-31,EW,Healthcare,0.02911477010758201,0.031406687339415866
2023-12-31,GILD,Healthcare,-0.03394669912512349,0.04002842749564797
2023-12-31,HUM,Healthcare,-0.1741987941936346,0.02847631996615256
2023-12-31,ISRG,Healthcare,0.12111696005251016,-0.019420047541713073
2023-12-31,JNJ,Healthcare,0.013780551952562226,-0.04547232475713688
2023-12-31,LLY,Healthcare,0.10754455454179124,0.03427742074092536
2023-12-31,MDT,Healthcare,0.06263665447533451,0.002373661951724902
2023-12-31,MRK,Healthcare,0.10787013195277373,-0.012382755368465488
2023-12-31,PFE,Healthcare,-0.045241149721260254,-0.0311645382579315
2023-12-31,REGN,Healthcare,0.07342677450801927,0.003729360758032873
2023-12-31,SYK,Healthcare,0.12028325378612092,0.0038758394237161336
2023-12-31,TMO,Healthcare,0.015429998913568,-0.009221546554540213
2023-12-31,UNH,Healthcare,-0.02797874706818959,0.00439256241604502
2023-12-31,VRTX,Healthcare,0.0651035643065927,0.006769778792294451
2023-12-31,ZBH,Healthcare,0.03204611059504914,-0.06882520975570415
2023-12-31,A,Healthcare,-0.06423060191684049,0.027366869934053753
2023-12-31,ACAD,Healthcare,-0.17246885054738348,0.04082490443381709
2023-12-31,ALGN,Healthcare,-0.024379535313070244,-0.012171485860712943
2023-12-31,ALKS,Healthcare,-0.02487384786412361,-0.005272930390407291
2023-12-31,BDX,Healthcare,-0.020588055367244285,0.014318547505801377
2023-12-31,DGX,Healthcare,-0.06362398988648799,-0.01496284837657894
2023-12-31,DXCM,Healthcare,-0.0220807312807767,-0.002588372672677164
2023-12-31,FOLD,Healthcare,-0.12403096034200012,0.07149971730023846
2023-12-31,HOLX,Healthcare,0.041847524434885486,0.008389268210457745
2023-12-31,IDXX,Healthcare,-0.07201147929406604,0.007913721448239711
2023-12-31,INSP,Healthcare,0.036572790194530524,0.05610238318477498
2023-12-31,IQV,Healthcare,-0.1000519001933563,0.0026126661467121117
2023-12-31,MASI,Healthcare,0.10007681467926499,0.019965779437728124
2023-12-31,MTD,Healthcare,-0.013001269653667102,0.007985006587714095
2023-12-31,NBIX,Healthcare,0.06079242637801885,-0.0050401471814679934
2023-12-31,NTRA,Healthcare,0.05268204156948242,-0.006239648823588946
2023-12-31,NVCR,Healthcare,-0.06764904274862604,0.07213875118600926
2023-12-31,PODD,Healthcare,-0.1203336764884897,0.0021600490640915414
2023-12-31,RARE,Healthcare,-0.0775825827718315,-0.035792036649733835
2023-12-31,RMD,Healthcare,0.10568548180099513,-0.019913524049173716
2023-12-31,WAT,Healthcare,-0.034990794116057655,0.01124855165201234
2023-12-31,AAPL,Technology,-0.0422272252814021,-0.02598636804196851
2023-12-31,ADBE,Technology,0.03550126479662685,-0.010430376194940454
2023-12-31,AMAT,Technology,0.013759497754391559,-0.02916792156620477
2023-12-31,AMD,Technology,0.13757545807937377,0.009852675543343459
2023-12-31,AVGO,Technology,0.057110798102993465,0.013760800672770556
2023-12-31,CDNS,Technology,0.05907404129066385,0.04608885044734618
2023-12-31,CRM,Technology,0.06821475982809222,0.01913619657813575
2023-12-31,CRWD,Technology,0.14562114839895068,-0.10522267370033946
2023-12-31,FTNT,Technology,0.10182810881213977,0.07337659266168718
2023-12-31,GOOGL,Technology,0.0029350150076858927,-0.012783076510712824
2023-12-31,INTC,Technology,-0.14268654268401937,-0.028959283133355856
2023-12-31,INTU,Technology,0.011600964272643122,0.014224914975420019
2023-12-31,KLAC,Technology,0.0219165957330274,-0.012177745562507726
2023-12-31,LRCX,Technology,0.05350730841277218,-0.06073587235408403
2023-12-31,META,Technology,0.10221501077791917,0.05993249503889319
2023-12-31,MSFT,Technology,0.05728106761688645,0.07452205721110247
2023-12-31,MU,Technology,0.004804426542602602,-0.009736869339665846
2023-12-31,NET,Technology,-0.05056448446379125,0.023640084872486786
2023-12-31,NOW,Technology,0.08338403469679512,0.006749797140948519
2023-12-31,NVDA,Technology,0.2424175834001081,0.06530448653285363
2023-12-31,ORCL,Technology,0.06357606843815922,-0.000967375316865097
2023-12-31,PANW,Technology,0.14795850569844982,0.023744248605098533
2023-12-31,QCOM,Technology,0.02682701817005606,-0.020649701713343342
2023-12-31,SNPS,Technology,0.03581209027433285,0.04763717815660602
2023-12-31,TXN,Technology,-0.05324689574051955,-0.00044285268002396924
2023-12-31,ACN,Technology,0.040747479568096434,0.03227560461356596
2023-12-31,ADI,Technology,-0.031225022667365154,0.008196690287103656
2023-12-31,ANET,Technology,0.09838222881990166,0.012509779470673252
2023-12-31,CGNX,Technology,-0.13416395174044782,0.024031249562273472
2023-12-31,COHU,Technology,-0.09974565810050273,0.029204258369794643
2023-12-31,CSCO,Technology,0.0009990299110751444,0.007062337969600566
2023-12-31,DELL,Technology,0.08823871627390156,0.0745050060039245
2023-12-31,ENTG,Technology,-0.016893912182633475,0.07349554526745762
2023-12-31,FORM,Technology,-0.07048666246083557,0.0377950721543918
2023-12-31,HPQ,Technology,-0.045862507055901336,-0.020752405884040863
2023-12-31,IBM,Technology,0.1229593836487397,0.06723473991550966
2023-12-31,IPGP,Technology,-0.09812052179884734,0.08522520513119002
2023-12-31,KEYS,Technology,-0.03664593604410149,0.11586526241535196
2023-12-31,MCHP,Technology,-0.055444512348241104,0.05008354109671093
2023-12-31,MKSI,Technology,0.034801054639564954,-0.06219936046851181
2023-12-31,MPWR,Technology,-0.04448477934441897,-0.048600537795570296
2023-12-31,MRVL,Technology,0.12372154202563412,0.021099278585996573
2023-12-31,NXPI,Technology,-0.08320253632155472,-0.046780288847782375
2023-12-31,ONTO,Technology,0.05624595452461545,0.06545512202243128
2023-12-31,QRVO,Technology,-0.11428827525820096,-0.03268573004598571
2023-12-31,STX,Technology,0.003631267336535293,-0.04371569567933398
2023-12-31,SWKS,Technology,-0.07080588049087522,-0.03136456146961095
2023-12-31,TER,Technology,-0.10993372166048088,-0.016570729810232873
2023-12-31,VRSN,Technology,-0.03437553491898637,0.0019359439773972563
2023-12-31,WDC,Technology,0.09318322112405686,-0.0008471881475887086
2024-01-31,AMZN,Consumer,0.1389175127740745,0.06092601372100012
2024-01-31,AZO,Consumer,0.08829785240598897,0.057329389746760266
2024-01-31,BKNG,Consumer,-0.011016280181542104,-0.03890665602949918
2024-01-31,CMG,Consumer,0.11624186824940774,0.022238301903381184
2024-01-31,COST,Consumer,0.07210396996116186,-0.07700615384439911
2024-01-31,DG,Consumer,0.1002498614224927,-0.008987013920083813
2024-01-31,DLTR,Consumer,0.12295206062582764,0.03261920066965398
2024-01-31,DRI,Consumer,0.05000612837508278,0.036740634820722755
2024-01-31,EBAY,Consumer,0.15120520062306086,0.07156664561225724
2024-01-31,HD,Consumer,0.07833748479872726,0.03613850828719712
2024-01-31,HLT,Consumer,0.0707692495585619,-0.019316837519472333
2024-01-31,KR,Consumer,0.08209207753890713,0.0035172360267805795
2024-01-31,LOW,Consumer,0.13075558569653967,-0.05359381327294666
2024-01-31,LULU,Consumer,0.029240643425823,-0.02090744406505565
2024-01-31,MAR,Consumer,0.04453337552909731,-0.01090738944244754
2024-01-31,MCD,Consumer,0.004177741013461578,-0.011339137228819561
2024-01-31,MGM,Consumer,-0.002075170735633236,-0.014272141250632012
2024-01-31,NKE,Consumer,0.02363817942195201,0.07741427988160966
2024-01-31,ORLY,Consumer,0.06291974302501013,0.06356654163762347
2024-01-31,ROST,Consumer,0.06187629149407314,-0.01825587481087666
2024-01-31,SBUX,Consumer,0.02623849269184264,0.06020294682945649
2024-01-31,TGT,Consumer,0.10765488526102018,0.100222217555196
2024-01-31,TJX,Consumer,0.048131343060303866,-0.007169497447459083
2024-01-31,WMT,Consumer,0.06402422034490263,0.04989710995273844
2024-01-31,YUM,Consumer,0.07431235663039049,-0.007606840077915129
2024-01-31,BBY,Consumer,0.11574032198382445,0.010397208752851739
2024-01-31,CCL,Consumer,-0.043425877107926336,-0.007506972540342085
2024-01-31,CHDN,Consumer,0.007439944492981354,-0.07398280211862296
2024-01-31,CMCSA,Consumer,-0.0792866668504354,0.012299832487030538
2024-01-31,CZR,Consumer,-0.009117796237075426,0.10082976298000139
2024-01-31,DIS,Consumer,0.1616865745821745,0.06891380874183384
2024-01-31,DKNG,Consumer,0.10934700489600035,0.2127786113394822
2024-01-31,F,Consumer,0.09007373706732302,-0.06791647534268994
2024-01-31,FOX,Consumer,-0.08763751684192911,0.015969704168560604
2024-01-31,GM,Consumer,0.05931436916466093,0.022101852532067517
2024-01-31,GRMN,Consumer,0.14946864826283646,-0.0024457454285929468
2024-01-31,H,Consumer,0.19765233455708042,-0.014646209085298283
2024-01-31,IHG,Consumer,0.12492125699542145,-0.01853829189545976
2024-01-31,LVS,Consumer,0.11890579020048819,0.00893477495291491
2024-01-31,NCLH,Consumer,0.08932585509764657,-0.03701387654580466
2024-01-31,NFLX,Consumer,0.06879864861620777,0.055905520833065804
2024-01-31,PENN,Consumer,-0.1884700728953993,0.09367474619789548
2024-01-31,POOL,Consumer,0.07237701960162712,0.011260923735065933
2024-01-31,RCL,Consumer,-0.032548978462245914,-0.021902868924098443
2024-01-31,SIRI,Consumer,-0.1269816005759865,0.01195846645443179
2024-01-31,TSLA,Consumer,0.07790064669600238,0.0517592414968702
2024-01-31,WBD,Consumer,-0.12275453490200383,0.04491513951960553
2024-01-31,WYNN,Consumer,0.11669331739304156,0.011486001026769246
2024-01-31,APA,Energy,-0.049154051814000566,0.02727614876172505
2024-01-31,BA,Energy,-0.03468533120878692,0.020537374075877607
2024-01-31,CAT,Energy,0.11205093709208791,-0.006124830993457733
2024-01-31,COP,Energy,0.013165551804871445,0.02828461125550583
2024-01-31,CVX,Energy,0.04231610211319303,0.024688954512537217
2024-01-31,DE,Energy,-0.07248855465141446,0.06991546082546259
2024-01-31,DVN,Energy,0.04854840363432156,0.024688954512537217
2024-01-31,EOG,Energy,0.005887977392933896,0.02828461125550583
2024-01-31,FDX,Energy,0.031828956438357814,0.08064759646105872
2024-01-31,GD,Energy,0.03117099748250718,0.02343866194630368
2024-01-31,GE,Energy,0.18479087741886557,0.01139540659016862
2024-01-31,HAL,Energy,-0.01626944474405967,0.02828461125550583
2024-01-31,HON,Energy,-0.012052442982331324,0.02114813236287826
2024-01-31,LMT,Energy,0.0045921795282259925,0.02727614876172505
2024-01-31,MMM,Energy,-0.00741791550562787,0.03858609270569005
2024-01-31,MPC,Energy,0.026903246813019033,0.046107119853482245
2024-01-31,NOC,Energy,0.03615786719794456,0.02727614876172505
2024-01-31,OXY,Energy,0.052805419273560306,0.02727614876172505
2024-01-31,PSX,Energy,-0.005337808979567926,0.0278642846622873
2024-01-31,RTX,Energy,-0.009434579474039806,0.022626168920123316
2024-01-31,SLB,Energy,-0.0019443649292634202,0.08145247130944192
2024-01-31,UNP,Energy,0.0453767623596153,0.039390967554073224
2024-01-31,UPS,Energy,0.05653729151945508,0.023884079664154026
2024-01-31,VLO,Energy,0.018430542960819363,0.04652744644670077
2024-01-31,XOM,Energy,0.026080821177828284,0.02727614876172505
2024-01-31,AME,Energy,0.11187894303023271,0.02364224959170127
2024-01-31,BE,Energy,-0.22526495634328236,0.02015882547280393
2024-01-31,BKR,Energy,0.045803154255108725,0.02828461125550583
2024-01-31,CTRA,Energy,0.03617364412725643,0.04551898395292
2024-01-31,EMR,Energy,0.17061640732313155,0.02114813236287826
2024-01-31,ENPH,Energy,0.2197253960079355,-0.0473566648633714
2024-01-31,ETN,Energy,0.17441500402167698,0.02444712444008446
2024-01-31,FSLR,Energy,0.05187967313442532,0.061114406657938596
2024-01-31,FTV,Energy,0.08993048885845933,0.016747600771526497
2024-01-31,GNRC,Energy,-0.01020494458872745,0.012977631160801303
2024-01-31,HUBB,Energy,0.13817690938248073,0.017552475619909674
2024-01-31,MTDR,Energy,0.15429559751188537,0.04652744644670077
2024-01-31,PH,Energy,0.15607211260533926,0.02364224959170127
2024-01-31,PLUG,Energy,-0.2067415454625139,-0.05267335598643451
2024-01-31,PR,Energy,0.154302740287817,0.026855822168506523
2024-01-31,ROK,Energy,0.13057490407040895,0.032927650370307565
2024-01-31,ROP,Energy,0.014394595808678634,0.02828461125550583
2024-01-31,SM,Energy,0.18042057587108107,0.04530986342536872
2024-01-31,VRSK,Energy,0.001532034453615827,0.08145247130944192
2024-01-31,WMB,Energy,0.036929875577517146,0.04652744644670077
2024-01-31,XYL,Energy,0.13323168055859336,0.016747600771526497
2024-01-31,AXP,Financials,0.09305559213412384,0.013925907194682592
2024-01-31,BAC,Financials,0.022145651411086487,0.05681157861048925
2024-01-31,BK,Financials,0.011359439703008567,0.038172159474835765
2024-01-31,BLK,Financials,0.04782325917838959,0.023599841085344065
2024-01-31,C,Financials,-0.0026772053675718777,0.02211051098454301
2024-01-31,CFG,Financials,-0.0400612307914171,0.036316860971370754
2024-01-31,CME,Financials,0.07049156771831555,0.03902354216786822
2024-01-31,COF,Financials,0.021449801793605117,0.01040173924016484
2024-01-31,FITB,Financials,0.0029204900924766353,0.035985529212444946
2024-01-31,GS,Financials,0.02030410570759278,0.05682137746594542
2024-01-31,HBAN,Financials,0.024351930526982146,0.03136630355780642
2024-01-31,ICE,Financials,0.08709641108438126,0.028886485384722604
2024-01-31,JPM,Financials,0.06710253245878595,0.04779012107343873
2024-01-31,KEY,Financials,-0.003569362178355018,0.04214109781854873
2024-01-31,MCO,Financials,-0.02999692734964654,0.013104121975734741
2024-01-31,MS,Financials,-0.01375493916294479,0.021559724319279754
2024-01-31,MTB,Financials,0.011875535681366678,0.06182285129399644
2024-01-31,PNC,Financials,-0.02651957972036001,0.039377377403170565
2024-01-31,RF,Financials,0.010922571614017995,0.013877271237904141
2024-01-31,SCHW,Financials,0.06561510887776167,0.03779576087334352
2024-01-31,SPGI,Financials,-0.04255324896394552,0.015382910774131479
2024-01-31,STT,Financials,-0.0018952864755332754,0.05545027805214708
2024-01-31,TFC,Financials,-0.04229565843170835,0.042761450801871
2024-01-31,USB,Financials,0.010110682863084364,0.046282860268119896
2024-01-31,WFC,Financials,0.1155929627153125,0.02129535827041326
2024-01-31,AFL,Financials,-0.03661631457801584,0.05411776827075266
2024-01-31,AJG,Financials,0.053272336564326395,0.005847052490324792
2024-01-31,ALL,Financials,0.027504217247501073,0.04132574344793942
2024-01-31,AMTD,Financials,0.011904821881092875,-0.019171442231998223
2024-01-31,AON,Financials,0.058841267267650155,0.013815648752179705
2024-01-31,CB,Financials,0.027224424930134328,0.05459496358527265
2024-01-31,FDS,Financials,-0.025961658191222536,0.031219999575512646
2024-01-31,FNF,Financials,0.010993323090540574,0.015279449107896304
2024-01-31,GL,Financials,0.033463686145311256,0.061936804217629406
2024-01-31,HIG,Financials,0.10211598022036528,0.05384619914030059
2024-01-31,IBKR,Financials,0.22614314374889455,0.05047054502125329
2024-01-31,LPLA,Financials,0.11998833018520427,0.03622632017494189
2024-01-31,MET,Financials,0.01405418667529812,0.051795755543455974
2024-01-31,MSCI,Financials,-0.060269666781354925,0.030949702827794374
2024-01-31,NDAQ,Financials,-0.027176690549965077,0.05631601087597267
2024-01-31,PGR,Financials,0.06345032268704798,0.03672366798445626
2024-01-31,PRU,Financials,0.05119629200809017,0.03993939337879121
2024-01-31,RJF,Financials,0.09203124003429153,0.04828911971519174
2024-01-31,SEIC,Financials,0.06340921387429788,0.03335768574708778
2024-01-31,SF,Financials,0.04566379715611091,0.02250152965435822
2024-01-31,SYF,Financials,0.06944077101320767,0.024698757993411417
2024-01-31,TRV,Financials,0.0454202535225503,0.04923114402382209
2024-01-31,UNM,Financials,0.022962240755660668,0.033349031781851196
2024-01-31,WTW,Financials,0.10682063765914118,0.03830297663008481
2024-01-31,ABBV,Healthcare,0.07086383918792794,0.008771299834782786
2024-01-31,ABT,Healthcare,0.048519574200723614,0.03643445513168332
2024-01-31,AMGN,Healthcare,-0.12183983128638931,0.004411241600259205
2024-01-31,BAX,Healthcare,0.06506961773534403,0.04249362284071119
2024-01-31,BIIB,Healthcare,-0.12028702557545234,-0.005616679862183763
2024-01-31,BMY,Healthcare,0.03846948439057196,-0.013916743785263617
2024-01-31,BSX,Healthcare,0.04663295670583811,0.021528155674996784
2024-01-31,CI,Healthcare,0.11692966744857891,0.031239730433253753
2024-01-31,CVS,Healthcare,0.0,0.013432307030372804
2024-01-31,DHR,Healthcare,0.05514572387522998,0.03174819638043103
2024-01-31,EW,Healthcare,0.08155984995945631,0.010550613230651295
2024-01-31,GILD,Healthcare,-0.07871191025021573,0.016041711040423266
2024-01-31,HUM,Healthcare,-0.07337466433707984,0.007480918573466669
2024-01-31,ISRG,Healthcare,0.01951246591664524,0.05858553729860995
2024-01-31,JNJ,Healthcare,0.023318662556426784,0.022723539545539906
2024-01-31,LLY,Healthcare,0.16943839563613894,-0.004161821881568806
2024-01-31,MDT,Healthcare,-0.047749570780633244,0.05330138611916428
2024-01-31,MRK,Healthcare,0.05274041413126218,0.014579823203762436
2024-01-31,PFE,Healthcare,-0.01920230170398385,0.007852446776459993
2024-01-31,REGN,Healthcare,0.024724796999984866,0.016827865350305924
2024-01-31,SYK,Healthcare,0.04050905678057504,0.05345777524694354
2024-01-31,TMO,Healthcare,0.0578871755797461,0.045897117405013045
2024-01-31,UNH,Healthcare,-0.0354477019184849,0.022047604863797685
2024-01-31,VRTX,Healthcare,-0.029166123277550415,0.05659500385895858
2024-01-31,ZBH,Healthcare,-0.009872706875290405,0.03827569880930071
2024-01-31,A,Healthcare,0.0558030111781902,0.025579897258671654
2024-01-31,ACAD,Healthcare,-0.10304901937545263,0.11483722582606823
2024-01-31,ALGN,Healthcare,0.1313033261328047,0.040323156861412655
2024-01-31,ALKS,Healthcare,0.09759709321470411,0.0005198357866426965
2024-01-31,BDX,Healthcare,-0.013651104762458344,0.014225146607402402
2024-01-31,DGX,Healthcare,-0.02756359203545522,0.0016340843999342529
2024-01-31,DXCM,Healthcare,-0.051751123677485134,0.06800761087331351
2024-01-31,FOLD,Healthcare,0.03137565406865228,0.029896681030389935
2024-01-31,HOLX,Healthcare,-0.008597519729425018,0.027682568580610425
2024-01-31,IDXX,Healthcare,0.11677790126425047,0.0044175447453956
2024-01-31,INSP,Healthcare,-0.15094609270212056,0.018426175787717693
2024-01-31,IQV,Healthcare,0.18695677247916165,0.05067827176190602
2024-01-31,MASI,Healthcare,-0.0031022890313284757,0.07056884454315152
2024-01-31,MTD,Healthcare,0.04178955031822973,0.01679925420571002
2024-01-31,NBIX,Healthcare,-0.06703877863315444,0.004028772894211288
2024-01-31,NTRA,Healthcare,0.31164687081447773,0.057564048892391466
2024-01-31,NVCR,Healthcare,0.09985634595576998,0.05036468842071621
2024-01-31,PODD,Healthcare,-0.14077642272003132,0.05836371019738611
2024-01-31,RARE,Healthcare,0.17252324881096648,0.01130401946797485
2024-01-31,RMD,Healthcare,-0.08434118119676792,0.04102431571591629
2024-01-31,WAT,Healthcare,0.06203777817117562,0.020464369355160605
2024-01-31,AAPL,Technology,-0.018543156542928263,0.06156820044700939
2024-01-31,ADBE,Technology,-0.09307520035156125,0.2185888069891513
2024-01-31,AMAT,Technology,0.22922515144479383,-0.012052959268963466
2024-01-31,AMD,Technology,0.14813045486459542,0.03373195754380586
2024-01-31,AVGO,Technology,0.10211021099459638,0.028466369106064916
2024-01-31,CDNS,Technology,0.05518967586260093,0.05153656293519409
2024-01-31,CRM,Technology,0.09865166397961556,0.1577719610617447
2024-01-31,CRWD,Technology,0.10820510733840805,0.12508014590396477
2024-01-31,FTNT,Technology,0.07163905876290233,-0.028757594519222607
2024-01-31,GOOGL,Technology,-0.011705923242403937,0.05023274905650185
2024-01-31,INTC,Technology,0.0022326982931941686,0.012095092045128044
2024-01-31,INTU,Technology,0.04998953326618771,0.14406767044196134
2024-01-31,KLAC,Technology,0.1511287668743473,0.10439270301916379
2024-01-31,LRCX,Technology,0.13703825507377387,0.05369406617981497
2024-01-31,META,Technology,0.2576255066491431,0.10145529911946255
2024-01-31,MSFT,Technology,0.042318438000643166,0.1427883840129197
2024-01-31,MU,Technology,0.05667639997334617,0.02099550696651979
2024-01-31,NET,Technology,0.246552778132197,0.1268213356803066
2024-01-31,NOW,Technology,0.0077606710597650785,0.16176526612863776
2024-01-31,NVDA,Technology,0.28580953219355365,0.25366058645460393
2024-01-31,ORCL,Technology,-0.00017908751864970096,0.05302600837435474
2024-01-31,PANW,Technology,-0.08259732700966504,0.18012576906567618
2024-01-31,QCOM,Technology,0.06788410952996982,0.12457969195633754
2024-01-31,SNPS,Technology,0.07571014667892517,0.08069320513240165
2024-01-31,TXN,Technology,0.04502869598205472,-0.003322721709428841
2024-01-31,ACN,Technology,0.029954857368512666,0.01636240484206282
2024-01-31,ADI,Technology,-0.0028070980112838706,0.015888399296314235
2024-01-31,ANET,Technology,0.07290867636902632,0.22706367851258977
2024-01-31,CGNX,Technology,0.09371076231135955,0.03205668102359564
2024-01-31,COHU,Technology,0.008474590476810873,-0.04714947253684676
2024-01-31,CSCO,Technology,-0.03607027029908194,-0.03714216460327449
2024-01-31,DELL,Technology,0.14213333992666688,0.11669881995477525
2024-01-31,ENTG,Technology,0.14154634977325542,0.018138996114792753
2024-01-31,FORM,Technology,0.10987872765629914,0.10763699641060162
2024-01-31,HPQ,Technology,-0.013235776763984908,-0.0039993769241132
2024-01-31,IBM,Technology,0.01664423698356776,0.1286931485814632
2024-01-31,IPGP,Technology,-0.11788743474798369,0.05200637097280697
2024-01-31,KEYS,Technology,0.00678591010177465,0.017143983238847305
2024-01-31,MCHP,Technology,-0.006855785647960966,0.0500957087204274
2024-01-31,MKSI,Technology,0.155274100861702,0.09258978230821388
2024-01-31,MPWR,Technology,0.19465097259866582,-0.033556301179163216
2024-01-31,MRVL,Technology,0.0584931509647153,-0.015276769021069699
2024-01-31,NXPI,Technology,0.18597110786394433,-0.07800012320412655
2024-01-31,ONTO,Technology,0.14030962019881965,0.05033099322977269
2024-01-31,QRVO,Technology,0.14848611896118769,0.006364312544016202
2024-01-31,STX,Technology,0.08601774453677313,0.08201591507068297
2024-01-31,SWKS,Technology,0.010915158198965713,0.014013349812785599
2024-01-31,TER,Technology,0.07373995201031525,0.021097498200596924
2024-01-31,VRSN,Technology,-0.01805117025456493,0.009334151383952938
2024-01-31,WDC,Technology,0.03877726789487146,0.05066428421744433
2024-02-29,AMZN,Consumer,0.020479805886374214,-0.012761832777315041
2024-02-29,AZO,Consumer,0.04844607882392249,0.014017636486973156
2024-02-29,BKNG,Consumer,0.0485274750486524,-8.60898964519295e-05
2024-02-29,CMG,Consumer,0.08107797899935143,-0.002814605664279878
2024-02-29,COST,Consumer,-0.015136556219554231,0.000996164261171383
2024-02-29,DG,Consumer,0.07397986771219789,0.1348170278356145
2024-02-29,DLTR,Consumer,-0.09224161068240122,0.0278773921040637
2024-02-29,DRI,Consumer,-0.020854463674355728,-0.009249430877318372
2024-02-29,EBAY,Consumer,0.12229547828929865,0.06442616378489918
2024-02-29,HD,Consumer,0.01388370821099949,0.0012938011235059128
2024-02-29,HLT,Consumer,0.04399960679730408,-0.00973520560973839
2024-02-29,KR,Consumer,0.15158243580450437,0.0050575523890772234
2024-02-29,LOW,Consumer,0.05842022513374934,0.007598544041030335
2024-02-29,LULU,Consumer,-0.16365155118010688,-0.006329313914180836
2024-02-29,MAR,Consumer,0.00976502011681446,-0.0323256535149701
2024-02-29,MCD,Consumer,-0.03534259832325015,0.017033121837544078
2024-02-29,MGM,Consumer,0.09080407615574404,0.08296586475897597
2024-02-29,NKE,Consumer,-0.09250674921922308,0.033043637189422256
2024-02-29,ORLY,Consumer,0.038126941626418276,0.020008332425077564
2024-02-29,ROST,Consumer,-0.012298198209718891,-0.02154958593951318
2024-02-29,SBUX,Consumer,-0.03698644504134463,0.01255762481938509
2024-02-29,TGT,Consumer,0.1588412120351561,0.011105267739903979
2024-02-29,TJX,Consumer,0.022997888937359212,-0.025058481476391944
2024-02-29,WMT,Consumer,0.03011293792665226,0.05131650573192175
2024-02-29,YUM,Consumer,0.0016615880010983908,0.002713165403930764
2024-02-29,BBY,Consumer,0.02655364792859216,-0.003669168809666158
2024-02-29,CCL,Consumer,0.030264903230623474,0.0017551190535006946
2024-02-29,CHDN,Consumer,0.015426191972069736,0.001579944020370987
2024-02-29,CMCSA,Consumer,0.011668497596150074,-0.0048969431337770155
2024-02-29,CZR,Consumer,0.006211190480369222,0.04580975157963104
2024-02-29,DIS,Consumer,0.09661233497231803,-0.000498697862962617
2024-02-29,DKNG,Consumer,0.04824561789730564,0.03140228811595842
2024-02-29,F,Consumer,0.06752417598551297,0.01771183243378684
2024-02-29,FOX,Consumer,0.05561831624449898,-0.056481054126620085
2024-02-29,GM,Consumer,0.10663724441316713,0.00977411562835278
2024-02-29,GRMN,Consumer,0.08923303511699698,-0.034358684037223815
2024-02-29,H,Consumer,0.03926034611292284,0.024394597029463925
2024-02-29,IHG,Consumer,-0.013997638363997589,-0.0596036206030444
2024-02-29,LVS,Consumer,-0.05172431345582129,-0.007367618307021867
2024-02-29,NCLH,Consumer,0.07942243238798086,-0.07942090979151442
2024-02-29,NFLX,Consumer,0.0073144346418954065,-0.050316273056335355
2024-02-29,PENN,Consumer,-0.0049180413300577985,0.10853004164596768
2024-02-29,POOL,Consumer,0.016273375045972704,0.003175279377080961
2024-02-29,RCL,Consumer,0.12695579238507704,-0.018261626232782473
2024-02-29,SIRI,Consumer,-0.12217206562446037,-0.026664098598290602
2024-02-29,TSLA,Consumer,-0.12923524353897475,0.09810998137008328
2024-02-29,WBD,Consumer,-0.0068259863341398885,0.011164723260744044
2024-02-29,WYNN,Consumer,-0.02823188007603683,0.010939507942693447
2024-02-29,APA,Energy,0.15407832986550685,0.05047907026744972
2024-02-29,BA,Energy,-0.052670310540174015,0.044795620188342045
2024-02-29,CAT,Energy,0.09722726782821955,0.015340003678786547
2024-02-29,COP,Energy,0.13097572790387035,0.0147994427989818
2024-02-29,CVX,Energy,0.03769502734642649,0.019919532067432747
2024-02-29,DE,Energy,0.12932667811987297,0.0155734416735046
2024-02-29,DVN,Energy,0.14957027640413578,0.031701966371988924
2024-02-29,EOG,Energy,0.1168967345483507,0.019919532067432747
2024-02-29,FDX,Energy,0.16964388570605715,0.019248263035638
2024-02-29,GD,Energy,0.03381521774641438,0.013515273122287633
2024-02-29,GE,Energy,0.1188092500060538,0.008351908042460216
2024-02-29,HAL,Energy,0.12949551649392355,0.05148362758509279
2024-02-29,HON,Energy,0.03280839404335367,0.013905917921530512
2024-02-29,LMT,Energy,0.062184878116433806,0.019228742993009907
2024-02-29,MMM,Energy,0.15143275448119464,0.039925881068027046
2024-02-29,MPC,Energy,0.19068735203406417,0.007977283377886809
2024-02-29,NOC,Energy,0.03826306566608406,0.014599005639797918
2024-02-29,OXY,Energy,0.0761406477579265,0.021099651272846822
2024-02-29,PSX,Energy,0.14616521728345266,0.015739619382573563
2024-02-29,RTX,Energy,0.08765477256846399,0.007615773604408295
2024-02-29,SLB,Energy,0.13407828832411672,0.04930254948399127
2024-02-29,UNP,Energy,-0.03058854234141073,0.0155734416735046
2024-02-29,UPS,Energy,0.0024956701215903543,0.017799206574831646
2024-02-29,VLO,Energy,0.20663085818032978,0.008529000791424322
2024-02-29,XOM,Energy,0.11213162982028257,0.021099651272846822
2024-02-29,AME,Energy,0.016674368857187982,0.013299360431455359
2024-02-29,BE,Energy,0.2816418682359265,0.04865646128937862
2024-02-29,BKR,Energy,0.13213907239286882,0.022395065461203918
2024-02-29,CTRA,Energy,0.09009360940081734,0.021099651272846822
2024-02-29,EMR,Energy,0.06148797234731851,0.01467991679605331
2024-02-29,ENPH,Energy,-0.04747656623790242,0.061816284013568486
2024-02-29,ETN,Energy,0.08532526152967534,0.013715684666142768
2024-02-29,FSLR,Energy,0.0968874112758773,0.011713686790596336
2024-02-29,FTV,Energy,0.010454693946791771,0.012335566203422068
2024-02-29,GNRC,Energy,0.1211447604179614,0.013673503017666566
2024-02-29,HUBB,Energy,0.09031429772460764,0.012514179407871043
2024-02-29,MTDR,Energy,0.057323770117740036,0.053267356911903076
2024-02-29,PH,Energy,0.0379866513310656,0.013894735772468993
2024-02-29,PLUG,Energy,-0.025495726600212487,0.18462048987616161
2024-02-29,PR,Energy,0.1456820475064271,0.04936551347796103
2024-02-29,ROK,Energy,0.021923608013156626,0.020116168018688447
2024-02-29,ROP,Energy,0.02957452545463246,0.014267427695009022
2024-02-29,SM,Energy,0.13890787340503397,0.05157909014515304
2024-02-29,VRSK,Energy,-0.023895151706678552,0.01420271615328943
2024-02-29,WMB,Energy,0.09859238588558528,0.015286474286128462
2024-02-29,XYL,Energy,0.017237288537736983,0.01467991679605331
2024-02-29,AXP,Financials,0.03769027216673004,-0.011314309906790176
2024-02-29,BAC,Financials,0.09849355416618089,-0.013810534931693829
2024-02-29,BK,Financials,0.027277621124624174,-0.005153052053584951
2024-02-29,BLK,Financials,0.033935869404902785,-0.019840643118964302
2024-02-29,C,Financials,0.1396647057616005,-0.01052270966288639
2024-02-29,CFG,Financials,0.1561005838078382,0.06898059135712141
2024-02-29,CME,Financials,-0.01782200679921009,-0.019839009584910333
2024-02-29,COF,Financials,0.08197073462998805,0.001285017551530197
2024-02-29,FITB,Financials,0.09420525581105754,0.08345188806444519
2024-02-29,GS,Financials,0.07361530230437352,0.013764491908622035
2024-02-29,HBAN,Financials,0.08263418766938435,0.06771268438642218
2024-02-29,ICE,Financials,-0.0038914730894031857,-0.011576246564306553
2024-02-29,JPM,Financials,0.07653458646260725,-0.01558432195947415
2024-02-29,KEY,Financials,0.10791873924244966,0.09811690751629702
2024-02-29,MCO,Financials,0.035870481311151,-0.0036099280533006275
2024-02-29,MS,Financials,0.09437470851408891,0.010183078001545484
2024-02-29,MTB,Financials,0.05056351739696141,0.017662797351355487
2024-02-29,PNC,Financials,0.09782611135956665,0.094937871424845
2024-02-29,RF,Financials,0.1293613567122931,0.047806482615889254
2024-02-29,SCHW,Financials,0.08325854551493572,0.030916890369908103
2024-02-29,SPGI,Financials,-0.006839564170215584,0.00259944619085412
2024-02-29,STT,Financials,0.058188385117599495,-0.004615800843772484
2024-02-29,TFC,Financials,0.11435102729434954,0.09116683169180276
2024-02-29,USB,Financials,0.07742845411603305,0.07074063605011792
2024-02-29,WFC,Financials,0.04263362803589743,-0.03235960006926624
2024-02-29,AFL,Financials,0.06341343279301759,-0.00026457436647594687
2024-02-29,AJG,Financials,0.02504817692109529,0.02193067723634385
2024-02-29,ALL,Financials,0.09085735170111908,0.0005346135945027994
2024-02-29,AMTD,Financials,0.04117643016432515,-0.016754372177542914
2024-02-29,AON,Financials,0.0561095791249735,0.050612272001686456
2024-02-29,CB,Financials,0.03305633604169711,0.032409360324524794
2024-02-29,FDS,Financials,-0.017705055604692155,0.015220088272182868
2024-02-29,FNF,Financials,0.059737744674772886,0.010478215682725035
2024-02-29,GL,Financials,-0.08319552724549928,0.019481313165974835
2024-02-29,HIG,Financials,0.08052855144864735,0.02995110266197136
2024-02-29,IBKR,Financials,0.027501703983690673,0.005176259606252798
2024-02-29,LPLA,Financials,-0.012652255971432158,0.031144052607978992
2024-02-29,MET,Financials,0.06266140317607238,-0.005379456479734016
2024-02-29,MSCI,Financials,-0.0009271017691708794,-0.023441735238723935
2024-02-29,NDAQ,Financials,0.12692575053100041,0.017311147738711286
2024-02-29,PGR,Financials,0.09105306028571047,0.01161453375040662
2024-02-29,PRU,Financials,0.07716307512718168,0.01703261319205137
2024-02-29,RJF,Financials,0.07110378183871613,0.0049014630899369424
2024-02-29,SEIC,Financials,0.06914501867852363,0.036052146019495405
2024-02-29,SF,Financials,0.030450915449544258,-0.012382242177812489
2024-02-29,SYF,Financials,0.0440679003841975,0.012549533243165609
2024-02-29,TRV,Financials,0.0462884257061178,-0.005991894378754325
2024-02-29,UNM,Financials,0.08513659513845817,0.027494537421802006
2024-02-29,WTW,Financials,0.012016116400931143,0.004509000287339904
2024-02-29,ABBV,Healthcare,0.03436534400308844,-0.005150072224658773
2024-02-29,ABT,Healthcare,-0.04197571939348799,-0.008667740391477104
2024-02-29,AMGN,Healthcare,0.038308613755581034,-0.004278917449092898
2024-02-29,BAX,Healthcare,0.04447705689325443,-0.002638073614289023
2024-02-29,BIIB,Healthcare,-0.00626757258824262,0.014950075675905273
2024-02-29,BMY,Healthcare,0.06857148553137726,-0.007926041076716597
2024-02-29,BSX,Healthcare,0.03443586785717945,-0.005653857909776366
2024-02-29,CI,Healthcare,0.08498235957712974,-0.010545074269578953
2024-02-29,CVS,Healthcare,0.0724753024671978,0.0166369199629278
2024-02-29,DHR,Healthcare,-0.012437227950137575,-0.014218846681003474
2024-02-29,EW,Healthcare,0.125957281325082,-0.018294244452819807
2024-02-29,GILD,Healthcare,0.02635671430855191,0.019940785731894218
2024-02-29,HUM,Healthcare,-0.007755669215347871,0.012693825239939135
2024-02-29,ISRG,Healthcare,0.03498441395447904,-0.02389491331450912
2024-02-29,JNJ,Healthcare,-0.019767135932862057,-0.0007602338608100015
2024-02-29,LLY,Healthcare,0.03221536865523755,0.05049514163966357
2024-02-29,MDT,Healthcare,0.05412025583902613,0.010845488738711249
2024-02-29,MRK,Healthcare,0.04433329506076378,0.007551140932057989
2024-02-29,PFE,Healthcare,0.044804295269140315,0.003028766298111484
2024-02-29,REGN,Healthcare,-0.00372644931165822,0.019506593450740274
2024-02-29,SYK,Healthcare,0.02755603406402507,-0.01558372930373699
2024-02-29,TMO,Healthcare,0.020015351802435077,-0.0035485229419626287
2024-02-29,UNH,Healthcare,0.00617942848991393,0.03183065989990508
2024-02-29,VRTX,Healthcare,-0.0064885214909788935,0.02935705014765817
2024-02-29,ZBH,Healthcare,0.06326926444792469,-0.026310418294911975
2024-02-29,A,Healthcare,0.05933337175831599,0.01571582214034584
2024-02-29,ACAD,Healthcare,-0.2043889865224151,0.04701017172204863
2024-02-29,ALGN,Healthcare,0.08431981637383745,0.008570984087453043
2024-02-29,ALKS,Healthcare,-0.08824522708337357,-0.035367416279693406
2024-02-29,BDX,Healthcare,0.0547731570993244,-0.00042410545360137275
2024-02-29,DGX,Healthcare,0.06581814668522923,0.014179463373983727
2024-02-29,DXCM,Healthcare,0.20535323990689847,-0.0008118448082700363
2024-02-29,FOLD,Healthcare,-0.08112324388532577,0.015551921574955151
2024-02-29,HOLX,Healthcare,0.056368507597450046,-0.008324798797357758
2024-02-29,IDXX,Healthcare,-0.06136673850727159,0.01136885983854869
2024-02-29,INSP,Healthcare,0.19967605753238682,-0.01372264533723144
2024-02-29,IQV,Healthcare,0.023183345374005127,0.01110069949803586
2024-02-29,MASI,Healthcare,0.1424460383829671,0.051798384982796784
2024-02-29,MTD,Healthcare,0.06740596713824276,0.01222390221101239
2024-02-29,NBIX,Healthcare,0.05766874711996195,0.011627253547090913
2024-02-29,NTRA,Healthcare,0.05746330608692318,0.014275356208305678
2024-02-29,NVCR,Healthcare,0.020901351146548786,0.07680962085765265
2024-02-29,PODD,Healthcare,0.04512191400295351,-0.004845911351241256
2024-02-29,RARE,Healthcare,-0.09725449488157922,0.005442486369980335
2024-02-29,RMD,Healthcare,0.13993790557311692,-0.026649031256256978
2024-02-29,WAT,Healthcare,0.02018255375374256,-0.007400294499996574
2024-02-29,AAPL,Technology,-0.05128625605449555,-0.05573963703818002
2024-02-29,ADBE,Technology,-0.09937891818709865,-0.009556207087317678
2024-02-29,AMAT,Technology,0.022864742191929466,0.0038254060617374866
2024-02-29,AMD,Technology,-0.06253567424541784,0.08657308345768057
2024-02-29,AVGO,Technology,0.02350249408971794,-0.033923896805953965
2024-02-29,CDNS,Technology,0.02266901171494795,-0.04719877936301285
2024-02-29,CRM,Technology,-0.023465370579787814,-0.021633463762244808
2024-02-29,CRWD,Technology,-0.010982562473009438,-0.006295972552757837
2024-02-29,FTNT,Technology,-0.011575792861995504,-0.02138421903044051
2024-02-29,GOOGL,Technology,0.09006190406558767,0.01952907824378779
2024-02-29,INTC,Technology,0.026016233083673512,0.06658083009766358
2024-02-29,INTU,Technology,-0.019444915863938594,-0.008618131236225183
2024-02-29,KLAC,Technology,0.02384572790716777,-0.0970345147018722
2024-02-29,LRCX,Technology,0.03774181835535084,-0.017934643808106426
2024-02-29,META,Technology,-0.009283284965586724,0.0310357905121328
2024-02-29,MSFT,Technology,0.017116302009803963,-0.018636100282498957
2024-02-29,MU,Technology,0.3023262959060071,-0.02034009777996253
2024-02-29,NET,Technology,-0.017353349589863898,-0.08225068200108153
2024-02-29,NOW,Technology,-0.011590281725971652,0.004895148594097066
2024-02-29,NVDA,Technology,0.14218114116001157,0.056215483135667904
2024-02-29,ORCL,Technology,0.12473128560693203,-0.01727824058825216
2024-02-29,PANW,Technology,-0.08507481548435736,0.04777288760743501
2024-02-29,QCOM,Technology,0.07294522452896524,0.006972130260717939
2024-02-29,SNPS,Technology,-0.0038868118185632072,-0.031293148240339554
2024-02-29,TXN,Technology,0.041116524665745224,0.0023222858267569033
2024-02-29,ACN,Technology,-0.07516393245641295,-0.023676117297300795
2024-02-29,ADI,Technology,0.03598169845811805,0.0010964739077758438
2024-02-29,ANET,Technology,0.044822375363560374,0.02644067754434048
2024-02-29,CGNX,Technology,0.075285212941967,0.15872627807589998
2024-02-29,COHU,Technology,0.037348295146192756,-0.02081557155477648
2024-02-29,CSCO,Technology,0.03183795401418088,0.026387020624580437
2024-02-29,DELL,Technology,0.20547201771699442,-0.026175192057104564
2024-02-29,ENTG,Technology,0.04599565512982373,0.04132359349748949
2024-02-29,FORM,Technology,0.06042301563041885,0.01838702488429638
2024-02-29,HPQ,Technology,0.07634011620306036,-0.06814049724624513
2024-02-29,IBM,Technology,0.032048893683529256,0.022104620572699758
2024-02-29,IPGP,Technology,0.05026061429040851,0.10333967581527528
2024-02-29,KEYS,Technology,0.013480244911965311,0.04551652173923215
2024-02-29,MCHP,Technology,0.06619897496521321,-0.0007147440785147897
2024-02-29,MKSI,Technology,0.08341484706241498,0.05286473653461716
2024-02-29,MPWR,Technology,-0.057423244661921946,0.0007257695886843737
2024-02-29,MRVL,Technology,-0.010884840870572843,0.032280662550943535
2024-02-29,NXPI,Technology,-0.00357396917963837,0.018326339912536346
2024-02-29,ONTO,Technology,-0.016724596925539625,0.003939543393514836
2024-02-29,QRVO,Technology,0.00244433672490052,-0.06798139157738145
2024-02-29,STX,Technology,0.008151875794959018,0.06821646598007403
2024-02-29,SWKS,Technology,0.03240570501914908,0.02320214027722837
2024-02-29,TER,Technology,0.08919783776851431,0.02698296838268141
2024-02-29,VRSN,Technology,-0.029597005127679377,0.007220699060514201
2024-02-29,WDC,Technology,0.14746931634278693,0.013402763589520852
2024-03-31,AMZN,Consumer,-0.029825949313549094,-0.052111566404992565
2024-03-31,AZO,Consumer,-0.06195167802578605,-0.029946155890112725
2024-03-31,BKNG,Consumer,-0.04847177640100875,-0.023793308527907335
2024-03-31,CMG,Consumer,0.08697975032031158,-0.0333290979255282
2024-03-31,COST,Consumer,-0.011697148946991698,-0.02666480678134135
2024-03-31,DG,Consumer,-0.10478912341882374,0.06090080840092549
2024-03-31,DLTR,Consumer,-0.11190382710845759,-0.005786206865328113
2024-03-31,DRI,Consumer,-0.07452520692397469,-0.03457198884182849
2024-03-31,EBAY,Consumer,-0.023493803475178265,-0.04717678915114254
2024-03-31,HD,Consumer,-0.128727891876402,-0.03323429190087199
2024-03-31,HLT,Consumer,-0.07514882497932307,-0.00268022422155839
2024-03-31,KR,Consumer,-0.030632013311509554,-0.022654981970069658
2024-03-31,LOW,Consumer,-0.10069575974740852,0.007533260408432184
2024-03-31,LULU,Consumer,-0.07692304687692253,-0.0494612107515692
2024-03-31,MAR,Consumer,-0.0641273481462371,-0.01260641795308724
2024-03-31,MCD,Consumer,-0.031601530414833934,-0.03595095265629949
2024-03-31,MGM,Consumer,-0.16458378751206582,0.0126005282566511
2024-03-31,NKE,Consumer,-0.018301732796311865,0.0033392103879240137
2024-03-31,ORLY,Consumer,-0.10242009978605693,0.023425178766392007
2024-03-31,ROST,Consumer,-0.11726610131052695,-0.0200439140383159
2024-03-31,SBUX,Consumer,-0.03173217000253359,0.024859299326686055
2024-03-31,TGT,Consumer,-0.09158615209746312,0.005662562739447385
2024-03-31,TJX,Consumer,-0.07227391006985862,0.0014320450437051155
2024-03-31,WMT,Consumer,-0.01362790426597782,0.041729757576722704
2024-03-31,YUM,Consumer,0.018752323868362675,-0.03087610304817625
2024-03-31,BBY,Consumer,-0.10227992049508017,-0.005125010390555839
2024-03-31,CCL,Consumer,-0.09302331717531431,-0.0979389791458405
2024-03-31,CHDN,Consumer,0.04242429358587674,0.033061583866987175
2024-03-31,CMCSA,Consumer,-0.11438305881546162,0.021564013114972566
2024-03-31,CZR,Consumer,-0.1810699972501737,0.02955293456527946
2024-03-31,DIS,Consumer,-0.09202354548416602,-0.031245822448371513
2024-03-31,DKNG,Consumer,-0.08478305410830123,-0.10976505088337848
2024-03-31,F,Consumer,-0.08509030198794021,0.0074685304497047085
2024-03-31,FOX,Consumer,0.0020965076612211586,0.06064919424890078
2024-03-31,GM,Consumer,-0.018081446062554685,0.0281944784342899
2024-03-31,GRMN,Consumer,-0.029555889980905192,-0.015189634715722843
2024-03-31,H,Consumer,-0.06784868957909451,-0.07702823154224928
2024-03-31,IHG,Consumer,-0.05974258992764203,-0.07566372267571944
2024-03-31,LVS,Consumer,-0.14197277417293896,0.029600190660368817
2024-03-31,NCLH,Consumer,-0.09603440991755663,0.016917112493420122
2024-03-31,NFLX,Consumer,-0.09334303218081108,-0.005572375640439899
2024-03-31,PENN,Consumer,-0.09170775688667054,-0.022128965980329384
2024-03-31,POOL,Consumer,-0.10153646980399134,-0.0009773707923366225
2024-03-31,RCL,Consumer,0.004460218155423634,-0.08303951539562772
2024-03-31,SIRI,Consumer,-0.24226776099835468,-0.029935441359331502
2024-03-31,TSLA,Consumer,0.042607689739043275,-0.03803749687367744
2024-03-31,WBD,Consumer,-0.1569300665015816,0.03101771919490797
2024-03-31,WYNN,Consumer,-0.10349227995426569,0.03200840011206243
2024-03-31,APA,Energy,-0.07841031639909701,0.06160436087542775
2024-03-31,BA,Energy,-0.1303176767677966,0.02731250963942328
2024-03-31,CAT,Energy,-0.08361861003864324,0.020412300141330927
2024-03-31,COP,Energy,-0.01304214858750885,0.017497311186803925
2024-03-31,CVX,Energy,0.022378550136809006,0.017850994176996357
2024-03-31,DE,Energy,-0.04706138126836912,0.026874429931534945
2024-03-31,DVN,Energy,0.019928336349861242,0.026514923780552403
2024-03-31,EOG,Energy,0.04055674973361101,0.023167158906272228
2024-03-31,FDX,Energy,-0.09650030344158045,0.014997766304915913
2024-03-31,GD,Energy,0.021283847764655306,0.018104503182928566
2024-03-31,GE,Energy,0.15718772999902275,0.03363352460504112
2024-03-31,HAL,Energy,-0.04946704611919295,0.05278375271527556
2024-03-31,HON,Energy,-0.060998751692028286,0.016326641839559487
2024-03-31,LMT,Energy,0.02211616939195271,0.01787728046444825
2024-03-31,MMM,Energy,0.08820550253129911,0.02376637677208312
2024-03-31,MPC,Energy,-0.09816363779273152,0.018686385868937325
2024-03-31,NOC,Energy,0.013307930421342373,0.017497311186803925
2024-03-31,OXY,Energy,0.01769511787265321,0.015286130276063846
2024-03-31,PSX,Energy,-0.12323981835528608,0.014830013729226448
2024-03-31,RTX,Energy,0.040910563020081225,0.018053590645304138
2024-03-31,SLB,Energy,-0.13373475897748377,0.047544178257873
2024-03-31,UNP,Energy,-0.0356603538957001,0.014618859655752249
2024-03-31,UPS,Energy,-0.007737418132871321,0.021217771991436228
2024-03-31,VLO,Energy,-0.06338986034742067,0.018686385868937325
2024-03-31,XOM,Energy,0.01746391175930806,0.018053590645304138
2024-03-31,AME,Energy,-0.04505178918385844,0.011237131481042677
2024-03-31,BE,Energy,-0.009786446522881298,0.09214006836058168
2024-03-31,BKR,Energy,-0.026268650983172437,0.026514923780552403
2024-03-31,CTRA,Energy,-0.018651343790381025,0.021158574463839917
2024-03-31,EMR,Energy,-0.04972668730813978,0.00959961968647847
2024-03-31,ENPH,Energy,-0.10100843843300134,0.003044435615820497
2024-03-31,ETN,Energy,0.01784590737853886,0.037056313929155225
2024-03-31,FSLR,Energy,0.04443127881757403,0.024830326434803728
2024-03-31,FTV,Energy,-0.12497100009712148,0.008234187872221816
2024-03-31,GNRC,Energy,0.0778500663685957,0.03444115554277687
2024-03-31,HUBB,Energy,-0.10728830751937601,0.016252165780345332
2024-03-31,MTDR,Energy,-0.06694628140690262,0.049680263774582956
2024-03-31,PH,Energy,-0.019575595183097705,0.04497786755775151
2024-03-31,PLUG,Energy,-0.32848839989670375,0.05671851075302014
2024-03-31,PR,Energy,-0.051528799805985015,0.05469529807388564
2024-03-31,ROK,Energy,-0.06992047239828814,0.015646723105705244
2024-03-31,ROP,Energy,-0.08678923834872965,0.018510075688081436
2024-03-31,SM,Energy,-0.023716623324414154,0.05233817224556247
2024-03-31,VRSK,Energy,-0.0753827916275478,0.016326641839559487
2024-03-31,WMB,Energy,-0.015653101956330073,0.017515716521692887
2024-03-31,XYL,Energy,0.01129681964129814,0.008234187872221816
2024-03-31,AXP,Financials,0.031029302830769767,0.032920964258983915
2024-03-31,BAC,Financials,-0.023997917257356782,0.03250939354594458
2024-03-31,BK,Financials,-0.012453782450714268,0.022144874582876353
2024-03-31,BLK,Financials,-0.09483029477503946,0.0038118867902970396
2024-03-31,C,Financials,-0.0302024814311449,0.00381713461426225
2024-03-31,CFG,Financials,-0.0486486109646006,0.13941412251772092
2024-03-31,CME,Financials,-0.026243763052509417,-0.0024213626858636105
2024-03-31,COF,Financials,-0.03667124439535763,0.01286835134987454
2024-03-31,FITB,Financials,-0.02015591773258485,0.1013838991563144
2024-03-31,GS,Financials,0.021595008770049606,0.003978824676763325
2024-03-31,HBAN,Financials,-0.034408548125073324,0.09702309363484429
2024-03-31,ICE,Financials,-0.06308652282664229,-0.012177665514987116
2024-03-31,JPM,Financials,-0.037152088805922356,0.033442882864069226
2024-03-31,KEY,Financials,-0.0834915757926814,0.13881876540233978
2024-03-31,MCO,Financials,-0.057756543823890616,-0.02536179876779431
2024-03-31,MS,Financials,-0.026344066181059334,0.019160218621635527
2024-03-31,MTB,Financials,-0.007219507327098307,0.058485400927800114
2024-03-31,PNC,Financials,-0.041971549838397126,0.060772325158539184
2024-03-31,RF,Financials,-0.08412546698637757,0.0700434022883304
2024-03-31,SCHW,Financials,0.02225571350230915,0.1005583463770959
2024-03-31,SPGI,Financials,-0.022611477286144877,-0.017043666612228
2024-03-31,STT,Financials,-0.06246773284993756,0.05722740777970309
2024-03-31,TFC,Financials,-0.03668550003148763,0.09991710487007174
2024-03-31,USB,Financials,-0.09105136775930212,0.1032184557170713
2024-03-31,WFC,Financials,0.023464475835230925,0.04519676168791666
2024-03-31,AFL,Financials,-0.02573945455076221,-0.00930760506687089
2024-03-31,AJG,Financials,-0.0613902131819799,0.023060356009889985
2024-03-31,ALL,Financials,-0.01705098764649471,6.446397858571686e-05
2024-03-31,AMTD,Financials,0.011299424374030087,0.0050479659133709776
2024-03-31,AON,Financials,-0.15291569223823076,0.03922376079484383
2024-03-31,CB,Financials,-0.04048165136237658,0.02176517848067794
2024-03-31,FDS,Financials,-0.08252820630108393,0.006056936716891261
2024-03-31,FNF,Financials,-0.06779657218523027,0.013380091087489677
2024-03-31,GL,Financials,-0.34403019702298643,0.008158117410829524
2024-03-31,HIG,Financials,-0.05977674578756176,0.012315258875583636
2024-03-31,IBKR,Financials,0.030525579125603386,-0.02500353217905426
2024-03-31,LPLA,Financials,0.01866004419637357,-0.003979328589865815
2024-03-31,MET,Financials,-0.040885187570263826,0.05110349135497166
2024-03-31,MSCI,Financials,-0.16889998963470376,-0.008237326141939305
2024-03-31,NDAQ,Financials,-0.05150553131695945,0.03642709510084948
2024-03-31,PGR,Financials,0.007393704221509756,0.0016449633207914298
2024-03-31,PRU,Financials,-0.05894373812814224,-0.0029364128186675103
2024-03-31,RJF,Financials,-0.04999220545266592,0.012539122413729694
2024-03-31,SEIC,Financials,-0.08275392846129626,-0.024894381501765362
2024-03-31,SF,Financials,0.022386938178818205,0.020748157635859774
2024-03-31,SYF,Financials,0.019944234370548264,0.06360204546208263
2024-03-31,TRV,Financials,-0.07812629168115859,0.019841708292969672
2024-03-31,UNM,Financials,-0.04847939134591972,0.014246191445197273
2024-03-31,WTW,Financials,-0.08676372779929431,0.017920396338432978
2024-03-31,ABBV,Healthcare,-0.09852349294563167,-0.012807475128679266
2024-03-31,ABT,Healthcare,-0.0630338710888072,-0.010401616070089515
2024-03-31,AMGN,Healthcare,-0.03650837344194702,-0.013482684561127688
2024-03-31,BAX,Healthcare,-0.055451519524133075,0.06079507504326389
2024-03-31,BIIB,Healthcare,-0.0037564232261366737,0.01450873715918858
2024-03-31,BMY,Healthcare,-0.18032217084583835,0.008429183582184443
2024-03-31,BSX,Healthcare,0.04935034294402407,0.008373809250793892
2024-03-31,CI,Healthcare,-0.016933208641118136,0.013887499152350552
2024-03-31,CVS,Healthcare,-0.14286373403425756,5.8702567898008805e-05
2024-03-31,DHR,Healthcare,-0.012413911280564016,0.0009502329500118384
2024-03-31,EW,Healthcare,-0.1139598123469091,-0.01826598226937384
2024-03-31,GILD,Healthcare,-0.10989755318010042,0.010912811385980591
2024-03-31,HUM,Healthcare,-0.12872058044425505,0.0027640617682006593
2024-03-31,ISRG,Healthcare,-0.07133729605339179,0.017916728012276735
2024-03-31,JNJ,Healthcare,-0.08597255573666274,-0.007598169329528146
2024-03-31,LLY,Healthcare,0.004036197383082252,0.012333124577094182
2024-03-31,MDT,Healthcare,-0.07928867409505713,-0.006677944400319998
2024-03-31,MRK,Healthcare,-0.02068962368581362,0.011791896078278253
2024-03-31,PFE,Healthcare,-0.07675683264379562,-0.005624882845942749
2024-03-31,REGN,Healthcare,-0.07462937838686934,-0.004182117175543503
2024-03-31,SYK,Healthcare,-0.05971438013116348,0.005708183936007748
2024-03-31,TMO,Healthcare,-0.021489806728524297,0.01887113404272895
2024-03-31,UNH,Healthcare,-0.022235718008215333,-0.006478884490367421
2024-03-31,VRTX,Healthcare,-0.06028566689386383,-0.016060094683568685
2024-03-31,ZBH,Healthcare,-0.08864962815420696,0.0013472752467703797
2024-03-31,A,Healthcare,-0.056679123171317736,0.001998447746796528
2024-03-31,ACAD,Healthcare,-0.09626829143751059,0.03135375454695835
2024-03-31,ALGN,Healthcare,-0.13887535581892074,0.03304164401693672
2024-03-31,ALKS,Healthcare,-0.09346135233908448,-0.011096087098935186
2024-03-31,BDX,Healthcare,-0.05192966686989442,-0.0038919204961850003
2024-03-31,DGX,Healthcare,0.04404314353650762,0.027310442987689556
2024-03-31,DXCM,Healthcare,-0.08154288253383479,-0.004792506933643046
2024-03-31,FOLD,Healthcare,-0.151952462005833,0.016166534838566247
2024-03-31,HOLX,Healthcare,-0.028091360532640608,-0.022761502617443977
2024-03-31,IDXX,Healthcare,-0.0873631462412221,-0.018931310177987017
2024-03-31,INSP,Healthcare,0.1250989860602194,-0.019559865883467756
2024-03-31,IQV,Healthcare,-0.08351455244636297,-0.014971800655608361
2024-03-31,MASI,Healthcare,-0.08471230455814349,0.05345154598731337
2024-03-31,MTD,Healthcare,-0.07630950800335379,0.026066916748699907
2024-03-31,NBIX,Healthcare,-0.0027552558574356345,-0.02911151918440499
2024-03-31,NTRA,Healthcare,0.015525893102555033,0.014391949364021602
2024-03-31,NVCR,Healthcare,-0.21689061538717802,0.049524007774566337
2024-03-31,PODD,Healthcare,0.003150575053392446,0.07037733121551855
2024-03-31,RARE,Healthcare,-0.08888408295663641,-0.025925908025155847
2024-03-31,RMD,Healthcare,0.08059382662248948,0.03169921872659581
2024-03-31,WAT,Healthcare,-0.10222816523340228,0.018670672839221233
2024-03-31,AAPL,Technology,-0.0067062598732718914,-0.015099593682688674
2024-03-31,ADBE,Technology,-0.08277847607215671,0.04196760986634086
2024-03-31,AMAT,Technology,-0.036755242780073694,-0.010586237410121553
2024-03-31,AMD,Technology,-0.12249986114155753,-0.014078417710781123
2024-03-31,AVGO,Technology,-0.01896801686119043,-0.004077033507170216
2024-03-31,CDNS,Technology,-0.11452709469380606,-0.003347018277823384
2024-03-31,CRM,Technology,-0.10704556763371587,-0.043280145627105776
2024-03-31,CRWD,Technology,-0.08749489414325029,0.0023166309079919404
2024-03-31,FTNT,Technology,-0.075098776705674,0.06890957704209977
2024-03-31,GOOGL,Technology,0.07851337349194942,0.010155020034316843
2024-03-31,INTC,Technology,-0.31016523950801467,0.04066780950847366
2024-03-31,INTU,Technology,-0.03616353761446045,-0.037838175639793435
2024-03-31,KLAC,Technology,-0.013284347385617568,0.021050544033749015
2024-03-31,LRCX,Technology,-0.07941775275397644,-0.026485823509473736
2024-03-31,META,Technology,-0.11411096847803359,-0.09355753008528694
2024-03-31,MSFT,Technology,-0.07461021529926304,-0.004322410046027388
2024-03-31,MU,Technology,-0.04181864891049181,-0.04914729076747046
2024-03-31,NET,Technology,-0.09738717470674929,0.17483687788885635
2024-03-31,NOW,Technology,-0.09059546004980124,-0.019697355167538833
2024-03-31,NVDA,Technology,-0.04376020469630204,0.023222344456191903
2024-03-31,ORCL,Technology,-0.09149664844740246,-0.004511771839335165
2024-03-31,PANW,Technology,0.0237919601923533,0.048291780075986224
2024-03-31,QCOM,Technology,-0.02037811247855481,-0.01387354208255608
2024-03-31,SNPS,Technology,-0.0715835050647966,-0.03967082084926084
2024-03-31,TXN,Technology,0.012685610347147325,0.004401137392172975
2024-03-31,ACN,Technology,-0.12848688715893353,0.0074013656265049825
2024-03-31,ADI,Technology,0.014257532138408413,0.006709141487161692
2024-03-31,ANET,Technology,-0.11524936947916053,-0.0015243073354764248
2024-03-31,CGNX,Technology,-0.020744857756856305,0.08996683795831933
2024-03-31,COHU,Technology,-0.09030909003509113,0.012532580044770366
2024-03-31,CSCO,Technology,-0.05101540046503128,0.030901700811111186
2024-03-31,DELL,Technology,0.09652737981451764,0.02118095692602806
2024-03-31,ENTG,Technology,-0.05352359086695513,0.02314470551402281
2024-03-31,FORM,Technology,-0.022792042322656525,0.028674302070332183
2024-03-31,HPQ,Technology,-0.07048309112772544,-0.020409466407227617
2024-03-31,IBM,Technology,-0.12966058812386017,0.0034580809611251978
2024-03-31,IPGP,Technology,-0.0739882997445932,0.2128234143509973
2024-03-31,KEYS,Technology,-0.05397110997490373,0.039282417334794255
2024-03-31,MCHP,Technology,0.025303696692793753,0.057917988740186124
2024-03-31,MKSI,Technology,-0.1054136620554853,0.10779848780412009
2024-03-31,MPWR,Technology,-0.011942377477490052,0.02479929405892904
2024-03-31,MRVL,Technology,-0.0693365037287188,-0.006107492661368121
2024-03-31,NXPI,Technology,0.033983036900479435,-0.04051480716140292
2024-03-31,ONTO,Technology,0.024353896717009382,0.03530556883102579
2024-03-31,QRVO,Technology,0.01750408843320561,-0.007296297748287508
2024-03-31,STX,Technology,-0.07673288951493129,0.056916382215019656
2024-03-31,SWKS,Technology,-0.01597119152130244,6.732448138015891e-05
2024-03-31,TER,Technology,0.030931546215487993,0.043558661059764504
2024-03-31,VRSN,Technology,-0.10569358805922646,0.05406140704241258
2024-03-31,WDC,Technology,0.03795425562423582,0.006082260673908638
2024-04-30,AMZN,Consumer,0.00822858537946436,0.15438256607770073
2024-04-30,AZO,Consumer,-0.06306993880959066,0.1346868203919651
2024-04-30,BKNG,Consumer,0.09395039698758323,0.0914974393188962
2024-04-30,CMG,Consumer,-0.009520202465330807,0.059851320231645286
2024-04-30,COST,Consumer,0.12033464548784867,0.15651891455887423
2024-04-30,DG,Consumer,-0.016380390130951494,0.17481753521256663
2024-04-30,DLTR,Consumer,-0.0025370236935121637,0.23173160941591026
2024-04-30,DRI,Consumer,-0.019685713067977617,0.13078388360652093
2024-04-30,EBAY,Consumer,0.05734968431366427,-0.008729829601865404
2024-04-30,HD,Consumer,0.008910194389936565,0.1127275013023879
2024-04-30,HLT,Consumer,0.01757503349385159,0.0991560936949354
2024-04-30,KR,Consumer,-0.04935748513174931,-0.005876815202742251
2024-04-30,LOW,Consumer,-0.029387262988420537,0.08378086580139411
2024-04-30,LULU,Consumer,-0.13480314766047563,0.10745194438774144
2024-04-30,MAR,Consumer,-0.018386905914924312,0.11745467849408416
2024-04-30,MCD,Consumer,-0.05182374824310143,0.11830605245977537
2024-04-30,MGM,Consumer,0.01850911682694556,0.09663473144141109
2024-04-30,NKE,Consumer,0.030240673806870122,0.10903535529990488
2024-04-30,ORLY,Consumer,-0.04934571387556874,0.14222903080837196
2024-04-30,ROST,Consumer,0.07881116199219274,0.13769218563904242
2024-04-30,SBUX,Consumer,-0.08657893969363428,0.07154379743842403
2024-04-30,TGT,Consumer,-0.023263974432691126,0.11692618626932125
2024-04-30,TJX,Consumer,0.0999242074639346,0.09158307935682594
2024-04-30,WMT,Consumer,0.1118386740130044,0.09962918339561262
2024-04-30,YUM,Consumer,-0.022263014478643983,0.031326276104461696
2024-04-30,BBY,Consumer,0.15181965745527637,0.09516149720916556
2024-04-30,CCL,Consumer,0.017543903881935163,0.08993923944766109
2024-04-30,CHDN,Consumer,0.0038758997539365403,0.08230652022864225
2024-04-30,CMCSA,Consumer,0.05038059079693791,0.07193879323978038
2024-04-30,CZR,Consumer,-0.007258467999673668,0.0926188595862921
2024-04-30,DIS,Consumer,-0.0647164787603931,0.15667215216712405
2024-04-30,DKNG,Consumer,-0.15471607537790144,0.09571468861374761
2024-04-30,F,Consumer,0.010479674077767731,0.051031449287387766
2024-04-30,FOX,Consumer,0.11366798977892545,0.05401224812714812
2024-04-30,GM,Consumer,0.010330036412784072,0.09343015000887377
2024-04-30,GRMN,Consumer,0.13414530257143586,0.13898864097472957
2024-04-30,H,Consumer,-0.00786542771584664,0.15872395436049888
2024-04-30,IHG,Consumer,0.0325368722933419,0.19806254873740556
2024-04-30,LVS,Consumer,0.019453639999596817,0.1793182783279923
2024-04-30,NCLH,Consumer,-0.12262154785776624,0.10499482593210317
2024-04-30,NFLX,Consumer,0.16522598292156743,0.21718718473854037
2024-04-30,PENN,Consumer,0.05804105388963032,0.05528266623492162
2024-04-30,POOL,Consumer,0.0060116038116004855,0.06459714909373225
2024-04-30,RCL,Consumer,0.057652255745427095,-0.0027674738178989234
2024-04-30,SIRI,Consumer,-0.032333575402553216,0.011559660642228983
2024-04-30,TSLA,Consumer,-0.02837187354253501,0.04862379483146625
2024-04-30,WBD,Consumer,0.11956516598370759,0.09968539200489417
2024-04-30,WYNN,Consumer,0.03791485501951719,0.10378026827754197
2024-04-30,APA,Energy,-0.028943993179246563,0.029352394472751397
2024-04-30,BA,Energy,0.05821022691630806,0.05163021266334537
2024-04-30,CAT,Energy,0.011806101093207566,0.0437840692506128
2024-04-30,COP,Energy,-0.06686038582413223,0.0466100969190103
2024-04-30,CVX,Energy,0.016549136651323515,0.050754750373774374
2024-04-30,DE,Energy,-0.04253838857757042,0.0432428569811428
2024-04-30,DVN,Energy,-0.04103174742952831,0.04519165594425288
2024-04-30,EOG,Energy,-0.05736771628052506,0.0466100969190103
2024-04-30,FDX,Energy,-0.029872336951658474,0.07000373524847506
2024-04-30,GD,Energy,0.04416738977353751,0.050754750373774374
2024-04-30,GE,Energy,0.020516552938168786,0.08410629459703087
2024-04-30,HAL,Energy,-0.02054990951526836,0.03903184075702345
2024-04-30,HON,Energy,0.054638660366066905,0.05475083743273046
2024-04-30,LMT,Energy,0.011636178882886483,0.050754750373774374
2024-04-30,MMM,Energy,0.04481908920645128,0.04025961524017328
2024-04-30,MPC,Energy,-0.02350376328950199,0.029286649042346687
2024-04-30,NOC,Energy,-0.06651896307919714,0.050754750373774374
2024-04-30,OXY,Energy,-0.0550348258032195,0.04715130918848032
2024-04-30,PSX,Energy,0.00020536241609514505,0.0466100969190103
2024-04-30,RTX,Energy,0.06834691909683488,0.04715130918848032
2024-04-30,SLB,Energy,-0.03348788246107082,0.03403356507763982
2024-04-30,UNP,Energy,-0.012701057029778307,0.05163021266334537
2024-04-30,UPS,Energy,-0.04748773690842478,0.09723780479195283
2024-04-30,VLO,Energy,-0.010274332570514355,0.02687623721685988
2024-04-30,XOM,Energy,-0.00048670144853002473,0.03903184075702345
2024-04-30,AME,Energy,-0.029085089120132968,0.04811220077543754
2024-04-30,BE,Energy,0.46630723513195615,-0.08618917483371094
2024-04-30,BKR,Energy,0.033159104257382,0.03403356507763982
2024-04-30,CTRA,Energy,0.05022953403752317,0.04715130918848032
2024-04-30,EMR,Energy,0.04541859734818465,0.04811220077543754
2024-04-30,ENPH,Energy,0.17598380851146067,0.08378791836752231
2024-04-30,ETN,Energy,0.048970639247461145,0.04060471550410551
2024-04-30,FSLR,Energy,0.5414634433434593,0.10786898202931673
2024-04-30,FTV,Energy,-0.009950499879170405,0.04811220077543754
2024-04-30,GNRC,Energy,0.08274492089189156,0.04108718421272144
2024-04-30,HUBB,Energy,0.05286680742209726,0.04060471550410551
2024-04-30,MTDR,Energy,0.02168623501888045,0.050754750373774374
2024-04-30,PH,Energy,-0.021699107341231705,0.04493284702893023
2024-04-30,PLUG,Energy,0.44155844423925994,-0.049805163446246255
2024-04-30,PR,Energy,-0.009404850892327898,0.0466100969190103
2024-04-30,ROK,Energy,-0.045152128295703364,0.04811220077543754
2024-04-30,ROP,Energy,0.04164540907350278,0.050754750373774374
2024-04-30,SM,Energy,0.04000825889156734,0.0466100969190103
2024-04-30,VRSK,Energy,0.15975399719779748,0.050754750373774374
2024-04-30,WMB,Energy,0.08211687938781798,0.04715130918848032
2024-04-30,XYL,Energy,0.08178249635339707,0.04811220077543754
2024-04-30,AXP,Financials,0.025509806348944508,0.02132529597802322
2024-04-30,BAC,Financials,0.08051882274042343,0.02815320202797756
2024-04-30,BK,Financials,0.0552310063568584,0.03893046674034709
2024-04-30,BLK,Financials,0.02304425194310089,0.013407906415357905
2024-04-30,C,Financials,0.02480517375097202,0.027533485888801373
2024-04-30,CFG,Financials,0.03459367353977516,0.04488159106368149
2024-04-30,CME,Financials,-0.03176877620369367,0.05374793944699214
2024-04-30,COF,Financials,-0.036380141548376765,0.022627970333721006
2024-04-30,FITB,Financials,0.026330335243784253,0.02898229605309608
2024-04-30,GS,Financials,0.07633441868970703,0.003458660054979811
2024-04-30,HBAN,Financials,0.03340773390958662,0.028055936969297677
2024-04-30,ICE,Financials,0.03991907310657283,0.03417468391156021
2024-04-30,JPM,Financials,0.05679574086522465,0.02567320035855805
2024-04-30,KEY,Financials,0.005980164415291922,0.03835876741715826
2024-04-30,MCO,Financials,0.07421760844218639,0.036307066842922515
2024-04-30,MS,Financials,0.07705871330690162,0.018264958958510144
2024-04-30,MTB,Financials,0.04993407849909004,0.048708688862477326
2024-04-30,PNC,Financials,0.026947720250808826,0.02667950383406938
2024-04-30,RF,Financials,0.004151422720990894,0.04473210865018899
2024-04-30,SCHW,Financials,-0.005806841369341509,0.0370522384515529
2024-04-30,SPGI,Financials,0.030263667024987617,0.04477132194882323
2024-04-30,STT,Financials,0.04276466434767112,0.06252891503122514
2024-04-30,TFC,Financials,0.01877538112192112,0.0032289809068016
2024-04-30,USB,Financials,-0.0019690523333700805,0.04569069262657148
2024-04-30,WFC,Financials,0.015921742065880595,0.03558555768531888
2024-04-30,AFL,Financials,0.08051841885881728,0.04840247422281882
2024-04-30,AJG,Financials,0.0794238538449128,0.046679730393241005
2024-04-30,ALL,Financials,-0.009411965863657334,0.01286811120567694
2024-04-30,AMTD,Financials,-0.03966479412621848,-0.007902917114742117
2024-04-30,AON,Financials,-0.0013120198684495321,0.0209910374507086
2024-04-30,CB,Financials,0.08920527145579604,0.02387462165044355
2024-04-30,FDS,Financials,-0.027808437461717017,0.015113414901331432
2024-04-30,FNF,Financials,0.017373786079334597,0.042038431715724384
2024-04-30,GL,Financials,0.08651698213984726,0.017343302546547937
2024-04-30,HIG,Financials,0.0677055142624674,0.03272723718983373
2024-04-30,IBKR,Financials,0.0942226958294472,0.029735974545911724
2024-04-30,LPLA,Financials,0.06465646612665599,0.0373706375237031
2024-04-30,MET,Financials,0.026078731225491758,0.04547618202820394
2024-04-30,MSCI,Financials,0.06657954788051312,0.05744511141227379
2024-04-30,NDAQ,Financials,-0.013700842996993035,0.004858080793533006
2024-04-30,PGR,Financials,0.014069652723753157,0.020186269915618945
2024-04-30,PRU,Financials,0.10113758904488335,0.04129346709379435
2024-04-30,RJF,Financials,0.00614752978814459,0.03302615422601307
2024-04-30,SEIC,Financials,0.026686982845802065,0.05670470726750579
2024-04-30,SF,Financials,0.01288794608148991,0.03791095765944489
2024-04-30,SYF,Financials,0.0014401050544432525,0.02633135926924734
2024-04-30,TRV,Financials,0.01668528419307691,0.029702912544316916
2024-04-30,UNM,Financials,0.06232748305061975,0.03069492267200276
2024-04-30,WTW,Financials,0.01652453408503618,0.03269378250094183
2024-04-30,ABBV,Healthcare,-0.008607878889734244,-0.02312283809909415
2024-04-30,ABT,Healthcare,-0.0356706603321969,0.022350268616560982
2024-04-30,AMGN,Healthcare,0.12441514916545282,0.0028778447676741717
2024-04-30,BAX,Healthcare,-0.14817147967330646,0.017453107821601373
2024-04-30,BIIB,Healthcare,0.04710918337282166,-0.0025126345352822106
2024-04-30,BMY,Healthcare,-0.06486112840498925,-0.003248338195494682
2024-04-30,BSX,Healthcare,0.05148179778549067,0.019278670926732192
2024-04-30,CI,Healthcare,-0.03478598009931522,0.025796972030142275
2024-04-30,CVS,Healthcare,-0.11977549480085858,0.023997088856837188
2024-04-30,DHR,Healthcare,0.04127809832201579,0.03553652811461948
2024-04-30,EW,Healthcare,0.026219455163722483,0.007585568524596838
2024-04-30,GILD,Healthcare,-0.014263894893077222,-0.019722150625559248
2024-04-30,HUM,Healthcare,0.18547457024241942,-0.0012824707816004467
2024-04-30,ISRG,Healthcare,0.08499271602990532,0.02214483972607689
2024-04-30,JNJ,Healthcare,0.02258522903787341,0.036099052191064344
2024-04-30,LLY,Healthcare,0.052027016480870936,0.029705173376104763
2024-04-30,MDT,Healthcare,0.014082764346327492,0.037167627627804053
2024-04-30,MRK,Healthcare,-0.02847853212636775,0.0004921440095228323
2024-04-30,PFE,Healthcare,0.1355274910523041,0.005928936343292487
2024-04-30,REGN,Healthcare,0.10048734529724102,-0.016745157855251654
2024-04-30,SYK,Healthcare,0.013640388628582967,0.03409184162243557
2024-04-30,TMO,Healthcare,-0.001301095182069556,0.029711677868051185
2024-04-30,UNH,Healthcare,0.024126521595965844,-0.011846467290161393
2024-04-30,VRTX,Healthcare,0.15918637297404725,-0.03463270189402041
2024-04-30,ZBH,Healthcare,-0.04265050482477639,0.011285193539348013
2024-04-30,A,Healthcare,-0.04838014874002772,0.03495332572260836
2024-04-30,ACAD,Healthcare,-0.09634941898345051,0.021352531058403873
2024-04-30,ALGN,Healthcare,-0.08913525388661958,0.023712030100406463
2024-04-30,ALKS,Healthcare,-0.04645481884541214,0.0416805893550969
2024-04-30,BDX,Healthcare,-0.011210528007193132,-0.027319060170287165
2024-04-30,DGX,Healthcare,0.027427931356937885,-0.011057639269776412
2024-04-30,DXCM,Healthcare,-0.06766624372307273,0.04002253539764006
2024-04-30,FOLD,Healthcare,-0.019018977451091046,0.07021445729070004
2024-04-30,HOLX,Healthcare,-0.026263665724362006,0.019228333098693935
2024-04-30,IDXX,Healthcare,0.008503130039710705,0.055132593421003344
2024-04-30,INSP,Healthcare,-0.3429198424239286,-0.023827009027775542
2024-04-30,IQV,Healthcare,-0.054709443417294557,0.03263597144585404
2024-04-30,MASI,Healthcare,-0.07372965844880075,0.059738779465544255
2024-04-30,MTD,Healthcare,0.141815094391317,0.020220826570445424
2024-04-30,NBIX,Healthcare,-0.015486329271459875,0.015561594008976757
2024-04-30,NTRA,Healthcare,0.14696384506381532,0.02719846143327228
2024-04-30,NVCR,Healthcare,0.7982026667040656,-0.0010926270427937701
2024-04-30,PODD,Healthcare,0.03053390674336587,0.02815116056752716
2024-04-30,RARE,Healthcare,-0.05641752407680112,0.0474766037669193
2024-04-30,RMD,Healthcare,-0.033650157969470684,0.020353843766556988
2024-04-30,WAT,Healthcare,-0.00045306317811966146,0.010303635641792097
2024-04-30,AAPL,Technology,0.1302222467705647,0.11777051825586765
2024-04-30,ADBE,Technology,-0.03904236400166605,-0.011979223728053514
2024-04-30,AMAT,Technology,0.08468229914119307,0.11584152020419156
2024-04-30,AMD,Technology,0.05379460001896019,0.12158557455340602
2024-04-30,AVGO,Technology,0.021749478227829577,0.06650516139327659
2024-04-30,CDNS,Technology,0.0387475691564203,0.11641684905480286
2024-04-30,CRM,Technology,-0.12828145015328074,0.2012440344816252
2024-04-30,CRWD,Technology,0.07222945329054986,0.11305903703113059
2024-04-30,FTNT,Technology,-0.06109529268291802,0.1537776480967826
2024-04-30,GOOGL,Technology,0.059712478670671754,0.09437986313467552
2024-04-30,INTC,Technology,0.016583726214154382,0.07739701970068913
2024-04-30,INTU,Technology,-0.07861005006093413,0.18032740434290598
2024-04-30,KLAC,Technology,0.10414392645213777,0.1268732267149323
2024-04-30,LRCX,Technology,0.04251953577869405,0.13774913843372433
2024-04-30,META,Technology,0.08522205187596943,0.19173091981138124
2024-04-30,MSFT,Technology,0.06819097260717366,0.13853078835799504
2024-04-30,MU,Technology,0.10658643593632267,0.017623073328184975
2024-04-30,NET,Technology,-0.22551485972956853,0.2251782999414938
2024-04-30,NOW,Technology,-0.05250024346321891,0.16059730025127275
2024-04-30,NVDA,Technology,0.2688710584869227,0.09634244178564583
2024-04-30,ORCL,Technology,0.03024165747439067,0.05831839540037686
2024-04-30,PANW,Technology,0.013819618451084814,0.24743877560006172
2024-04-30,QCOM,Technology,0.23537051938389975,0.170100100087549
2024-04-30,SNPS,Technology,0.056936541224754444,0.11165980072188669
2024-04-30,TXN,Technology,0.11334053239633657,0.08002119992453195
2024-04-30,ACN,Technology,-0.06187915067770866,0.08288551218007748
2024-04-30,ADI,Technology,0.16888498496409765,0.10914102755554889
2024-04-30,ANET,Technology,0.16015745528882142,0.12198210808652395
2024-04-30,CGNX,Technology,0.09755929385277207,0.0986479502057382
2024-04-30,COHU,Technology,0.0633246043195157,0.015293426565225202
2024-04-30,CSCO,Technology,-0.010217036408315283,0.07385915655656576
2024-04-30,DELL,Technology,0.1197047579789019,0.12454619420070925
2024-04-30,ENTG,Technology,-0.049428256131165305,0.09528793605335564
2024-04-30,FORM,Technology,0.22718100545974806,0.14038600226837025
2024-04-30,HPQ,Technology,0.2993947728794404,0.11896795419920358
2024-04-30,IBM,Technology,0.013876629189267353,0.16401455264818832
2024-04-30,IPGP,Technology,0.03274589057006683,0.0865000811871606
2024-04-30,KEYS,Technology,-0.06394488683082156,0.16735581310119094
2024-04-30,MCHP,Technology,0.06205442033933917,0.15542493983211186
2024-04-30,MKSI,Technology,0.06578458935311726,0.11086254406842401
2024-04-30,MPWR,Technology,0.09905421308028406,0.1823500274943659
2024-04-30,MRVL,Technology,0.04399936650340153,0.1375820536961913
2024-04-30,NXPI,Technology,0.06210249178185778,0.1911828422623071
2024-04-30,ONTO,Technology,0.16825699784794246,0.1283875608043394
2024-04-30,QRVO,Technology,-0.15790822942929983,0.11288222915214559
2024-04-30,STX,Technology,0.08532172873160171,0.1995651275875725
2024-04-30,SWKS,Technology,-0.12432741004169579,0.11399450062499931
2024-04-30,TER,Technology,0.21270058062852648,0.11982462015811775
2024-04-30,VRSN,Technology,0.02855799733951181,0.08994067611460962
2024-04-30,WDC,Technology,0.06296778640455303,0.11775757889196314
2024-05-31,AMZN,Consumer,0.09527316552932019,0.01348102142149522
2024-05-31,AZO,Consumer,0.07009543901931248,0.011602298843983689
2024-05-31,BKNG,Consumer,0.05144362488775056,0.021827524437233875
2024-05-31,CMG,Consumer,0.0009522359565614646,-0.007197370069005556
2024-05-31,COST,Consumer,0.049512949974979126,0.012268682852384227
2024-05-31,DG,Consumer,-0.034183199634721384,0.02142829146313597
2024-05-31,DLTR,Consumer,-0.09478593127969048,0.0862591801605575
2024-05-31,DRI,Consumer,0.006183959018604357,0.0064964813464395725
2024-05-31,EBAY,Consumer,-0.00922162425588624,0.04208839293836293
2024-05-31,HD,Consumer,0.027980804956681204,-0.012416191755598842
2024-05-31,HLT,Consumer,0.08773675041604845,-0.0178946091035432
2024-05-31,KR,Consumer,-0.04659153803637195,0.011455160529870731
2024-05-31,LOW,Consumer,-0.003750618136340478,0.039002302803189955
2024-05-31,LULU,Consumer,-0.042597450057163644,-6.586952227673387e-05
2024-05-31,MAR,Consumer,0.04585382984241604,-0.02358491241748646
2024-05-31,MCD,Consumer,-0.009252914753388963,0.027645069982538885
2024-05-31,MGM,Consumer,0.10629824875283989,0.08036356541635346
2024-05-31,NKE,Consumer,-0.20395035275287388,0.02349650781208975
2024-05-31,ORLY,Consumer,0.09633954426551483,0.017037806804881317
2024-05-31,ROST,Consumer,0.04243258221427726,0.020583130321261123
2024-05-31,SBUX,Consumer,-0.02954393430083735,0.05256166767145976
2024-05-31,TGT,Consumer,-0.051997995518162754,-0.004484657859176359
2024-05-31,TJX,Consumer,0.06789522679510362,0.003477685825247571
2024-05-31,WMT,Consumer,0.029653218262398973,0.011077801387408636
2024-05-31,YUM,Consumer,-0.03616377566738094,-0.0051504218835652016
2024-05-31,BBY,Consumer,0.0038297097837574068,0.03731503334600742
2024-05-31,CCL,Consumer,0.2413792095678151,0.23690959450061333
2024-05-31,CHDN,Consumer,0.07799240862279477,0.04742064078094884
2024-05-31,CMCSA,Consumer,-0.021733693093284656,0.0332116245246
2024-05-31,CZR,Consumer,0.11754781056660368,0.014014518516568177
2024-05-31,DIS,Consumer,-0.04446159172691644,-0.034919240927348376
2024-05-31,DKNG,Consumer,0.08653563929405195,-0.07631021450536533
2024-05-31,F,Consumer,0.03380061423869685,0.048070636677527624
2024-05-31,FOX,Consumer,0.0025047818340153682,0.0016532426461964996
2024-05-31,GM,Consumer,0.03539799812764577,-0.029510703792857015
2024-05-31,GRMN,Consumer,-0.0009790667262826735,-0.04276984698461961
2024-05-31,H,Consumer,0.030175784944215023,-0.026616117592593906
2024-05-31,IHG,Consumer,0.043328349608578565,-0.04461323515552931
2024-05-31,LVS,Consumer,-0.0173217650637989,0.023711938937760343
2024-05-31,NCLH,Consumer,0.13192773998380591,-0.14717698548039157
2024-05-31,NFLX,Consumer,0.05183747804061012,0.016838322624845792
2024-05-31,PENN,Consumer,0.10628574916294653,0.08280293567090005
2024-05-31,POOL,Consumer,-0.15464184893066546,0.020860303372138487
2024-05-31,RCL,Consumer,0.07956392786248978,-0.010873917587415531
2024-05-31,SIRI,Consumer,0.0035459727624336246,-0.11082079562691029
2024-05-31,TSLA,Consumer,0.11118599982126098,0.11426705694761949
2024-05-31,WBD,Consumer,-0.09708734661641205,0.018945436444818085
2024-05-31,WYNN,Consumer,-0.05670320689427388,0.059964682015122305
2024-05-31,APA,Energy,-0.03570254187921584,0.047958379444727715
2024-05-31,BA,Energy,0.02477334542741927,0.03275896923242612
2024-05-31,CAT,Energy,-0.01601072672665549,0.00983323895881278
2024-05-31,COP,Energy,-0.018028876791396198,0.015919535374268833
2024-05-31,CVX,Energy,-0.036229214141238475,0.015861239861791145
2024-05-31,DE,Energy,0.0008894919304813786,0.015493553131339875
2024-05-31,DVN,Energy,-0.026786065773992673,0.014035587414819578
2024-05-31,EOG,Energy,0.010598104462134605,0.01610911548668424
2024-05-31,FDX,Energy,0.18711680735000003,0.00954205225604851
2024-05-31,GD,Energy,-0.03212460535087647,0.013787711789926483
2024-05-31,GE,Energy,-0.03736223599459665,0.05663968945356442
2024-05-31,HAL,Energy,-0.07492072423180951,0.02179852175075325
2024-05-31,HON,Energy,0.05613537380393541,0.015919535374268833
2024-05-31,LMT,Energy,-0.00019262791885854558,0.013787711789926483
2024-05-31,MMM,Energy,0.020471308792919363,0.005481510876142937
2024-05-31,MPC,Energy,-0.01772279639020935,0.01873105179059511
2024-05-31,NOC,Energy,-0.032876945176297134,0.013787711789926483
2024-05-31,OXY,Energy,0.012223933273485255,0.015861239861791145
2024-05-31,PSX,Energy,-0.006614694097391238,0.018929789969113393
2024-05-31,RTX,Energy,-0.06882487509927915,0.013340503509530697
2024-05-31,SLB,Energy,0.034665500040670594,0.02910911752845028
2024-05-31,UNP,Energy,-0.028176388731736113,0.013420025059475222
2024-05-31,UPS,Energy,-0.014971430363314164,0.02246105562675837
2024-05-31,VLO,Energy,-0.0024182106038811435,0.018194456525493133
2024-05-31,XOM,Energy,-0.018250047030689998,0.013787711789926483
2024-05-31,AME,Energy,-0.015338950094377357,0.00981595983421511
2024-05-31,BE,Energy,-0.25,0.08420219364402816
2024-05-31,BKR,Energy,0.05047780215396647,0.015919535374268833
2024-05-31,CTRA,Energy,-0.06486680262243161,0.016167410999161927
2024-05-31,EMR,Energy,-0.017831696938315766,0.00954205225604851
2024-05-31,ENPH,Energy,-0.22040658408985525,0.03504898429518527
2024-05-31,ETN,Energy,-0.05798403245998274,0.025714852826972435
2024-05-31,FSLR,Energy,-0.17037092062106007,0.032660513570547806
2024-05-31,FTV,Energy,-0.004567502957220748,0.023858104427950975
2024-05-31,GNRC,Energy,-0.10182735418455768,0.016064748827452957
2024-05-31,HUBB,Energy,-0.0601968805417219,0.021302176023982648
2024-05-31,MTDR,Energy,-0.0606777674096054,0.04092265706714066
2024-05-31,PH,Energy,-0.048370798672197735,0.007255518003315775
2024-05-31,PLUG,Energy,-0.30030030718050904,0.05742979343899241
2024-05-31,PR,Energy,-0.014643021809483736,0.03390340639110355
2024-05-31,ROK,Energy,0.06892408909062087,0.023446067579688944
2024-05-31,ROP,Energy,0.05799980329642218,0.013846007302404173
2024-05-31,SM,Energy,-0.14277211607078422,0.036678439049199305
2024-05-31,VRSK,Energy,0.0679305467660889,0.023350266619558205
2024-05-31,WMB,Energy,0.035727137669523845,0.015919535374268833
2024-05-31,XYL,Energy,-0.03822136901910134,0.008447167873763909
2024-05-31,AXP,Financials,-0.03520847704176755,-0.01339784697385355
2024-05-31,BAC,Financials,0.0005472045642558321,-0.01301884596695065
2024-05-31,BK,Financials,0.0046971660928307735,0.0009857408449244463
2024-05-31,BLK,Financials,0.02652931431362182,-0.013791289668803669
2024-05-31,C,Financials,0.018455951201836962,0.007226894120957744
2024-05-31,CFG,Financials,0.020968992045535595,0.04974006926970458
2024-05-31,CME,Financials,-0.025871743339684117,-0.0029241776511000662
2024-05-31,COF,Financials,0.005957882290537286,0.0012592324283722902
2024-05-31,FITB,Financials,-0.015238936181983798,0.017291712389831324
2024-05-31,GS,Financials,-0.009200005074143869,-0.013755346410792813
2024-05-31,HBAN,Financials,-0.04114623626191838,-0.00040887270168132314
2024-05-31,ICE,Financials,0.025722816942684856,-0.007920959941098342
2024-05-31,JPM,Financials,-0.0018260979464960192,-0.0069115562939770425
2024-05-31,KEY,Financials,-0.011134103142683371,0.036460207103055996
2024-05-31,MCO,Financials,0.06030382749473984,-0.008221285792809223
2024-05-31,MS,Financials,-0.006643578608853673,-0.00897063108101067
2024-05-31,MTB,Financials,0.007387757692660202,-0.003973806923717946
2024-05-31,PNC,Financials,-0.012135403940636391,0.030083797417463268
2024-05-31,RF,Financials,0.04866558759518291,0.025742052345488996
2024-05-31,SCHW,Financials,0.005594991438661712,-0.0029671293796347414
2024-05-31,SPGI,Financials,0.04325047536142734,0.003110586101721011
2024-05-31,STT,Financials,-0.02103469588751139,0.018377227258563594
2024-05-31,TFC,Financials,0.029139065438152256,0.025081865734289055
2024-05-31,USB,Financials,-0.008720632695011776,0.009292873007634686
2024-05-31,WFC,Financials,-0.008845053437650074,-0.0031404795520804225
2024-05-31,AFL,Financials,-0.006231288988472583,-0.010434555681237351
2024-05-31,AJG,Financials,0.026052278632088477,0.011607291064414969
2024-05-31,ALL,Financials,-0.04691979216857767,-0.01374398548049882
2024-05-31,AMTD,Financials,-0.02850495946017262,0.008681176164801198
2024-05-31,AON,Financials,0.04239431595526311,0.02078637280923777
2024-05-31,CB,Financials,-0.054852123611921155,-0.011279778739401525
2024-05-31,FDS,Financials,0.009919360037904612,0.036128126552849346
2024-05-31,FNF,Financials,-0.008959498449025438,0.018703434467049255
2024-05-31,GL,Financials,-0.005799953412671921,-0.03439537829260127
2024-05-31,HIG,Financials,-0.023694002594581876,0.009884713529548405
2024-05-31,IBKR,Financials,-0.024817112332493174,0.0024791693237863136
2024-05-31,LPLA,Financials,-0.024143139225389687,0.003801772773883072
2024-05-31,MET,Financials,-0.030123187817502117,0.010304498516480305
2024-05-31,MSCI,Financials,-0.02712153235485959,-0.002673095327481042
2024-05-31,NDAQ,Financials,0.024992185507627607,0.011601800775138414
2024-05-31,PGR,Financials,-0.016431355874642728,0.007444536739180353
2024-05-31,PRU,Financials,-0.026256748365254823,-0.013146759728450069
2024-05-31,RJF,Financials,0.007006238691616762,0.012276684909530388
2024-05-31,SEIC,Financials,-0.03781978211150239,-0.004944556983728307
2024-05-31,SF,Financials,0.04495216982638617,-0.006312192210859761
2024-05-31,SYF,Financials,0.07739719974221915,0.008222493051657708
2024-05-31,TRV,Financials,-0.05263049730735925,-0.0019878138725823065
2024-05-31,UNM,Financials,-0.05105836475653436,0.014500522842836861
2024-05-31,WTW,Financials,0.030266274916338043,0.010187403363865226
2024-05-31,ABBV,Healthcare,0.06375587322284315,-0.012788004627150457
2024-05-31,ABT,Healthcare,0.016831494968425176,-0.003058896775405736
2024-05-31,AMGN,Healthcare,0.021579355152840485,0.007704553326042085
2024-05-31,BAX,Healthcare,-0.018773810128511204,0.037710135159009714
2024-05-31,BIIB,Healthcare,0.03058595540206177,0.01103126429875423
2024-05-31,BMY,Healthcare,0.010708127017099445,0.02012677715813166
2024-05-31,BSX,Healthcare,0.019055213010737537,0.004819066511847454
2024-05-31,CI,Healthcare,-0.03682085602102114,0.008771492263465493
2024-05-31,CVS,Healthcare,-0.009060360361173303,0.02325726924190333
2024-05-31,DHR,Healthcare,-0.02601925494957713,0.004781141227530012
2024-05-31,EW,Healthcare,0.06306828628642447,-0.0019210536543811264
2024-05-31,GILD,Healthcare,0.08061883016334592,0.008710705074956198
2024-05-31,HUM,Healthcare,0.04591540621669643,-0.003161390354568542
2024-05-31,ISRG,Healthcare,0.10626184100563218,-0.0005162942300281157
2024-05-31,JNJ,Healthcare,-0.0034771624620162367,0.0381581554320011
2024-05-31,LLY,Healthcare,0.1036643011494307,0.004464974976112032
2024-05-31,MDT,Healthcare,-0.024078890888659665,0.0032664624631552376
2024-05-31,MRK,Healthcare,-0.007960541951574251,-0.003367225870230712
2024-05-31,PFE,Healthcare,-0.023726370309978484,0.015710894787579956
2024-05-31,REGN,Healthcare,0.07230461947015843,-0.023478387025905666
2024-05-31,SYK,Healthcare,-0.00011377903291287517,0.0010042843835298696
2024-05-31,TMO,Healthcare,-0.025710744871723756,0.006311980500871806
2024-05-31,UNH,Healthcare,0.03240095305779134,0.04634104845124545
2024-05-31,VRTX,Healthcare,0.029384646616643195,-0.0052351601602888586
2024-05-31,ZBH,Healthcare,-0.05539544962958298,-0.0011550940401320044
2024-05-31,A,Healthcare,-0.005981088271174717,-0.001402747517987392
2024-05-31,ACAD,Healthcare,0.07615891321046053,0.08329887550379976
2024-05-31,ALGN,Healthcare,-0.06135064462320028,-0.009413506903520164
2024-05-31,ALKS,Healthcare,0.02991456300645101,0.017619179262264525
2024-05-31,BDX,Healthcare,0.011494295939846744,0.013982821437410566
2024-05-31,DGX,Healthcare,-0.035852433442936094,-0.009415276562164733
2024-05-31,DXCM,Healthcare,-0.045381826572301165,0.022498620693882695
2024-05-31,FOLD,Healthcare,0.012244886043219827,-0.003995594660492334
2024-05-31,HOLX,Healthcare,0.006370306702078832,0.03329330949099634
2024-05-31,IDXX,Healthcare,-0.019619679566358683,0.01827402593007683
2024-05-31,INSP,Healthcare,-0.15718869267851965,0.01791680572637908
2024-05-31,IQV,Healthcare,-0.034917130057760426,0.011552198456312897
2024-05-31,MASI,Healthcare,0.011566284669929816,0.005759647350219901
2024-05-31,MTD,Healthcare,-0.00462933299021373,-0.0034243809700542395
2024-05-31,NBIX,Healthcare,0.01669001141507498,-0.02842473931610761
2024-05-31,NTRA,Healthcare,0.01652118798834068,0.03984752995443477
2024-05-31,NVCR,Healthcare,-0.221717447404277,-0.018255434306734753
2024-05-31,PODD,Healthcare,0.1388904581029602,-0.04653561069221713
2024-05-31,RARE,Healthcare,0.0239162705298952,0.046128698603273004
2024-05-31,RMD,Healthcare,-0.07226288246330115,0.009766518423700915
2024-05-31,WAT,Healthcare,-0.0607963714806361,-0.021586345428711018
2024-05-31,AAPL,Technology,0.0955525974155298,0.013776919869128395
2024-05-31,ADBE,Technology,0.2490780776808068,0.151137648424326
2024-05-31,AMAT,Technology,0.0972197114524509,-0.052064746464274364
2024-05-31,AMD,Technology,-0.0281005833081458,0.0007138079292535756
2024-05-31,AVGO,Technology,0.21232021962160186,0.001238879877982177
2024-05-31,CDNS,Technology,0.07488387630270754,0.03993859938740125
2024-05-31,CRM,Technology,0.09665578422411003,0.043300793482802795
2024-05-31,CRWD,Technology,0.22163415703646283,0.1396906907484812
2024-05-31,FTNT,Technology,0.016014847738145654,0.04711834331847878
2024-05-31,GOOGL,Technology,0.057153980141434024,-0.0634809092241712
2024-05-31,INTC,Technology,0.003889728738131204,0.12033916993786802
2024-05-31,INTU,Technology,0.1401188188933149,-0.039643282399883385
2024-05-31,KLAC,Technology,0.085552921472279,0.0013027168081519802
2024-05-31,LRCX,Technology,0.14413898658834823,0.06973464354164831
2024-05-31,META,Technology,0.08116575666312142,0.09105895728975802
2024-05-31,MSFT,Technology,0.0766507471996638,-0.005833169671976893
2024-05-31,MU,Technology,0.05223991551995133,0.07457044721764419
2024-05-31,NET,Technology,0.2236666988268159,0.05009229621645312
2024-05-31,NOW,Technology,0.1974943885457232,0.049105103793770546
2024-05-31,NVDA,Technology,0.12694301347917292,0.05709709468040243
2024-05-31,ORCL,Technology,0.20488086796991234,0.05334084793303898
2024-05-31,PANW,Technology,0.14953716576546805,0.017188197173392383
2024-05-31,QCOM,Technology,-0.023866599130714317,-0.0034437434184583335
2024-05-31,SNPS,Technology,0.06109131688903102,0.03299119009994027
2024-05-31,TXN,Technology,-0.0024614991248380624,-0.013409055006848034
2024-05-31,ACN,Technology,0.07481669020988391,0.09443409936369287
2024-05-31,ADI,Technology,-0.02269631581792897,0.00724875442305933
2024-05-31,ANET,Technology,0.17749040206000055,0.03899483539233621
2024-05-31,CGNX,Technology,0.02724081108569476,0.04796900205825185
2024-05-31,COHU,Technology,0.026674837186149825,0.06519540421389423
2024-05-31,CSCO,Technology,0.02172029478833437,-0.017595013924305125
2024-05-31,DELL,Technology,-0.011822814439065521,0.028057469562379797
2024-05-31,ENTG,Technology,0.07162631680184917,0.10791163221621958
2024-05-31,FORM,Technology,0.10617685359984153,-0.01823236194139953
2024-05-31,HPQ,Technology,-0.03320107583221721,0.02271349293226276
2024-05-31,IBM,Technology,0.036559684805131276,0.03360734221537205
2024-05-31,IPGP,Technology,-0.026980328337530057,0.12958076760448003
2024-05-31,KEYS,Technology,-0.012492748273496779,0.03742516059427558
2024-05-31,MCHP,Technology,-0.058932331865853116,0.0008111046298563101
2024-05-31,MKSI,Technology,0.031519133781926056,0.031233209818899942
2024-05-31,MPWR,Technology,0.11869952136277484,0.005632996342053446
2024-05-31,MRVL,Technology,0.015840770883160937,0.03722419016358527
2024-05-31,NXPI,Technology,-0.007506083034924171,0.0281565603793343
2024-05-31,ONTO,Technology,0.013197972545586412,0.12695795165507742
2024-05-31,QRVO,Technology,0.17938816582344508,-0.01779338343568145
2024-05-31,STX,Technology,0.11493530490876003,0.057448433058961274
2024-05-31,SWKS,Technology,0.15022675816866782,0.05015251075627076
2024-05-31,TER,Technology,0.05215001622544757,0.06034625141343014
2024-05-31,VRSN,Technology,0.019963215161174608,-0.03424930227573077
2024-05-31,WDC,Technology,0.00637526956331369,0.04765428600954969
2024-06-30,AMZN,Consumer,-0.032445041513381345,-0.015155827014687952
2024-06-30,AZO,Consumer,0.057214614271662745,0.037342966758194124
2024-06-30,BKNG,Consumer,-0.06222145906591625,0.01462416048238205
2024-06-30,CMG,Consumer,-0.1329609198431353,-0.00960180624640727
2024-06-30,COST,Consumer,-0.03155304922998037,-0.010062792732305273
2024-06-30,DG,Consumer,-0.08539376911822782,0.007101140278192508
2024-06-30,DLTR,Consumer,-0.02275920559686173,0.005091403682215262
2024-06-30,DRI,Consumer,-0.02349626555365436,-0.019610207523906034
2024-06-30,EBAY,Consumer,0.03518233267334048,0.026378779540516706
2024-06-30,HD,Consumer,0.06948641182098991,-0.020836144028239134
2024-06-30,HLT,Consumer,-0.016177832014073634,-0.023877420985560123
2024-06-30,KR,Consumer,0.0915281193639601,0.01282411797673868
2024-06-30,LOW,Consumer,0.11902594265324873,0.006518879313020869
2024-06-30,LULU,Consumer,-0.13404756246601635,-0.04619750313910455
2024-06-30,MAR,Consumer,-0.05985030828622229,-0.02226491480507497
2024-06-30,MCD,Consumer,0.041437754929571025,0.005501032610719949
2024-06-30,MGM,Consumer,-0.033078250482266536,-0.05885923399544534
2024-06-30,NKE,Consumer,-0.00676644427375539,-0.03905148748241931
2024-06-30,ORLY,Consumer,0.06654924857441924,0.028221753416878506
2024-06-30,ROST,Consumer,-0.014382239547342301,-0.003984213452176892
2024-06-30,SBUX,Consumer,0.0012844534497855609,0.0297641544830255
2024-06-30,TGT,Consumer,0.016009065995641114,-0.03459621655809497
2024-06-30,TJX,Consumer,0.026521251742918306,-0.01342256924134521
2024-06-30,WMT,Consumer,0.013735064237541117,-0.0026625977664492895
2024-06-30,YUM,Consumer,0.002793237855514885,0.021346922040561784
2024-06-30,BBY,Consumer,0.026456004085142926,-0.08594204623782861
2024-06-30,CCL,Consumer,-0.11004266231953674,0.014835881778778438
2024-06-30,CHDN,Consumer,0.02836665894134982,0.02539963540869899
2024-06-30,CMCSA,Consumer,0.06251319022291901,0.010296478743178999
2024-06-30,CZR,Consumer,0.005284325002594237,0.07477134138128125
2024-06-30,DIS,Consumer,-0.052047117967305656,0.024294580492807125
2024-06-30,DKNG,Consumer,-0.031962207611485716,-0.09283826343348336
2024-06-30,F,Consumer,-0.13716114973375437,0.024163387828750757
2024-06-30,FOX,Consumer,0.1064958200731545,-0.004180518531159114
2024-06-30,GM,Consumer,-0.04606118604514953,0.004916743082675844
2024-06-30,GRMN,Consumer,0.05112925881809405,-0.08846728722864622
2024-06-30,H,Consumer,-0.030213538381109295,-0.0301157184220884
2024-06-30,IHG,Consumer,-0.04360543886987889,-0.06794772047048542
2024-06-30,LVS,Consumer,-0.10350284819032363,0.06625833858008282
2024-06-30,NCLH,Consumer,-0.019159158744589067,0.14692474226381758
2024-06-30,NFLX,Consumer,-0.06894558957840613,0.0048922237389858615
2024-06-30,PENN,Consumer,0.03150819647581882,0.12166138538643545
2024-06-30,POOL,Consumer,0.21706323434143537,0.013199359164894809
2024-06-30,RCL,Consumer,-0.016998088815261325,-0.059588123119954935
2024-06-30,SIRI,Consumer,0.2190812945289744,0.10632800408528359
2024-06-30,TSLA,Consumer,0.17278149180183244,0.06646554687953002
2024-06-30,WBD,Consumer,0.16263434838760782,-0.053125515837592494
2024-06-30,WYNN,Consumer,-0.074636769992945,0.054400720561270766
2024-06-30,APA,Energy,0.06778240853001871,0.04342985875616684
2024-06-30,BA,Energy,0.047195274193347014,0.033392506700944104
2024-06-30,CAT,Energy,0.04356025759402549,0.007658442604813392
2024-06-30,COP,Energy,-0.027801986455759042,0.01521987001545027
2024-06-30,CVX,Energy,0.02589177456178282,0.01521987001545027
2024-06-30,DE,Energy,-0.00441606987013532,0.020226204108369665
2024-06-30,DVN,Energy,-0.0078060401609443275,0.0133719476259152
2024-06-30,EOG,Energy,0.014407344134937494,0.0133719476259152
2024-06-30,FDX,Energy,0.008037567172523241,0.015838693328793837
2024-06-30,GD,Energy,0.03469483111685223,0.011946219769691334
2024-06-30,GE,Energy,0.07245453578490157,0.014082982020081854
2024-06-30,HAL,Energy,0.02664288097513312,0.022582691522536658
2024-06-30,HON,Energy,-0.04116323426659518,0.01521987001545027
2024-06-30,LMT,Energy,0.16017969571924429,0.013117665113599236
2024-06-30,MMM,Energy,0.2481650472765129,0.010567689700401336
2024-06-30,MPC,Energy,0.02040602748327669,0.01639979418118979
2024-06-30,NOC,Energy,0.1109529057538825,0.01521987001545027
2024-06-30,OXY,Energy,-0.03506269311922683,0.01521987001545027
2024-06-30,PSX,Energy,0.030530619643609702,0.021175092867400012
2024-06-30,RTX,Energy,0.17033579702237733,0.0075118004235991305
2024-06-30,SLB,Energy,0.023526702070833627,0.023215416442534612
2024-06-30,UNP,Energy,0.09047110935938907,0.012141607694345542
2024-06-30,UPS,Energy,-0.04735119040061497,0.02332567473124626
2024-06-30,VLO,Energy,0.031640714295009253,0.02048048662068563
2024-06-30,XOM,Energy,0.030142375783639652,0.013117665113599236
2024-06-30,AME,Energy,0.04060946601872084,0.01348220591462684
2024-06-30,BE,Energy,0.10620916789576906,-0.03328159674291907
2024-06-30,BKR,Energy,0.10093853813003761,0.013117665113599236
2024-06-30,CTRA,Energy,-0.0326207947430871,0.013117665113599236
2024-06-30,EMR,Energy,0.06308988194386922,0.011484852531993278
2024-06-30,ENPH,Energy,0.15444791562812354,0.04308602676613531
2024-06-30,ETN,Energy,-0.02793811721812256,0.011810824927118003
2024-06-30,FSLR,Energy,-0.042003020219553044,0.04485358791316199
2024-06-30,FTV,Energy,-0.030364356304779405,0.021352351590967
2024-06-30,GNRC,Energy,0.17743148720682922,0.015318484437081618
2024-06-30,HUBB,Energy,0.0825489011092646,0.008811758747634079
2024-06-30,MTDR,Energy,0.03154361108635961,0.035688594841398434
2024-06-30,PH,Energy,0.10942870515389114,0.012074607259490193
2024-06-30,PLUG,Energy,0.060085883900585335,0.09854095869349788
2024-06-30,PR,Energy,-0.05015485260573793,0.01196434897077855
2024-06-30,ROK,Energy,0.01224194394646494,0.023579957243562225
2024-06-30,ROP,Energy,-0.03225814948558048,0.01521987001545027
2024-06-30,SM,Energy,0.07278809483299598,0.037658474875211616
2024-06-30,VRSK,Energy,-0.028937284691628484,0.011435973526135217
2024-06-30,WMB,Energy,0.010353074706057175,0.010184894207958331
2024-06-30,XYL,Energy,-0.01570460534499396,0.010591704231971496
2024-06-30,AXP,Financials,0.09606438574122933,0.010830471779119652
2024-06-30,BAC,Financials,0.013578235027231322,0.01445513973116598
2024-06-30,BK,Financials,0.09469915929091921,0.0056478872881977
2024-06-30,BLK,Financials,0.11327038648698862,-0.011602365736826326
2024-06-30,C,Financials,0.02237633724675514,0.004448233968555503
2024-06-30,CFG,Financials,0.19591792449514833,-0.012620959898153719
2024-06-30,CME,Financials,-0.014699941308546904,-0.01206816362668152
2024-06-30,COF,Financials,0.09353544575682582,-0.0013861036031856803
2024-06-30,FITB,Financials,0.1603178253153339,-0.02027450836315895
2024-06-30,GS,Financials,0.1253759175852227,0.0037273213367530773
2024-06-30,HBAN,Financials,0.1342942167768788,0.015067337392828607
2024-06-30,ICE,Financials,0.10716652308946584,-0.02013130465766702
2024-06-30,JPM,Financials,0.05794106465808224,0.008371145780862588
2024-06-30,KEY,Financials,0.13511593268438848,-0.0016007357582289838
2024-06-30,MCO,Financials,0.08445575342765688,-0.01343453355408478
2024-06-30,MS,Financials,0.0714926250936554,0.02220483696318936
2024-06-30,MTB,Financials,0.1374867865113909,-0.006555274106047807
2024-06-30,PNC,Financials,0.17594230118162058,-0.012566648179681861
2024-06-30,RF,Financials,0.11626751861166307,0.01373781571647306
2024-06-30,SCHW,Financials,-0.11534800567022341,0.01207734028789921
2024-06-30,SPGI,Financials,0.08683846940138218,-0.02369015227156491
2024-06-30,STT,Financials,0.15905056448937982,0.00968187267064663
2024-06-30,TFC,Financials,0.15032174612422056,-0.006602435791765378
2024-06-30,USB,Financials,0.13047857669036445,-0.009285635146992129
2024-06-30,WFC,Financials,-0.0008420040659211647,0.005020223502278934
2024-06-30,AFL,Financials,0.06796560465407997,0.006683518409689451
2024-06-30,AJG,Financials,0.0932472616541069,0.0027266249120096535
2024-06-30,ALL,Financials,0.07177755102161876,-0.003025396505084355
2024-06-30,AMTD,Financials,-0.07784431052236152,0.09258047231574679
2024-06-30,AON,Financials,0.11897956403872079,0.07151806166070306
2024-06-30,CB,Financials,0.08068056783235167,-0.015032135150986161
2024-06-30,FDS,Financials,0.011805913227007414,0.036001235963015535
2024-06-30,FNF,Financials,0.12120613190997997,-0.014546003214710928
2024-06-30,GL,Financials,0.13041775405160427,-0.0311082467564507
2024-06-30,HIG,Financials,0.10324257030786166,0.012210228762849745
2024-06-30,IBKR,Financials,-0.027161643872110175,-0.0017072848273113452
2024-06-30,LPLA,Financials,-0.20687420434648496,-0.003112178199926883
2024-06-30,MET,Financials,0.09488521900437408,-0.013814644265066133
2024-06-30,MSCI,Financials,0.12249089702105098,0.028430516440231236
2024-06-30,NDAQ,Financials,0.12313321507634312,-0.005617109090279052
2024-06-30,PGR,Financials,0.03134872693472568,-0.0007067419791329492
2024-06-30,PRU,Financials,0.06937453671303628,0.012830001013947224
2024-06-30,RJF,Financials,-0.05813579868400531,-0.019547749270053132
2024-06-30,SEIC,Financials,0.04869375913645335,-0.0054540922990423575
2024-06-30,SF,Financials,0.05371363193517187,-0.001811219718697517
2024-06-30,SYF,Financials,0.07628730624214497,0.014556939255667575
2024-06-30,TRV,Financials,0.06442426244446797,-0.009757660183914761
2024-06-30,UNM,Financials,0.13453820188750854,0.006014880191624147
2024-06-30,WTW,Financials,0.07682907022652086,-0.003947773297525531
2024-06-30,ABBV,Healthcare,0.09038244140479046,-0.0186959197449801
2024-06-30,ABT,Healthcare,0.024944958733570832,-0.004467121689054164
2024-06-30,AMGN,Healthcare,0.06407426083027135,-0.014487053400288781
2024-06-30,BAX,Healthcare,0.07085180859084184,0.042025718618906804
2024-06-30,BIIB,Healthcare,-0.0803209808803732,0.005869998802706828
2024-06-30,BMY,Healthcare,0.16260923703081076,0.05425075417498069
2024-06-30,BSX,Healthcare,-0.04064413447587667,-0.0015980691228279329
2024-06-30,CI,Healthcare,0.05475392862453243,0.06453654412370569
2024-06-30,CVS,Healthcare,0.033035739865674874,0.004818408105181195
2024-06-30,DHR,Healthcare,0.10898530294885322,-0.004501930883118538
2024-06-30,EW,Healthcare,-0.3174191040132497,-0.017177786639842287
2024-06-30,GILD,Healthcare,0.10858473460936513,0.024841232043738535
2024-06-30,HUM,Healthcare,-0.03222264799680041,-0.035652703295003585
2024-06-30,ISRG,Healthcare,-0.000539554341148607,0.0024041597777286787
2024-06-30,JNJ,Healthcare,0.0799810072298428,0.0037193190387203538
2024-06-30,LLY,Healthcare,-0.11167681864980628,0.07068059639481711
2024-06-30,MDT,Healthcare,0.02045487874200891,-0.021625891075136287
2024-06-30,MRK,Healthcare,-0.08618739907293527,0.009386301361424192
2024-06-30,PFE,Healthcare,0.10689818424117448,0.02475171383367978
2024-06-30,REGN,Healthcare,0.026792677773435747,-0.035327995000061785
2024-06-30,SYK,Healthcare,-0.03761937330343501,0.0061651233850752475
2024-06-30,TMO,Healthcare,0.10911423820564337,-0.008201788705874302
2024-06-30,UNH,Healthcare,0.13136679320260347,-0.011094079327256047
2024-06-30,VRTX,Healthcare,0.05760368648592551,-0.0037468645545336602
2024-06-30,ZBH,Healthcare,0.025983674309919325,-0.026499325301122093
2024-06-30,A,Healthcare,0.09282118615576129,-0.0038370534921253947
2024-06-30,ACAD,Healthcare,0.1704615666316105,0.08691872599458537
2024-06-30,ALGN,Healthcare,-0.03955592959733678,0.018733500151635336
2024-06-30,ALKS,Healthcare,0.1336099278998486,0.011530653561886121
2024-06-30,BDX,Healthcare,0.031449172875994025,-0.027306758244790428
2024-06-30,DGX,Healthcare,0.04517785440477273,-0.011308180721570768
2024-06-30,DXCM,Healthcare,-0.4018345269206671,-0.014429621692652054
2024-06-30,FOLD,Healthcare,0.039314550435815665,0.06018778077818189
2024-06-30,HOLX,Healthcare,0.09912458734480212,0.016362621642271636
2024-06-30,IDXX,Healthcare,-0.022742234836265585,0.025474273842416635
2024-06-30,INSP,Healthcare,0.05394904820981439,-0.031136298460350403
2024-06-30,IQV,Healthcare,0.1645383696766356,-0.013992930616712524
2024-06-30,MASI,Healthcare,-0.1505478697548368,0.08527344479451587
2024-06-30,MTD,Healthcare,0.0883235186967799,-0.0325202601461362
2024-06-30,NBIX,Healthcare,0.02832867877638412,0.006115255473993118
2024-06-30,NTRA,Healthcare,-0.05448334542430433,0.0469206198494317
2024-06-30,NVCR,Healthcare,0.3292470270468284,0.038401616852618274
2024-06-30,PODD,Healthcare,-0.036917724655987305,0.07464032647834919
2024-06-30,RARE,Healthcare,0.09537718075855484,0.012428001449528516
2024-06-30,RMD,Healthcare,0.11404230253995173,0.021386568789579383
2024-06-30,WAT,Healthcare,0.15910659188955267,0.01872550500614275
2024-06-30,AAPL,Technology,0.0544108210862948,2.636892182552126e-05
2024-06-30,ADBE,Technology,-0.007002112840004848,0.11948327326694222
2024-06-30,AMAT,Technology,-0.1008093353867745,-0.013877715180582619
2024-06-30,AMD,Technology,-0.10930281889207516,0.051263554242748886
2024-06-30,AVGO,Technology,0.0007910778254107687,0.004277870764803378
2024-06-30,CDNS,Technology,-0.13026806283636272,-0.032690242285665354
2024-06-30,CRM,Technology,0.008179068033102421,-0.028945186970709046
2024-06-30,CRWD,Technology,-0.3946605985647126,0.010647297735366447
2024-06-30,FTNT,Technology,-0.03700015804378631,0.1158910314713206
2024-06-30,GOOGL,Technology,-0.05824881337120014,-0.00646499335163921
2024-06-30,INTC,Technology,-0.0074265350905735605,-0.0016009204487031832
2024-06-30,INTU,Technology,-0.013638084676800055,0.001859177066985665
2024-06-30,KLAC,Technology,-0.0017465320569289844,-0.004768597188490755
2024-06-30,LRCX,Technology,-0.13486403690504378,0.026128307826230386
2024-06-30,META,Technology,-0.05828802618370044,0.0031870124379347214
2024-06-30,MSFT,Technology,-0.06398933944680107,0.012657053874072942
2024-06-30,MU,Technology,-0.16432696056160423,0.0655116727285167
2024-06-30,NET,Technology,-0.06434868662596549,-0.05486241061095992
2024-06-30,NOW,Technology,0.035237179252802786,0.030458502911411146
2024-06-30,NVDA,Technology,-0.05277645469390446,0.03343522574441361
2024-06-30,ORCL,Technology,-0.009605462082203586,0.029643158266637163
2024-06-30,PANW,Technology,-0.042122646435039934,0.04490827491980995
2024-06-30,QCOM,Technology,-0.09152528819289629,0.0017734243609433555
2024-06-30,SNPS,Technology,-0.06174165695074696,-0.026656741512980378
2024-06-30,TXN,Technology,0.054525329602534534,0.009812552038747842
2024-06-30,ACN,Technology,0.0944594537529364,0.04173398656743284
2024-06-30,ADI,Technology,0.013668597987194442,0.0008164151848908842
2024-06-30,ANET,Technology,-0.011213259159343791,0.0027147848459107035
2024-06-30,CGNX,Technology,0.06116330061277098,-0.0030627735833979935
2024-06-30,COHU,Technology,-0.03353470556413385,-0.0349828210402716
2024-06-30,CSCO,Technology,0.02852210242747244,0.09571755454100593
2024-06-30,DELL,Technology,-0.1728352750677009,0.06931943284050353
2024-06-30,ENTG,Technology,-0.12565225143578784,0.02119253786197347
2024-06-30,FORM,Technology,-0.11514947210588433,-0.07228007139548111
2024-06-30,HPQ,Technology,0.030553900592601435,0.082206474803319
2024-06-30,IBM,Technology,0.11095699799998449,0.004022518463770489
2024-06-30,IPGP,Technology,-0.04728045849777496,0.02087051543480051
2024-06-30,KEYS,Technology,0.020621625771252372,0.0059015346828249615
2024-06-30,MCHP,Technology,-0.029726815398266826,-0.0019746112862345905
2024-06-30,MKSI,Technology,-0.035840225228985,0.08501550143541899
2024-06-30,MPWR,Technology,0.050396724243422675,-0.003924009916526723
2024-06-30,MRVL,Technology,-0.04097678428761353,0.0447411079468179
2024-06-30,NXPI,Technology,-0.022037064271572593,0.0645034943600791
2024-06-30,ONTO,Technology,-0.12871194580558432,0.00816818325901535
2024-06-30,QRVO,Technology,0.03240263794006348,-0.05155573939557952
2024-06-30,STX,Technology,-0.010651721360438682,0.04322002950290518
2024-06-30,SWKS,Technology,0.06605364701860039,-0.035662026338254264
2024-06-30,TER,Technology,-0.11551697951509476,-0.0026448203398363357
2024-06-30,VRSN,Technology,0.05179973736406707,-0.004749487026678914
2024-06-30,WDC,Technology,-0.11508516794908707,0.08057156491927268
2024-07-31,AMZN,Consumer,-0.0453524222981363,0.11301854518369307
2024-07-31,AZO,Consumer,0.015250404461219391,0.12461483466977838
2024-07-31,BKNG,Consumer,0.05227973783465112,0.12885171069271117
2024-07-31,CMG,Consumer,0.03240062861042636,0.2185265683633913
2024-07-31,COST,Consumer,0.08562056262377893,0.125832063844425
2024-07-31,DG,Consumer,-0.3108232128278031,0.1395422352764128
2024-07-31,DLTR,Consumer,-0.19024342697731778,0.16175262925028872
2024-07-31,DRI,Consumer,0.08107201348872195,0.10609928671068593
2024-07-31,EBAY,Consumer,0.06767789244305411,0.16008670609675374
2024-07-31,HD,Consumer,0.007003076004320485,0.1607580986880985
2024-07-31,HLT,Consumer,0.023863391683450752,0.09784628751060619
2024-07-31,KR,Consumer,-0.017705110522709955,0.12483783908771603
2024-07-31,LOW,Consumer,0.012178717317505194,0.14841987598016004
2024-07-31,LULU,Consumer,0.0031315145253452137,0.14379196922070067
2024-07-31,MAR,Consumer,0.03545176519529347,0.08496739543111079
2024-07-31,MCD,Consumer,0.08764131768936756,0.1451226345995648
2024-07-31,MGM,Consumer,-0.12520365174025472,0.10523790643285004
2024-07-31,NKE,Consumer,0.11301096309827718,0.08074771018412477
2024-07-31,ORLY,Consumer,0.0032227848726325004,0.11887517702285082
2024-07-31,ROST,Consumer,0.05152564492200451,0.12071359128671587
2024-07-31,SBUX,Consumer,0.22054657228715802,0.05245407877697525
2024-07-31,TGT,Consumer,0.029329221799096805,0.18804906205722963
2024-07-31,TJX,Consumer,0.04118343967569427,0.08789080860306335
2024-07-31,WMT,Consumer,0.1283527582377233,0.14296148202694278
2024-07-31,YUM,Consumer,0.020802485444865404,0.11982961306659691
2024-07-31,BBY,Consumer,0.16042555845860051,0.13027836601721754
2024-07-31,CCL,Consumer,-0.009603829938369834,0.043212552622581356
2024-07-31,CHDN,Consumer,-0.03197262983567073,0.1045253542963488
2024-07-31,CMCSA,Consumer,-0.041192469871157544,0.08159431662600836
2024-07-31,CZR,Consumer,-0.05782231111830016,0.1028380775369863
2024-07-31,DIS,Consumer,-0.03532929239200833,0.0932985405439574
2024-07-31,DKNG,Consumer,-0.06630583795269585,0.16604216488195322
2024-07-31,F,Consumer,0.050304850718995375,0.1439167081799975
2024-07-31,FOX,Consumer,0.0846740348298416,0.11039245570462164
2024-07-31,GM,Consumer,0.12319496821854825,0.1831557017110357
2024-07-31,GRMN,Consumer,0.07030675506276873,0.09419532975412614
2024-07-31,H,Consumer,0.03220743354221156,0.16229081977531026
2024-07-31,IHG,Consumer,-0.002811059275252381,0.1124000172503051
2024-07-31,LVS,Consumer,-0.01192159659690506,0.13323342648016415
2024-07-31,NCLH,Consumer,-0.029300103450117243,0.09777110782252084
2024-07-31,NFLX,Consumer,0.11617733998760782,0.15897022224067914
2024-07-31,PENN,Consumer,-0.06760132801899055,0.06448041982307111
2024-07-31,POOL,Consumer,-0.05664987328738902,0.08627916110086113
2024-07-31,RCL,Consumer,0.05040842338940177,0.17574912645344368
2024-07-31,SIRI,Consumer,-0.0381584419218125,0.15806700171333612
2024-07-31,TSLA,Consumer,-0.07739046902676983,0.04097525242452924
2024-07-31,WBD,Consumer,-0.09364156088598885,0.11916135143085972
2024-07-31,WYNN,Consumer,-0.06867006158052269,0.07528442509211813
2024-07-31,APA,Energy,-0.08656631603450016,0.07030632216093831
2024-07-31,BA,Energy,-0.0884575029929161,0.016472929911688954
2024-07-31,CAT,Energy,0.028596077219013027,0.024713309610776835
2024-07-31,COP,Energy,0.03069341484809951,0.07030632216093831
2024-07-31,CVX,Energy,-0.06770187030229424,0.07030632216093831
2024-07-31,DE,Energy,0.03699118002098678,0.02460926820311206
2024-07-31,DVN,Energy,-0.047841665658117205,0.07030632216093831
2024-07-31,EOG,Energy,0.015930571620915268,0.07030632216093831
2024-07-31,FDX,Energy,-0.011513615531826837,0.03263873455675914
2024-07-31,GD,Energy,0.0021761008934684245,0.02460926820311206
2024-07-31,GE,Energy,0.025969410158644513,0.009685789940151037
2024-07-31,HAL,Energy,-0.10351795834357091,0.07030632216093831
2024-07-31,HON,Energy,0.020989546084677624,0.024173426036805425
2024-07-31,LMT,Energy,0.04830976561389666,0.02460926820311206
2024-07-31,MMM,Energy,0.06167080084815835,0.023289393614969112
2024-07-31,MPC,Energy,0.005398117183120332,0.024005382277394103
2024-07-31,NOC,Energy,0.08029825579582162,0.02460926820311206
2024-07-31,OXY,Energy,-0.06313719645191296,0.07030632216093831
2024-07-31,PSX,Energy,-0.027511320095583214,0.023289393614969112
2024-07-31,RTX,Energy,0.05540916654497696,0.04495384923129605
2024-07-31,SLB,Energy,-0.08904535977402694,0.07030632216093831
2024-07-31,UNP,Energy,0.043458516776736955,0.024713309610776835
2024-07-31,UPS,Energy,-0.0014055918500638365,0.0702287438565855
2024-07-31,VLO,Energy,-0.08664804075320731,0.024005382277394103
2024-07-31,XOM,Energy,0.0025257775679425887,0.07030632216093831
2024-07-31,AME,Energy,-0.014007445620237813,0.04548015685266119
2024-07-31,BE,Energy,-0.12038405605858238,0.03525331692888759
2024-07-31,BKR,Energy,-0.08612290267712319,0.06987047999463167
2024-07-31,CTRA,Energy,-0.048631512687667966,0.07030632216093831
2024-07-31,EMR,Energy,-0.09552368683608825,0.07030632216093831
2024-07-31,ENPH,Energy,0.05151594365157619,0.041823468272346426
2024-07-31,ETN,Energy,0.010410211465481378,0.06777373957251953
2024-07-31,FSLR,Energy,0.05268757504792787,0.035218610113283214
2024-07-31,FTV,Energy,0.035490552811097364,0.023289393614969112
2024-07-31,GNRC,Energy,0.0054599572424560705,0.02253333775093985
2024-07-31,HUBB,Energy,0.013919974456158668,0.045661776564678784
2024-07-31,MTDR,Energy,-0.0740940653644383,0.07030632216093831
2024-07-31,PH,Energy,0.07253260934841688,0.07041036356860308
2024-07-31,PLUG,Energy,-0.23886640750792643,0.023197321365508203
2024-07-31,PR,Energy,-0.058410404633969626,0.06970243623522035
2024-07-31,ROK,Energy,-0.019007134581720653,0.060795119287510496
2024-07-31,ROP,Energy,0.0177327719053757,0.024173426036805425
2024-07-31,SM,Energy,-0.012337486430046618,0.0778549232619776
2024-07-31,VRSK,Energy,0.042292352421085866,0.02169297621319517
2024-07-31,WMB,Energy,0.06590585576080654,0.04495384923129605
2024-07-31,XYL,Energy,0.03292508859124066,0.045057890638960825
2024-07-31,AXP,Financials,0.02217042546123249,0.07722351667927242
2024-07-31,BAC,Financials,0.010915259622635842,0.06240167492121455
2024-07-31,BK,Financials,0.04840949271355699,0.07305791463437059
2024-07-31,BLK,Financials,0.028876221093656174,0.01898145101648028
2024-07-31,C,Financials,-0.02523539705283573,0.07880673728085218
2024-07-31,CFG,Financials,0.008905521023619967,0.050992749796703124
2024-07-31,CME,Financials,0.11372676311469232,0.03195131728294529
2024-07-31,COF,Financials,-0.02518587001705941,0.05675882306156955
2024-07-31,FITB,Financials,0.008266400154783415,0.07805235431853787
2024-07-31,GS,Financials,0.008326804639386731,0.08568144139330487
2024-07-31,HBAN,Financials,0.001337924639486232,0.08504025829315325
2024-07-31,ICE,Financials,0.06591442074297005,0.0410604149033782
2024-07-31,JPM,Financials,0.056390937176389544,0.06630773846997348
2024-07-31,KEY,Financials,0.07060467980469065,0.010454715856401274
2024-07-31,MCO,Financials,0.07042847267358021,0.04391078491924191
2024-07-31,MS,Financials,0.003875652078171754,0.05835643119754605
2024-07-31,MTB,Financials,-0.0003485615959533117,0.08690712526442215
2024-07-31,PNC,Financials,0.022031991617391666,0.050796076751782326
2024-07-31,RF,Financials,0.04693791678792625,0.02515417374814289
2024-07-31,SCHW,Financials,0.0026118291713674857,0.034472044738688895
2024-07-31,SPGI,Financials,0.06073909645828324,0.05543531607979526
2024-07-31,STT,Financials,0.025067753626822897,0.05968411323676632
2024-07-31,TFC,Financials,0.007304080750907271,0.04071505071035349
2024-07-31,USB,Financials,0.05236189122793644,0.03803736304388368
2024-07-31,WFC,Financials,-0.007133833801860612,0.049097234277758715
2024-07-31,AFL,Financials,0.16260262543947968,0.07093785904456497
2024-07-31,AJG,Financials,0.03202923022410431,0.06389159615923548
2024-07-31,ALL,Financials,0.10955720179366901,0.05543178886290264
2024-07-31,AMTD,Financials,-0.1623376663588899,0.03680356390716301
2024-07-31,AON,Financials,0.04845429952007119,0.04051648162645495
2024-07-31,CB,Financials,0.030907727994985867,0.05516271976154411
2024-07-31,FDS,Financials,0.026157948407094622,0.03830033450464762
2024-07-31,FNF,Financials,0.06406773309511271,0.028115484072132702
2024-07-31,GL,Financials,0.1327368367168591,0.01812328450299652
2024-07-31,HIG,Financials,0.04670031317930512,0.08110082199129491
2024-07-31,IBKR,Financials,0.08278784942299611,0.06736165484221972
2024-07-31,LPLA,Financials,0.01426516012224388,0.05564765217582829
2024-07-31,MET,Financials,0.016348412419070035,0.07667477657774913
2024-07-31,MSCI,Financials,0.07671481758531407,0.025932608582661117
2024-07-31,NDAQ,Financials,0.06501184593078513,0.046433072600459036
2024-07-31,PGR,Financials,0.1778442602050887,0.06624812963829976
2024-07-31,PRU,Financials,-0.02221528668300421,0.06958039131617609
2024-07-31,RJF,Financials,0.030775811733764424,0.10188478327929791
2024-07-31,SEIC,Financials,-0.0030956059520158563,0.06714743345172237
2024-07-31,SF,Financials,-0.0059771739040805905,0.04402880337269357
2024-07-31,SYF,Financials,-0.004905613168949774,0.01783608814109584
2024-07-31,TRV,Financials,0.053733036719876504,0.06682686837508568
2024-07-31,UNM,Financials,-0.03545974411311803,0.040533014650290376
2024-07-31,WTW,Financials,0.03482357614140397,0.03744022400724008
2024-07-31,ABBV,Healthcare,0.05930282647683671,0.03498127151894223
2024-07-31,ABT,Healthcare,0.06919016345085427,0.017981579337403204
2024-07-31,AMGN,Healthcare,0.011081894641503665,0.006912750277395271
2024-07-31,BAX,Healthcare,0.06729582661676625,0.036308396135609884
2024-07-31,BIIB,Healthcare,-0.03958725404416963,-0.031084992300517297
2024-07-31,BMY,Healthcare,0.05025219657538327,0.04063594952839146
2024-07-31,BSX,Healthcare,0.10706556518914101,-0.0180896553166917
2024-07-31,CI,Healthcare,0.03768600216355922,0.012495987868664047
2024-07-31,CVS,Healthcare,-0.05121830157897089,-0.010631822957373851
2024-07-31,DHR,Healthcare,-0.0280424335773245,0.04597512749367029
2024-07-31,EW,Healthcare,0.10959555798615206,0.03527906390914669
2024-07-31,GILD,Healthcare,0.038653693619145724,-0.022204382329983213
2024-07-31,HUM,Healthcare,-0.01974499922885975,-0.0004623103450419085
2024-07-31,ISRG,Healthcare,0.10800481571118903,0.056425501759131434
2024-07-31,JNJ,Healthcare,0.058719602426383855,0.045869637906425224
2024-07-31,LLY,Healthcare,0.19532159555963458,0.005336718135621485
2024-07-31,MDT,Healthcare,0.10283865964674987,0.05453873475669353
2024-07-31,MRK,Healthcare,0.04702551548799527,-0.015012254871068399
2024-07-31,PFE,Healthcare,-0.05009834187344553,0.05593301880961044
2024-07-31,REGN,Healthcare,0.09775833010681678,0.0254248282712093
2024-07-31,SYK,Healthcare,0.10068712845678207,0.03696524421532781
2024-07-31,TMO,Healthcare,0.0028205532716896187,0.045900758733814585
2024-07-31,UNH,Healthcare,0.024368521852967673,-0.00047949851790667476
2024-07-31,VRTX,Healthcare,0.00034296261461252975,-0.009569834469074714
2024-07-31,ZBH,Healthcare,0.03691070486475789,0.06123273442062866
2024-07-31,A,Healthcare,0.010749763658803424,0.058420386494515524
2024-07-31,ACAD,Healthcare,-0.12828603971256192,0.03281890541148669
2024-07-31,ALGN,Healthcare,0.023029136732118705,0.08091817732226564
2024-07-31,ALKS,Healthcare,0.041361679382789784,0.033153002039286374
2024-07-31,BDX,Healthcare,0.005600509255647923,0.0006982449148235125
2024-07-31,DGX,Healthcare,0.10309213823504781,0.00960098483866342
2024-07-31,DXCM,Healthcare,0.02241221837077667,0.06147315127556115
2024-07-31,FOLD,Healthcare,0.12609109448599587,0.036462181303947384
2024-07-31,HOLX,Healthcare,-0.004533791738939197,0.03702761359483774
2024-07-31,IDXX,Healthcare,0.010942601672916163,0.028137734573745687
2024-07-31,INSP,Healthcare,0.27486709275883126,-0.021845526285847093
2024-07-31,IQV,Healthcare,0.021605845821097702,0.05396475027104763
2024-07-31,MASI,Healthcare,0.09852302257802914,0.010442442586525734
2024-07-31,MTD,Healthcare,-0.05387801138947301,0.040700980527116626
2024-07-31,NBIX,Healthcare,-0.10249352980815118,0.02288779095159904
2024-07-31,NTRA,Healthcare,0.1549956327882005,0.044045320157865754
2024-07-31,NVCR,Healthcare,-0.14624505299782087,-0.03908295768579013
2024-07-31,PODD,Healthcare,0.043323889398082294,0.014934084380095114
2024-07-31,RARE,Healthcare,0.2612171968449013,0.01837419441699598
2024-07-31,RMD,Healthcare,0.15172708355321474,0.05990908090904682
2024-07-31,WAT,Healthcare,0.029945305580983295,0.06188991530794194
2024-07-31,AAPL,Technology,0.03235345925397026,0.06450095768608714
2024-07-31,ADBE,Technology,0.041257949285225415,0.08390587878773487
2024-07-31,AMAT,Technology,-0.06862379095575089,0.11435248112266712
2024-07-31,AMD,Technology,0.028239216166290326,0.12303371014185262
2024-07-31,AVGO,Technology,0.013318298990233846,0.007132707991481895
2024-07-31,CDNS,Technology,0.004744784414167036,0.062808378585094
2024-07-31,CRM,Technology,-0.022797503697833288,0.10010673705136572
2024-07-31,CRWD,Technology,0.19537847367513606,0.19773383758705476
2024-07-31,FTNT,Technology,0.3216746704762812,0.1790976123513829
2024-07-31,GOOGL,Technology,-0.0475690127296412,0.16786929327071287
2024-07-31,INTC,Technology,-0.27847058573763883,-0.018319358179778235
2024-07-31,INTU,Technology,-0.026399873815913577,0.038549813592106595
2024-07-31,KLAC,Technology,-0.0026008341386883904,0.13150554741899323
2024-07-31,LRCX,Technology,-0.10879906356686464,0.1034734866123699
2024-07-31,META,Technology,0.09788793044100164,0.21312259606077522
2024-07-31,MSFT,Technology,-0.0010950331437720173,0.0972081959008073
2024-07-31,MU,Technology,-0.12365698912953749,0.18868676529144587
2024-07-31,NET,Technology,0.05987095986643154,0.15666504304602188
2024-07-31,NOW,Technology,0.049865504980948216,0.05039907051708958
2024-07-31,NVDA,Technology,0.020082119137390997,0.129965507317867
2024-07-31,ORCL,Technology,0.013195011156685865,0.019096784935234062
2024-07-31,PANW,Technology,0.11698946493730289,0.08173435503632816
2024-07-31,QCOM,Technology,-0.031223955999985287,0.22871224988818978
2024-07-31,SNPS,Technology,-0.06938671322211554,0.07796412671628775
2024-07-31,TXN,Technology,0.051665896983216,0.125330367595088
2024-07-31,ACN,Technology,0.03426913129466147,0.04560773230282998
2024-07-31,ADI,Technology,0.014953803374383456,0.16900487413975954
2024-07-31,ANET,Technology,0.019708605772406074,0.12800749471630726
2024-07-31,CGNX,Technology,-0.1846271965910482,0.0668171697335538
2024-07-31,COHU,Technology,-0.15879962363402322,0.0534969214602275
2024-07-31,CSCO,Technology,0.04313719167375285,0.100848031003687
2024-07-31,DELL,Technology,0.01636187206606632,0.23968497964953867
2024-07-31,ENTG,Technology,-0.020458007592804583,0.09076236240658786
2024-07-31,FORM,Technology,-0.08943242704836807,0.18286058633112182
2024-07-31,HPQ,Technology,0.002493717519799654,0.22839210497549872
2024-07-31,IBM,Technology,0.0611942215633805,0.15952725332314338
2024-07-31,IPGP,Technology,-0.14962684764905998,0.12985829073649835
2024-07-31,KEYS,Technology,0.10424867112867142,0.1870302589026434
2024-07-31,MCHP,Technology,-0.06946484006194609,0.12913147074115772
2024-07-31,MKSI,Technology,-0.051263048285871804,0.1181028503241234
2024-07-31,MPWR,Technology,0.08294610245091061,0.11614979592668641
2024-07-31,MRVL,Technology,0.138250166477214,0.07060571583354153
2024-07-31,NXPI,Technology,-0.0258398522653015,0.14065770232672944
2024-07-31,ONTO,Technology,0.11458441097366157,0.19727360832730356
2024-07-31,QRVO,Technology,-0.032637759286367585,0.07153692370043602
2024-07-31,STX,Technology,-0.025643512378682565,0.06422193518069265
2024-07-31,SWKS,Technology,-0.029179676159276635,0.055776308515870794
2024-07-31,TER,Technology,0.04246717571272152,0.16177325482122815
2024-07-31,VRSN,Technology,-0.016630104201991736,0.05003738048003063
2024-07-31,WDC,Technology,-0.021774770080407846,0.21610161931640756
2024-08-31,AMZN,Consumer,0.043865556476496925,-0.022832277078790257
2024-08-31,AZO,Consumer,-0.009882174836636115,-0.0007688851826126233
2024-08-31,BKNG,Consumer,0.07997950308838608,0.013131070346864109
2024-08-31,CMG,Consumer,0.0274607177344508,0.014455589974872883
2024-08-31,COST,Consumer,-0.006566780738575417,0.029499528678174243
2024-08-31,DG,Consumer,0.019284106408606005,-0.007250549992453063
2024-08-31,DLTR,Consumer,-0.1677121378532026,0.007947661457960853
2024-08-31,DRI,Consumer,0.037812316218694964,-0.012709204746800961
2024-08-31,EBAY,Consumer,0.10169207039266381,0.0282498811318388
2024-08-31,HD,Consumer,0.09959294737607038,-0.024559141474874327
2024-08-31,HLT,Consumer,0.04944456937135677,-0.06479995009844043
2024-08-31,KR,Consumer,0.0768651787836041,0.004584402346741922
2024-08-31,LOW,Consumer,0.08993967530481362,-0.023076304046586383
2024-08-31,LULU,Consumer,0.04578565856138206,0.05940019996921204
2024-08-31,MAR,Consumer,0.05926968932900878,-0.019100817722321493
2024-08-31,MCD,Consumer,0.06104747389516452,0.01048383078045277
2024-08-31,MGM,Consumer,0.039904229686381854,-0.006795499171867025
2024-08-31,NKE,Consumer,0.06570215286908732,-0.002869461480353012
2024-08-31,ORLY,Consumer,0.019142119955907644,0.019735724129820227
2024-08-31,ROST,Consumer,0.0017807686475792561,0.007598619767421476
2024-08-31,SBUX,Consumer,0.030876458021648734,-0.05674750240599928
2024-08-31,TGT,Consumer,0.014581429309936,0.009898215769985784
2024-08-31,TJX,Consumer,0.002302400837583596,-0.008442400224885375
2024-08-31,WMT,Consumer,0.04557805597903619,0.05053138688443018
2024-08-31,YUM,Consumer,0.03550257914922761,0.03942138232570336
2024-08-31,BBY,Consumer,0.03874033078225003,-0.008425884324254177
2024-08-31,CCL,Consumer,0.1199999117402637,-0.0043882489005355515
2024-08-31,CHDN,Consumer,-0.027056276936638368,0.007735647422475985
2024-08-31,CMCSA,Consumer,0.05559775078163898,-0.06490511650606347
2024-08-31,CZR,Consumer,0.10892673632576955,0.01652308741803521
2024-08-31,DIS,Consumer,0.0642842336688263,0.06119222801674925
2024-08-31,DKNG,Consumer,0.13623190617215797,0.01425279650769218
2024-08-31,F,Consumer,-0.0563002165501163,0.05505314996486683
2024-08-31,FOX,Consumer,0.016847252605319607,-0.007290289748457613
2024-08-31,GM,Consumer,-0.09698606508833063,-0.001834158298036842
2024-08-31,GRMN,Consumer,-0.035652042134029394,-0.021485473505258434
2024-08-31,H,Consumer,0.0018428528364380359,0.03446893781678769
2024-08-31,IHG,Consumer,0.09929348028725205,0.024665039877639756
2024-08-31,LVS,Consumer,0.2911004363215419,-0.05696286722572883
2024-08-31,NCLH,Consumer,0.14645058293011415,0.03786690970836413
2024-08-31,NFLX,Consumer,0.011292504352621968,0.009230486128466798
2024-08-31,PENN,Consumer,0.012889353399623493,0.046476297183582246
2024-08-31,POOL,Consumer,0.0716114731791544,-0.001798361451110219
2024-08-31,RCL,Consumer,0.07990823481063569,-0.055428623192811104
2024-08-31,SIRI,Consumer,-0.281155137453833,-0.14435559954532712
2024-08-31,TSLA,Consumer,0.22194201175563166,-0.06310111187608476
2024-08-31,WBD,Consumer,0.05229589788678424,-0.127732819105045
2024-08-31,WYNN,Consumer,0.24713852496478572,0.02122277675543155
2024-08-31,APA,Energy,-0.1414532023037054,0.023150349679294326
2024-08-31,BA,Energy,-0.12489934108978173,0.02034611394042532
2024-08-31,CAT,Energy,0.0983430441504769,0.012037999538042804
2024-08-31,COP,Energy,-0.07478685215296321,0.02201760271953869
2024-08-31,CVX,Energy,-0.0045961873177506885,0.013518203987515897
2024-08-31,DE,Energy,0.08571260967033845,0.021519229237443965
2024-08-31,DVN,Energy,-0.11668176155004906,0.02042382148696663
2024-08-31,EOG,Energy,-0.0457228486975535,0.013518203987515897
2024-08-31,FDX,Energy,-0.07948956250031802,0.013095542824296121
2024-08-31,GD,Energy,0.009486943273216975,0.013518203987515897
2024-08-31,GE,Energy,0.08154454870046068,0.04059110819833624
2024-08-31,HAL,Energy,-0.060264025059614035,0.021868865235966355
2024-08-31,HON,Energy,-0.005771638541865132,0.013518203987515897
2024-08-31,LMT,Energy,0.03471112372706475,0.013389123494130411
2024-08-31,MMM,Energy,0.014923038421867263,0.03969553762042417
2024-08-31,MPC,Energy,-0.08022804265612171,0.02201760271953869
2024-08-31,NOC,Energy,0.013278326171551003,0.016654232553598918
2024-08-31,OXY,Energy,-0.09164213589752512,0.013518203987515897
2024-08-31,PSX,Energy,-0.06314599994766579,0.021023970108099962
2024-08-31,RTX,Energy,-0.01767462523503749,0.04026927994889641
2024-08-31,SLB,Energy,-0.04013229672217955,0.022190863542424524
2024-08-31,UNP,Energy,-0.03752590481829621,0.01192292509490705
2024-08-31,UPS,Energy,0.06059883197705496,0.022147092528541232
2024-08-31,VLO,Energy,-0.07973823842143579,0.01319620568105773
2024-08-31,XOM,Energy,-0.006104857177161693,0.013518203987515897
2024-08-31,AME,Energy,0.005539525093074982,0.013095542824296121
2024-08-31,BE,Energy,-0.11335007935275065,0.10338245461964175
2024-08-31,BKR,Energy,0.02786486951946121,0.011600926788448884
2024-08-31,CTRA,Energy,-0.015618438831936476,0.013518203987515897
2024-08-31,EMR,Energy,0.037764604028839965,0.013518203987515897
2024-08-31,ENPH,Energy,-0.06625912270157719,0.08268066006790854
2024-08-31,ETN,Energy,0.07985530071358848,0.01319620568105773
2024-08-31,FSLR,Energy,0.09706648985431765,0.027846278213637513
2024-08-31,FTV,Energy,0.06204473272348898,0.022147092528541232
2024-08-31,GNRC,Energy,0.01501313564072193,0.0017288452865244926
2024-08-31,HUBB,Energy,0.0710890914656872,0.011178265625229108
2024-08-31,MTDR,Energy,-0.12870243029326878,0.0343358379031838
2024-08-31,PH,Energy,0.05268232924831673,0.011178265625229108
2024-08-31,PLUG,Energy,0.20212765755077022,0.13447414908161257
2024-08-31,PR,Energy,-0.04424160634780161,0.02134596841455813
2024-08-31,ROK,Energy,-0.01312348387193174,0.021096568074224185
2024-08-31,ROP,Energy,0.003661517460405994,0.013518203987515897
2024-08-31,SM,Energy,-0.12404108451698048,0.03416122688052453
2024-08-31,VRSK,Energy,-0.01638982129314681,0.013518203987515897
2024-08-31,WMB,Energy,0.007996948046043784,0.013518203987515897
2024-08-31,XYL,Energy,-0.01817788680201915,0.013474432973632607
2024-08-31,AXP,Financials,0.04852113557774418,0.01987328499154678
2024-08-31,BAC,Financials,-0.01990922011757379,-0.021184906822682016
2024-08-31,BK,Financials,0.05335647930676202,-0.006666367556555319
2024-08-31,BLK,Financials,0.05912432789248889,-0.008775191335349196
2024-08-31,C,Financials,-0.0006386195715661902,0.01864163355177681
2024-08-31,CFG,Financials,-0.045992791802305755,0.04670478127801718
2024-08-31,CME,Financials,0.02812079132569134,0.04422931695989169
2024-08-31,COF,Financials,0.019056846210953493,-0.017949145784587988
2024-08-31,FITB,Financials,0.012235893838054679,0.024394172357032763
2024-08-31,GS,Financials,-0.029671795563593117,0.007903043366853402
2024-08-31,HBAN,Financials,-0.0075285052558995424,0.022003086191832288
2024-08-31,ICE,Financials,-0.0028521989611650644,-0.0010338648007172265
2024-08-31,JPM,Financials,-0.06201071204535824,0.024628199574572067
2024-08-31,KEY,Financials,-0.018170995852903382,0.02019962048459612
2024-08-31,MCO,Financials,-0.02696114515906678,0.01061584030893299
2024-08-31,MS,Financials,0.0060806147115288756,0.015012549879040233
2024-08-31,MTB,Financials,0.04310135830643347,0.018977746600077755
2024-08-31,PNC,Financials,-0.001296603925404427,0.0015350481794050735
2024-08-31,RF,Financials,0.006905450174994998,0.04630632890608456
2024-08-31,SCHW,Financials,-0.004454658340730111,-0.016504938274627606
2024-08-31,SPGI,Financials,0.006585662601667819,0.00780938416946152
2024-08-31,STT,Financials,0.015728981525966246,-0.005700557943741575
2024-08-31,TFC,Financials,-0.03801166121062116,0.01615133966288979
2024-08-31,USB,Financials,-0.02099655506905751,-0.006820053469744929
2024-08-31,WFC,Financials,-0.033863495936279464,-0.039350627318425986
2024-08-31,AFL,Financials,0.013048275873878135,0.008042889070957088
2024-08-31,AJG,Financials,-0.03632500052454035,0.005175347647533125
2024-08-31,ALL,Financials,0.003757770602253352,-0.015306160696561958
2024-08-31,AMTD,Financials,0.09302326226118396,-0.021766997438144788
2024-08-31,AON,Financials,0.006604242768615709,-0.003702425703133433
2024-08-31,CB,Financials,0.018024917693356013,0.007512582321719638
2024-08-31,FDS,Financials,0.08752705538162164,0.04535675002659945
2024-08-31,FNF,Financials,0.06099171230711442,-0.026165636766827084
2024-08-31,GL,Financials,0.008186553180747902,-0.03972808003125603
2024-08-31,HIG,Financials,0.01712358267460523,0.0074268136962041525
2024-08-31,IBKR,Financials,0.08123193428284092,0.0049777552702601514
2024-08-31,LPLA,Financials,0.03695287217492327,-0.05190988902086423
2024-08-31,MET,Financials,0.06453279978954196,0.019299628302277622
2024-08-31,MSCI,Financials,0.004030402588030668,-0.013988640062008485
2024-08-31,NDAQ,Financials,0.016263237887104154,0.0019009893159103082
2024-08-31,PGR,Financials,0.006185570804416063,-0.017614813524395458
2024-08-31,PRU,Financials,-0.0004953348451344208,0.030937964430484164
2024-08-31,RJF,Financials,0.024169975508277375,-0.018579359412682402
2024-08-31,SEIC,Financials,0.023066779593445164,-0.014207223247249625
2024-08-31,SF,Financials,0.0704514024358589,0.02854606485873332
2024-08-31,SYF,Financials,-0.007560586471758168,0.029440265926527286
2024-08-31,TRV,Financials,0.03101707093147099,-0.01145137853117414
2024-08-31,UNM,Financials,0.07118391146191416,-0.012107500876055123
2024-08-31,WTW,Financials,0.011321865184209079,-0.0027126789855240986
2024-08-31,ABBV,Healthcare,0.0059599502355323075,-0.018185153346661896
2024-08-31,ABT,Healthcare,0.0065330017817086805,-0.004495900479704839
2024-08-31,AMGN,Healthcare,-0.03480796154181842,0.01915606105109545
2024-08-31,BAX,Healthcare,0.0007907856283306813,0.027997279467516286
2024-08-31,BIIB,Healthcare,-0.05333072114621862,0.00032782929059388573
2024-08-31,BMY,Healthcare,0.035835837660747494,0.05586000702145399
2024-08-31,BSX,Healthcare,0.024575157277555215,-0.019423146935051067
2024-08-31,CI,Healthcare,-0.03879898057734421,0.035724472168521516
2024-08-31,CVS,Healthcare,0.09853244306806186,-0.013858813702108317
2024-08-31,DHR,Healthcare,0.03334952996741847,0.013225900442942716
2024-08-31,EW,Healthcare,-0.05674673059828916,-0.042118246961255
2024-08-31,GILD,Healthcare,0.07118438247530157,0.005816401045834072
2024-08-31,HUM,Healthcare,-0.10395916433593044,0.052004115960710015
2024-08-31,ISRG,Healthcare,-0.0027607247947963875,-0.013641248632627391
2024-08-31,JNJ,Healthcare,-0.022910891678925238,-0.0035605836870568446
2024-08-31,LLY,Healthcare,-0.07716501732245207,-0.008359469899294099
2024-08-31,MDT,Healthcare,0.02438597075927218,0.009130693313761252
2024-08-31,MRK,Healthcare,-0.034869007568251176,0.010615746551370264
2024-08-31,PFE,Healthcare,-0.0024128738438403685,-0.013844985980242978
2024-08-31,REGN,Healthcare,-0.11264557402575037,-0.01738735654116645
2024-08-31,SYK,Healthcare,0.00456138384700977,-0.01633190976308172
2024-08-31,TMO,Healthcare,0.006329268707786939,-0.005324693254836854
2024-08-31,UNH,Healthcare,-0.005840115371565813,-0.004262553578655382
2024-08-31,VRTX,Healthcare,-0.06213076925538563,0.006151752317903164
2024-08-31,ZBH,Healthcare,-0.06296613511286986,0.018977084544982474
2024-08-31,A,Healthcare,0.038902678791389755,0.018996477525587703
2024-08-31,ACAD,Healthcare,-0.07237634588582709,-0.002195808134891249
2024-08-31,ALGN,Healthcare,0.0720850097610708,0.08815468985169406
2024-08-31,ALKS,Healthcare,-0.01616875147576491,-0.008802720850090843
2024-08-31,BDX,Healthcare,-0.0013265106458043574,-0.006714973117880699
2024-08-31,DGX,Healthcare,-0.01095745354997979,-0.01877846626813233
2024-08-31,DXCM,Healthcare,-0.0331698232453822,0.05516046970440486
2024-08-31,FOLD,Healthcare,-0.08010330568499158,0.044664920738984024
2024-08-31,HOLX,Healthcare,0.0027080407002477713,-0.013436477217028158
2024-08-31,IDXX,Healthcare,0.04963333952776838,0.0009816156074790288
2024-08-31,INSP,Healthcare,0.17367364284014752,-0.040267896498114804
2024-08-31,IQV,Healthcare,-0.0579606505830762,-0.05227602790985144
2024-08-31,MASI,Healthcare,0.13453034070454128,0.00565099534441765
2024-08-31,MTD,Healthcare,0.04212413275727944,-0.0033650819344924077
2024-08-31,NBIX,Healthcare,-0.0931842953359936,0.012213228227998314
2024-08-31,NTRA,Healthcare,0.07348211276033312,0.021941035057923497
2024-08-31,NVCR,Healthcare,-0.19598767052201604,-0.014866447268709046
2024-08-31,PODD,Healthcare,0.1478522222017371,-0.035386947065978204
2024-08-31,RARE,Healthcare,-0.021662549642125217,-0.018198578578067694
2024-08-31,RMD,Healthcare,-0.0036731330638524184,-0.03232813736211579
2024-08-31,WAT,Healthcare,0.03909342660982973,-0.021105778773288782
2024-08-31,AAPL,Technology,0.01746736811126004,-0.011129086500572961
2024-08-31,ADBE,Technology,-0.09858802335489258,0.07279626284526268
2024-08-31,AMAT,Technology,0.02428261072918314,0.0650438782882543
2024-08-31,AMD,Technology,0.10446960505865421,0.05838857923933003
2024-08-31,AVGO,Technology,0.06293661696523012,-0.039128638659394734
2024-08-31,CDNS,Technology,0.007808746367859998,-0.08501525065710373
2024-08-31,CRM,Technology,0.08398467593868908,0.03990810313550427
2024-08-31,CRWD,Technology,0.011504625127849,0.0829787056960093
2024-08-31,FTNT,Technology,0.010950384269463376,0.12160325897288969
2024-08-31,GOOGL,Technology,0.01646530480716657,0.006481893955935246
2024-08-31,INTC,Technology,0.06442822640469648,0.060028768469630636
2024-08-31,INTU,Technology,-0.01469220667471105,0.027165609799399013
2024-08-31,KLAC,Technology,-0.05494066355235139,-0.04684566706769953
2024-08-31,LRCX,Technology,-0.002981224116562431,-0.0013523371373493375
2024-08-31,META,Technology,0.09912724305247678,-0.014176180660112309
2024-08-31,MSFT,Technology,0.03154815252708443,0.01819776136228396
2024-08-31,MU,Technology,0.0776184330797467,-0.04251605614866771
2024-08-31,NET,Technology,-0.015217920736404711,0.12272773026862313
2024-08-31,NOW,Technology,0.04607021041780879,0.001804658413327012
2024-08-31,NVDA,Technology,0.0174279863350284,-0.05342603470137452
2024-08-31,ORCL,Technology,0.20602997223147645,0.0008920665104749087
2024-08-31,PANW,Technology,-0.057675378686948275,0.025750574922211375
2024-08-31,QCOM,Technology,-0.02493567439442712,0.06224103433105924
2024-08-31,SNPS,Technology,-0.025385892466155968,-0.015424132004052155
2024-08-31,TXN,Technology,-0.03625083911900384,-0.02310555098583433
2024-08-31,ACN,Technology,0.03371827105249414,-0.0017225440034361347
2024-08-31,ADI,Technology,-0.01603119042859047,-0.020035900566224
2024-08-31,ANET,Technology,0.08613957219085089,0.04511608915247176
2024-08-31,CGNX,Technology,0.0029717016908858973,0.07065531277999589
2024-08-31,COHU,Technology,-0.044964663371747315,-0.017657062575731578
2024-08-31,CSCO,Technology,0.053027357750626614,0.036821705549494835
2024-08-31,DELL,Technology,0.025964979685640044,0.12472359679924565
2024-08-31,ENTG,Technology,-0.02882555272325049,0.0028841346863458235
2024-08-31,FORM,Technology,-0.05679722025351586,-0.011124526512379364
2024-08-31,HPQ,Technology,-0.0003246908752876365,-0.007019024118950372
2024-08-31,IBM,Technology,0.09375158708647158,-0.03275271918655605
2024-08-31,IPGP,Technology,0.08702642546755834,0.05221382191604847
2024-08-31,KEYS,Technology,0.03120943233184237,-0.006893168701366547
2024-08-31,MCHP,Technology,-0.022760411254837964,0.033421945501161676
2024-08-31,MKSI,Technology,-0.08823288257292661,-0.04620858324224145
2024-08-31,MPWR,Technology,-0.009552950413406425,-0.009033197767804419
2024-08-31,MRVL,Technology,-0.05403980024936139,0.09423294793932961
2024-08-31,NXPI,Technology,-0.05964738112148138,0.028147971471701866
2024-08-31,ONTO,Technology,-0.026545369241653516,-0.014000874808209994
2024-08-31,QRVO,Technology,-0.1086374700508903,0.015122084259480351
2024-08-31,STX,Technology,0.10765390769324545,-0.015973487075578226
2024-08-31,SWKS,Technology,-0.0987317184212273,0.04751263382855532
2024-08-31,TER,Technology,-0.019550148710705706,0.01670019227827662
2024-08-31,VRSN,Technology,0.03295269058390149,0.009816210591808578
2024-08-31,WDC,Technology,0.04116477850771494,-0.014245358235158673
2024-09-30,AMZN,Consumer,0.00037563497419568215,0.1263525464800031
2024-09-30,AZO,Consumer,-0.04477404646084293,0.10448528161850602
2024-09-30,BKNG,Consumer,0.11018920359721318,0.14459610848404014
2024-09-30,CMG,Consumer,-0.03210688143726037,0.13112083640974576
2024-09-30,COST,Consumer,-0.013919701061981926,0.07854666087134152
2024-09-30,DG,Consumer,-0.0468944703528098,0.09571345935992477
2024-09-30,DLTR,Consumer,-0.08077361106123337,0.1385723027632013
2024-09-30,DRI,Consumer,-0.0163562065405205,0.0895032789578125
2024-09-30,EBAY,Consumer,-0.11672562829707556,0.16187876836034878
2024-09-30,HD,Consumer,-0.02825764482676707,0.14885558361516094
2024-09-30,HLT,Consumer,0.018872032597243793,0.09569052277175238
2024-09-30,KR,Consumer,-0.026701527951958792,0.08130741661451532
2024-09-30,LOW,Consumer,-0.02920138584309162,0.18079218783411516
2024-09-30,LULU,Consumer,0.09784406558236958,0.14535287426368498
2024-09-30,MAR,Consumer,0.04593718219851106,0.10610149524976503
2024-09-30,MCD,Consumer,-0.04072125389955372,0.08793161929830166
2024-09-30,MGM,Consumer,-0.05679204942536065,0.16371962049505426
2024-09-30,NKE,Consumer,-0.127488634442118,-0.02781865597108312
2024-09-30,ORLY,Consumer,0.0013372972266063599,0.08676708793515096
2024-09-30,ROST,Consumer,-0.07168958996304964,0.15358496271319302
2024-09-30,SBUX,Consumer,0.0021540942964175525,0.019904772089492397
2024-09-30,TGT,Consumer,-0.03734128937954784,0.16679585291911467
2024-09-30,TJX,Consumer,-0.03836990060148637,0.11198588499936554
2024-09-30,WMT,Consumer,0.014860745352598403,0.09210497442577091
2024-09-30,YUM,Consumer,-0.06119818548833478,0.06055866914448556
2024-09-30,BBY,Consumer,-0.12458871021776352,0.07216242175992221
2024-09-30,CCL,Consumer,0.1904762842896932,0.15959762852285142
2024-09-30,CHDN,Consumer,0.03616601558461152,0.15149382256207974
2024-09-30,CMCSA,Consumer,0.05331752912037824,0.06858235633841472
2024-09-30,CZR,Consumer,-0.04048879668057381,0.1596103564992399
2024-09-30,DIS,Consumer,0.00010382686157983656,0.13384057345635275
2024-09-30,DKNG,Consumer,-0.09897961715815762,0.19326539085711733
2024-09-30,F,Consumer,-0.025568199605780717,0.1129539872483158
2024-09-30,FOX,Consumer,0.004123532625427195,0.17265807970454658
2024-09-30,GM,Consumer,0.13202489704667064,0.05896444991509937
2024-09-30,GRMN,Consumer,0.12679659327537385,0.19544599277068792
2024-09-30,H,Consumer,-0.04434945640721888,0.106146278344544
2024-09-30,IHG,Consumer,0.008688639666605269,0.15458538292378535
2024-09-30,LVS,Consumer,0.029995783341866922,0.15365385042685864
2024-09-30,NCLH,Consumer,0.23549487419822301,0.15005277604220513
2024-09-30,NFLX,Consumer,0.06592686486505084,0.08487745771077711
2024-09-30,PENN,Consumer,0.04718978583489286,0.1598027305500221
2024-09-30,POOL,Consumer,-0.04023369288129597,0.1392862057101476
2024-09-30,RCL,Consumer,0.16345295797269643,0.1606770666678866
2024-09-30,SIRI,Consumer,0.1272728642838712,0.09941693496633867
2024-09-30,TSLA,Consumer,-0.045025412068364634,0.09222886851134224
2024-09-30,WBD,Consumer,-0.014545440673828125,0.1372307139296569
2024-09-30,WYNN,Consumer,0.001460065819224532,0.15678986131018152
2024-09-30,APA,Energy,-0.02545663091378436,0.090981160320029
2024-09-30,BA,Energy,-0.017955773796972774,0.09139436196198782
2024-09-30,CAT,Energy,-0.03469090523020213,0.09089548196456855
2024-09-30,COP,Energy,0.04046352813405685,0.0914008440604267
2024-09-30,CVX,Energy,0.010524978216269965,0.09095819259461813
2024-09-30,DE,Energy,-0.030287647953126662,0.09112332396251356
2024-09-30,DVN,Energy,-0.011247400420962506,0.090981160320029
2024-09-30,EOG,Energy,-0.0007508488994227847,0.09068715459514387
2024-09-30,FDX,Energy,0.0006211425498541256,0.03490799122804919
2024-09-30,GD,Energy,-0.030392382991472178,0.03469966385862453
2024-09-30,GE,Energy,-0.08908686768723229,0.02088474307687418
2024-09-30,HAL,Energy,-0.04509467890206531,0.03631486799802867
2024-09-30,HON,Energy,-0.004982846032635879,0.03511286550058334
2024-09-30,LMT,Energy,-0.06587858280605396,0.03469966385862453
2024-09-30,MMM,Energy,-0.06020481033005187,0.03511286550058334
2024-09-30,MPC,Energy,-0.10705304359902312,0.08999643285527191
2024-09-30,NOC,Energy,-0.03607482538764539,0.034936801058085006
2024-09-30,OXY,Energy,-0.027745384943681728,0.09026747085474617
2024-09-30,PSX,Energy,-0.07325980671392851,0.09137139423657695
2024-09-30,RTX,Energy,-0.0014032001218419188,0.03469966385862453
2024-09-30,SLB,Energy,-0.044815303004115736,0.09208508370185978
2024-09-30,UNP,Energy,-0.05846309321147325,0.0877448676978928
2024-09-30,UPS,Energy,-0.016722724601636485,0.03367780878744608
2024-09-30,VLO,Energy,-0.03902848596475206,0.09095819259461813
2024-09-30,XOM,Energy,-0.0037535398736739944,0.09068715459514387
2024-09-30,AME,Energy,0.06773029560363364,0.09089548196456855
2024-09-30,BE,Energy,-0.09090909090909094,0.09277880891838365
2024-09-30,BKR,Energy,0.053388601601833896,0.035383903500057594
2024-09-30,CTRA,Energy,-0.0012526048839952564,0.09167188205990096
2024-09-30,EMR,Energy,-0.010057622300970404,0.09068067249670499
2024-09-30,ENPH,Energy,-0.2652627554238941,0.02928310607167512
2024-09-30,ETN,Energy,0.0004223580714579622,0.03490799122804919
2024-09-30,FSLR,Energy,-0.2203335719048406,0.03010158658835749
2024-09-30,FTV,Energy,-0.09502085481332734,0.0277045251863829
2024-09-30,GNRC,Energy,0.041981356772143874,0.09020476022469658
2024-09-30,HUBB,Energy,-0.003081622151846153,0.034217269488177215
2024-09-30,MTDR,Energy,0.054431300191775334,0.09137139423657695
2024-09-30,PH,Energy,0.0035611399056612036,0.08812611961574902
2024-09-30,PLUG,Energy,-0.1327433422930192,0.04985873855884022
2024-09-30,PR,Energy,0.0014695301662093208,0.09026747085474617
2024-09-30,ROK,Energy,-0.006518846665769074,0.09139436196198782
2024-09-30,ROP,Energy,-0.03227485482249781,0.03490799122804919
2024-09-30,SM,Energy,0.05497748487250709,0.08999643285527191
2024-09-30,VRSK,Energy,0.025227543212461567,0.03490799122804919
2024-09-30,WMB,Energy,0.14720696752898554,0.08833099388828318
2024-09-30,XYL,Energy,-0.09812637197377594,0.03490799122804919
2024-09-30,AXP,Financials,-0.0015276232205150286,0.07184493041354235
2024-09-30,BAC,Financials,0.05393143511822296,0.06497282162731177
2024-09-30,BK,Financials,0.05517444665068094,0.08003451909663867
2024-09-30,BLK,Financials,0.03319621644629711,0.06173636680984466
2024-09-30,C,Financials,0.02507976199888673,0.04738711620702458
2024-09-30,CFG,Financials,0.035865790384497,0.04110709393779883
2024-09-30,CME,Financials,0.021346161905489325,0.027197052760959295
2024-09-30,COF,Financials,0.08722349247779793,0.06554973998888752
2024-09-30,FITB,Financials,0.019607797087614065,0.07391519455615199
2024-09-30,GS,Financials,0.04580792389925459,0.052039804949466174
2024-09-30,HBAN,Financials,0.06054426260460777,0.08437568931439468
2024-09-30,ICE,Financials,-0.029693725075534583,0.09291907919122347
2024-09-30,JPM,Financials,0.05890136049672634,0.08799404256248809
2024-09-30,KEY,Financials,0.029850838107711608,0.04762635150832401
2024-09-30,MCO,Financials,-0.043300526897807834,0.08198292523463951
2024-09-30,MS,Financials,0.12403211312238493,0.058210395482478784
2024-09-30,MTB,Financials,0.09297113069506757,0.07859821205563654
2024-09-30,PNC,Financials,0.027044905471415026,0.08534347998180226
2024-09-30,RF,Financials,0.02314616902834965,0.06947324119337127
2024-09-30,SCHW,Financials,0.09288707195709756,0.020913609408373425
2024-09-30,SPGI,Financials,-0.07018702718141112,0.08656910423576517
2024-09-30,STT,Financials,0.0580321654908742,0.07500162005899338
2024-09-30,TFC,Financials,0.006546546408717546,0.07212077378720304
2024-09-30,USB,Financials,0.05641821858722995,0.07144882595582255
2024-09-30,WFC,Financials,0.14922984250965854,0.07187173942038705
2024-09-30,AFL,Financials,-0.0627012786119614,0.008471396512747913
2024-09-30,AJG,Financials,-0.0006040219084123555,0.08038854128204592
2024-09-30,ALL,Financials,-0.016504126777055816,0.010109359216833489
2024-09-30,AMTD,Financials,-0.08510638837525086,-0.019208678575798287
2024-09-30,AON,Financials,0.060348419086233784,0.04739504195777688
2024-09-30,CB,Financials,-0.02063181510669654,0.07515164428290184
2024-09-30,FDS,Financials,-0.012590935757047061,0.046007887149917846
2024-09-30,FNF,Financials,-0.030454407359039815,0.07972057740728787
2024-09-30,GL,Financials,-0.0006396059319629943,0.01158656999310456
2024-09-30,HIG,Financials,-0.060964185515242963,0.07508806552215638
2024-09-30,IBKR,Financials,0.09486221915449233,0.021875064221886054
2024-09-30,LPLA,Financials,0.21299924128736647,0.07556972847556413
2024-09-30,MET,Financials,-0.04922416814756514,0.05070207905870213
2024-09-30,MSCI,Financials,-0.02012235003603302,0.03716644832385807
2024-09-30,NDAQ,Financials,0.012463872947726884,0.0692527148998729
2024-09-30,PGR,Financials,-0.04269598193116553,0.038424983002425764
2024-09-30,PRU,Financials,0.011395565183809575,0.055895645914236694
2024-09-30,RJF,Financials,0.21481854927464505,0.05346297663514809
2024-09-30,SEIC,Financials,0.08050293980520729,0.048995189370164643
2024-09-30,SF,Financials,0.10351445235105405,0.06050169709456255
2024-09-30,SYF,Financials,0.1054530050100777,0.050910509970202654
2024-09-30,TRV,Financials,0.05048695183246732,0.032599726600695274
2024-09-30,UNM,Financials,0.08695182527487244,0.07857572776010253
2024-09-30,WTW,Financials,0.026007442324933683,0.04323968103099138
2024-09-30,ABBV,Healthcare,0.04060172047479038,0.019251538957202996
2024-09-30,ABT,Healthcare,-0.0009269908286870798,0.012964834797140445
2024-09-30,AMGN,Healthcare,-0.006362357064844781,0.017454601199865482
2024-09-30,BAX,Healthcare,-0.059784066606377695,0.0035284658858597655
2024-09-30,BIIB,Healthcare,-0.10235243867476507,-0.004962844455417398
2024-09-30,BMY,Healthcare,0.0899554972154959,0.048207881169048304
2024-09-30,BSX,Healthcare,0.0026252217577213965,-0.005666271399885941
2024-09-30,CI,Healthcare,-0.09130007274660268,0.02708644028898202
2024-09-30,CVS,Healthcare,-0.09209336355402986,0.024496107721681724
2024-09-30,DHR,Healthcare,-0.11639456555804828,0.028200244925350164
2024-09-30,EW,Healthcare,0.015456952651622169,0.02302133341131028
2024-09-30,GILD,Healthcare,0.05939885480342122,-0.014014070438570116
2024-09-30,HUM,Healthcare,-0.18598861452254367,0.003081155875365669
2024-09-30,ISRG,Healthcare,0.02558676004096183,0.05797906765164191
2024-09-30,JNJ,Healthcare,-0.013575179455732167,0.010306023242858195
2024-09-30,LLY,Healthcare,-0.06343543788970263,0.016086428521112948
2024-09-30,MDT,Healthcare,-0.008663857442854916,0.020598233432024507
2024-09-30,MRK,Healthcare,-0.09897855031402625,0.009118342200015762
2024-09-30,PFE,Healthcare,-0.02211480508930308,0.07012011309867099
2024-09-30,REGN,Healthcare,-0.2026557148682343,0.02377996121320107
2024-09-30,SYK,Healthcare,-0.013785248111073733,0.02738974400951316
2024-09-30,TMO,Healthcare,-0.1168016403960217,0.03542926595579926
2024-09-30,UNH,Healthcare,-0.03451451909406489,-0.007517817006096464
2024-09-30,VRTX,Healthcare,0.02343688124358545,0.019405600203766322
2024-09-30,ZBH,Healthcare,-0.009541512749704162,0.027207275317480777
2024-09-30,A,Healthcare,-0.12097611056910296,0.03198093262426059
2024-09-30,ACAD,Healthcare,-0.051365406760385146,0.07417830569891963
2024-09-30,ALGN,Healthcare,-0.19381097485611787,0.06214944336337783
2024-09-30,ALKS,Healthcare,-0.08181489913914453,0.020178939983849748
2024-09-30,BDX,Healthcare,-0.031148957473986716,-0.0008298291657574156
2024-09-30,DGX,Healthcare,0.0022357124035938813,-6.0820003559582917e-05
2024-09-30,DXCM,Healthcare,0.0513126848810872,0.08875677407783528
2024-09-30,FOLD,Healthcare,0.06928836610234379,0.06800746036643551
2024-09-30,HOLX,Healthcare,-0.00724277368673687,0.0203239310208307
2024-09-30,IDXX,Healthcare,-0.19456867811143297,0.020083919579682672
2024-09-30,INSP,Healthcare,-0.07585884640664375,0.049584228516801714
2024-09-30,IQV,Healthcare,-0.13145121211976818,-0.0005861283052907207
2024-09-30,MASI,Healthcare,0.08010194651698943,0.04490779192553091
2024-09-30,MTD,Healthcare,-0.13866103750245617,0.051682305118489626
2024-09-30,NBIX,Healthcare,0.043829156126201196,0.03258543984092937
2024-09-30,NTRA,Healthcare,-0.04718391498829,0.03573396611953457
2024-09-30,NVCR,Healthcare,-0.02879077453424783,-0.04514234035318723
2024-09-30,PODD,Healthcare,-0.005241680862312026,0.026760893975297025
2024-09-30,RARE,Healthcare,-0.08208816599859681,0.03730246763989519
2024-09-30,RMD,Healthcare,-0.006758966981077141,-0.02322539270948495
2024-09-30,WAT,Healthcare,-0.10219797104624861,-0.0018554957630139582
2024-09-30,AAPL,Technology,-0.030429320253862913,0.11268595431749742
2024-09-30,ADBE,Technology,-0.0766735688483785,0.11263582270008853
2024-09-30,AMAT,Technology,-0.10131153316158958,0.13743831279765853
2024-09-30,AMD,Technology,-0.12195267115756903,0.09634759072839409
2024-09-30,AVGO,Technology,-0.015825994949593247,0.15899620411114335
2024-09-30,CDNS,Technology,0.018780195405732503,0.003454849635071273
2024-09-30,CRM,Technology,0.06452088868304595,0.08287764002651915
2024-09-30,CRWD,Technology,0.05847325498308509,0.02876718897317637
2024-09-30,FTNT,Technology,0.014313353535405193,0.06004150780057152
2024-09-30,GOOGL,Technology,0.03171529109186744,0.09033402596862937
2024-09-30,INTC,Technology,-0.08269389183365317,0.07816965338548186
2024-09-30,INTU,Technology,-0.015583418134073046,0.09070584390362255
2024-09-30,KLAC,Technology,-0.13969341981637307,0.0991469057111161
2024-09-30,LRCX,Technology,-0.08893754913253393,0.1030674103791913
2024-09-30,META,Technology,-0.008489959501166155,0.007181662227910345
2024-09-30,MSFT,Technology,-0.055658845402555834,0.06917313737100245
2024-09-30,MU,Technology,-0.038065746608699325,0.17284089335412936
2024-09-30,NET,Technology,0.08431202554437123,0.11328020740393087
2024-09-30,NOW,Technology,0.043157911887188094,0.11760156119661788
2024-09-30,NVDA,Technology,0.09321476936219208,0.1573846619518825
2024-09-30,ORCL,Technology,-0.01280874712031188,0.141430189052649
2024-09-30,PANW,Technology,0.054212988417426944,0.04076607856760614
2024-09-30,QCOM,Technology,-0.04281083507231709,0.08842460452096709
2024-09-30,SNPS,Technology,0.014257727234486373,0.039106657337850535
2024-09-30,TXN,Technology,-0.010032694694736555,0.09431486569626686
2024-09-30,ACN,Technology,-0.02052854726997755,0.09063305425193685
2024-09-30,ADI,Technology,-0.030672934627655968,0.10190474635965843
2024-09-30,ANET,Technology,0.006826103556853758,0.10596538532445016
2024-09-30,CGNX,Technology,-0.006666756306931698,0.16438194571768971
2024-09-30,COHU,Technology,-0.0303502203692656,0.0629654947500921
2024-09-30,CSCO,Technology,0.03698934706624768,0.04678031088733994
2024-09-30,DELL,Technology,0.04664560267747264,0.13514299526665563
2024-09-30,ENTG,Technology,-0.06863590092846372,0.1299937661055307
2024-09-30,FORM,Technology,-0.1743478360383407,0.09186844393416436
2024-09-30,HPQ,Technology,-0.009757432675034705,0.18939221904681278
2024-09-30,IBM,Technology,-0.06495393138930106,0.06501883465869226
2024-09-30,IPGP,Technology,0.08934337213285626,0.11742563232965171
2024-09-30,KEYS,Technology,-0.06241740782800009,-0.0668910760026518
2024-09-30,MCHP,Technology,-0.08618754582318422,0.05377608709943042
2024-09-30,MKSI,Technology,-0.08628460709512298,0.012242114933970556
2024-09-30,MPWR,Technology,-0.1786911852265165,0.1601023157101888
2024-09-30,MRVL,Technology,0.1117068991991208,0.023108611739865264
2024-09-30,NXPI,Technology,-0.022957307846985353,0.16677904809614338
2024-09-30,ONTO,Technology,-0.044469049123656235,0.05297438345137298
2024-09-30,QRVO,Technology,-0.31016456891558764,0.12408759788244997
2024-09-30,STX,Technology,-0.08363011204283077,0.1282675428064249
2024-09-30,SWKS,Technology,-0.11329349986665249,0.13940870561688742
2024-09-30,TER,Technology,-0.2069738410194919,0.08223392083547464
2024-09-30,VRSN,Technology,-0.06906713867592551,0.07306419595886371
2024-09-30,WDC,Technology,-0.04363741570129043,0.11536137897478074
2024-10-31,AMZN,Consumer,0.1152897328156477,0.005883392030749788
2024-10-31,AZO,Consumer,0.05335328649468263,0.027205925884187014
2024-10-31,BKNG,Consumer,0.11242556194712128,0.00997190981341603
2024-10-31,CMG,Consumer,0.10310202533268131,0.008232906082308073
2024-10-31,COST,Consumer,0.11323915348643543,0.020728987370229074
2024-10-31,DG,Consumer,-0.034607626145182535,0.07314215565740871
2024-10-31,DLTR,Consumer,0.10256802778497098,0.1759828067094495
2024-10-31,DRI,Consumer,0.10154983307587218,0.024316263305768644
2024-10-31,EBAY,Consumer,0.10514421525066542,-0.019513101016712685
2024-10-31,HD,Consumer,0.09559311422489847,0.0034513637698199502
2024-10-31,HLT,Consumer,0.07980464201427484,-0.023018067140519193
2024-10-31,KR,Consumer,0.10117690699518644,-0.06628876951981763
2024-10-31,LOW,Consumer,0.04048431153955012,0.015505578415840876
2024-10-31,LULU,Consumer,0.07640151135261108,0.09417202498011583
2024-10-31,MAR,Consumer,0.11430464004905061,-0.019600353810288865
2024-10-31,MCD,Consumer,0.01335124068973026,0.06393664439786405
2024-10-31,MGM,Consumer,0.0398698471193033,0.029668295666715576
2024-10-31,NKE,Consumer,0.02126269988422136,0.005767165811414425
2024-10-31,ORLY,Consumer,0.0781171365535196,0.014501063838601851
2024-10-31,ROST,Consumer,0.10843119586392991,-0.006296674170720255
2024-10-31,SBUX,Consumer,0.055207409327447055,0.09131640322626326
2024-10-31,TGT,Consumer,-0.11179146558545583,0.039548796776099376
2024-10-31,TJX,Consumer,0.11545899109542623,-0.0048484603690715855
2024-10-31,WMT,Consumer,0.12873705216964004,-0.017301339785959574
2024-10-31,YUM,Consumer,0.059316804557437486,0.007626773164398202
2024-10-31,BBY,Consumer,-0.004755057174444799,0.043033302504443635
2024-10-31,CCL,Consumer,0.15590905321922732,0.061651651988396616
2024-10-31,CHDN,Consumer,0.014346867039082722,0.007933237141750355
2024-10-31,CMCSA,Consumer,-0.010991317329552941,0.007098839288036759
2024-10-31,CZR,Consumer,-0.038951250644474356,0.002059805962898158
2024-10-31,DIS,Consumer,0.22110191952634728,0.011586817893768272
2024-10-31,DKNG,Consumer,0.23584376848891542,0.0045906949234432145
2024-10-31,F,Consumer,0.09632880242105579,0.009217339969449184
2024-10-31,FOX,Consumer,0.14810079992855663,-0.008958635064583555
2024-10-31,GM,Consumer,0.09515368472538377,-0.022673050193492625
2024-10-31,GRMN,Consumer,0.07184283168323535,0.04228627910542241
2024-10-31,H,Consumer,0.08691671065504636,-0.005485882538602598
2024-10-31,IHG,Consumer,0.13279495680261144,0.0028082098147382273
2024-10-31,LVS,Consumer,0.027336409995577293,0.040403076699165374
2024-10-31,NCLH,Consumer,0.06116808317786249,0.02194815430031604
2024-10-31,NFLX,Consumer,0.1729825996151546,0.04019508354861637
2024-10-31,PENN,Consumer,0.09316456468799439,0.03743414771532023
2024-10-31,POOL,Consumer,0.04624403563533397,0.00956535828192924
2024-10-31,RCL,Consumer,0.1827477738223089,-0.015909558276662652
2024-10-31,SIRI,Consumer,0.021514353877466696,0.021374558279164194
2024-10-31,TSLA,Consumer,0.3814688622385134,0.10003740901316459
2024-10-31,WBD,Consumer,0.28905281607822153,-0.04688727428372787
2024-10-31,WYNN,Consumer,-0.014436673455700433,-0.02077205996873609
2024-10-31,APA,Energy,-0.04025424846430392,0.052897420157965586
2024-10-31,BA,Energy,0.04105555544200512,0.03435244752979574
2024-10-31,CAT,Energy,0.07950545157202771,0.00747854358394816
2024-10-31,COP,Energy,-0.004043559139365049,0.020690435856397998
2024-10-31,CVX,Energy,0.09919234746514594,0.012421602838580134
2024-10-31,DE,Energy,0.1512514004538401,0.011908369424212044
2024-10-31,DVN,Energy,-0.018872652007902557,0.021892731428894086
2024-10-31,EOG,Energy,0.09265327770383114,0.012053262365773004
2024-10-31,FDX,Energy,0.1052401188796217,0.014766586408203676
2024-10-31,GD,Energy,-0.026062091054367964,0.011605702363709867
2024-10-31,GE,Energy,0.06042605942924273,0.011776887963011542
2024-10-31,HAL,Energy,0.14852217488705843,0.027743253043595848
2024-10-31,HON,Energy,0.1380624168781781,0.012053262365773004
2024-10-31,LMT,Energy,-0.03047357607245549,0.011507993933826649
2024-10-31,MMM,Energy,0.044914409986405834,0.048889758338350735
2024-10-31,MPC,Energy,0.07960380394169331,0.01996557572749459
2024-10-31,NOC,Energy,-0.038053541460340456,0.011605702363709867
2024-10-31,OXY,Energy,0.009379257141475028,0.020648550292913254
2024-10-31,PSX,Energy,0.10956657283111926,0.01996557572749459
2024-10-31,RTX,Energy,0.012305620214467572,0.01148385967585974
2024-10-31,SLB,Energy,0.09658098456946762,0.021176807246302533
2024-10-31,UNP,Energy,0.054250878391471025,0.012053262365773004
2024-10-31,UPS,Energy,0.024842297781443534,0.01930135864684945
2024-10-31,VLO,Energy,0.07996214912827848,0.01996557572749459
2024-10-31,XOM,Energy,0.01840458704459058,0.012095147929257748
2024-10-31,AME,Energy,0.0602160400292262,0.011074411192516325
2024-10-31,BE,Energy,1.859374965851507,0.05259127369560421
2024-10-31,BKR,Energy,0.1605883557391088,0.010639381369739643
2024-10-31,CTRA,Energy,0.12629226598252696,0.020648550292913254
2024-10-31,EMR,Energy,0.2297494115874259,0.010108090198546103
2024-10-31,ENPH,Energy,-0.14077555771341976,0.03782245177572877
2024-10-31,ETN,Energy,0.1354013577271087,0.00967407631343402
2024-10-31,FSLR,Energy,0.024629826461085136,0.027682246556242577
2024-10-31,FTV,Energy,0.11171791325879932,0.012159879247195492
2024-10-31,GNRC,Energy,0.13681663231019714,0.018838470875728607
2024-10-31,HUBB,Energy,0.08052691877968665,0.008444864577918381
2024-10-31,MTDR,Energy,0.1565037418797257,0.03126508091865131
2024-10-31,PH,Energy,0.11117872209960811,0.010853670395672917
2024-10-31,PLUG,Energy,0.14285712547969576,0.020655401120070565
2024-10-31,PR,Energy,0.16044085809294084,0.020200959646741914
2024-10-31,ROK,Energy,0.11168471676097824,0.013808970354582768
2024-10-31,ROP,Energy,0.05339097723485042,0.010706070719709195
2024-10-31,SM,Energy,0.07672151380587944,0.04386412002149081
2024-10-31,VRSK,Energy,0.07094497905946162,0.011370287800354343
2024-10-31,WMB,Energy,0.11743372242149053,0.011605702363709867
2024-10-31,XYL,Energy,0.04372545254706628,0.011370287800354343
2024-10-31,AXP,Financials,0.12811030137372614,-0.0051252042101587215
2024-10-31,BAC,Financials,0.1360592627268291,0.015741614255262965
2024-10-31,BK,Financials,0.08638539667883971,0.014492295834012944
2024-10-31,BLK,Financials,0.04257763111581103,0.0037558658761536767
2024-10-31,C,Financials,0.11420395052198429,-0.01907741488469871
2024-10-31,CFG,Financials,0.14292498712811996,0.005686183888812648
2024-10-31,CME,Financials,0.05608792919684391,0.026964075279789782
2024-10-31,COF,Financials,0.1833220173836696,-0.020397060844710102
2024-10-31,FITB,Financials,0.10027481019558993,0.008345403782318446
2024-10-31,GS,Financials,0.175322166929319,-0.023039058855694163
2024-10-31,HBAN,Financials,0.15522785942323103,0.028707848402158575
2024-10-31,ICE,Financials,0.03265541001376526,0.011373128697244625
2024-10-31,JPM,Financials,0.12527032612109212,0.008309917897716228
2024-10-31,KEY,Financials,0.12927530957475786,-0.01931258079368868
2024-10-31,MCO,Financials,0.10314243750790841,-0.00017508597780822844
2024-10-31,MS,Financials,0.13212917992938222,0.009610563684558463
2024-10-31,MTB,Financials,0.13000820812506197,-0.004618945689135266
2024-10-31,PNC,Financials,0.14048977809039842,-0.006790758693443971
2024-10-31,RF,Financials,0.14201928390008778,0.0012753705141045001
2024-10-31,SCHW,Financials,0.17243727773658102,0.0016199980132225774
2024-10-31,SPGI,Financials,0.08965193717923459,0.0186136200411031
2024-10-31,STT,Financials,0.06153018686404743,0.021409311475888846
2024-10-31,TFC,Financials,0.12015711359671744,0.006075441777765718
2024-10-31,USB,Financials,0.10308422845469578,-0.0006793238369392081
2024-10-31,WFC,Financials,0.18005089557547804,-0.008119256266036348
2024-10-31,AFL,Financials,0.09280697184073805,0.021334813438935535
2024-10-31,AJG,Financials,0.11038385889583235,-0.03229605487193947
2024-10-31,ALL,Financials,0.11682651398121924,0.0352961376074737
2024-10-31,AMTD,Financials,-0.04651158492543972,-0.06269450062327792
2024-10-31,AON,Financials,0.06921186059124751,0.028823289061806732
2024-10-31,CB,Financials,0.022270173514390645,0.011892170425690988
2024-10-31,FDS,Financials,0.08292888725734615,0.026334188040425668
2024-10-31,FNF,Financials,0.05351496340825479,0.027364506636718716
2024-10-31,GL,Financials,0.05340919176685843,0.03015053087171685
2024-10-31,HIG,Financials,0.11653385445097975,0.016427959632809547
2024-10-31,IBKR,Financials,0.25403106423159216,-0.005291849575396998
2024-10-31,LPLA,Financials,0.15337816717612562,0.029074724316876382
2024-10-31,MET,Financials,0.13295551657446136,0.02482116693677364
2024-10-31,MSCI,Financials,0.07010404705372841,0.011200779885931754
2024-10-31,NDAQ,Financials,0.12270026878555362,0.02021469197538865
2024-10-31,PGR,Financials,0.10727669692596886,0.009799741471982981
2024-10-31,PRU,Financials,0.06740978223099314,0.005973558067338294
2024-10-31,RJF,Financials,0.1420860197908982,0.030014510179617516
2024-10-31,SEIC,Financials,0.10527018853256709,0.014828952244257237
2024-10-31,SF,Financials,0.11754475902627814,0.024992579019663112
2024-10-31,SYF,Financials,0.23008544887578708,-0.016765104598821808
2024-10-31,TRV,Financials,0.08172719582142429,0.027789811344130843
2024-10-31,UNM,Financials,0.19819249659024019,0.02684189178538993
2024-10-31,WTW,Financials,0.06555486527083021,0.030539139665842544
2024-10-31,ABBV,Healthcare,-0.10271260655926284,-0.0040845985821193476
2024-10-31,ABT,Healthcare,0.047631577085833765,0.004255463293163317
2024-10-31,AMGN,Healthcare,-0.10940755704566307,0.00815447593846878
2024-10-31,BAX,Healthcare,-0.05089845612775268,0.03306184280435487
2024-10-31,BIIB,Healthcare,-0.07683905239762934,0.008461361149125154
2024-10-31,BMY,Healthcare,0.06186118858283329,0.004012426229079387
2024-10-31,BSX,Healthcare,0.07902888936369568,-0.0003485269545629498
2024-10-31,CI,Healthcare,0.0730280941140884,-0.0026479488143156976
2024-10-31,CVS,Healthcare,0.06004250838906877,0.0041828408086723124
2024-10-31,DHR,Healthcare,-0.024301850217092857,-0.0016955688087045779
2024-10-31,EW,Healthcare,0.06476639605334533,0.033867099993767795
2024-10-31,GILD,Healthcare,0.04233282903741564,0.020841971711354004
2024-10-31,HUM,Healthcare,0.14951704189187676,-0.043660724244812384
2024-10-31,ISRG,Healthcare,0.07573833744734726,-0.026750045452198147
2024-10-31,JNJ,Healthcare,-0.022558779771695625,0.0251007061807151
2024-10-31,LLY,Healthcare,-0.03985930906367097,-0.0054072188681341445
2024-10-31,MDT,Healthcare,-0.030364208923791547,-0.016182500788364886
2024-10-31,MRK,Healthcare,-0.00664582202009234,0.0008077904500142688
2024-10-31,PFE,Healthcare,-0.059466214133743533,0.005240134721703926
2024-10-31,REGN,Healthcare,-0.10496304683373514,-0.014507117360327077
2024-10-31,SYK,Healthcare,0.10067918730371894,0.009402526993238902
2024-10-31,TMO,Healthcare,-0.030549860196659062,-0.010662241141047727
2024-10-31,UNH,Healthcare,0.08095660243291758,0.009535168106288393
2024-10-31,VRTX,Healthcare,-0.016492302034383344,-0.0011532890699140139
2024-10-31,ZBH,Healthcare,0.04844748627962381,-0.0009326567561618774
2024-10-31,A,Healthcare,0.05878296538889738,-0.012305064449058678
2024-10-31,ACAD,Healthcare,0.11857433338885004,-0.019713859611994223
2024-10-31,ALGN,Healthcare,0.13529730116725314,-0.007142926379676683
2024-10-31,ALKS,Healthcare,0.12918286366791887,-0.023775430664080076
2024-10-31,BDX,Healthcare,-0.05004487091725085,0.013056778785611244
2024-10-31,DGX,Healthcare,0.05057144475267461,0.00035451854132044134
2024-10-31,DXCM,Healthcare,0.10655496806381937,0.11558006216560604
2024-10-31,FOLD,Healthcare,-0.12609461685090728,0.014551389869605892
2024-10-31,HOLX,Healthcare,-0.016940802523219056,-0.0032952281318573114
2024-10-31,IDXX,Healthcare,0.03644447577631693,-0.0058442687934075754
2024-10-31,INSP,Healthcare,-0.011689903905769738,-0.05243744308315968
2024-10-31,IQV,Healthcare,-0.02419595184681611,-0.008885778671077975
2024-10-31,MASI,Healthcare,0.1981112413551449,-0.04181222406776427
2024-10-31,MTD,Healthcare,-0.03139156092752082,-0.023371079696241005
2024-10-31,NBIX,Healthcare,0.05387880217677843,0.018585411692782987
2024-10-31,NTRA,Healthcare,0.38707010622683113,0.08077530569459365
2024-10-31,NVCR,Healthcare,0.32015813653801395,-0.06681393538907784
2024-10-31,PODD,Healthcare,0.15224808960328984,0.04865221033319154
2024-10-31,RARE,Healthcare,-0.06589528338396777,-0.04457141319048211
2024-10-31,RMD,Healthcare,0.029234465588805714,-0.04851015376996105
2024-10-31,WAT,Healthcare,0.19067815500070462,0.0036740356626494323
2024-10-31,AAPL,Technology,0.051707104753628386,0.03165201174703594
2024-10-31,ADBE,Technology,0.07917086505731463,-0.019743122107734226
2024-10-31,AMAT,Technology,-0.035571809473447624,0.05925289213442502
2024-10-31,AMD,Technology,-0.04782407370141961,0.014983802182995321
2024-10-31,AVGO,Technology,-0.045296472373644314,0.007990229670552337
2024-10-31,CDNS,Technology,0.11114733805634458,-0.04967844897673514
2024-10-31,CRM,Technology,0.13254612781944553,-0.0028867305316410802
2024-10-31,CRWD,Technology,0.16539228251792082,-0.0006017006391583009
2024-10-31,FTNT,Technology,0.20836509822772253,0.0014605525036330467
2024-10-31,GOOGL,Technology,-0.012623546098374794,-0.00663625448759733
2024-10-31,INTC,Technology,0.11756499653716967,0.07893879151878055
2024-10-31,INTU,Technology,0.05149923467658635,-0.0435355390262361
2024-10-31,KLAC,Technology,-0.026124372892498027,-0.025545053132748848
2024-10-31,LRCX,Technology,-0.00632134049358124,0.07459276163067124
2024-10-31,META,Technology,0.011874953063907068,-0.005631337006334881
2024-10-31,MSFT,Technology,0.04419242495894027,-0.010545042049415893
2024-10-31,MU,Technology,-0.01705976936371234,0.019386475537199778
2024-10-31,NET,Technology,0.1381826801173418,-0.012049790000484995
2024-10-31,NOW,Technology,0.1248137299821317,0.05022163157460583
2024-10-31,NVDA,Technology,0.041352932180919844,0.04094316506091089
2024-10-31,ORCL,Technology,0.10128693481295992,-0.012172386687449159
2024-10-31,PANW,Technology,0.07629123796622994,0.05137467359023073
2024-10-31,QCOM,Technology,-0.026049266635942314,0.10201804583419867
2024-10-31,SNPS,Technology,0.0873814882163797,-0.02631621066541191
2024-10-31,TXN,Technology,-0.01048432849965042,0.04908499249164278
2024-10-31,ACN,Technology,0.05089605261037633,-0.026958229165699614
2024-10-31,ADI,Technology,-0.02267942008061119,-0.004375762579487367
2024-10-31,ANET,Technology,0.05015010030114819,0.01129510099788773
2024-10-31,CGNX,Technology,-0.004292345692855637,0.023766748966264826
2024-10-31,COHU,Technology,0.0593900296029386,-0.05958656192912344
2024-10-31,CSCO,Technology,0.08106613996381928,-0.031647611047710376
2024-10-31,DELL,Technology,0.03203089040271645,-0.0596447395734041
2024-10-31,ENTG,Technology,0.008786164792083051,0.018565677596160814
2024-10-31,FORM,Technology,0.05476571501117533,0.038410396481685365
2024-10-31,HPQ,Technology,-0.0025339874267150675,0.0205698880856171
2024-10-31,IBM,Technology,0.10875704111574103,0.05487555706792046
2024-10-31,IPGP,Technology,-0.036067171466968806,0.012340049643960812
2024-10-31,KEYS,Technology,0.14650025257234156,-0.029063860995346105
2024-10-31,MCHP,Technology,-0.06447358343079423,-0.02723180375305241
2024-10-31,MKSI,Technology,0.14625963159409894,0.020334065992466076
2024-10-31,MPWR,Technology,-0.25241667759210096,-0.03771117437689457
2024-10-31,MRVL,Technology,0.1570342604657018,0.04917735704536604
2024-10-31,NXPI,Technology,-0.0218763900422021,0.07980133383427353
2024-10-31,ONTO,Technology,-0.17218781243376258,-0.03864021786255439
2024-10-31,QRVO,Technology,-0.03101317735365372,0.029421678403451182
2024-10-31,STX,Technology,0.00956466543846446,0.027023833618319882
2024-10-31,SWKS,Technology,0.00011427051702139757,0.008225791437455743
2024-10-31,TER,Technology,0.036833922053141066,-0.006841075171124202
2024-10-31,VRSN,Technology,0.05847088839204906,0.03239787895165214
2024-10-31,WDC,Technology,0.11759297007304781,-0.010879979689737097
2024-11-30,AMZN,Consumer,0.05531771626226978,0.019397447095667607
2024-11-30,AZO,Consumer,0.010241221293137981,0.02245772486746068
2024-11-30,BKNG,Consumer,-0.04331531106035724,-0.04204707392689686
2024-11-30,CMG,Consumer,-0.01983096897960379,0.061033402297854485
2024-11-30,COST,Consumer,-0.05721890308178146,0.013119694267161138
2024-11-30,DG,Consumer,-0.0187653771954448,0.09179253282477134
2024-11-30,DLTR,Consumer,0.05149440116743542,0.14124923471487164
2024-11-30,DRI,Consumer,0.05911386383264006,0.044134300376776736
2024-11-30,EBAY,Consumer,-0.02117235164016329,0.01543161294019728
2024-11-30,HD,Consumer,-0.0935380073341533,-0.008540215933468721
2024-11-30,HLT,Consumer,-0.024778963871109783,-0.00861856213192795
2024-11-30,KR,Consumer,0.0011460391363238287,-0.021208850755610954
2024-11-30,LOW,Consumer,-0.09407930397396358,0.0014277887796915161
2024-11-30,LULU,Consumer,0.19257156893526428,0.059878636035121884
2024-11-30,MAR,Consumer,-0.03511010623470745,0.018372064748332077
2024-11-30,MCD,Consumer,-0.014783841365341388,0.018070043053559765
2024-11-30,MGM,Consumer,-0.09624409525360722,0.05160691963141855
2024-11-30,NKE,Consumer,-0.0344519771381987,0.037179808674405734
2024-11-30,ORLY,Consumer,-0.04618655153044782,0.01659875361554265
2024-11-30,ROST,Consumer,-0.020939346113372892,0.04464286118113732
2024-11-30,SBUX,Consumer,-0.10940865656133669,0.035468849761601313
2024-11-30,TGT,Consumer,0.02169131854621975,0.07076715346746615
2024-11-30,TJX,Consumer,-0.03882570452816703,0.028639941914974418
2024-11-30,WMT,Consumer,-0.02107923671601164,0.0390704377229721
2024-11-30,YUM,Consumer,-0.02972443322984264,0.0645565359988218
2024-11-30,BBY,Consumer,-0.03643901896655255,-0.01858847301121591
2024-11-30,CCL,Consumer,-0.020055010448488897,0.010782768530827509
2024-11-30,CHDN,Consumer,-0.057570876208557276,0.0031555965154813686
2024-11-30,CMCSA,Consumer,-0.13104904540781748,0.006238497035392754
2024-11-30,CZR,Consumer,-0.13172261076719816,0.061487375050324665
2024-11-30,DIS,Consumer,-0.047898183225580704,0.10210398500602706
2024-11-30,DKNG,Consumer,-0.14776633533713446,0.10389053755718278
2024-11-30,F,Consumer,-0.11051213690276729,0.06148429678229759
2024-11-30,FOX,Consumer,0.022579952764693045,0.04834973227210537
2024-11-30,GM,Consumer,-0.039575432176407466,-0.034394531000942995
2024-11-30,GRMN,Consumer,-0.0264405468641975,0.0037691601145525538
2024-11-30,H,Consumer,-0.006078436132866516,-0.01049441865357427
2024-11-30,IHG,Consumer,-0.010534623649018582,-0.016419162879825214
2024-11-30,LVS,Consumer,-0.03203933991448782,0.03816511281753165
2024-11-30,NCLH,Consumer,-0.043138708580955254,0.014577881844311058
2024-11-30,NFLX,Consumer,0.005085689488863787,0.04264218625456661
2024-11-30,PENN,Consumer,-0.08198241988208188,0.018258888759315983
2024-11-30,POOL,Consumer,-0.09586576147150339,0.04935720821449218
2024-11-30,RCL,Consumer,-0.05258997542776167,-0.032500762082180175
2024-11-30,SIRI,Consumer,-0.1539888437133755,0.2052768934293183
2024-11-30,TSLA,Consumer,0.17000808915631316,0.07799009015504232
2024-11-30,WBD,Consumer,0.008587801194568145,0.08763256382133687
2024-11-30,WYNN,Consumer,-0.08709457374081142,-0.013954195314889235
2024-11-30,APA,Energy,0.019426097814566168,0.046688161912259524
2024-11-30,BA,Energy,0.1387030186564806,0.05682269030300447
2024-11-30,CAT,Energy,-0.10674451156397213,0.011885500031888215
2024-11-30,COP,Energy,-0.08464089716986745,0.018637497363324068
2024-11-30,CVX,Energy,-0.10553945723526348,0.013426700034449237
2024-11-30,DE,Energy,-0.08709455075059014,0.014197273028224176
2024-11-30,DVN,Energy,-0.1319541493902806,0.021876548140491385
2024-11-30,EOG,Energy,-0.08014398224573305,0.012388710518335377
2024-11-30,FDX,Energy,-0.06591319820918029,0.012833770853008736
2024-11-30,GD,Energy,-0.07225099175424188,0.013859890932713
2024-11-30,GE,Energy,-0.08288469795414832,-0.0046756588385115086
2024-11-30,HAL,Energy,-0.1419803089233742,0.02883000129219696
2024-11-30,HON,Energy,-0.030223651480802194,0.013601958283558039
2024-11-30,LMT,Energy,-0.07635284088286165,0.012684694673417062
2024-11-30,MMM,Energy,-0.03325099114121666,0.03451569527183695
2024-11-30,MPC,Energy,-0.10662810783689447,0.02850662485214288
2024-11-30,NOC,Energy,-0.037531494126994525,0.012684694673417062
2024-11-30,OXY,Energy,-0.018700515111183202,0.021876548140491385
2024-11-30,PSX,Energy,-0.1496492087092024,0.02206565972276476
2024-11-30,RTX,Energy,-0.050151875205488694,0.011859265079444029
2024-11-30,SLB,Energy,-0.12191441217232024,0.022365147691432156
2024-11-30,UNP,Energy,-0.06255290256450785,0.013859890932713
2024-11-30,UPS,Energy,-0.07088124262461493,0.02155975628671463
2024-11-30,VLO,Energy,-0.11856491302418648,0.021007329986072788
2024-11-30,XOM,Energy,-0.08808081189890482,0.013022076768928238
2024-11-30,AME,Energy,-0.07130057038966076,0.007450196862011332
2024-11-30,BE,Energy,-0.19089258771684192,0.07357504263527234
2024-11-30,BKR,Energy,-0.06666676190268717,0.013234636691069064
2024-11-30,CTRA,Energy,-0.04416156828898521,0.021645100166672628
2024-11-30,EMR,Energy,-0.06538466508925234,0.014197273028224176
2024-11-30,ENPH,Energy,-0.03742113841689476,0.07969686014508383
2024-11-30,ETN,Energy,-0.11600340745106541,0.011436134479329122
2024-11-30,FSLR,Energy,-0.1155718286020011,0.047370632347465844
2024-11-30,FTV,Energy,-0.054582106598569435,0.022210978474895764
2024-11-30,GNRC,Energy,-0.1761423721255485,0.01787535566284989
2024-11-30,HUBB,Energy,-0.08954770333738371,0.011885500031888215
2024-11-30,MTDR,Energy,-0.062489626391778685,0.034505676562830365
2024-11-30,PH,Energy,-0.09513447768672523,0.010341301666419313
2024-11-30,PLUG,Energy,-0.04910709581584971,0.21110215473957789
2024-11-30,PR,Energy,-0.08173678688001462,0.020819118520220677
2024-11-30,ROK,Energy,-0.03168010407125199,0.017488964222936394
2024-11-30,ROP,Energy,-0.08225063715773195,0.013939340379069215
2024-11-30,SM,Energy,-0.1422881259692742,0.034505676562830365
2024-11-30,VRSK,Energy,-0.06255041530574612,0.011407792466922747
2024-11-30,WMB,Energy,-0.0671594939747826,0.02766904201786126
2024-11-30,XYL,Energy,-0.08465484256485967,0.021641596353086913
2024-11-30,AXP,Financials,-0.025896036999311645,0.07842384336469872
2024-11-30,BAC,Financials,-0.06978562201185501,0.014197440775439833
2024-11-30,BK,Financials,-0.06156104177032562,0.021035149651032925
2024-11-30,BLK,Financials,0.007221607812688102,-0.002410859600701997
2024-11-30,C,Financials,-0.006772957203943775,-0.022309653741720708
2024-11-30,CFG,Financials,-0.09098468579222774,0.0324468619525966
2024-11-30,CME,Financials,0.0048301584304364376,-0.008012680245552168
2024-11-30,COF,Financials,-0.07129831455499958,0.0028658366122202485
2024-11-30,FITB,Financials,-0.11258050666959862,0.03592446888509331
2024-11-30,GS,Financials,-0.05441144329148673,0.06950229362840765
2024-11-30,HBAN,Financials,-0.08827073381813977,0.024132822859198082
2024-11-30,ICE,Financials,-0.07155660290907473,0.012261141345925741
2024-11-30,JPM,Financials,-0.04008489284477024,0.018380711762770566
2024-11-30,KEY,Financials,-0.11058215099589586,0.0338081913435107
2024-11-30,MCO,Financials,-0.05322204506674311,-0.018165553100265065
2024-11-30,MS,Financials,-0.04475354159256717,0.04125890983070421
2024-11-30,MTB,Financials,-0.14009332125890084,0.013757853242596185
2024-11-30,PNC,Financials,-0.10185348148494033,0.008568380623863323
2024-11-30,RF,Financials,-0.12921145157598324,0.04340927740773186
2024-11-30,SCHW,Financials,-0.10572745506968684,0.004028098947288862
2024-11-30,SPGI,Financials,-0.0468509292528434,0.024071167720985803
2024-11-30,STT,Financials,-0.003654376592826525,0.02460246806229441
2024-11-30,TFC,Financials,-0.0901844319591828,0.029697048128588265
2024-11-30,USB,Financials,-0.09305992655800233,0.010910887990224938
2024-11-30,WFC,Financials,-0.0778522012869679,0.004133081023386962
2024-11-30,AFL,Financials,-0.09263164206000152,0.028067804682777746
2024-11-30,AJG,Financials,-0.0891231544256279,-0.0033729808428606452
2024-11-30,ALL,Financials,-0.07039871652618812,0.03095754433978268
2024-11-30,AMTD,Financials,-0.024390220263873164,0.02680773970582923
2024-11-30,AON,Financials,-0.08269907339306515,-0.03837235349443468
2024-11-30,CB,Financials,-0.039877820453405044,-0.012330694543605494
2024-11-30,FDS,Financials,-0.02117514366405837,0.045490721660526125
2024-11-30,FNF,Financials,-0.10691777381269851,0.004946261313726814
2024-11-30,GL,Financials,0.0025169487351943687,0.07131898054899054
2024-11-30,HIG,Financials,-0.10904797202880623,0.03129588675620581
2024-11-30,IBKR,Financials,-0.07546178968267714,0.007620508724089364
2024-11-30,LPLA,Financials,0.004182822910101525,-0.015023213302336004
2024-11-30,MET,Financials,-0.071971023217971,-0.016560101664414746
2024-11-30,MSCI,Financials,-0.015780026068134445,0.03470305428861439
2024-11-30,NDAQ,Financials,-0.06568275267444679,0.02745535778644176
2024-11-30,PGR,Financials,-0.10885886945238099,0.02646528008344658
2024-11-30,PRU,Financials,-0.08407395243221161,0.007252682098908727
2024-11-30,RJF,Financials,-0.08240779725632608,0.011948886190002252
2024-11-30,SEIC,Financials,0.004004707683687547,-0.013534281404067578
2024-11-30,SF,Financials,-0.08060311608219006,0.054467270179499656
2024-11-30,SYF,Financials,-0.037322261625276076,0.034005881765245806
2024-11-30,TRV,Financials,-0.0907448963801889,-0.0144239150337583
2024-11-30,UNM,Financials,-0.050325082169268676,0.006451261768558957
2024-11-30,WTW,Financials,-0.02446434462467073,-0.0013516402423762194
2024-11-30,ABBV,Healthcare,-0.028590156166709457,-0.020681124688064215
2024-11-30,ABT,Healthcare,-0.04765513507802577,0.0022230699866566633
2024-11-30,AMGN,Healthcare,-0.07858725242874176,0.010408590256808705
2024-11-30,BAX,Healthcare,-0.13497476598715108,-0.006594197380582535
2024-11-30,BIIB,Healthcare,-0.04799854622112487,0.015148305792408194
2024-11-30,BMY,Healthcare,-0.044917230720675105,0.0021561231700917886
2024-11-30,BSX,Healthcare,-0.014780541729066843,-0.013343593073366477
2024-11-30,CI,Healthcare,-0.1791022196825588,0.03815937277868111
2024-11-30,CVS,Healthcare,-0.24995825806829286,0.05016774750346436
2024-11-30,DHR,Healthcare,-0.04118531214859278,-0.013476568049632357
2024-11-30,EW,Healthcare,0.03756132252964006,-0.039989251339430286
2024-11-30,GILD,Healthcare,0.006117800038693666,0.009658852429303031
2024-11-30,HUM,Healthcare,-0.14098041586048038,0.020604541617704707
2024-11-30,ISRG,Healthcare,-0.03697412920174126,-0.015962438555218887
2024-11-30,JNJ,Healthcare,-0.06702804450150901,0.0015817336141961222
2024-11-30,LLY,Healthcare,-0.029358125124293477,0.008408078194702257
2024-11-30,MDT,Healthcare,-0.06897182480038644,-0.016909099019153034
2024-11-30,MRK,Healthcare,-0.013416792043756898,0.03156948572286938
2024-11-30,PFE,Healthcare,0.012209207527408505,0.027056175796708062
2024-11-30,REGN,Healthcare,-0.05050518370566015,0.016799030026201534
2024-11-30,SYK,Healthcare,-0.07972257627411916,-0.018097526921285297
2024-11-30,TMO,Healthcare,-0.01701822606830783,-0.004821099481247632
2024-11-30,UNH,Healthcare,-0.16781351720820137,0.0015709661016486745
2024-11-30,VRTX,Healthcare,-0.13976885051869392,-0.006449818755075642
2024-11-30,ZBH,Healthcare,-0.05559551421405806,0.008034421604500996
2024-11-30,A,Healthcare,-0.024510504133948507,0.015816102421744724
2024-11-30,ACAD,Healthcare,0.12438729930180759,0.11286619458210922
2024-11-30,ALGN,Healthcare,-0.1042230928398673,0.053676226704787784
2024-11-30,ALKS,Healthcare,-0.008959346133031398,0.018803145683301055
2024-11-30,BDX,Healthcare,0.027253132675368663,0.011256016639662648
2024-11-30,DGX,Healthcare,-0.07254397275082958,-0.006328256708336314
2024-11-30,DXCM,Healthcare,-0.0028208902003999947,0.08792716415337523
2024-11-30,FOLD,Healthcare,-0.05611217350986952,0.044506227482192726
2024-11-30,HOLX,Healthcare,-0.09320759323408023,-0.004571747698899109
2024-11-30,IDXX,Healthcare,-0.019703610097436264,0.04025282781103879
2024-11-30,INSP,Healthcare,-0.03828589870478394,-0.026399978996902284
2024-11-30,IQV,Healthcare,-0.02155945981880003,0.039421576495556256
2024-11-30,MASI,Healthcare,-0.04196122937346192,0.03813110393530475
2024-11-30,MTD,Healthcare,-0.0219948038162584,-0.018320865254489276
2024-11-30,NBIX,Healthcare,0.07692307692307687,0.028961787455631362
2024-11-30,NTRA,Healthcare,-0.05650253782639103,0.07643023505399994
2024-11-30,NVCR,Healthcare,0.4870258420981901,0.058696253776859796
2024-11-30,PODD,Healthcare,-0.02140337162158068,0.11091930269041068
2024-11-30,RARE,Healthcare,-0.11673317758989143,0.059759900648944805
2024-11-30,RMD,Healthcare,-0.08164007109557425,-0.01695373901956115
2024-11-30,WAT,Healthcare,-0.035714260217245,0.019009730939712838
2024-11-30,AAPL,Technology,0.05515517102838885,0.04451847107773828
2024-11-30,ADBE,Technology,-0.13810013182306824,0.021771687587314827
2024-11-30,AMAT,Technology,-0.06914312382509546,0.047533892124354236
2024-11-30,AMD,Technology,-0.11947800433982314,-0.03201686565562392
2024-11-30,AVGO,Technology,0.43423720294367296,0.013651321008082813
2024-11-30,CDNS,Technology,-0.02069686827041195,-0.07747509059048276
2024-11-30,CRM,Technology,0.014307878306380584,0.033948029765775635
2024-11-30,CRWD,Technology,-0.011012508440473856,0.06798921802744089
2024-11-30,FTNT,Technology,-0.00599684036321213,0.05810957903738017
2024-11-30,GOOGL,Technology,0.12173404830490986,0.006808351796724376
2024-11-30,INTC,Technology,-0.16632017159635015,-0.03498303522136131
2024-11-30,INTU,Technology,-0.020616109754261314,0.002087185925840758
2024-11-30,KLAC,Technology,-0.026134901052702553,0.019491984617928053
2024-11-30,LRCX,Technology,-0.01933123723560415,0.0784719793987119
2024-11-30,META,Technology,0.02030636329552138,0.05643076110664894
2024-11-30,MSFT,Technology,-0.004628479208880654,-0.04112313888876388
2024-11-30,MU,Technology,-0.1396697335093181,0.11925534031783647
2024-11-30,NET,Technology,0.07863366052427678,0.011844992813477203
2024-11-30,NOW,Technology,0.010176863765174238,-0.02352778774054413
2024-11-30,NVDA,Technology,-0.02857688306006967,0.12538882643462196
2024-11-30,ORCL,Technology,-0.09846344071003421,0.020084013422891955
2024-11-30,PANW,Technology,-0.06162651086874926,0.04726853743450659
2024-11-30,QCOM,Technology,-0.02590273854294478,0.1311590478602578
2024-11-30,SNPS,Technology,-0.13094237347409377,-0.03647939872625705
2024-11-30,TXN,Technology,-0.06725360068561081,6.076090330861478e-05
2024-11-30,ACN,Technology,-0.029196662150743458,0.018713365050471702
2024-11-30,ADI,Technology,-0.021510658950418482,0.006675638772681916
2024-11-30,ANET,Technology,0.0894484922818699,0.038900471049865416
2024-11-30,CGNX,Technology,-0.10305158113326807,0.030600052929069477
2024-11-30,COHU,Technology,0.011363679876669641,0.013441983115457964
2024-11-30,CSCO,Technology,-0.00016887462895842642,-0.026775008027752546
2024-11-30,DELL,Technology,-0.09679437223263454,0.013585756671597643
2024-11-30,ENTG,Technology,-0.062198223267061925,0.06491939169657529
2024-11-30,FORM,Technology,0.09835243364060098,-0.032686095327523465
2024-11-30,HPQ,Technology,-0.07134769715886968,0.05022145127680452
2024-11-30,IBM,Technology,-0.033331817322493684,0.019029812919563904
2024-11-30,IPGP,Technology,-0.06817016443378487,0.03867852987404888
2024-11-30,KEYS,Technology,-0.059763472687535124,0.038616489027822845
2024-11-30,MCHP,Technology,-0.15872092921980308,0.03452586579091277
2024-11-30,MKSI,Technology,-0.08139746065332765,0.1318193240548708
2024-11-30,MPWR,Technology,0.04454907015262588,0.010369581196889627
2024-11-30,MRVL,Technology,0.19160634025813916,0.016529249636257633
2024-11-30,NXPI,Technology,-0.0896950917931566,0.06924840395764977
2024-11-30,ONTO,Technology,0.015166315045958445,0.026940423598660966
2024-11-30,QRVO,Technology,0.012744347784580778,0.06958624350973115
2024-11-30,STX,Technology,-0.14190090431466573,0.09607244620374275
2024-11-30,SWKS,Technology,0.02051708445330025,0.08853842338428858
2024-11-30,TER,Technology,0.14472721581010828,-0.01104080558606518
2024-11-30,VRSN,Technology,0.105673646416651,0.043636802304111606
2024-11-30,WDC,Technology,-0.18303869567551267,0.08435628437391623
2024-12-31,AMZN,Consumer,0.08336748865953902,0.04209419670651662
2024-12-31,AZO,Consumer,0.04628668361570898,0.044728509347822284
2024-12-31,BKNG,Consumer,-0.04646541169932883,0.0713082536179791
2024-12-31,CMG,Consumer,-0.0323383215192643,0.07939902957142422
2024-12-31,COST,Consumer,0.06942265832658268,0.0427089685584156
2024-12-31,DG,Consumer,-0.05543291791822491,0.08849020832208644
2024-12-31,DLTR,Consumer,-0.02121702582713869,-0.002324104711228442
2024-12-31,DRI,Consumer,0.05382790019193595,0.08518089043751266
2024-12-31,EBAY,Consumer,0.089265521696964,-0.02047198304183144
2024-12-31,HD,Consumer,0.05910175818280039,0.051810727530498785
2024-12-31,HLT,Consumer,0.03604949653242717,0.09306786977381014
2024-12-31,KR,Consumer,0.008013026669681844,0.005711647637474462
2024-12-31,LOW,Consumer,0.05825044963937187,0.11562706234874189
2024-12-31,LULU,Consumer,0.08313069281788699,0.08165911444232207
2024-12-31,MAR,Consumer,0.04176518730561973,0.05889068254441634
2024-12-31,MCD,Consumer,-0.0041050646969635896,0.09318711159382424
2024-12-31,MGM,Consumer,-0.004906261938130374,0.002600731741321643
2024-12-31,NKE,Consumer,0.016254831885897048,0.014427632546450932
2024-12-31,ORLY,Consumer,0.09160070405584886,0.08815270775783499
2024-12-31,ROST,Consumer,-0.004693562648309113,0.06915164179848411
2024-12-31,SBUX,Consumer,0.18005483598443028,0.12492278532315303
2024-12-31,TGT,Consumer,0.020195482940870813,0.06280223731730632
2024-12-31,TJX,Consumer,0.032944314211461156,0.030430578414913173
2024-12-31,WMT,Consumer,0.08644179719034173,0.012942902783386891
2024-12-31,YUM,Consumer,-0.027280882428990516,0.05201529921311393
2024-12-31,BBY,Consumer,0.0006992866629167427,0.07799769613956424
2024-12-31,CCL,Consumer,0.1103531288126749,0.0746744094587682
2024-12-31,CHDN,Consumer,-0.07458439227349545,0.11645389141200291
2024-12-31,CMCSA,Consumer,-0.09557647778182365,0.09488906672287067
2024-12-31,CZR,Consumer,0.07869542825286846,0.12264892649408937
2024-12-31,DIS,Consumer,0.015356946957394424,-9.590139277349818e-05
2024-12-31,DKNG,Consumer,0.12768816942423822,0.016775934597544465
2024-12-31,F,Consumer,0.018181903754859396,0.03221791274767658
2024-12-31,FOX,Consumer,0.06252722263323829,0.0687280939248609
2024-12-31,GM,Consumer,-0.07152245827976866,0.10660304156040257
2024-12-31,GRMN,Consumer,0.046494819997947356,0.07653625133768135
2024-12-31,H,Consumer,0.0079628082462877,0.07191122715227247
2024-12-31,IHG,Consumer,0.07845022689944314,0.01448563154063631
2024-12-31,LVS,Consumer,-0.1076711579987667,0.06802846085802623
2024-12-31,NCLH,Consumer,0.10182669591317373,0.09673936491741716
2024-12-31,NFLX,Consumer,0.09585781038817198,-0.007810351354076819
2024-12-31,PENN,Consumer,0.0393542229392263,0.07208399013338167
2024-12-31,POOL,Consumer,0.009708587699349902,0.10337887692582622
2024-12-31,RCL,Consumer,0.1556634100628156,0.07474042831947254
2024-12-31,SIRI,Consumer,0.05307009152020847,0.12633594250280963
2024-12-31,TSLA,Consumer,0.0018819576379678349,0.11310108674554445
2024-12-31,WBD,Consumer,-0.012298970500876583,-0.03466028272363791
2024-12-31,WYNN,Consumer,0.008008299606623526,0.133503652287258
2024-12-31,APA,Energy,-0.04011275829947558,0.08377296105577342
2024-12-31,BA,Energy,-0.0027118402685822884,0.0832796582042073
2024-12-31,CAT,Energy,0.027681455848995062,0.06880154259221342
2024-12-31,COP,Energy,-0.0034283943177257914,0.01300414999392197
2024-12-31,CVX,Energy,0.030033231984407438,0.06852480120091024
2024-12-31,DE,Energy,0.12475802702950478,0.0649518083636327
2024-12-31,DVN,Energy,0.04185754916862705,0.06622137377246584
2024-12-31,EOG,Energy,0.03348612046190813,0.06538654924712509
2024-12-31,FDX,Energy,-0.05850780768228614,0.016058562232677098
2024-12-31,GD,Energy,-0.019527798743038227,0.0666309042589085
2024-12-31,GE,Energy,0.22051691863377187,0.008394816618416581
2024-12-31,HAL,Energy,-0.04303048356408201,0.06413281474065397
2024-12-31,HON,Energy,-0.00960652094698633,0.0649518083636327
2024-12-31,LMT,Energy,-0.04731028713165497,0.06615659348999442
2024-12-31,MMM,Energy,0.17902255871496697,0.06113779697795292
2024-12-31,MPC,Energy,0.044516052329891975,0.015239568609698365
2024-12-31,NOC,Energy,0.03831321349370276,0.06615659348999442
2024-12-31,OXY,Energy,-0.05585906076077396,0.013117812306596277
2024-12-31,PSX,Energy,0.034582783001768425,0.015649099096141008
2024-12-31,RTX,Energy,0.11432770484458632,0.0657960123836612
2024-12-31,SLB,Energy,0.050599784554790084,0.06839207945567734
2024-12-31,UNP,Energy,0.08660752236608782,0.06852480120091024
2024-12-31,UPS,Energy,-0.09413159115761949,0.06852480120091024
2024-12-31,VLO,Energy,0.09377851347536303,0.015239568609698365
2024-12-31,XOM,Energy,-0.006879239153484984,0.013053032024124849
2024-12-31,AME,Energy,0.02385436915992556,0.01619128397791
2024-12-31,BE,Energy,0.0616839664883726,0.07910253377787548
2024-12-31,BKR,Energy,0.12579236164521945,0.05103241036984546
2024-12-31,CTRA,Energy,0.08535618371096865,0.06760436301643657
2024-12-31,EMR,Energy,0.0485757410725145,0.048145479063435255
2024-12-31,ENPH,Energy,-0.09318581097030942,0.07983670546684662
2024-12-31,ETN,Energy,-0.016361951714196188,0.06454234522709659
2024-12-31,FSLR,Energy,-0.04947798995070596,0.05773241927938036
2024-12-31,FTV,Energy,0.08439988586758962,0.0678811717576463
2024-12-31,GNRC,Energy,-0.03689133252576404,0.06283005206053059
2024-12-31,HUBB,Energy,0.00983557023456827,0.06880154259221342
2024-12-31,MTDR,Energy,0.03092784448204644,0.050213416746866725
2024-12-31,PH,Energy,0.11166136534737992,0.06893426433744633
2024-12-31,PLUG,Energy,-0.12676060358178565,0.04928440457900357
2024-12-31,PR,Energy,0.018775979054942882,0.050213416746866725
2024-12-31,ROK,Energy,-0.025753077653577705,0.06829063489418238
2024-12-31,ROP,Energy,0.10911969584478176,0.06880154259221342
2024-12-31,SM,Energy,-0.015864834350396095,0.0679825489692347
2024-12-31,VRSK,Energy,0.043604587117077154,0.016058562232677098
2024-12-31,WMB,Energy,0.02420552518716068,0.06616887859108034
2024-12-31,XYL,Energy,0.06912606399987498,0.015649099096141008
2024-12-31,AXP,Financials,0.07212643780252126,0.020787994497445228
2024-12-31,BAC,Financials,0.05346977305791745,0.017651707517385904
2024-12-31,BK,Financials,0.12460434373363594,0.03213370077495954
2024-12-31,BLK,Financials,0.04915569000022302,0.055179875348152836
2024-12-31,C,Financials,0.15684040075571737,0.02878648076438666
2024-12-31,CFG,Financials,0.09658955596730379,-0.009596182948150194
2024-12-31,CME,Financials,0.018473074759282726,0.043266224450992534
2024-12-31,COF,Financials,0.1423844746707068,0.00027122483051983447
2024-12-31,FITB,Financials,0.048013301899753724,-0.0016963130601362199
2024-12-31,GS,Financials,0.11836820690753824,-0.014475714357635085
2024-12-31,HBAN,Financials,0.05716018370159204,-0.00444742461104438
2024-12-31,ICE,Financials,0.07261259471637138,0.04489102214856101
2024-12-31,JPM,Financials,0.12085650950796323,0.005415477956307026
2024-12-31,KEY,Financials,0.04900811579637154,-0.0030868405487644622
2024-12-31,MCO,Financials,0.055073166101613724,0.06414512928483908
2024-12-31,MS,Financials,0.10842425226252006,-0.02752562943850095
2024-12-31,MTB,Financials,0.07036871813577639,-0.01448336026947209
2024-12-31,PNC,Financials,0.05059038641853797,-0.0027701200803830423
2024-12-31,RF,Financials,0.04761901914217925,-0.006190286444797059
2024-12-31,SCHW,Financials,0.11768686364747616,0.0061968316113652465
2024-12-31,SPGI,Financials,0.04694483642809466,0.05578259676162286
2024-12-31,STT,Financials,0.04343359183586948,0.017311399919223997
2024-12-31,TFC,Financials,0.09774094985940196,-0.005889901638456256
2024-12-31,USB,Financials,-0.0010453713020043276,0.014248419636841949
2024-12-31,WFC,Financials,0.12186794048685434,-0.0015437103957035062
2024-12-31,AFL,Financials,0.038089669537721305,0.03695557950917104
2024-12-31,AJG,Financials,0.06330796663231197,0.0542965760524792
2024-12-31,ALL,Financials,-0.0023859859721836463,0.03439211245869327
2024-12-31,AMTD,Financials,-0.15833337472544606,0.024117778484798246
2024-12-31,AON,Financials,0.03246461784166366,0.0412020319856784
2024-12-31,CB,Financials,-0.01599697519364429,0.03533378131790591
2024-12-31,FDS,Financials,-0.012222016972335048,0.06656599213908772
2024-12-31,FNF,Financials,0.036159555296062296,0.04437736967565321
2024-12-31,GL,Financials,0.09714264493124913,0.07655776597385344
2024-12-31,HIG,Financials,0.019652683535495985,0.0380599082953868
2024-12-31,IBKR,Financials,0.23076906361901628,-0.010309279339990882
2024-12-31,LPLA,Financials,0.12367162347331795,-0.00913092563575667
2024-12-31,MET,Financials,0.05654628954204788,0.028901673417269954
2024-12-31,MSCI,Financials,-0.00540001745744334,0.05774987425413427
2024-12-31,NDAQ,Financials,0.06506261145002457,0.041183511371720334
2024-12-31,PGR,Financials,0.04830082352046361,0.017944789239878682
2024-12-31,PRU,Financials,0.01881390149562634,0.031473266268019266
2024-12-31,RJF,Financials,0.0881610684440659,-0.015403116929304189
2024-12-31,SEIC,Financials,0.049709030786881936,0.024996472378776138
2024-12-31,SF,Financials,0.09210027050379765,-0.019067096075643126
2024-12-31,SYF,Financials,0.06123068116461394,-0.033648650410277814
2024-12-31,TRV,Financials,0.017808873960056593,0.05006556157208047
2024-12-31,UNM,Financials,0.049927563544805986,-0.009531900607582506
2024-12-31,WTW,Financials,0.05213245124763066,0.06532009248118974
2024-12-31,ABBV,Healthcare,0.044649509224753636,0.0137576444076138
2024-12-31,ABT,Healthcare,0.1369582057116674,0.00030582540074158653
2024-12-31,AMGN,Healthcare,0.09507351394412988,0.026125312606284288
2024-12-31,BAX,Healthcare,0.1165980599114731,0.015154979588705016
2024-12-31,BIIB,Healthcare,-0.05878894585933714,0.018413003516591614
2024-12-31,BMY,Healthcare,0.05376035683912339,0.0219280061248063
2024-12-31,BSX,Healthcare,0.14599194984416197,0.0004824487529579776
2024-12-31,CI,Healthcare,0.06543774255081236,0.021450120660552154
2024-12-31,CVS,Healthcare,0.2741770233469627,0.043564553768632545
2024-12-31,DHR,Healthcare,-0.029666763305587374,0.017529269525569408
2024-12-31,EW,Healthcare,-0.02134272399173065,0.030305470311720855
2024-12-31,GILD,Healthcare,0.052289557885072835,0.0057752127168140726
2024-12-31,HUM,Healthcare,0.15576837797343135,0.04184692885703382
2024-12-31,ISRG,Healthcare,0.09563947583857568,0.017054365276830498
2024-12-31,JNJ,Healthcare,0.052067633768084765,0.03726225281773729
2024-12-31,LLY,Healthcare,0.05062190224689345,0.04267647830081192
2024-12-31,MDT,Healthcare,0.1369554621721032,0.011760847237470779
2024-12-31,MRK,Healthcare,-0.006634404387866555,0.0471683853571431
2024-12-31,PFE,Healthcare,0.01614898185339353,0.02476924816581757
2024-12-31,REGN,Healthcare,-0.05524123832143524,0.03423579240066703
2024-12-31,SYK,Healthcare,0.08676583356635437,0.015572924198559093
2024-12-31,TMO,Healthcare,0.1490113991454589,0.024071968435495385
2024-12-31,UNH,Healthcare,0.07241151850027094,-0.002675886511708062
2024-12-31,VRTX,Healthcare,0.14646133270646122,0.0290281185796933
2024-12-31,ZBH,Healthcare,0.0364481292888299,0.015042486073010928
2024-12-31,A,Healthcare,0.12788465345370015,0.014151039192984766
2024-12-31,ACAD,Healthcare,0.016893703514874403,0.022946251343671994
2024-12-31,ALGN,Healthcare,0.050836920928354346,0.010137836051225094
2024-12-31,ALKS,Healthcare,0.0963143406021929,6.701070977637591e-05
2024-12-31,BDX,Healthcare,0.09137383704514246,0.011196857737218147
2024-12-31,DGX,Healthcare,0.08642526145218699,-0.01510020750624071
2024-12-31,DXCM,Healthcare,0.11649743576009297,0.028976243984403353
2024-12-31,FOLD,Healthcare,0.01698512166839139,0.04397234366294703
2024-12-31,HOLX,Healthcare,0.0006936198404483562,-0.005240158118217114
2024-12-31,IDXX,Healthcare,0.020825235344232862,0.0318366516856214
2024-12-31,INSP,Healthcare,0.04380189288656311,-0.004525961524164802
2024-12-31,IQV,Healthcare,0.02468070957758295,0.047329971285808715
2024-12-31,MASI,Healthcare,0.05402294319973566,0.05273640383545138
2024-12-31,MTD,Healthcare,0.11502997639656165,0.041335896070162206
2024-12-31,NBIX,Healthcare,0.11223448589171237,0.020156557765443773
2024-12-31,NTRA,Healthcare,0.11762472999510609,0.0779415569840912
2024-12-31,NVCR,Healthcare,-0.17718117162669067,0.05010194398815579
2024-12-31,PODD,Healthcare,0.0663040451716721,-0.0021048734920212477
2024-12-31,RARE,Healthcare,0.022819089408996573,0.07155332898983388
2024-12-31,RMD,Healthcare,0.032751657710077486,-0.006317895353844934
2024-12-31,WAT,Healthcare,0.11995255453706899,0.04123130179777245
2024-12-31,AAPL,Technology,-0.057583336136236674,0.08205770828747992
2024-12-31,ADBE,Technology,-0.016258839137881842,0.16966711266435922
2024-12-31,AMAT,Technology,0.10895896366984514,0.04192457361002608
2024-12-31,AMD,Technology,-0.040069574721420365,0.08064849000966898
2024-12-31,AVGO,Technology,-0.045591729369042655,0.15080885360597668
2024-12-31,CDNS,Technology,-0.00945216141469285,0.02697120264797941
2024-12-31,CRM,Technology,0.022044255959732917,0.09716634106537546
2024-12-31,CRWD,Technology,0.1634030952294523,0.0299975059898738
2024-12-31,FTNT,Technology,0.06773913705639911,0.09751580676760116
2024-12-31,GOOGL,Technology,0.07776020712495724,0.06442199900752839
2024-12-31,INTC,Technology,-0.030922641170916143,-0.035284119039158186
2024-12-31,INTU,Technology,-0.041351007310192256,0.041155181743208376
2024-12-31,KLAC,Technology,0.17158638758256184,0.1005595268686343
2024-12-31,LRCX,Technology,0.12210979713324921,-0.002123049026903174
2024-12-31,META,Technology,0.17705921988658524,0.050722169034855685
2024-12-31,MSFT,Technology,-0.015278869244518156,0.0005507427501117257
2024-12-31,MU,Technology,0.08412538286931048,0.06701175189945764
2024-12-31,NET,Technology,0.2852896870750845,0.09462814760888913
2024-12-31,NOW,Technology,-0.039372934764186684,0.21753455310377148
2024-12-31,NVDA,Technology,-0.10589027190093325,0.09919753607680819
2024-12-31,ORCL,Technology,0.0230316001541222,0.1877751168137911
2024-12-31,PANW,Technology,0.013519407365963021,0.07909090181163533
2024-12-31,QCOM,Technology,0.12569946853115987,0.02280022116352007
2024-12-31,SNPS,Technology,0.08266028582501961,0.009218591133185476
2024-12-31,TXN,Technology,-0.008185368077651023,0.08960960247277416
2024-12-31,ACN,Technology,0.09891121459087082,0.11335616681976926
2024-12-31,ADI,Technology,-0.0026828752806821177,-0.015193116437109112
2024-12-31,ANET,Technology,0.04252243399569333,0.09677856055107387
2024-12-31,CGNX,Technology,0.11266029117328191,0.040720553940154114
2024-12-31,COHU,Technology,-0.1419475957764016,0.06550209808380127
2024-12-31,CSCO,Technology,0.030624186009407195,0.07792344441578927
2024-12-31,DELL,Technology,-0.0974059136736164,0.005878584960682072
2024-12-31,ENTG,Technology,0.02608927891951085,-0.02542874228695742
2024-12-31,FORM,Technology,-0.08977274461226026,-0.003031797624734224
2024-12-31,HPQ,Technology,-0.003984175209664653,0.06685843819378005
2024-12-31,IBM,Technology,0.16317142095609216,0.053941724776246945
2024-12-31,IPGP,Technology,0.008388347086246917,0.05490041956953377
2024-12-31,KEYS,Technology,0.11031563644432896,0.03244805872163334
2024-12-31,MCHP,Technology,-0.053182183482981316,-0.0009242122665098676
2024-12-31,MKSI,Technology,0.08516139969566061,-0.0026134407660448164
2024-12-31,MPWR,Technology,0.07718421109402085,0.08524423487813261
2024-12-31,MRVL,Technology,0.022338649353698337,0.05741799444299874
2024-12-31,NXPI,Technology,0.0033677635203910317,0.09129573484755102
2024-12-31,ONTO,Technology,0.22853540982991216,0.07402388609761677
2024-12-31,QRVO,Technology,0.18661522944097464,0.05723304303978136
2024-12-31,STX,Technology,0.11644063017008621,0.10329756470356169
2024-12-31,SWKS,Technology,0.0009022154179034736,0.10638963682761564
2024-12-31,TER,Technology,-0.08044787850787438,0.06014598290937293
2024-12-31,VRSN,Technology,0.038848146778493575,0.08289149514781208
2024-12-31,WDC,Technology,0.09223535879865263,0.006212737905160115
2025-01-31,AMZN,Consumer,-0.10686635257151178,-0.022297385480306554
2025-01-31,AZO,Consumer,0.04262420877889239,0.007155781195513927
2025-01-31,BKNG,Consumer,0.05877479984266132,0.009513313791531456
2025-01-31,CMG,Consumer,-0.07506422224433384,0.0018272478089326697
2025-01-31,COST,Consumer,0.07132360457502629,0.01076653761313558
2025-01-31,DG,Consumer,0.043906578070569635,0.08973605776009051
2025-01-31,DLTR,Consumer,-0.006680270947004963,0.033708789649688466
2025-01-31,DRI,Consumer,0.02673629727447513,0.01541367770428643
2025-01-31,EBAY,Consumer,-0.04060461283945682,-0.024763112160036592
2025-01-31,HD,Consumer,-0.03733196534246497,-0.030098287018865064
2025-01-31,HLT,Consumer,0.035296950619618794,-0.02289703789448851
2025-01-31,KR,Consumer,0.05674227933591536,-0.009335773488407702
2025-01-31,LOW,Consumer,-0.043839392778709185,0.06139498316325915
2025-01-31,LULU,Consumer,-0.11731053940959757,-0.019564930006318697
2025-01-31,MAR,Consumer,-0.032734713280002437,-0.011469160625029229
2025-01-31,MCD,Consumer,0.0679944898055529,0.051932611151779995
2025-01-31,MGM,Consumer,0.008120614356560196,0.08958876004304274
2025-01-31,NKE,Consumer,0.03289991491498245,0.0007375684903603958
2025-01-31,ORLY,Consumer,0.06120107171764366,0.015665808174087602
2025-01-31,ROST,Consumer,-0.06801273798620411,0.0009462738783860149
2025-01-31,SBUX,Consumer,0.08133870874703786,0.03394906265071734
2025-01-31,TGT,Consumer,-0.09143989759404592,0.013187750410647415
2025-01-31,TJX,Consumer,0.00278213289945084,-0.021725389648080524
2025-01-31,WMT,Consumer,0.0045843108892933415,0.05675105852911762
2025-01-31,YUM,Consumer,0.20389978888895666,0.04235443930206642
2025-01-31,BBY,Consumer,0.047169673212356544,0.04778958097789998
2025-01-31,CCL,Consumer,-0.13516444500214297,-0.016608350463400402
2025-01-31,CHDN,Consumer,-0.041106973102295385,-0.0056763762744906875
2025-01-31,CMCSA,Consumer,0.06595365827563548,0.0347488753731899
2025-01-31,CZR,Consumer,-0.07850202708043597,-0.01693733229227212
2025-01-31,DIS,Consumer,0.0065452417757716486,-0.01950234426177434
2025-01-31,DKNG,Consumer,0.04553038885995653,-0.023079151149297546
2025-01-31,F,Consumer,-0.02161796584321951,0.03579718531484483
2025-01-31,FOX,Consumer,0.11255146550889128,0.0025990444610337407
2025-01-31,GM,Consumer,-0.006672010961663033,0.005922132337785298
2025-01-31,GRMN,Consumer,0.060597555603166375,-0.0188116021353187
2025-01-31,H,Consumer,-0.10824715386756845,0.017613985248245898
2025-01-31,IHG,Consumer,-0.058491764349344666,-0.027631571883980792
2025-01-31,LVS,Consumer,-0.018730497392775436,0.027666689082397777
2025-01-31,NCLH,Consumer,-0.19858910025959453,0.03692563629584537
2025-01-31,NFLX,Consumer,0.0038903849838498594,-0.02786712898910765
2025-01-31,PENN,Consumer,0.04417474905634844,0.023984421399588122
2025-01-31,POOL,Consumer,0.007988330576501834,0.05956827493502307
2025-01-31,RCL,Consumer,-0.07689419736743797,0.01971108925966972
2025-01-31,SIRI,Consumer,0.018106254089537144,0.1676105448165641
2025-01-31,TSLA,Consumer,-0.2758773935575025,0.10380602603353517
2025-01-31,WBD,Consumer,0.09770119719930315,0.1405143535645202
2025-01-31,WYNN,Consumer,0.03128045712578964,0.019284228582696693
2025-01-31,APA,Energy,-0.05608755709405522,0.044595738258703825
2025-01-31,BA,Energy,-0.010706998322587813,0.04516087610413552
2025-01-31,CAT,Energy,-0.07400922164296386,0.014537172237695168
2025-01-31,COP,Energy,0.011378998823891928,0.015230188300546389
2025-01-31,CVX,Energy,0.07500063758776565,0.012359059970857159
2025-01-31,DE,Energy,0.008876098290130807,0.011952880009573423
2025-01-31,DVN,Energy,0.062170305047946295,0.027980424845223267
2025-01-31,EOG,Energy,0.009142262378100119,0.011952880009573423
2025-01-31,FDX,Energy,-0.007437758839810238,0.011952880009573423
2025-01-31,GD,Energy,-0.017044215313848587,0.014924279405609668
2025-01-31,GE,Energy,0.016751048879779518,0.015484640205365144
2025-01-31,HAL,Energy,0.013451193111052362,0.027506118563437224
2025-01-31,HON,Energy,-0.04331581071529933,0.011952880009573423
2025-01-31,LMT,Energy,-0.02717363867792799,0.014924279405609668
2025-01-31,MMM,Energy,0.024212657928602166,0.03204082544253762
2025-01-31,MPC,Energy,0.03660886858792356,0.020328816334015665
2025-01-31,NOC,Energy,-0.052393939670931755,0.01429299608143096
2025-01-31,OXY,Energy,0.046945209694072565,0.013723798838155464
2025-01-31,PSX,Energy,0.11019399802466912,0.027200209668500504
2025-01-31,RTX,Energy,0.036549627330920265,0.010430650295623317
2025-01-31,SLB,Energy,0.04146102214194358,0.02402999131026507
2025-01-31,UNP,Energy,0.001034335829957156,0.011952880009573423
2025-01-31,UPS,Energy,0.056934923296400264,0.0167524180144965
2025-01-31,VLO,Energy,-0.017067788241065696,0.027200209668500504
2025-01-31,XOM,Energy,0.051444648783005587,0.01644650911955978
2025-01-31,AME,Energy,0.025682759584277237,0.011952880009573423
2025-01-31,BE,Energy,0.018659903964429736,0.19152404791110353
2025-01-31,BKR,Energy,-0.029723403195876963,0.011952880009573423
2025-01-31,CTRA,Energy,-0.026334688543257934,0.011952880009573423
2025-01-31,EMR,Energy,-0.06021828135738583,0.011952880009573423
2025-01-31,ENPH,Energy,-0.07947972134334191,-0.04884760226343794
2025-01-31,ETN,Energy,-0.1014580250267384,0.01923045330534201
2025-01-31,FSLR,Energy,-0.18708220390030017,0.04979216520610237
2025-01-31,FTV,Energy,-0.021025152447611273,0.014130992276411432
2025-01-31,GNRC,Energy,-0.08826095073300533,0.0426158780291728
2025-01-31,HUBB,Energy,-0.11840619667593943,0.011952880009573423
2025-01-31,MTDR,Energy,-0.09217483751371669,0.020524345687085572
2025-01-31,PH,Energy,-0.052274596683097974,0.011952880009573423
2025-01-31,PLUG,Energy,-0.13440860111681163,0.1635641833591309
2025-01-31,PR,Energy,-0.03822526158773332,0.01644650911955978
2025-01-31,ROK,Energy,0.035927956290779495,0.012258788904510143
2025-01-31,ROP,Energy,0.015373930081788556,0.011952880009573423
2025-01-31,SM,Energy,-0.138303536903005,0.03716281853791003
2025-01-31,VRSK,Energy,0.032945980666873265,0.011952880009573423
2025-01-31,WMB,Energy,0.049612211645361226,0.0109910110953788
2025-01-31,XYL,Energy,0.05849662544690215,0.01644650911955978
2025-01-31,AXP,Financials,-0.05194520398411928,0.019074179818126293
2025-01-31,BAC,Financials,-0.0043197439639303115,0.000637137983528046
2025-01-31,BK,Financials,0.035144776075525685,0.005155306117360672
2025-01-31,BLK,Financials,-0.090860045417269,0.00296109301351602
2025-01-31,C,Financials,-0.011376323305503755,0.04657199670628714
2025-01-31,CFG,Financials,-0.037838854712451186,-0.013784892275869855
2025-01-31,CME,Financials,0.07293243367138191,-0.032673342429048916
2025-01-31,COF,Financials,-0.012581661395814958,0.005149198172174983
2025-01-31,FITB,Financials,-0.018957252519693824,-0.008964963811110883
2025-01-31,GS,Financials,-0.023460799322529535,0.013193281031534025
2025-01-31,HBAN,Financials,-0.042441750997222694,-0.01980900373151154
2025-01-31,ICE,Financials,0.08383901823642725,0.0003427790933126277
2025-01-31,JPM,Financials,-0.009914048114131546,0.025749590293662895
2025-01-31,KEY,Financials,-0.03670728709646598,-0.011330124161784229
2025-01-31,MCO,Financials,0.010906923464700347,-0.0057016872368477614
2025-01-31,MS,Financials,-0.038430884172972024,0.012361214862004923
2025-01-31,MTB,Financials,-0.04730683880586373,-0.023530872565199385
2025-01-31,PNC,Financials,-0.04493655988950718,-0.007854777645185908
2025-01-31,RF,Financials,-0.037743397576101456,-0.04305320654350436
2025-01-31,SCHW,Financials,-0.03537090807307208,-0.008209432771219478
2025-01-31,SPGI,Financials,0.02549320293148849,0.018755679467117526
2025-01-31,STT,Financials,-0.023519071613996356,-0.013621344433267344
2025-01-31,TFC,Financials,-0.015652306378366676,-0.03272521927787344
2025-01-31,USB,Financials,-0.01841778834265506,-0.016246051468803906
2025-01-31,WFC,Financials,-0.001184567459904029,0.003318034772669614
2025-01-31,AFL,Financials,0.025166659415632786,0.005302835801659472
2025-01-31,AJG,Financials,0.11901129449876602,0.008183729851876093
2025-01-31,ALL,Financials,0.03545992904843365,0.0038478742801150924
2025-01-31,AMTD,Financials,0.019801961500356402,0.05732106503503548
2025-01-31,AON,Financials,0.10529651598849932,-0.010200510731676148
2025-01-31,CB,Financials,0.05002198857138196,0.011237590875761705
2025-01-31,FDS,Financials,-0.024475683657960268,-0.015189081984768406
2025-01-31,FNF,Financials,0.10933483785641607,0.00838606996219557
2025-01-31,GL,Financials,0.043738351823064514,0.05454961441482907
2025-01-31,HIG,Financials,0.06033164699661864,-0.0219259829650054
2025-01-31,IBKR,Financials,-0.05881434868499158,-0.020841476029293326
2025-01-31,LPLA,Financials,0.01321907406248668,0.0359561423607707
2025-01-31,MET,Financials,0.002576684043807287,-0.03539090114859001
2025-01-31,MSCI,Financials,-0.007367671503857642,0.021306113034222026
2025-01-31,NDAQ,Financials,0.0053436752222806305,0.010699390552494638
2025-01-31,PGR,Financials,0.14429483166534096,-0.03595841262400852
2025-01-31,PRU,Financials,-0.035194779938994336,0.0028519948909569584
2025-01-31,RJF,Financials,-0.08196813420334448,-0.019151677477041752
2025-01-31,SEIC,Financials,-0.07542159961512862,0.005489050406113452
2025-01-31,SF,Financials,-0.08338360242438336,-0.0018614493029608925
2025-01-31,SYF,Financials,-0.11712492009121145,0.009486379792283204
2025-01-31,TRV,Financials,0.05428670766182542,-0.010750942904021009
2025-01-31,UNM,Financials,0.07921305912120791,0.010990256747385066
2025-01-31,WTW,Financials,0.03058526680368856,-0.027183724457579786
2025-01-31,ABBV,Healthcare,0.13665034521991326,0.01743256989966081
2025-01-31,ABT,Healthcare,0.07879307361742272,0.010889475248083223
2025-01-31,AMGN,Healthcare,0.08804146795106038,0.03332164782970949
2025-01-31,BAX,Healthcare,0.0650476927467607,0.04408236290404382
2025-01-31,BIIB,Healthcare,-0.023830979297745802,0.006411879817888457
2025-01-31,BMY,Healthcare,0.011365479034100234,0.027472832259326882
2025-01-31,BSX,Healthcare,0.013970303796883465,-0.01539964478664755
2025-01-31,CI,Healthcare,0.049760435426029925,-0.017195145013906555
2025-01-31,CVS,Healthcare,0.1635977152764574,-0.026630780453897874
2025-01-31,DHR,Healthcare,-0.0672532714577676,0.006338988342170437
2025-01-31,EW,Healthcare,-0.011456097123828668,0.030748224576805087
2025-01-31,GILD,Healthcare,0.1760289198274061,-0.009494246200658285
2025-01-31,HUM,Healthcare,-0.07778879785393833,0.005207094547413991
2025-01-31,ISRG,Healthcare,0.0022207797447126865,-0.0273226579532027
2025-01-31,JNJ,Healthcare,0.09326923786289187,0.01522640517667939
2025-01-31,LLY,Healthcare,0.13702301241186077,-0.0049343203182954185
2025-01-31,MDT,Healthcare,0.013212843665765917,0.010978539503245573
2025-01-31,MRK,Healthcare,-0.06648458962617632,-0.0005852220295869556
2025-01-31,PFE,Healthcare,-0.0033936925593639478,0.013026730018419147
2025-01-31,REGN,Healthcare,0.039611709701733444,0.048043092090843724
2025-01-31,SYK,Healthcare,-0.013033764124686154,-0.02302220947865845
2025-01-31,TMO,Healthcare,-0.11508169693130454,0.0023068858674318345
2025-01-31,UNH,Healthcare,-0.12448170886845067,0.013688271949592814
2025-01-31,VRTX,Healthcare,0.03922633892835492,0.01934055510878758
2025-01-31,ZBH,Healthcare,-0.04713201068582629,0.033894043497588365
2025-01-31,A,Healthcare,-0.15575505446470805,0.012941494864377097
2025-01-31,ACAD,Healthcare,0.05037516300880274,8.040696558140421e-05
2025-01-31,ALGN,Healthcare,-0.14641048670390588,0.043360509711709114
2025-01-31,ALKS,Healthcare,0.08880434771430612,-0.011847653954340696
2025-01-31,BDX,Healthcare,-0.08913574557389581,-0.004757180450430804
2025-01-31,DGX,Healthcare,0.06008583690987135,0.002930751449685725
2025-01-31,DXCM,Healthcare,0.017735815767040197,0.08535074371681624
2025-01-31,FOLD,Healthcare,-0.009394588027624273,0.010211226302058413
2025-01-31,HOLX,Healthcare,-0.12129193337996569,0.010217168302527604
2025-01-31,IDXX,Healthcare,0.035682971198144564,0.02879563845084199
2025-01-31,INSP,Healthcare,-0.04087857189720612,-0.007286925294749648
2025-01-31,IQV,Healthcare,-0.06237583194538421,0.047586595276781135
2025-01-31,MASI,Healthcare,0.08345295816720077,-0.014981185586773303
2025-01-31,MTD,Healthcare,-0.06722169874959427,-0.005123707147817783
2025-01-31,NBIX,Healthcare,-0.21802137074614292,-0.028563142084855667
2025-01-31,NTRA,Healthcare,-0.12056297790985804,0.01171636577473747
2025-01-31,NVCR,Healthcare,-0.2222675636702054,0.053212730944561956
2025-01-31,PODD,Healthcare,-0.02194847245481124,-0.021466082013085707
2025-01-31,RARE,Healthcare,-0.002556370287523424,0.011223719541920594
2025-01-31,RMD,Healthcare,-0.009042705056464206,-0.0008362253342604988
2025-01-31,WAT,Healthcare,-0.09179747193588228,0.006972479622206156
2025-01-31,AAPL,Technology,0.02587251133027113,-0.010297743070852267
2025-01-31,ADBE,Technology,0.002537399292692699,-0.005301985620349822
2025-01-31,AMAT,Technology,-0.12151886170931836,0.045561173715810754
2025-01-31,AMD,Technology,-0.13876668185746377,0.08199752157279863
2025-01-31,AVGO,Technology,-0.09870307960196367,0.05169195585570565
2025-01-31,CDNS,Technology,-0.15832267955865686,-0.0313739790904945
2025-01-31,CRM,Technology,-0.12832895851114923,0.027209182049759993
2025-01-31,CRWD,Technology,-0.02112694628424905,0.06587870500178834
2025-01-31,FTNT,Technology,0.07067808363338268,0.011578019023636395
2025-01-31,GOOGL,Technology,-0.16537601081964437,-0.008498512140030081
2025-01-31,INTC,Technology,0.22130721407735177,0.04210549122343999
2025-01-31,INTU,Technology,0.02049852877793157,-0.02369323112919003
2025-01-31,KLAC,Technology,-0.03765546240026829,-0.020695068162005986
2025-01-31,LRCX,Technology,-0.05317716248087623,-0.027064626689469157
2025-01-31,META,Technology,-0.030441999988796375,0.030227853888655683
2025-01-31,MSFT,Technology,-0.04161793925842283,0.007552448517533137
2025-01-31,MU,Technology,0.026194680996241893,0.033415660215578485
2025-01-31,NET,Technology,0.04985555967895672,0.0332782806399879
2025-01-31,NOW,Technology,-0.08702055946497289,-0.03389938850377137
2025-01-31,NVDA,Technology,0.0403931058066469,0.07049022359327335
2025-01-31,ORCL,Technology,-0.023520923297809748,-0.0019694681031755933
2025-01-31,PANW,Technology,0.032588626865348136,0.0981401665239427
2025-01-31,QCOM,Technology,-0.09113500412101161,0.010847782976536812
2025-01-31,SNPS,Technology,-0.12978607030588662,-0.02803886122981749
2025-01-31,TXN,Technology,0.06164354506687353,0.015790126356730102
2025-01-31,ACN,Technology,-0.09468760239767826,-0.0067775620976920055
2025-01-31,ADI,Technology,0.08575193830212169,-0.03255102660346532
2025-01-31,ANET,Technology,-0.19248459306619614,-0.006829427163379916
2025-01-31,CGNX,Technology,-0.17595865049725234,0.10964202607539189
2025-01-31,COHU,Technology,-0.14185945096665364,-0.05397667452373644
2025-01-31,CSCO,Technology,0.05792079278525186,-0.0448130750481073
2025-01-31,DELL,Technology,-0.008108079434800075,0.04719546153967163
2025-01-31,ENTG,Technology,-0.0031515865799814913,0.05435323013105768
2025-01-31,FORM,Technology,-0.16853932905331592,-0.06471933622609634
2025-01-31,HPQ,Technology,-0.05015377932920062,0.06425163453579386
2025-01-31,IBM,Technology,-0.0061719977316826435,0.011126480179758862
2025-01-31,IPGP,Technology,-0.20646396872083572,-0.04960972172092227
2025-01-31,KEYS,Technology,-0.10552288578726199,0.008046005588160812
2025-01-31,MCHP,Technology,0.092114675405079,-0.08604212160242924
2025-01-31,MKSI,Technology,-0.18770852813181227,-0.0006700330752537725
2025-01-31,MPWR,Technology,-0.04135734434361493,-0.0847395876506869
2025-01-31,MRVL,Technology,-0.18642564863747735,-0.03215856746922813
2025-01-31,NXPI,Technology,0.033756936897042955,0.049971601754891334
2025-01-31,ONTO,Technology,-0.2886305549434536,0.01879269013189307
2025-01-31,QRVO,Technology,-0.12400579054287952,0.136885039134083
2025-01-31,STX,Technology,0.05759664439943446,0.05805562483296252
2025-01-31,SWKS,Technology,-0.24108179318114287,0.045907259949551624
2025-01-31,TER,Technology,-0.05020337375739026,0.0022985546127438894
2025-01-31,VRSN,Technology,0.10641864253798139,0.08526861455780775
2025-01-31,WDC,Technology,-0.006074105802907237,0.01281503565768783
2025-02-28,AMZN,Consumer,-0.1037309421475675,-0.007371170047556192
2025-02-28,AZO,Consumer,0.09154569229325116,0.001712392525637647
2025-02-28,BKNG,Consumer,-0.07967737939911446,0.013580645459351223
2025-02-28,CMG,Consumer,-0.06966837226581557,0.005780492111523497
2025-02-28,COST,Consumer,-0.09806310200946855,0.01507333491652372
2025-02-28,DG,Consumer,0.18535975578329067,0.1601219158174718
2025-02-28,DLTR,Consumer,0.030332131017834163,0.040750752194982996
2025-02-28,DRI,Consumer,0.036416229500878305,0.020509710583344113
2025-02-28,EBAY,Consumer,0.050928172658896154,-0.06602060705158096
2025-02-28,HD,Consumer,-0.07005611545747437,-0.04479359613648103
2025-02-28,HLT,Consumer,-0.14119113164443609,-0.026789015352933886
2025-02-28,KR,Consumer,0.044276574811720204,0.020757553134057066
2025-02-28,LOW,Consumer,-0.06197720123709072,0.03575534222091631
2025-02-28,LULU,Consumer,-0.22578701649406674,0.0847010736398402
2025-02-28,MAR,Consumer,-0.1506507779237498,0.0029083372422855276
2025-02-28,MCD,Consumer,0.018952101831033685,0.03821225684793571
2025-02-28,MGM,Consumer,-0.14729571861667834,-0.03118886838384819
2025-02-28,NKE,Consumer,-0.19676069945821983,0.025618695388126552
2025-02-28,ORLY,Consumer,0.04290793114316194,0.019357899949726774
2025-02-28,ROST,Consumer,-0.08634835647013417,0.0026307979744107997
2025-02-28,SBUX,Consumer,-0.15300922476863277,0.02692929094087173
2025-02-28,TGT,Consumer,-0.16001290350506903,-0.010573816438015927
2025-02-28,TJX,Consumer,-0.023725567350725396,-0.029329549333786117
2025-02-28,WMT,Consumer,-0.10728034723817526,0.013541960516293777
2025-02-28,YUM,Consumer,0.006331155979011793,0.06527844048531235
2025-02-28,BBY,Consumer,-0.17088321179611665,0.023058422700913385
2025-02-28,CCL,Consumer,-0.18386963541771761,-0.12469810939079444
2025-02-28,CHDN,Consumer,-0.06270041078150868,0.0496172573983866
2025-02-28,CMCSA,Consumer,0.028428169574162387,0.06398641581144368
2025-02-28,CZR,Consumer,-0.24744132807497665,-0.020451133353733313
2025-02-28,DIS,Consumer,-0.1326889602273189,-0.00907382494598856
2025-02-28,DKNG,Consumer,-0.24281808886626777,-0.011661371500557688
2025-02-28,F,Consumer,0.050261853543650536,-0.009802640125517402
2025-02-28,FOX,Consumer,-0.020123830246295382,-0.01825625212988022
2025-02-28,GM,Consumer,-0.04030394229968515,0.045754524494021315
2025-02-28,GRMN,Consumer,-0.04813429946113412,-0.017140915651181445
2025-02-28,H,Consumer,-0.13089744273988946,0.01668225878051866
2025-02-28,IHG,Consumer,-0.1359981190569155,0.010494549530333293
2025-02-28,LVS,Consumer,-0.13598749803660337,0.08428752773064782
2025-02-28,NCLH,Consumer,-0.16549297282204412,-0.001816434114832202
2025-02-28,NFLX,Consumer,-0.04898222868327429,0.0006027253820627585
2025-02-28,PENN,Consumer,-0.24174805707148828,-0.03744895569353887
2025-02-28,POOL,Consumer,-0.07934914315388608,-0.024177915350470713
2025-02-28,RCL,Consumer,-0.16230256652625297,-0.007157948424901154
2025-02-28,SIRI,Consumer,-0.06779658346397888,0.12352966860248016
2025-02-28,TSLA,Consumer,-0.11543452131892018,-0.1389799334898769
2025-02-28,WBD,Consumer,-0.06369986854107224,0.08135199951284797
2025-02-28,WYNN,Consumer,-0.06515895148710404,0.007408687221638324
2025-02-28,APA,Energy,0.015459049926132673,0.026394322446413227
2025-02-28,BA,Energy,-0.023363693048011003,0.015471198497384334
2025-02-28,CAT,Energy,-0.04113971904898628,0.010818153956226557
2025-02-28,COP,Energy,0.0592032040998931,0.015471198497384334
2025-02-28,CVX,Energy,0.05465900710679983,0.011231183321960714
2025-02-28,DE,Energy,-0.020383531100638397,0.012563210679606474
2025-02-28,DVN,Energy,0.039965055496381297,0.026582250925885814
2025-02-28,EOG,Energy,0.010241036243093582,0.012563210679606474
2025-02-28,FDX,Energy,-0.06766013595606901,0.015729036702585558
2025-02-28,GD,Energy,0.07909730054202946,0.015499325850094666
2025-02-28,GE,Energy,-0.031199278535663844,0.015578683633753773
2025-02-28,HAL,Energy,-0.03110158280738229,0.018409518320876048
2025-02-28,HON,Energy,-0.005354900625805126,0.012563210679606474
2025-02-28,LMT,Energy,-0.0008051891149539747,0.014167298492448906
2025-02-28,MMM,Energy,-0.053249074959464515,0.028087283035679086
2025-02-28,MPC,Energy,-0.0298972904633501,0.018409518320876048
2025-02-28,NOC,Energy,0.11384006416374981,0.009183547547050329
2025-02-28,OXY,Energy,0.0158078613337449,0.016434750745005236
2025-02-28,PSX,Energy,-0.047883515194724335,0.018409518320876048
2025-02-28,RTX,Energy,-0.0039853229788207045,0.010588443103735655
2025-02-28,SLB,Energy,0.003360575650038111,0.013730802340301421
2025-02-28,UNP,Energy,-0.042360848142597995,0.013398928276171989
2025-02-28,UPS,Energy,-0.07594724603077374,0.01564575630723948
2025-02-28,VLO,Energy,0.0102503783703769,0.013730802340301421
2025-02-28,XOM,Energy,0.06826542606135932,0.014810038710673965
2025-02-28,AME,Energy,-0.08901646981714761,0.012563210679606474
2025-02-28,BE,Energy,-0.1815154257810323,0.14954239968799
2025-02-28,BKR,Energy,-0.014352988425952895,0.019551307468450723
2025-02-28,CTRA,Energy,0.07948842136614265,0.012563210679606474
2025-02-28,EMR,Energy,-0.09842943724876463,0.012150181313872317
2025-02-28,ENPH,Energy,0.08233032016840292,-0.031556055201915005
2025-02-28,ETN,Energy,-0.0698703227849734,0.015265050659275492
2025-02-28,FSLR,Energy,-0.07159636433391758,0.014344834149500807
2025-02-28,FTV,Energy,-0.07995976310766184,0.013398928276171989
2025-02-28,GNRC,Energy,-0.0697759294637087,0.03504745467725889
2025-02-28,HUBB,Energy,-0.10947533749921534,0.010818153956226557
2025-02-28,MTDR,Energy,-0.023882217200850264,0.023654745960318413
2025-02-28,PH,Energy,-0.09073914271405537,0.012563210679606474
2025-02-28,PLUG,Energy,-0.16149067587149946,0.14708153115312134
2025-02-28,PR,Energy,-0.0060952019555508,0.015729036702585558
2025-02-28,ROK,Energy,-0.10019144831807225,0.012563210679606474
2025-02-28,ROP,Energy,0.008691092381149401,0.010818153956226557
2025-02-28,SM,Energy,-0.084377819744332,0.017707615285095988
2025-02-28,VRSK,Energy,0.003951868376182777,0.010818153956226557
2025-02-28,WMB,Energy,0.036380840032322226,0.010295095230384091
2025-02-28,XYL,Energy,-0.0873252799356169,0.015729036702585558
2025-02-28,AXP,Financials,-0.10602743936759207,0.04378448211066202
2025-02-28,BAC,Financials,-0.08908126202704614,0.02345216654511993
2025-02-28,BK,Financials,-0.057110515879575385,0.013881509679698617
2025-02-28,BLK,Financials,-0.026727338321020366,0.0040869157834591335
2025-02-28,C,Financials,-0.112069954314578,0.01750463579429804
2025-02-28,CFG,Financials,-0.10487210403859859,0.022689934611415576
2025-02-28,CME,Financials,0.0505648589102794,-0.015794833592609695
2025-02-28,COF,Financials,-0.10595864128769994,0.010284379618017018
2025-02-28,FITB,Financials,-0.0895488580894288,0.0052658583600453
2025-02-28,GS,Financials,-0.12212963394007104,0.023934187207687807
2025-02-28,HBAN,Financials,-0.07906577854188324,0.02106755900968709
2025-02-28,ICE,Financials,-0.0014118590800555886,0.004040535927029242
2025-02-28,JPM,Financials,-0.07311534941353393,0.06406189977263686
2025-02-28,KEY,Financials,-0.06550772871397925,0.002526065745912199
2025-02-28,MCO,Financials,-0.07590180776604027,0.009022827972152522
2025-02-28,MS,Financials,-0.12350688228215889,0.019784508048845406
2025-02-28,MTB,Financials,-0.06103905991185843,0.026420799266402083
2025-02-28,PNC,Financials,-0.08414959928762245,0.0009746318102463756
2025-02-28,RF,Financials,-0.07374257911060256,-0.003391316299307522
2025-02-28,SCHW,Financials,-0.015717277021183307,0.007209936245953279
2025-02-28,SPGI,Financials,-0.04803831677730597,-0.007985614057625308
2025-02-28,STT,Financials,-0.09775267302243051,0.00017879402618196873
2025-02-28,TFC,Financials,-0.11218982198150762,0.00548345916613588
2025-02-28,USB,Financials,-0.08900827688649582,-0.02106121458450387
2025-02-28,WFC,Financials,-0.08337576531841107,0.013130868545297368
2025-02-28,AFL,Financials,0.015712022514449142,-0.03256329497104808
2025-02-28,AJG,Financials,0.024165239628180624,0.006630137517597276
2025-02-28,ALL,Financials,0.04497486338317258,-0.026843629501643478
2025-02-28,AMTD,Financials,0.048543760111089185,0.03422944281129657
2025-02-28,AON,Financials,-0.024515969131977733,-0.0018893674707022886
2025-02-28,CB,Financials,0.061178969156050034,-0.0033186970343080545
2025-02-28,FDS,Financials,-0.015376573231934088,0.034828511377299566
2025-02-28,FNF,Financials,0.016366678790607603,0.017121918934378793
2025-02-28,GL,Financials,0.033665367897293796,0.08648636148508951
2025-02-28,HIG,Financials,0.050696274241146755,0.0038796927957419573
2025-02-28,IBKR,Financials,-0.1898728487924244,0.01871620278625188
2025-02-28,LPLA,Financials,-0.11912671689462406,0.024575621126700295
2025-02-28,MET,Financials,-0.06834530209803902,0.04062852314884027
2025-02-28,MSCI,Financials,-0.042353369559421705,0.00386972366258006
2025-02-28,NDAQ,Financials,-0.08053729090812256,0.01746819839991126
2025-02-28,PGR,Financials,0.0035816410805515897,-0.016212173802300247
2025-02-28,PRU,Financials,-0.02971323142693505,0.029225357498434794
2025-02-28,RJF,Financials,-0.10189434657855556,-0.004254683010349489
2025-02-28,SEIC,Financials,-0.0302311448488366,-0.009733536175294866
2025-02-28,SF,Financials,-0.10848394973520004,0.04396754781357506
2025-02-28,SYF,Financials,-0.12755429298609822,0.009515840670793071
2025-02-28,TRV,Financials,0.027281461788714934,-0.02525953957624199
2025-02-28,UNM,Financials,-0.010086248063668535,0.04851199631675893
2025-02-28,WTW,Financials,-0.002282595496509665,0.002266039836735483
2025-02-28,ABBV,Healthcare,0.002344259747266264,0.027091567600017418
2025-02-28,ABT,Healthcare,-0.0388378235748561,-0.008778733103127758
2025-02-28,AMGN,Healthcare,0.011328995534282127,-0.0010832164361542457
2025-02-28,BAX,Healthcare,-0.008113546398849758,-0.006773681329195058
2025-02-28,BIIB,Healthcare,-0.026049848128892328,0.011419171492843464
2025-02-28,BMY,Healthcare,0.02297898914450225,0.024592321194169594
2025-02-28,BSX,Healthcare,-0.02803741821408956,-0.015944811209171163
2025-02-28,CI,Healthcare,0.07047536867892079,0.0041850039382252905
2025-02-28,CVS,Healthcare,0.03088866880948249,-0.03199992967174002
2025-02-28,DHR,Healthcare,-0.011779532467055431,0.013529288842582275
2025-02-28,EW,Healthcare,0.012007827106549573,0.003657461376450512
2025-02-28,GILD,Healthcare,-0.01289106915124949,0.00704836517018467
2025-02-28,HUM,Healthcare,-0.018308685558725335,-0.015963903173750828
2025-02-28,ISRG,Healthcare,-0.13588071548982006,0.0011132070400017918
2025-02-28,JNJ,Healthcare,0.004969112106354867,0.000327853347195358
2025-02-28,LLY,Healthcare,-0.10288609795052905,-0.028857698632534026
2025-02-28,MDT,Healthcare,-0.015729940837687972,0.014115141055319209
2025-02-28,MRK,Healthcare,-0.018585936930657354,0.009370898182197168
2025-02-28,PFE,Healthcare,-0.04124110730617203,-0.0006174110494947303
2025-02-28,REGN,Healthcare,-0.0923233702036379,0.03636686788149485
2025-02-28,SYK,Healthcare,-0.033869742671619796,-0.010275824335078072
2025-02-28,TMO,Healthcare,-0.05849054832324552,0.0031311896530461605
2025-02-28,UNH,Healthcare,0.10743706628480809,-0.00031159892832625013
2025-02-28,VRTX,Healthcare,0.010483750577781947,-0.012313428315979737
2025-02-28,ZBH,Healthcare,0.08725538892530471,-0.013048065453189026
2025-02-28,A,Healthcare,-0.08552211905173679,-0.004868565990797965
2025-02-28,ACAD,Healthcare,-0.15255100576145786,-0.03709348232889766
2025-02-28,ALGN,Healthcare,-0.15061753917983545,-0.010153248388179546
2025-02-28,ALKS,Healthcare,-0.03815908253479894,-0.012990352916095254
2025-02-28,BDX,Healthcare,0.020274706411173016,0.00838265133114038
2025-02-28,DGX,Healthcare,-0.021399627183314562,0.014452445955976894
2025-02-28,DXCM,Healthcare,-0.22722644796829927,0.06102407636849013
2025-02-28,FOLD,Healthcare,-0.140147519049871,0.004594993061792704
2025-02-28,HOLX,Healthcare,-0.025556064797017664,-0.007277888819986921
2025-02-28,IDXX,Healthcare,-0.039257792591330776,0.005269996686036731
2025-02-28,INSP,Healthcare,-0.1417640933118668,0.022118972799484757
2025-02-28,IQV,Healthcare,-0.06620762604846586,0.01188776655242141
2025-02-28,MASI,Healthcare,-0.11744449683301528,0.039527563899454526
2025-02-28,MTD,Healthcare,-0.07213679256774475,-0.03071958060191707
2025-02-28,NBIX,Healthcare,-0.06839624884678674,-0.009033793646734706
2025-02-28,NTRA,Healthcare,-0.09113691760096798,0.1187712681616878
2025-02-28,NVCR,Healthcare,-0.06554798217114088,0.009613033847331908
2025-02-28,PODD,Healthcare,-0.0354795021555766,0.005858405564164603
2025-02-28,RARE,Healthcare,-0.15633735719326436,-0.001271703382556135
2025-02-28,RMD,Healthcare,-0.04140966014649117,0.007017014646888849
2025-02-28,WAT,Healthcare,-0.023241609950668374,0.025355120378325244
2025-02-28,AAPL,Technology,-0.08150009429390093,-0.003698876863542315
2025-02-28,ADBE,Technology,-0.12547883775456425,0.005658001752426925
2025-02-28,AMAT,Technology,-0.08192580729109855,0.039894898281188626
2025-02-28,AMD,Technology,0.02884034884653741,0.02386214347316353
2025-02-28,AVGO,Technology,-0.15791683890127894,0.03285137324779619
2025-02-28,CDNS,Technology,0.015289428467284205,-0.018815583805131205
2025-02-28,CRM,Technology,-0.0990096102799134,0.01473981844704412
2025-02-28,CRWD,Technology,-0.0951599259389152,0.021154959888588475
2025-02-28,FTNT,Technology,-0.10878622134624161,0.03164079580868038
2025-02-28,GOOGL,Technology,-0.09080280497636184,0.04274833000159671
2025-02-28,INTC,Technology,-0.04298358522713841,-0.029614450298691863
2025-02-28,INTU,Technology,0.0002442112789060591,0.02918312797277209
2025-02-28,KLAC,Technology,-0.04096850630613058,0.018980104752114
2025-02-28,LRCX,Technology,-0.04978615820766852,0.038695515801197476
2025-02-28,META,Technology,-0.13667649788518754,-0.03306137062618499
2025-02-28,MSFT,Technology,-0.05440947402724006,-0.012452746637094182
2025-02-28,MU,Technology,-0.07077719344476174,0.14038184915648236
2025-02-28,NET,Technology,-0.22443220870914538,0.0010808119694949926
2025-02-28,NOW,Technology,-0.1437145049255122,0.026878486562736642
2025-02-28,NVDA,Technology,-0.13232496449965547,0.008487675799269002
2025-02-28,ORCL,Technology,-0.1580755460012071,0.005684216824461623
2025-02-28,PANW,Technology,-0.1039226699957212,-0.0048060692589150505
2025-02-28,QCOM,Technology,-0.017380751948529283,-0.018835348235863397
2025-02-28,SNPS,Technology,-0.06217195755702143,-0.025218764633336933
2025-02-28,TXN,Technology,-0.08311649523440512,0.020231247988553358
2025-02-28,ACN,Technology,-0.10461989035891428,0.052507493998111776
2025-02-28,ADI,Technology,-0.11958851377521484,-0.0029216034823181672
2025-02-28,ANET,Technology,-0.16732938403197706,-0.08354797490595324
2025-02-28,CGNX,Technology,-0.09054880171936952,-0.03580852660395903
2025-02-28,COHU,Technology,-0.25178025674891935,-0.019540756412070124
2025-02-28,CSCO,Technology,-0.037435691414875905,-0.002221591527578494
2025-02-28,DELL,Technology,-0.11298167058051212,0.0341387086026829
2025-02-28,ENTG,Technology,-0.1357437381423866,-0.013979088263278466
2025-02-28,FORM,Technology,-0.15045040349302563,0.006043274963116081
2025-02-28,HPQ,Technology,-0.0938625779808453,-0.015028092178676006
2025-02-28,IBM,Technology,-0.01497389582091535,-0.06952029481689233
2025-02-28,IPGP,Technology,0.08506617768963864,-0.09797115396766816
2025-02-28,KEYS,Technology,-0.061179681448744194,0.04334144095617781
2025-02-28,MCHP,Technology,-0.1775399702438364,-0.014060203423292887
2025-02-28,MKSI,Technology,-0.1270964939590845,0.07371091429591926
2025-02-28,MPWR,Technology,-0.048224440168682325,-0.044835474835974214
2025-02-28,MRVL,Technology,-0.3294488988662153,0.009661296712975734
2025-02-28,NXPI,Technology,-0.11408165353940336,0.03877777690090721
2025-02-28,ONTO,Technology,-0.1669642092048439,0.011721475179570683
2025-02-28,QRVO,Technology,-0.0038519572140965908,0.1424889309421487
2025-02-28,STX,Technology,-0.15959499895263618,0.07128301440662448
2025-02-28,SWKS,Technology,-0.030453074860793072,-0.08823947037275331
2025-02-28,TER,Technology,-0.2481339040225785,0.07417544103677431
2025-02-28,VRSN,Technology,0.06721870547395437,0.018037756687868556
2025-02-28,WDC,Technology,-0.1737176095232711,0.055603889496818916
2025-03-31,AMZN,Consumer,-0.030694820280155133,0.028566716539893476
2025-03-31,AZO,Consumer,-0.013160982604569216,-0.012703132927853434
2025-03-31,BKNG,Consumer,0.10687647988524218,-0.018310443829365475
2025-03-31,CMG,Consumer,0.0061740963741001575,-0.0010737055276540159
2025-03-31,COST,Consumer,0.05151314238882665,-0.023199210769295778
2025-03-31,DG,Consumer,0.07238262779867277,-0.05286941233047137
2025-03-31,DLTR,Consumer,0.08924999301290959,-0.08680503745966398
2025-03-31,DRI,Consumer,-0.027334961166727956,-0.010733780553212781
2025-03-31,EBAY,Consumer,0.006348817965444731,0.00623307140105554
2025-03-31,HD,Consumer,-0.016371453737452746,-0.008854217724441915
2025-03-31,HLT,Consumer,-0.009096860916992466,0.00526069758898002
2025-03-31,KR,Consumer,0.06677499422918798,0.003916158136588356
2025-03-31,LOW,Consumer,-0.036402899736859395,-0.0009045349671779335
2025-03-31,LULU,Consumer,-0.04341838709433965,-0.1020257253834064
2025-03-31,MAR,Consumer,0.0015952691572136413,-0.00028563753280464073
2025-03-31,MCD,Consumer,0.023305676228654093,-0.00631302291919528
2025-03-31,MGM,Consumer,0.061403499740281475,0.04865097862554692
2025-03-31,NKE,Consumer,-0.11153121631194751,-0.05118039627607233
2025-03-31,ORLY,Consumer,-0.01213197716102521,-0.050007051395207065
2025-03-31,ROST,Consumer,0.08772201272280111,-0.07697995445146791
2025-03-31,SBUX,Consumer,-0.18391272759824262,-0.012309776193383528
2025-03-31,TGT,Consumer,-0.07339965233900492,0.043698932293019216
2025-03-31,TJX,Consumer,0.056486022703893024,-0.050282437360486834
2025-03-31,WMT,Consumer,0.1077570194654296,-0.03092107804721992
2025-03-31,YUM,Consumer,-0.04397562378558739,-0.043641198840186905
2025-03-31,BBY,Consumer,-0.09400888791954187,-0.10442930932910123
2025-03-31,CCL,Consumer,-0.06093189999324,-0.04340861234343479
2025-03-31,CHDN,Consumer,-0.18600880038047496,0.04238736903395679
2025-03-31,CMCSA,Consumer,-0.06476596016602809,-0.05445244734839713
2025-03-31,CZR,Consumer,0.08239997863769521,0.014795603250182563
2025-03-31,DIS,Consumer,-0.07852077883904407,-0.0037657903097703025
2025-03-31,DKNG,Consumer,0.0024089681800711915,-0.05625258631962303
2025-03-31,F,Consumer,-0.0019940373813781553,-0.03432960035831761
2025-03-31,FOX,Consumer,-0.12274706628564769,-0.013250587289904461
2025-03-31,GM,Consumer,-0.03806071757461382,-0.015005185101112236
2025-03-31,GRMN,Consumer,-0.13936362606452457,-0.03613254738791996
2025-03-31,H,Consumer,-0.08016326167142851,-0.03382607300040426
2025-03-31,IHG,Consumer,0.006301260006712273,0.0012972774414542975
2025-03-31,LVS,Consumer,-0.05073788531850898,0.0118822259377479
2025-03-31,NCLH,Consumer,-0.15453578793823253,-0.11011462190424598
2025-03-31,NFLX,Consumer,0.21360169721367117,-0.057450468230840226
2025-03-31,PENN,Consumer,-0.06683011861463573,0.010260541407828309
2025-03-31,POOL,Consumer,-0.07918957288340212,-0.030704533392131493
2025-03-31,RCL,Consumer,0.04609622723942586,-0.01367694440012172
2025-03-31,SIRI,Consumer,-0.050110904865207084,0.040043015562102706
2025-03-31,TSLA,Consumer,0.08874826236685496,-0.07429710827913215
2025-03-31,WBD,Consumer,-0.19198504695490803,-0.084977270685099
2025-03-31,WYNN,Consumer,-0.038203647673691,-0.10857847469257638
2025-03-31,APA,Energy,-0.24858462996330588,0.041315508789715315
2025-03-31,BA,Energy,0.07440634543732694,0.016893589146616393
2025-03-31,CAT,Energy,-0.05773476921740883,0.01591875284074902
2025-03-31,COP,Energy,-0.1513996252098061,0.014464792020326122
2025-03-31,CVX,Energy,-0.18668173935090548,0.011670646612642077
2025-03-31,DE,Energy,-0.012336252653368351,0.010240915062734996
2025-03-31,DVN,Energy,-0.18689835302705415,0.013552485331705316
2025-03-31,EOG,Energy,-0.13178399214873238,0.01052960557845634
2025-03-31,FDX,Energy,-0.13721382700680684,0.015595720104852528
2025-03-31,GD,Energy,0.003852196715176781,0.01560583305451186
2025-03-31,GE,Energy,0.006944836693716372,0.011670646612642077
2025-03-31,HAL,Energy,-0.2187623539596859,0.015918139177715288
2025-03-31,HON,Energy,-0.0059032976263653225,0.010240915062734996
2025-03-31,LMT,Energy,0.06948587369272397,0.015284963146548711
2025-03-31,MMM,Energy,-0.054133220774474244,0.009190963812266284
2025-03-31,MPC,Energy,-0.05683306434720248,0.013949314832667072
2025-03-31,NOC,Energy,-0.04982322161795516,0.014045321055905394
2025-03-31,OXY,Energy,-0.20158024434016864,0.011242838415213056
2025-03-31,PSX,Energy,-0.15727242632938399,0.012311209177516543
2025-03-31,RTX,Energy,-0.04778803885441263,0.011273817111680318
2025-03-31,SLB,Energy,-0.20454543317038176,0.01483526960930318
2025-03-31,UNP,Energy,-0.08711479760325125,0.011670646612642077
2025-03-31,UPS,Energy,-0.13355748683668778,0.01560583305451186
2025-03-31,VLO,Energy,-0.12099651577226733,0.01457293100556654
2025-03-31,XOM,Energy,-0.11183041552885364,0.01013277607749458
2025-03-31,AME,Energy,-0.01487161615750665,0.011670646612642077
2025-03-31,BE,Energy,-0.06815870615402253,0.15404605146282238
2025-03-31,BKR,Energy,-0.19453916909021574,0.008522227959449319
2025-03-31,CTRA,Energy,-0.15017306479916315,0.01052960557845634
2025-03-31,EMR,Energy,-0.0413169743572257,0.007949539331362119
2025-03-31,ENPH,Energy,-0.2813859677542806,0.02238747449730735
2025-03-31,ETN,Energy,0.08291936763915508,0.016797455271198122
2025-03-31,FSLR,Energy,-0.004824809055438917,0.06966031621677578
2025-03-31,FTV,Energy,-0.04769070441181855,0.009781683596706626
2025-03-31,GNRC,Energy,-0.09688120114198151,0.027941244127668564
2025-03-31,HUBB,Energy,0.09751897175062951,0.02076712217791718
2025-03-31,MTDR,Energy,-0.22607162055566132,0.027324845512360182
2025-03-31,PH,Energy,-0.004589796385359279,0.011670646612642077
2025-03-31,PLUG,Energy,-0.3555555634047267,0.09146272411928581
2025-03-31,PR,Energy,-0.14801452508942647,0.015350400434650477
2025-03-31,ROK,Energy,-0.041411884881835115,0.008096884201352782
2025-03-31,ROP,Energy,-0.048681737813528914,0.011381956096920734
2025-03-31,SM,Energy,-0.2321850570776628,0.034224161286407255
2025-03-31,VRSK,Energy,-0.0039984181173715605,0.011381956096920734
2025-03-31,WMB,Energy,-0.01991298247242479,0.008810918475170662
2025-03-31,XYL,Energy,0.009291848778653744,0.01052960557845634
2025-03-31,AXP,Financials,-0.006525023033822297,-0.025415385449304915
2025-03-31,BAC,Financials,-0.04433266901176358,-0.03933574774766817
2025-03-31,BK,Financials,-0.03531504742622349,-0.01888369236483321
2025-03-31,BLK,Financials,-0.03404186534984832,-0.04943644352885805
2025-03-31,C,Financials,-0.03676592535164003,-0.027015401195657155
2025-03-31,CFG,Financials,-0.08940010062998727,-0.01863267384054986
2025-03-31,CME,Financials,0.04444185131004508,-0.013698178084537126
2025-03-31,COF,Financials,0.0053540949393715564,0.004237126936905548
2025-03-31,FITB,Financials,-0.08316325862008134,0.00626768699375512
2025-03-31,GS,Financials,0.0023065993534086005,-0.03207318068753629
2025-03-31,HBAN,Financials,-0.03197870057233765,-0.012005443861420878
2025-03-31,ICE,Financials,-0.026260942656078923,-0.028948365322384186
2025-03-31,JPM,Financials,0.0033703055421689943,-0.018259297549569446
2025-03-31,KEY,Financials,-0.07191994060711548,-0.034944932608226516
2025-03-31,MCO,Financials,-0.026992279258197915,-0.042584973704392085
2025-03-31,MS,Financials,-0.00277642835482228,-0.02727252616426646
2025-03-31,MTB,Financials,-0.05029377004881319,0.010627674899951001
2025-03-31,PNC,Financials,-0.07628267628826124,-0.0003704082125593213
2025-03-31,RF,Financials,-0.06074553740976396,-0.006483684039345763
2025-03-31,SCHW,Financials,0.03985690057135183,-0.015526637984830024
2025-03-31,SPGI,Financials,-0.015843393697536512,-0.03064203927566758
2025-03-31,STT,Financials,-0.00754751389006203,-0.028599777537625482
2025-03-31,TFC,Financials,-0.06828674070689145,-0.010205258085553412
2025-03-31,USB,Financials,-0.0445287892382088,0.015003354389201898
2025-03-31,WFC,Financials,-0.010865021350227377,-0.015799400240630996
2025-03-31,AFL,Financials,-0.022573965878371238,-0.021601124612982116
2025-03-31,AJG,Financials,-0.0711099450368996,-0.01365618876103211
2025-03-31,ALL,Financials,-0.04191817708166623,-0.018660897902635042
2025-03-31,AMTD,Financials,-0.07222228293065436,-0.008919588508819938
2025-03-31,AON,Financials,-0.11100260341478951,-2.0383497845960323e-05
2025-03-31,CB,Financials,-0.05268391936501304,-0.009575811198163918
2025-03-31,FDS,Financials,-0.049313748109899413,-0.02206897735151456
2025-03-31,FNF,Financials,-0.01582669542518389,-0.024931632213817237
2025-03-31,GL,Financials,-0.06171624529650599,0.017927100046235624
2025-03-31,HIG,Financials,-0.00856705250836809,-0.010098074478568381
2025-03-31,IBKR,Financials,0.03780437394696734,-0.006059814522146478
2025-03-31,LPLA,Financials,-0.022467484560706352,-0.023210728192119723
2025-03-31,MET,Financials,-0.06127784823008153,-0.000462497501737171
2025-03-31,MSCI,Financials,-0.03605649930479038,-0.01884020780212149
2025-03-31,NDAQ,Financials,0.004613662397750629,-0.015023020688886064
2025-03-31,PGR,Financials,-0.004133457028037135,-0.043849944501241314
2025-03-31,PRU,Financials,-0.08031873519060717,0.012260577395271977
2025-03-31,RJF,Financials,-0.009898168434985366,-0.006902660602203851
2025-03-31,SEIC,Financials,0.008501924434852759,-0.01856467445097296
2025-03-31,SF,Financials,-0.09091873147472251,0.004161303645938429
2025-03-31,SYF,Financials,-0.018700545951333636,-0.005020527309809418
2025-03-31,TRV,Financials,-0.0012478618131074315,-0.033777108932424534
2025-03-31,UNM,Financials,-0.041575084917313876,-0.03417342968844805
2025-03-31,WTW,Financials,-0.08921438070389642,-0.0168932534898188
2025-03-31,ABBV,Healthcare,-0.06021849988126249,0.03155456545195061
2025-03-31,ABT,Healthcare,-0.009757508047727126,-0.022193072905039534
2025-03-31,AMGN,Healthcare,-0.06621710279729898,0.023092509831777693
2025-03-31,BAX,Healthcare,-0.08939525612177546,0.03793613563626943
2025-03-31,BIIB,Healthcare,-0.11517096557004247,-0.011032121659913734
2025-03-31,BMY,Healthcare,-0.16799269729446475,-0.05946429156082657
2025-03-31,BSX,Healthcare,0.01972646260254174,-0.011156685139379122
2025-03-31,CI,Healthcare,0.03355635468778195,0.014591792131016875
2025-03-31,CVS,Healthcare,-0.005199552844823763,0.048994195131334836
2025-03-31,DHR,Healthcare,-0.0276585386180489,0.020194534399974068
2025-03-31,EW,Healthcare,0.04152861985964562,0.057181504588863896
2025-03-31,GILD,Healthcare,-0.0491744643206391,-0.002708738564123907
2025-03-31,HUM,Healthcare,-0.008919303569830284,0.04182630562916179
2025-03-31,ISRG,Healthcare,0.04145213567287276,-0.03068866324799432
2025-03-31,JNJ,Healthcare,-0.05746499322245069,0.002393254725417652
2025-03-31,LLY,Healthcare,0.08843585831269585,0.03856578885197679
2025-03-31,MDT,Healthcare,-0.05675503005915816,-0.003836433246115231
2025-03-31,MRK,Healthcare,-0.050802272814156946,0.006282331087598866
2025-03-31,PFE,Healthcare,-0.03670081925522661,-0.0023661960551813396
2025-03-31,REGN,Healthcare,-0.05592593459856532,-0.017434804577654454
2025-03-31,SYK,Healthcare,0.004486256947800804,-0.01420396458746575
2025-03-31,TMO,Healthcare,-0.13786176152058116,0.027938753433647257
2025-03-31,UNH,Healthcare,-0.21443423669380313,0.014622823381377497
2025-03-31,VRTX,Healthcare,0.050905474821456353,0.018160865451313207
2025-03-31,ZBH,Healthcare,-0.08950341211239277,0.01816670852304137
2025-03-31,A,Healthcare,-0.07823048810887756,-0.013144610094439697
2025-03-31,ACAD,Healthcare,-0.12101144822530463,-0.03544188343311569
2025-03-31,ALGN,Healthcare,0.09089766074484906,-0.0073977470018443195
2025-03-31,ALKS,Healthcare,-0.12870987102002718,-0.06124424209973403
2025-03-31,BDX,Healthcare,-0.09591363196626734,-0.006697765224282492
2025-03-31,DGX,Healthcare,0.05846726241822031,0.026211363883620768
2025-03-31,DXCM,Healthcare,0.045248151947059556,0.057519281461737556
2025-03-31,FOLD,Healthcare,-0.05882353284917219,0.00800870839798769
2025-03-31,HOLX,Healthcare,-0.057795040770078465,0.026172109152999848
2025-03-31,IDXX,Healthcare,0.030241650959143662,0.08346276512156961
2025-03-31,INSP,Healthcare,-0.005650388645039084,0.09708111729921658
2025-03-31,IQV,Healthcare,-0.12041971276260499,0.056928075507240404
2025-03-31,MASI,Healthcare,-0.033853536512742144,0.012821294438135724
2025-03-31,MTD,Healthcare,-0.09343648939969595,-0.025797570986511607
2025-03-31,NBIX,Healthcare,-0.026310995233835732,-0.03214463546801966
2025-03-31,NTRA,Healthcare,0.06732189213727269,-0.050959509363967155
2025-03-31,NVCR,Healthcare,0.0179573344727475,-0.016826382174392994
2025-03-31,PODD,Healthcare,-0.039297790034960256,-0.006582885121700463
2025-03-31,RARE,Healthcare,0.07649821949184976,-0.010036266391130212
2025-03-31,RMD,Healthcare,0.056912993091305486,-0.010246730882782974
2025-03-31,WAT,Healthcare,-0.05654284375765384,-0.06212733384089338
2025-03-31,AAPL,Technology,-0.04335306057398958,-0.06903962074033258
2025-03-31,ADBE,Technology,-0.02229287883654929,-0.1209093426709175
2025-03-31,AMAT,Technology,0.03851995548179943,-0.09946365704121932
2025-03-31,AMD,Technology,-0.05246252191668754,-0.023140926086650877
2025-03-31,AVGO,Technology,0.14955505535394376,-0.08818974455555854
2025-03-31,CDNS,Technology,0.17068371049734243,-0.032421741144190906
2025-03-31,CRM,Technology,0.002877522335882121,-0.09979807914699039
2025-03-31,CRWD,Technology,0.21637645768440494,-0.07937887592560045
2025-03-31,FTNT,Technology,0.07791398123371884,-0.06775599110386377
2025-03-31,GOOGL,Technology,0.026901221618923055,-0.040213886781357296
2025-03-31,INTC,Technology,-0.11492729230391929,-0.029680312744097232
2025-03-31,INTU,Technology,0.023739732730235996,-0.09417056075054742
2025-03-31,KLAC,Technology,0.033671879516169234,-0.12395389769842512
2025-03-31,LRCX,Technology,-0.014167795059063182,-0.06377555531307491
2025-03-31,META,Technology,-0.0474703183037003,-0.06510090206028939
2025-03-31,MSFT,Technology,0.052931580014458524,-0.07003096123152404
2025-03-31,MU,Technology,-0.11439755669290996,-0.049904151503402765
2025-03-31,NET,Technology,0.0717898319515704,-0.167713295333988
2025-03-31,NOW,Technology,0.19955034735432098,-0.07503106045116917
2025-03-31,NVDA,Technology,0.004982454875415376,-0.15008787688916936
2025-03-31,ORCL,Technology,0.010124455933293364,-0.13969749682963645
2025-03-31,PANW,Technology,0.0954640960173434,-0.06702428935629268
2025-03-31,QCOM,Technology,-0.03352632524404742,-0.06336350136453535
2025-03-31,SNPS,Technology,0.07032762791853475,-0.043405141440365134
2025-03-31,TXN,Technology,-0.10175043502261061,-0.06696046317247867
2025-03-31,ACN,Technology,-0.03655489963898739,-0.07830268012066802
2025-03-31,ADI,Technology,-0.033470653127189554,-0.03826297702553562
2025-03-31,ANET,Technology,0.06182231645068925,-0.039016101633800024
2025-03-31,CGNX,Technology,-0.084813903103655,-0.10604589903399514
2025-03-31,COHU,Technology,0.08769544245463701,-0.11986112611612157
2025-03-31,CSCO,Technology,-0.05824939553324848,-0.05021609939465599
2025-03-31,DELL,Technology,0.013148229945648238,-0.14089243144222197
2025-03-31,ENTG,Technology,-0.09441389756641483,-0.04418010317633624
2025-03-31,FORM,Technology,-0.005302280700760775,-0.019990126425561968
2025-03-31,HPQ,Technology,-0.0765619431387824,-0.032040116887232094
2025-03-31,IBM,Technology,-0.027507422846544394,-0.06449625544184778
2025-03-31,IPGP,Technology,-0.05147291782414598,0.08403409857192297
2025-03-31,KEYS,Technology,-0.029178141492382292,-0.1088410723075711
2025-03-31,MCHP,Technology,-0.04813061809344932,-0.12919164561481253
2025-03-31,MKSI,Technology,-0.12489097455825338,-0.010151693982068808
2025-03-31,MPWR,Technology,0.022621366532601384,-0.12566108661695322
2025-03-31,MRVL,Technology,-0.050896288205397267,-0.09748220962481054
2025-03-31,NXPI,Technology,-0.030253597013706668,-0.05438333745658663
2025-03-31,ONTO,Technology,0.0051920628137993585,-0.1868660024957516
2025-03-31,QRVO,Technology,-0.010219658275632648,-0.031286667538434246
2025-03-31,STX,Technology,0.07157157302851558,-0.06228588685577808
2025-03-31,SWKS,Technology,-0.005415474779084883,-0.1281553112121201
2025-03-31,TER,Technology,-0.10157392045366054,-0.13049195568632538
2025-03-31,VRSN,Technology,0.11127731195225099,-0.052089225240911745
2025-03-31,WDC,Technology,0.08483814447741045,-0.12290996951333748
2025-04-30,AMZN,Consumer,0.1116473080052216,0.02404790467603694
2025-04-30,AZO,Consumer,-0.007856284969578131,-0.024003982505952162
2025-04-30,BKNG,Consumer,0.08229600301045159,0.015765471233512768
2025-04-30,CMG,Consumer,-0.008709394749052635,-0.01319556400103357
2025-04-30,COST,Consumer,0.04729545252576406,-0.046432443509071906
2025-04-30,DG,Consumer,0.03799752270987766,-0.16321395186051527
2025-04-30,DLTR,Consumer,0.10382788115087882,0.00922311217303062
2025-04-30,DRI,Consumer,0.06763352800354139,0.014654991172542755
2025-04-30,EBAY,Consumer,0.07780034227764587,-0.046259638205871687
2025-04-30,HD,Consumer,0.021637207779566126,0.01222096526725563
2025-04-30,HLT,Consumer,0.10249766763903767,-0.015880114150499603
2025-04-30,KR,Consumer,-0.05053713127479731,-0.015994798170207852
2025-04-30,LOW,Consumer,0.00970658038224026,-0.009612384109291598
2025-04-30,LULU,Consumer,0.1695166609167491,0.041831050735715296
2025-04-30,MAR,Consumer,0.10868392025512064,-0.013508245518240806
2025-04-30,MCD,Consumer,-0.018144738664617743,0.006184690687947455
2025-04-30,MGM,Consumer,0.006039432281846224,-0.06899708809126612
2025-04-30,NKE,Consumer,0.07429086321959755,0.010749057552497119
2025-04-30,ORLY,Consumer,-0.03370548735804657,-0.015037216680099426
2025-04-30,ROST,Consumer,0.00784165724081598,-0.004583762178978479
2025-04-30,SBUX,Consumer,0.05610228682361096,-0.02788601886673258
2025-04-30,TGT,Consumer,-0.016704066807355922,-0.06989299016246119
2025-04-30,TJX,Consumer,-0.010629059082848502,0.01247418433872874
2025-04-30,WMT,Consumer,0.017570031086760807,0.020115539574897746
2025-04-30,YUM,Consumer,-0.03851314861235966,-0.006263308831176601
2025-04-30,BBY,Consumer,-0.0061479077451286335,-0.0586128630385894
2025-04-30,CCL,Consumer,0.26608505371166147,-0.12204245665035726
2025-04-30,CHDN,Consumer,0.05596719595249122,-0.04287051007228809
2025-04-30,CMCSA,Consumer,0.010818698121233261,0.0043973652081713095
2025-04-30,CZR,Consumer,-0.006651896109692412,-0.016205929680382702
2025-04-30,DIS,Consumer,0.2428806870284168,-0.04808813385323305
2025-04-30,DKNG,Consumer,0.07780114392787074,-0.05515934699063734
2025-04-30,F,Consumer,0.05209370056782392,0.06264885002005259
2025-04-30,FOX,Consumer,0.08737019786601374,-0.03728732985871652
2025-04-30,GM,Consumer,0.09659588335975866,0.029559779552870348
2025-04-30,GRMN,Consumer,0.08615637773190188,-0.0078012268550370694
2025-04-30,H,Consumer,0.17306795428470112,0.004402129734503018
2025-04-30,IHG,Consumer,0.07368614017568431,-0.02897057303557802
2025-04-30,LVS,Consumer,0.1298163392889471,-0.0038988531971090867
2025-04-30,NCLH,Consumer,0.10106044057966734,-0.054463482429472035
2025-04-30,NFLX,Consumer,0.06672147437453146,0.008435447657844054
2025-04-30,PENN,Consumer,-0.025624200819996945,-0.07187834651952335
2025-04-30,POOL,Consumer,0.029579196604670344,-0.004520635533279575
2025-04-30,RCL,Consumer,0.19570978785246318,0.01644900318531874
2025-04-30,SIRI,Consumer,0.024878390906193593,0.012887094263020206
2025-04-30,TSLA,Consumer,0.2278848417863253,0.024077921794254716
2025-04-30,WBD,Consumer,0.14994235055307614,-0.09503858144141074
2025-04-30,WYNN,Consumer,0.13027208683310243,-0.13866668718280042
2025-04-30,APA,Energy,0.0945946291484896,-0.005519515410786263
2025-04-30,BA,Energy,0.13141236143410295,-0.009444910709220412
2025-04-30,CAT,Energy,0.12532758461443017,-0.013386947157701537
2025-04-30,COP,Energy,-0.03415195362469947,-0.01667959595817715
2025-04-30,CVX,Energy,0.016941379975119686,-0.020272442614643223
2025-04-30,DE,Energy,0.09211320611006246,-0.012374865250529927
2025-04-30,DVN,Energy,-0.004932658932813694,-0.018013639428668096
2025-04-30,EOG,Energy,-0.015952275661052617,-0.016929083211439735
2025-04-30,FDX,Energy,0.03694199232718587,-0.015190212204640424
2025-04-30,GD,Energy,0.023408683702958566,-0.01901954080463237
2025-04-30,GE,Energy,0.22015479142613792,-0.0161173465731948
2025-04-30,HAL,Energy,-0.011604491590503252,0.007847735604718738
2025-04-30,HON,Energy,0.08231907115607262,-0.0161173465731948
2025-04-30,LMT,Energy,0.009691183431436157,-0.012407942220433557
2025-04-30,MMM,Energy,0.07318825995966605,-0.0161173465731948
2025-04-30,MPC,Energy,0.17641145245991408,-0.01351017554553154
2025-04-30,NOC,Energy,-0.003556070492709451,-0.017504451453300787
2025-04-30,OXY,Energy,0.03476274439804228,-0.01442079277220203
2025-04-30,PSX,Energy,0.10103331077118827,-0.015867859319932214
2025-04-30,RTX,Energy,0.08757436259773765,-0.016929083211439735
2025-04-30,SLB,Energy,-0.006015071375323644,-0.016177795815243593
2025-04-30,UNP,Energy,0.034048854577936716,-0.0161173465731948
2025-04-30,UPS,Energy,0.040344059248433206,-0.014448738223904837
2025-04-30,VLO,Energy,0.12037310900447262,-0.015867859319932214
2025-04-30,XOM,Energy,-0.022605291250527015,-0.016929083211439735
2025-04-30,AME,Energy,0.0540158250916829,-0.015867859319932214
2025-04-30,BE,Energy,0.00818775223957302,0.17947196292060172
2025-04-30,BKR,Energy,0.053201447800721446,-0.0161173465731948
2025-04-30,CTRA,Energy,-0.0013841802645596646,-0.020272442614643223
2025-04-30,EMR,Energy,0.14077128816509776,-0.017342837334144746
2025-04-30,ENPH,Energy,-0.07176498658867425,0.008795932940071928
2025-04-30,ETN,Energy,0.09153437748565318,-0.013735882174085449
2025-04-30,FSLR,Energy,0.2563980465305751,-0.012678242347876768
2025-04-30,FTV,Energy,0.008309676063537275,-0.017156100343809915
2025-04-30,GNRC,Energy,0.06775660243136095,-0.007295611325042925
2025-04-30,HUBB,Energy,0.0762702081223392,-0.010484745335304151
2025-04-30,MTDR,Energy,0.09579712386390393,-0.004578566281919368
2025-04-30,PH,Energy,0.10165989867922187,-0.017156100343809915
2025-04-30,PLUG,Energy,0.011494241848790887,-0.051616607202033725
2025-04-30,PR,Energy,0.06864404489944631,-0.023263636541111934
2025-04-30,ROK,Energy,0.27944612012615355,-0.015867859319932214
2025-04-30,ROP,Energy,0.018193868350854903,-0.0161173465731948
2025-04-30,SM,Energy,0.02764364708031719,-0.01224880391497302
2025-04-30,VRSK,Energy,0.05974435133524447,-0.0161173465731948
2025-04-30,WMB,Energy,0.0331227079863643,-0.0161173465731948
2025-04-30,XYL,Energy,0.048706287088299716,-0.015867859319932214
2025-04-30,AXP,Financials,0.10374981754606671,-0.029051116757880125
2025-04-30,BAC,Financials,0.10656976712910904,0.002682632090975001
2025-04-30,BK,Financials,0.10197734154771987,-0.019318532491091413
2025-04-30,BLK,Financials,0.07178482451684687,-0.0322801859644086
2025-04-30,C,Financials,0.11029992000676292,-0.017824859309640544
2025-04-30,CFG,Financials,0.09379242053069348,-0.01230603133475211
2025-04-30,CME,Financials,0.04302001674857037,-0.005254591750159377
2025-04-30,COF,Financials,0.05266730376757267,-0.002829680117971196
2025-04-30,FITB,Financials,0.06260430000226491,0.0040747118495550365
2025-04-30,GS,Financials,0.10207829601140239,-0.007033403940913681
2025-04-30,HBAN,Financials,0.07570537158785484,-0.014787517376155858
2025-04-30,ICE,Financials,0.0704292135343676,0.010469968697802576
2025-04-30,JPM,Financials,0.07922497000906481,-0.017180464585762074
2025-04-30,KEY,Financials,0.0829182519241507,3.320151302087259e-05
2025-04-30,MCO,Financials,0.05986572973403015,-0.018411573307458656
2025-04-30,MS,Financials,0.10925318524384564,-0.022601007505411008
2025-04-30,MTB,Financials,0.07587197181177507,0.004745995533913736
2025-04-30,PNC,Financials,0.0816478646411205,0.0007562767030040105
2025-04-30,RF,Financials,0.05046547443129512,-0.014781999425278839
2025-04-30,SCHW,Financials,0.08874202245553531,0.010042901931271189
2025-04-30,SPGI,Financials,0.02752651195870004,-0.021327084064195218
2025-04-30,STT,Financials,0.09284893979563313,0.0024847092553454526
2025-04-30,TFC,Financials,0.04397820419230358,-0.025830706018865605
2025-04-30,USB,Financials,0.08056519735044398,0.005498411696432605
2025-04-30,WFC,Financials,0.05886862691244499,-0.007869673149275813
2025-04-30,AFL,Financials,-0.042034170218787636,0.004072302963734705
2025-04-30,AJG,Financials,0.08341391715809832,-0.0017346514428657628
2025-04-30,ALL,Financials,0.057865742818328236,0.01631032232561472
2025-04-30,AMTD,Financials,0.007984048321403536,-0.034747946373205614
2025-04-30,AON,Financials,0.050939810098013405,0.019828278492291195
2025-04-30,CB,Financials,0.038870413383863545,0.012234989239339219
2025-04-30,FDS,Financials,0.06275806734558897,0.004753865851342081
2025-04-30,FNF,Financials,-0.14488679731787446,-0.035601243059268595
2025-04-30,GL,Financials,-0.011918283645381389,-0.003423589936394194
2025-04-30,HIG,Financials,0.05844953275507758,0.005353595940115175
2025-04-30,IBKR,Financials,0.2220021510118868,-0.018789816095105067
2025-04-30,LPLA,Financials,0.21160745311259554,0.002302440218529429
2025-04-30,MET,Financials,0.050296556813822724,-0.03650455591097594
2025-04-30,MSCI,Financials,0.03793718816044622,0.023284392061766697
2025-04-30,NDAQ,Financials,0.09618164890932923,0.011522748450797428
2025-04-30,PGR,Financials,0.011322340007942966,0.0032346631352358456
2025-04-30,PRU,Financials,0.024294734002409557,0.02014951130623297
2025-04-30,RJF,Financials,0.07253348913321767,-0.02548665949011799
2025-04-30,SEIC,Financials,0.08902797191349521,-0.0030881566998475956
2025-04-30,SF,Financials,0.09954478512543963,-0.030411929654343504
2025-04-30,SYF,Financials,0.11589986051700296,0.003682314888270859
2025-04-30,TRV,Financials,0.043804145730014454,0.011181339382137442
2025-04-30,UNM,Financials,0.052150360817228014,-0.010538164193113007
2025-04-30,WTW,Financials,0.028427457643884768,-0.0031008603768834316
2025-04-30,ABBV,Healthcare,-0.046079072923765785,-0.00644630907780738
2025-04-30,ABT,Healthcare,0.021644363836428093,-0.06674372960368648
2025-04-30,AMGN,Healthcare,-0.0006644022246277137,-0.014011707149164498
2025-04-30,BAX,Healthcare,-0.016046453639401825,-0.01924117406229388
2025-04-30,BIIB,Healthcare,0.0719358384816624,-0.003554862050865879
2025-04-30,BMY,Healthcare,-0.0382470371280238,-0.05940852882593668
2025-04-30,BSX,Healthcare,0.0232332004066933,-0.024199452935638285
2025-04-30,CI,Healthcare,-0.06881543582858862,-0.014805282738974274
2025-04-30,CVS,Healthcare,-0.040023975453611915,-0.05031779576029997
2025-04-30,DHR,Healthcare,-0.04730849338432597,-0.032738360980024694
2025-04-30,EW,Healthcare,0.03616377578735941,-0.06977487749291598
2025-04-30,GILD,Healthcare,0.033226945336320535,-0.01534699340949283
2025-04-30,HUM,Healthcare,-0.11100510289482424,-0.04058985190842511
2025-04-30,ISRG,Healthcare,0.07084148880818963,-0.027267824336389978
2025-04-30,JNJ,Healthcare,0.0014753789613810575,-0.01661428430328582
2025-04-30,LLY,Healthcare,-0.17772740741064996,-0.0362025769681803
2025-04-30,MDT,Healthcare,-0.021000244626255826,0.018144502196016904
2025-04-30,MRK,Healthcare,-0.09812198220786172,-0.036705172070061756
2025-04-30,PFE,Healthcare,-0.019331228143457557,-0.01285057396301059
2025-04-30,REGN,Healthcare,-0.17996480805085535,-0.03113106043031946
2025-04-30,SYK,Healthcare,0.023320509567723358,-0.03086324975416715
2025-04-30,TMO,Healthcare,-0.06102563384919568,-0.002148562432919195
2025-04-30,UNH,Healthcare,-0.266211430744303,-0.07104757589961935
2025-04-30,VRTX,Healthcare,-0.13238471483224978,-0.025742714164788464
2025-04-30,ZBH,Healthcare,-0.10557978898809683,-0.01017255490057564
2025-04-30,A,Healthcare,0.04014868469362898,-0.009627951757072314
2025-04-30,ACAD,Healthcare,0.47739720076999403,-0.013547273713634091
2025-04-30,ALGN,Healthcare,0.04408539674039513,0.04660462598644249
2025-04-30,ALKS,Healthcare,0.0639555134970935,-0.10815915883919291
2025-04-30,BDX,Healthcare,-0.1665943065263794,-0.007602091385001171
2025-04-30,DGX,Healthcare,-0.027382015338363375,-0.029993982781551447
2025-04-30,DXCM,Healthcare,0.20201746081811955,0.0035145863568321715
2025-04-30,FOLD,Healthcare,-0.20963537664889886,-0.024181292324048347
2025-04-30,HOLX,Healthcare,0.06821301295469873,-0.033750706152302676
2025-04-30,IDXX,Healthcare,0.18654800090991963,0.0020071438369434133
2025-04-30,INSP,Healthcare,-0.12741512383145692,-0.02035671347866032
2025-04-30,IQV,Healthcare,-0.09505387758411477,-0.007925965265412213
2025-04-30,MASI,Healthcare,0.009567552322922168,-0.03810724984720871
2025-04-30,MTD,Healthcare,0.079350325064375,-0.056398059916555186
2025-04-30,NBIX,Healthcare,0.14235299335238794,-0.021158407971513835
2025-04-30,NTRA,Healthcare,0.04505402094840871,-0.06042571273096938
2025-04-30,NVCR,Healthcare,0.05347305696474591,0.05516566380490849
2025-04-30,PODD,Healthcare,0.2883190274243914,-0.056898176977610536
2025-04-30,RARE,Healthcare,-0.12698822014032962,-0.04861366192893614
2025-04-30,RMD,Healthcare,0.03690496835944468,-0.01240557723879742
2025-04-30,WAT,Healthcare,0.004342389786155865,-0.018396378647014072
2025-04-30,AAPL,Technology,-0.053584005614899066,-0.0016730081484140332
2025-04-30,ADBE,Technology,0.10696566263908114,-0.004135675069603869
2025-04-30,AMAT,Technology,0.043034495834046727,0.003671963261364586
2025-04-30,AMD,Technology,0.13744227110973561,-0.12372550384071186
2025-04-30,AVGO,Technology,0.2577024810403048,0.011587551417602295
2025-04-30,CDNS,Technology,-0.035836579767995036,-0.0012586969727855833
2025-04-30,CRM,Technology,-0.012429824438955905,0.034935348439414635
2025-04-30,CRWD,Technology,0.09909762978029502,0.09647848233933914
2025-04-30,FTNT,Technology,-0.019082530032468292,0.05005717954930359
2025-04-30,GOOGL,Technology,0.08148619898169485,0.020090580236514655
2025-04-30,INTC,Technology,-0.02736324049606631,0.12039525972676816
2025-04-30,INTU,Technology,0.20080639419841773,0.002583856791142544
2025-04-30,KLAC,Technology,0.07971081653187606,-0.012133486992058318
2025-04-30,LRCX,Technology,0.12724981478405528,0.019233023343782796
2025-04-30,META,Technology,0.17939883405997348,0.0065896540833719945
2025-04-30,MSFT,Technology,0.1668399790313564,0.011285179280070246
2025-04-30,MU,Technology,0.22755044894580112,-0.06105198749129949
2025-04-30,NET,Technology,0.3734889970712929,-0.1214109695444951
2025-04-30,NOW,Technology,0.058721916432721066,-0.0005148560071394234
2025-04-30,NVDA,Technology,0.24063549928333217,-0.020765110595060428
2025-04-30,ORCL,Technology,0.17630765230703416,0.013185965590509888
2025-04-30,PANW,Technology,0.029369313156108356,-0.0009605979349518744
2025-04-30,QCOM,Technology,-0.021958871859894535,0.031369568354607746
2025-04-30,SNPS,Technology,0.010827653242770907,0.0005264564757805463
2025-04-30,TXN,Technology,0.14245551885343555,-0.06648224916422553
2025-04-30,ACN,Technology,0.05906752090755085,0.027557487545201084
2025-04-30,ADI,Technology,0.09778380104955309,-0.07277070520102334
2025-04-30,ANET,Technology,0.05311781846231933,-0.00834183431173361
2025-04-30,CGNX,Technology,0.10054746457199992,-0.08625058996767938
2025-04-30,COHU,Technology,0.06687498092651367,0.014165846872592617
2025-04-30,CSCO,Technology,0.09197992979823333,-0.04187154318249885
2025-04-30,DELL,Technology,0.21261976945953798,-0.01311576951610785
2025-04-30,ENTG,Technology,-0.13119317892563975,-0.052941814946773975
2025-04-30,FORM,Technology,0.06076762718233497,0.019336163845085737
2025-04-30,HPQ,Technology,-0.026202585379014875,-0.04177149012938175
2025-04-30,IBM,Technology,0.0784216266482749,-0.015004039376348107
2025-04-30,IPGP,Technology,0.10636170999332228,-0.07561977452802118
2025-04-30,KEYS,Technology,0.08005501979549856,-0.049349337751872745
2025-04-30,MCHP,Technology,0.2692960586233293,-0.07192279496421683
2025-04-30,MKSI,Technology,0.17488307609782683,-0.098430871051103
2025-04-30,MPWR,Technology,0.11600086519524022,-0.038214889143303815
2025-04-30,MRVL,Technology,0.031180353457941568,-0.002559527243336721
2025-04-30,NXPI,Technology,0.03700288408119645,-0.08345503804596834
2025-04-30,ONTO,Technology,-0.24620807148274093,-0.008758087009759214
2025-04-30,QRVO,Technology,0.0606948316625735,-0.0166195230957589
2025-04-30,STX,Technology,0.29561671633702225,0.019264082860676303
2025-04-30,SWKS,Technology,0.08483926471679348,0.01246054194163276
2025-04-30,TER,Technology,0.060768136487153956,0.079515704009641
2025-04-30,VRSN,Technology,-0.03157147105032154,-0.005603104896787783
2025-04-30,WDC,Technology,0.1753304727433196,-0.011565422288468151
2025-05-31,AMZN,Consumer,0.07014294555445688,0.04069332031836411
2025-05-31,AZO,Consumer,-0.005574560780488236,0.03196458618635491
2025-05-31,BKNG,Consumer,0.05078939551126749,0.011173673544457764
2025-05-31,CMG,Consumer,0.12120605976216647,0.020161617709009105
2025-05-31,COST,Consumer,-0.048299413096685284,0.003381520235630384
2025-05-31,DG,Consumer,0.1761439551238848,-0.10714827162254771
2025-05-31,DLTR,Consumer,0.09727452439060569,0.012557009979230035
2025-05-31,DRI,Consumer,0.01755280185435093,0.057851111604317065
2025-05-31,EBAY,Consumer,0.017630252212351705,0.007072066915425624
2025-05-31,HD,Consumer,0.0017065400234481665,-0.010466336515320751
2025-05-31,HLT,Consumer,0.07204945369452487,-0.010455818484698749
2025-05-31,KR,Consumer,0.05129712763065464,0.035546548042726646
2025-05-31,LOW,Consumer,-0.017100065597960512,-0.02054597225090777
2025-05-31,LULU,Consumer,-0.24975529176439815,0.06715525062650148
2025-05-31,MAR,Consumer,0.03555321901223141,-0.020066010253303762
2025-05-31,MCD,Consumer,-0.06379775285817268,0.031846547169628106
2025-05-31,MGM,Consumer,0.086571873748585,0.11765449825445254
2025-05-31,NKE,Consumer,0.18026232873547254,-0.01684042261067049
2025-05-31,ORLY,Consumer,-0.011371117722509316,0.03363051469225455
2025-05-31,ROST,Consumer,-0.08669778058909272,0.0034141053026161554
2025-05-31,SBUX,Consumer,0.09148304447782274,0.023461105504085637
2025-05-31,TGT,Consumer,0.04935645817160639,0.07257606722040362
2025-05-31,TJX,Consumer,-0.026871559955792712,0.024833926968349344
2025-05-31,WMT,Consumer,-0.009521857594097405,0.003863130843036144
2025-05-31,YUM,Consumer,0.029456581693380057,0.012938092200031372
2025-05-31,BBY,Consumer,0.026883028590265923,0.004762259922510253
2025-05-31,CCL,Consumer,0.2110250147879773,0.0934175942920663
2025-05-31,CHDN,Consumer,0.057924007722067294,0.08106555344176104
2025-05-31,CMCSA,Consumer,0.032398029083692714,0.017800477318258328
2025-05-31,CZR,Consumer,0.056175605506930015,0.10398294495792966
2025-05-31,DIS,Consumer,0.10172362896004539,0.0755206470661928
2025-05-31,DKNG,Consumer,0.19537341451649626,-0.049757712888958916
2025-05-31,F,Consumer,0.04527942112717853,0.10508506409319032
2025-05-31,FOX,Consumer,0.026849672926027246,0.04132009062441962
2025-05-31,GM,Consumer,-0.004903761800727935,0.08560224255177964
2025-05-31,GRMN,Consumer,0.03294698543030439,0.03448804919477725
2025-05-31,H,Consumer,0.05771413662121416,-0.049542767478848955
2025-05-31,IHG,Consumer,-0.004316337896148714,-0.00220597422200274
2025-05-31,LVS,Consumer,0.057094262212555424,0.06582850987008287
2025-05-31,NCLH,Consumer,0.14900856232053772,0.0052560011951219504
2025-05-31,NFLX,Consumer,0.10925834231001486,-0.0086899388084386
2025-05-31,PENN,Consumer,0.20498994815690064,0.010930723826885513
2025-05-31,POOL,Consumer,-0.030307023296079927,0.04847469312511417
2025-05-31,RCL,Consumer,0.22202159387147336,0.05211676250860487
2025-05-31,SIRI,Consumer,0.05950184716803353,0.07103724604790268
2025-05-31,TSLA,Consumer,-0.08312644606383923,0.11092835653807327
2025-05-31,WBD,Consumer,0.14944831807534187,0.07301451048308497
2025-05-31,WYNN,Consumer,0.034570381696430674,0.00033388734052413943
2025-05-31,APA,Energy,0.07524989800379434,0.04447615678295212
2025-05-31,BA,Energy,0.010659807915316177,0.020140738204613266
2025-05-31,CAT,Energy,0.11544967734415756,0.009742113524834815
2025-05-31,COP,Energy,0.051435266560242665,-0.0050066061681390455
2025-05-31,CVX,Energy,0.04747624084791369,-0.0009757014844428467
2025-05-31,DE,Energy,0.007584525815834464,0.006606414723690061
2025-05-31,DVN,Energy,0.058623609811715216,-0.01000553939899949
2025-05-31,EOG,Energy,0.10168560361406098,0.001306762104625428
2025-05-31,FDX,Energy,0.048957006389925395,0.007537506059237992
2025-05-31,GD,Energy,0.047290773430228805,-0.004994487369817317
2025-05-31,GE,Energy,0.04668380626288715,0.005248235099134027
2025-05-31,HAL,Energy,0.04905603151109772,0.026624161894256402
2025-05-31,HON,Energy,0.02739666965930332,0.006606414723690061
2025-05-31,LMT,Energy,-0.033272060101884326,0.012080034200907395
2025-05-31,MMM,Energy,0.026221659317634538,0.006606414723690061
2025-05-31,MPC,Energy,0.033408054259560505,0.023074720138535714
2025-05-31,NOC,Energy,0.03631401517080146,0.007575346430919051
2025-05-31,OXY,Energy,0.03591158848176157,0.007519051534405147
2025-05-31,PSX,Energy,0.05128654738626115,-0.0028269217805978928
2025-05-31,RTX,Energy,0.06990059171704721,-0.003529401231638824
2025-05-31,SLB,Energy,0.031309709272677955,-0.006710362092985645
2025-05-31,UNP,Energy,0.037986123664437876,0.01502191754474196
2025-05-31,UPS,Energy,0.03485747541405981,-0.0011039353298479928
2025-05-31,VLO,Energy,0.04225791973319404,0.0101335231855278
2025-05-31,XOM,Energy,0.05376341127165962,-0.004098724159590737
2025-05-31,AME,Energy,0.01416712615287219,-0.00432971051259797
2025-05-31,BE,Energy,0.2950731437763996,0.2435260109843354
2025-05-31,BKR,Energy,0.03481787355494159,-0.01912075815793504
2025-05-31,CTRA,Energy,0.044014772292661375,-0.012808585134139544
2025-05-31,EMR,Energy,0.11685387516579993,0.009811322771337628
2025-05-31,ENPH,Energy,-0.04203908889654884,0.04915819521584121
2025-05-31,ETN,Energy,0.11489681855198874,-0.00033955716886705363
2025-05-31,FSLR,Energy,0.04719124094552374,0.002389632605474559
2025-05-31,FTV,Energy,-0.014439295703136068,-0.01611107978226403
2025-05-31,GNRC,Energy,0.17260304539849058,-0.02377808760974871
2025-05-31,HUBB,Energy,0.04833413442974854,-0.009541065121216556
2025-05-31,MTDR,Energy,0.10950956533111844,0.0016869244311748938
2025-05-31,PH,Energy,0.050804739443183644,0.002319317798550512
2025-05-31,PLUG,Energy,0.6931818381937083,0.004906388830250095
2025-05-31,PR,Energy,0.09105703044347302,-0.006263343867006836
2025-05-31,ROK,Energy,0.05267003175758522,-0.0011245861283444548
2025-05-31,ROP,Energy,-0.006014749867362945,-0.00033836455895711384
2025-05-31,SM,Energy,0.05508100602306043,-0.02833521428413363
2025-05-31,VRSK,Energy,-0.006980462439482693,0.011921350853493466
2025-05-31,WMB,Energy,0.04672136110635461,0.011648671692526815
2025-05-31,XYL,Energy,0.026340819985819053,-0.01732693164517176
2025-05-31,AXP,Financials,0.08478137280780551,0.01671054467512119
2025-05-31,BAC,Financials,0.07860533112249146,-0.00010380799109816125
2025-05-31,BK,Financials,0.028213428200603685,-0.012975761309563627
2025-05-31,BLK,Financials,0.07645444782037059,0.005344559532369617
2025-05-31,C,Financials,0.13011165085856025,0.007239278146412295
2025-05-31,CFG,Financials,0.1090458844998663,-0.019303470617987133
2025-05-31,CME,Financials,-0.04193065514606631,-0.003929682649843371
2025-05-31,COF,Financials,0.1248216091847969,-0.017646387609008544
2025-05-31,FITB,Financials,0.08666959696226018,-0.0011704539435859927
2025-05-31,GS,Financials,0.1786991994646372,0.013762155223490011
2025-05-31,HBAN,Financials,0.08298878205280524,0.024949541208721664
2025-05-31,ICE,Financials,0.023154045215579178,-0.04313135313048126
2025-05-31,JPM,Financials,0.09814391751226359,-0.02941857666025318
2025-05-31,KEY,Financials,0.09836064149458656,0.022527627332843192
2025-05-31,MCO,Financials,0.04646167178038385,0.00543966296841309
2025-05-31,MS,Financials,0.10021095282495285,0.015373911274752192
2025-05-31,MTB,Financials,0.0700535125260624,0.006647694420331754
2025-05-31,PNC,Financials,0.07255051989480332,0.0054880038691598266
2025-05-31,RF,Financials,0.10995756468274775,0.013024442797499128
2025-05-31,SCHW,Financials,0.03282777139088422,-0.03129697117180381
2025-05-31,SPGI,Financials,0.028136231131848266,-0.005144041019062114
2025-05-31,STT,Financials,0.10448693384843266,0.010477118016033246
2025-05-31,TFC,Financials,0.08835459873113849,0.013469399629704486
2025-05-31,USB,Financials,0.049550141696813155,0.0124898133192387
2025-05-31,WFC,Financials,0.0714093627707717,-0.039809419231020216
2025-05-31,AFL,Financials,0.018543421003473837,-0.024700325643048787
2025-05-31,AJG,Financials,-0.07680332453907313,-0.017575556388356003
2025-05-31,ALL,Financials,-0.036154659150960056,-0.042308874563276366
2025-05-31,AMTD,Financials,-0.02574253814756311,-0.015108619081876452
2025-05-31,AON,Financials,-0.041173919338720055,-0.010204478541101236
2025-05-31,CB,Financials,-0.021888667112790694,-0.030381759646000206
2025-05-31,FDS,Financials,-0.023960292200658095,0.004171401094521932
2025-05-31,FNF,Financials,0.032897193878220765,-0.056740565355124645
2025-05-31,GL,Financials,0.019857255907589355,-0.0359466403182088
2025-05-31,HIG,Financials,-0.018945196127462482,-0.040176483936200796
2025-05-31,IBKR,Financials,0.05703924868562926,0.031736881177374776
2025-05-31,LPLA,Financials,-0.03148585575732543,0.044905065194655217
2025-05-31,MET,Financials,0.023415641809507504,0.016871661886396855
2025-05-31,MSCI,Financials,0.022552256127593706,0.011831814637268356
2025-05-31,NDAQ,Financials,0.07372150931773591,0.009317289615210795
2025-05-31,PGR,Financials,-0.06341903566795382,-0.05210663338841361
2025-05-31,PRU,Financials,0.034170753091151695,0.02637999111311189
2025-05-31,RJF,Financials,0.04347540210972811,0.02627055810188625
2025-05-31,SEIC,Financials,0.06001758191764606,0.0070204145738493404
2025-05-31,SF,Financials,0.10686873805971397,0.005842323934109851
2025-05-31,SYF,Financials,0.15767563448914923,0.011921854595607436
2025-05-31,TRV,Financials,-0.02559473824590508,-0.038879810858790075
2025-05-31,UNM,Financials,-0.01162642265690883,-0.03578661622476873
2025-05-31,WTW,Financials,-0.02881423870722233,-0.015961219610370662
2025-05-31,ABBV,Healthcare,-0.0026328958408626812,0.018726341095560445
2025-05-31,ABT,Healthcare,0.018191304299173705,-0.03106490490881988
2025-05-31,AMGN,Healthcare,-0.03112651912132769,0.03086213260752049
2025-05-31,BAX,Healthcare,-0.007213118226413684,0.023365552911717095
2025-05-31,BIIB,Healthcare,-0.032359944259978124,-0.013735628869104961
2025-05-31,BMY,Healthcare,-0.04121793937431051,-0.02656017739296805
2025-05-31,BSX,Healthcare,0.020425626850133494,-0.03825447462317053
2025-05-31,CI,Healthcare,0.04905367423749585,0.024235214957419857
2025-05-31,CVS,Healthcare,0.07713950168443318,-0.07080981146074554
2025-05-31,DHR,Healthcare,0.04188659794398286,0.030183415026194784
2025-05-31,EW,Healthcare,-0.00012787184958296116,-0.030535392104508643
2025-05-31,GILD,Healthcare,0.01432794519584979,-0.02792578186507664
2025-05-31,HUM,Healthcare,0.052568239482063905,0.026039445725513966
2025-05-31,ISRG,Healthcare,-0.01616767439755773,0.024770598830490525
2025-05-31,JNJ,Healthcare,-0.015849582359687586,-0.008419230380882865
2025-05-31,LLY,Healthcare,0.05674641131609248,-0.06425058765950158
2025-05-31,MDT,Healthcare,0.05922034294164291,-0.004215861986880089
2025-05-31,MRK,Healthcare,0.040507352344983705,-0.02511417626818183
2025-05-31,PFE,Healthcare,0.03192838022597133,-0.019654680205452472
2025-05-31,REGN,Healthcare,0.07081671619338348,0.03991936070481551
2025-05-31,SYK,Healthcare,0.03615994398056843,-0.02751798900847185
2025-05-31,TMO,Healthcare,0.007597017856831867,-0.0374737634024188
2025-05-31,UNH,Healthcare,0.04065655116906908,-0.0499366173071475
2025-05-31,VRTX,Healthcare,0.007125946162310104,-0.0009715051548678324
2025-05-31,ZBH,Healthcare,-0.007849345691303355,-0.0034421662977625177
2025-05-31,A,Healthcare,0.054413807033866224,-0.014159467709345347
2025-05-31,ACAD,Healthcare,0.0,-0.013237121502283084
2025-05-31,ALGN,Healthcare,0.046368958088001344,0.03302500313390634
2025-05-31,ALKS,Healthcare,-0.0653381234930015,-0.01582929216098628
2025-05-31,BDX,Healthcare,0.004050294135216959,0.004921045588412417
2025-05-31,DGX,Healthcare,0.03628721060904505,-0.032490591675846676
2025-05-31,DXCM,Healthcare,0.01736594185049989,0.022101172347580668
2025-05-31,FOLD,Healthcare,-0.05601320312563218,-0.010826161397295869
2025-05-31,HOLX,Healthcare,0.048094025755619274,-0.004300110010330169
2025-05-31,IDXX,Healthcare,0.04476399049327706,0.02432091261042068
2025-05-31,INSP,Healthcare,-0.060998501171735886,0.04044168891874451
2025-05-31,IQV,Healthcare,0.12299575487510861,-0.01864817181583675
2025-05-31,MASI,Healthcare,0.03520000751201913,-0.014552511004846983
2025-05-31,MTD,Healthcare,0.016615853336460207,-0.05223679994523634
2025-05-31,NBIX,Healthcare,0.021703835727509224,0.01706294643455376
2025-05-31,NTRA,Healthcare,0.0710708617099769,0.0006141879120985855
2025-05-31,NVCR,Healthcare,-0.06855056679492777,0.009482580182796166
2025-05-31,PODD,Healthcare,-0.03338155291592959,-0.006386782394156021
2025-05-31,RARE,Healthcare,0.06846905420614391,-0.037557187441726696
2025-05-31,RMD,Healthcare,0.053964759851864,-0.022270596554161064
2025-05-31,WAT,Healthcare,-0.0005726196742787959,-0.004567050012546385
2025-05-31,AAPL,Technology,0.021508466222438072,0.07576124584502325
2025-05-31,ADBE,Technology,-0.06796114506241846,0.09613789401111586
2025-05-31,AMAT,Technology,0.1679106962582939,0.07163944202873376
2025-05-31,AMD,Technology,0.28149543569574,0.06021825821287458
2025-05-31,AVGO,Technology,0.14140042909637685,0.06559850305018315
2025-05-31,CDNS,Technology,0.07343151856493924,0.03541461198149688
2025-05-31,CRM,Technology,0.02921367763184657,0.04475938878383109
2025-05-31,CRWD,Technology,0.08048879401408215,0.05674761749235783
2025-05-31,FTNT,Technology,0.03871096962724363,-0.08920190963229652
2025-05-31,GOOGL,Technology,0.0273864882423831,0.020681112690524465
2025-05-31,INTC,Technology,0.1457800763524859,0.10303314389448093
2025-05-31,INTU,Technology,0.04533688911653333,0.06493856009406693
2025-05-31,KLAC,Technology,0.18346359692879233,0.07333312334970864
2025-05-31,LRCX,Technology,0.20785020797577536,0.10840895022962482
2025-05-31,META,Technology,0.1408020796780629,0.08968598046975569
2025-05-31,MSFT,Technology,0.08048045493144662,0.051884647498657725
2025-05-31,MU,Technology,0.30478510457356744,0.10065365543869606
2025-05-31,NET,Technology,0.1804810570351627,0.03598111420772779
2025-05-31,NOW,Technology,0.016803622606018864,0.09736031935792136
2025-05-31,NVDA,Technology,0.16925162252476178,0.12278708502037901
2025-05-31,ORCL,Technology,0.32078773105364533,0.1624791574146669
2025-05-31,PANW,Technology,0.06350691891169191,-0.0026635816501888953
2025-05-31,QCOM,Technology,0.10342053157839826,0.0437179760199618
2025-05-31,SNPS,Technology,0.10496137880148493,-0.031646254409990575
2025-05-31,TXN,Technology,0.13546612840626482,0.010821865017222052
2025-05-31,ACN,Technology,-0.05659369770529832,0.046910605702445214
2025-05-31,ADI,Technology,0.11741146072206976,0.015247700956130745
2025-05-31,ANET,Technology,0.180863322707012,0.07048823765774571
2025-05-31,CGNX,Technology,0.05839179699601438,0.05215701386134984
2025-05-31,COHU,Technology,0.1271236154123605,0.1285051186651224
2025-05-31,CSCO,Technology,0.10057094514515241,0.0677671357657277
2025-05-31,DELL,Technology,0.10182442587831342,0.04649150450278497
2025-05-31,ENTG,Technology,0.17326170491644022,0.007973354471239423
2025-05-31,FORM,Technology,0.15276379925184647,0.08369221675399455
2025-05-31,HPQ,Technology,-0.006436787380973974,-0.012848215971827878
2025-05-31,IBM,Technology,0.13788312185715812,0.03905117690755556
2025-05-31,IPGP,Technology,0.036070016791345694,0.04879807348650208
2025-05-31,KEYS,Technology,0.043428474374629156,-0.030981819968616934
2025-05-31,MCHP,Technology,0.21243969220100412,0.08915712361733528
2025-05-31,MKSI,Technology,0.20890622151412108,0.11594711159552047
2025-05-31,MPWR,Technology,0.1073174733753881,-0.03256977845886438
2025-05-31,MRVL,Technology,0.285927946311318,0.03073936710484336
2025-05-31,NXPI,Technology,0.14847818711818417,-0.0522720971613036
2025-05-31,ONTO,Technology,0.09778113579558467,0.006261941074842158
2025-05-31,QRVO,Technology,0.11694300725615459,0.12816762576657534
2025-05-31,STX,Technology,0.2302561793147091,0.01573152084252412
2025-05-31,SWKS,Technology,0.0795306462958989,0.09323552887123614
2025-05-31,TER,Technology,0.144020419006766,0.14797585665904486
2025-05-31,VRSN,Technology,0.059933146496976564,0.07705238155796343
2025-05-31,WDC,Technology,0.24363203797898003,0.028324858113329472
2025-06-30,AMZN,Consumer,0.06709513314943583,0.06853640884604609
2025-06-30,AZO,Consumer,0.01512565294692747,0.10923980090887074
2025-06-30,BKNG,Consumer,-0.04926022989499235,0.02187930486369857
2025-06-30,CMG,Consumer,-0.23633125729565074,0.027150674502534385
2025-06-30,COST,Consumer,-0.050811153600719416,0.05943428375117997
2025-06-30,DG,Consumer,-0.07820528028560936,0.1317983269852763
2025-06-30,DLTR,Consumer,0.14650648225060348,0.0754507566509672
2025-06-30,DRI,Consumer,-0.06830579705199236,0.07240748916645541
2025-06-30,EBAY,Consumer,0.23220523303420104,0.0054091151433523586
2025-06-30,HD,Consumer,0.002372889722201954,0.024655696721855715
2025-06-30,HLT,Consumer,0.006532986382477235,0.07755520999260147
2025-06-30,KR,Consumer,-0.022724169828186924,0.09754655653704221
2025-06-30,LOW,Consumer,0.013021403109568785,0.05564152762486598
2025-06-30,LULU,Consumer,-0.15594748196906072,0.04291770653751683
2025-06-30,MAR,Consumer,-0.03433258509508974,0.06031502879107362
2025-06-30,MCD,Consumer,0.02703905221718972,0.055968223022895655
2025-06-30,MGM,Consumer,0.059901175046577215,0.07185737135655608
2025-06-30,NKE,Consumer,0.05137963500569076,0.1685073681674203
2025-06-30,ORLY,Consumer,0.09086877500260515,0.05465778241512218
2025-06-30,ROST,Consumer,0.07023033985612503,0.049309110042944915
2025-06-30,SBUX,Consumer,-0.026956175314375552,0.09495460775963487
2025-06-30,TGT,Consumer,0.018753200189458363,0.03886236336117964
2025-06-30,TJX,Consumer,0.008421754168304041,0.02211519764469946
2025-06-30,WMT,Consumer,0.002045434931147394,0.04508499223331164
2025-06-30,YUM,Consumer,-0.027196626717981953,0.005088548085424754
2025-06-30,BBY,Consumer,-0.03083567419555533,0.08304202075328869
2025-06-30,CCL,Consumer,0.058677111357620104,0.09532156568773645
2025-06-30,CHDN,Consumer,0.059801933437586774,0.099703571131467
2025-06-30,CMCSA,Consumer,-0.06039202250604503,0.0019048981097716414
2025-06-30,CZR,Consumer,-0.06023244527071592,0.12714102985805648
2025-06-30,DIS,Consumer,-0.03951296636408386,0.020445051093606472
2025-06-30,DKNG,Consumer,0.050128271309740624,0.04042213599872727
2025-06-30,F,Consumer,0.02027645958384139,0.09226987901146726
2025-06-30,FOX,Consumer,-0.00949062572908399,0.08327831390358047
2025-06-30,GM,Consumer,0.08392596189655599,0.02028507902860861
2025-06-30,GRMN,Consumer,0.04810270847614051,-0.004853491969658671
2025-06-30,H,Consumer,0.009452267119501645,-0.007552222014347038
2025-06-30,IHG,Consumer,0.007109513261725153,0.09506687533131544
2025-06-30,LVS,Consumer,0.2043208598005537,0.012373704700282012
2025-06-30,NCLH,Consumer,0.2603549605781712,0.082651619304216
2025-06-30,NFLX,Consumer,-0.1342139500795454,0.0942543327983241
2025-06-30,PENN,Consumer,0.010632267363515968,0.11773900862132412
2025-06-30,POOL,Consumer,0.057156517189081324,-0.01734405372072417
2025-06-30,RCL,Consumer,0.015104936094235688,0.012792334969797927
2025-06-30,SIRI,Consumer,-0.08053969290021934,0.06563091970945885
2025-06-30,TSLA,Consumer,-0.02955995259140498,0.06079855588312713
2025-06-30,WBD,Consumer,0.1492146625178783,0.10823640748104016
2025-06-30,WYNN,Consumer,0.163979900473056,0.010332825970981896
2025-06-30,APA,Energy,0.06904347365132524,-0.03942407805628504
2025-06-30,BA,Energy,0.058750525606408255,0.03793258319510894
2025-06-30,CAT,Energy,0.13244023579491393,0.010242595920289517
2025-06-30,COP,Energy,0.0624024218348056,0.002888504808007203
2025-06-30,CVX,Energy,0.05901238623652727,0.0013859263510070424
2025-06-30,DE,Energy,0.031229882905440487,0.035187447145655484
2025-06-30,DVN,Energy,0.04432572799005863,0.011720274204893699
2025-06-30,EOG,Energy,0.011731195386660342,0.004932667277203941
2025-06-30,FDX,Energy,-0.01680520268921426,-0.02741733612097696
2025-06-30,GD,Energy,0.07388200659248434,0.02843935004748256
2025-06-30,GE,Energy,0.054725713486780014,0.02482533535153154
2025-06-30,HAL,Energy,0.09911680333574524,-0.038086850107026636
2025-06-30,HON,Energy,-0.04521640566665375,0.03603983272176066
2025-06-30,LMT,Energy,-0.09103079531596026,0.034183566816956744
2025-06-30,MMM,Energy,-0.019837176487892405,0.03828347421203715
2025-06-30,MPC,Energy,0.024561829420715053,0.026988304490071672
2025-06-30,NOC,Energy,0.1532659537217651,0.03962423948671476
2025-06-30,OXY,Energy,0.045941377268937655,0.008173533278696805
2025-06-30,PSX,Energy,0.03587589885598508,0.0023715414277476993
2025-06-30,RTX,Energy,0.07909874979423659,0.04095175024224191
2025-06-30,SLB,Energy,0.0,0.006958564494442603
2025-06-30,UNP,Energy,-0.03524864675862405,0.03603983272176066
2025-06-30,UPS,Energy,-0.14642360089671247,-0.030867346204537276
2025-06-30,VLO,Energy,0.02984964637159382,0.013575360962206634
2025-06-30,XOM,Energy,0.03562152093207471,0.02783335603337318
2025-06-30,AME,Energy,0.02149645560963287,0.04083494647503305
2025-06-30,BE,Energy,0.5631270597989677,0.031395813160107165
2025-06-30,BKR,Energy,0.17501302877626257,0.008788216875129104
2025-06-30,CTRA,Energy,-0.039007133997880916,0.08011607386896631
2025-06-30,EMR,Energy,0.0913521367277812,0.017710164006973367
2025-06-30,ENPH,Energy,-0.18385878020128898,0.052440302781213116
2025-06-30,ETN,Energy,0.07767743422142548,0.010242595920289517
2025-06-30,FSLR,Energy,0.05551530031490026,0.030848356371435785
2025-06-30,FTV,Energy,-0.08056781766416243,0.027316392653113683
2025-06-30,GNRC,Energy,0.3594720572173131,-0.02994438012114198
2025-06-30,HUBB,Energy,0.0711784430953517,0.01868516858490958
2025-06-30,MTDR,Energy,0.04526397683314243,-0.02741733612097696
2025-06-30,PH,Energy,0.04786190073026675,0.035187447145655484
2025-06-30,PLUG,Energy,0.006711402952518153,0.04345410965583618
2025-06-30,PR,Energy,0.039647570414124145,0.0033248675096818362
2025-06-30,ROK,Energy,0.058825294255119065,0.0060794153005091734
2025-06-30,ROP,Energy,-0.02758552590530905,0.02835667479361168
2025-06-30,SM,Energy,0.12499492937489332,-0.03005125142410016
2025-06-30,VRSK,Energy,-0.1052648235622019,0.03847137077642997
2025-06-30,WMB,Energy,-0.045534219459054115,0.03898850201834862
2025-06-30,XYL,Energy,0.1179653459389649,0.02816877822921885
2025-06-30,AXP,Financials,-0.0592961462348377,0.015065101588872132
2025-06-30,BAC,Financials,-0.0010566015224108272,0.032692330854654575
2025-06-30,BK,Financials,0.11942385846152215,0.05393204168738964
2025-06-30,BLK,Financials,0.05409559139828124,0.0461321652062408
2025-06-30,C,Financials,0.10079877963433215,0.039847209916071304
2025-06-30,CFG,Financials,0.07564732960998088,0.01818451442861359
2025-06-30,CME,Financials,0.009650989044993397,0.04266729484999275
2025-06-30,COF,Financials,0.010528250175415366,0.014036316797067629
2025-06-30,FITB,Financials,0.01069778199320015,0.014385283695064428
2025-06-30,GS,Financials,0.022380827129672376,0.03525072601620055
2025-06-30,HBAN,Financials,-0.019689665138843848,0.022369668384030997
2025-06-30,ICE,Financials,0.007412665721512779,0.05240672532273715
2025-06-30,JPM,Financials,0.026757077071267732,0.04519487340561316
2025-06-30,KEY,Financials,0.02870266438535185,0.014457418430938972
2025-06-30,MCO,Financials,0.028190208102847114,0.0359156269881413
2025-06-30,MS,Financials,0.018385065274082013,0.022848601335840713
2025-06-30,MTB,Financials,-0.027269515071974282,0.013687890046255305
2025-06-30,PNC,Financials,0.02951894682988776,0.012627837221310086
2025-06-30,RF,Financials,0.07695578124731095,0.007825293636835092
2025-06-30,SCHW,Financials,0.07113108856428707,0.043461468572601455
2025-06-30,SPGI,Financials,0.04515533697705032,0.04163591256261621
2025-06-30,STT,Financials,0.058439099131405214,0.039787594079376584
2025-06-30,TFC,Financials,0.016747927229231907,0.018170031445787493
2025-06-30,USB,Financials,-0.006408897462594987,0.025255683524177
2025-06-30,WFC,Financials,0.006365412101046575,0.034566027197876215
2025-06-30,AFL,Financials,-0.057841762176865874,0.031609342069317606
2025-06-30,AJG,Financials,-0.1026803138293978,0.03291999275825327
2025-06-30,ALL,Financials,0.009636887600975808,0.041903778270863605
2025-06-30,AMTD,Financials,0.02642272618432573,0.04084308816133084
2025-06-30,AON,Financials,-0.0029431550116358896,0.026458071499833695
2025-06-30,CB,Financials,-0.0817340513577478,0.03809066141127178
2025-06-30,FDS,Financials,-0.09922196803291727,0.029699981226341397
2025-06-30,FNF,Financials,0.006600063527926192,0.012611500449839788
2025-06-30,GL,Financials,0.1327219418410226,0.05406601647130971
2025-06-30,HIG,Financials,-0.019547574645896182,0.03412520422042138
2025-06-30,IBKR,Financials,0.18317989997300588,0.015129497022419365
2025-06-30,LPLA,Financials,0.05536455142489061,0.026771681749486253
2025-06-30,MET,Financials,-0.05558330129912148,0.0349977799804589
2025-06-30,MSCI,Financials,-0.026667065833690606,0.04634474981952178
2025-06-30,NDAQ,Financials,0.07604565847365974,0.04564261918519877
2025-06-30,PGR,Financials,-0.09265552637273822,0.0328964604429171
2025-06-30,PRU,Financials,-0.03592704553841042,0.06307610778842625
2025-06-30,RJF,Financials,0.09328186176779418,0.02622123455090896
2025-06-30,SEIC,Financials,-0.01936340397206615,0.06964043196489227
2025-06-30,SF,Financials,0.09963389045428972,0.030926099478602267
2025-06-30,SYF,Financials,0.04390163226416366,0.035134464617813714
2025-06-30,TRV,Financials,-0.02728566881825456,0.03321857914368793
2025-06-30,UNM,Financials,-0.10568060778381994,0.0383787347599981
2025-06-30,WTW,Financials,0.030375262651914703,0.054934308552634745
2025-06-30,ABBV,Healthcare,0.02711232478020298,0.03425993728788209
2025-06-30,ABT,Healthcare,-0.06803585027225767,0.002094330096999347
2025-06-30,AMGN,Healthcare,0.0569107162771032,-0.005037028271080049
2025-06-30,BAX,Healthcare,-0.281373807382144,0.02886450203655493
2025-06-30,BIIB,Healthcare,0.019189455628499497,0.00913196866312864
2025-06-30,BMY,Healthcare,-0.05203710116275995,0.017656301132483995
2025-06-30,BSX,Healthcare,-0.023182249401993538,0.023245877734793828
2025-06-30,CI,Healthcare,-0.19117909193698068,0.05801301255555208
2025-06-30,CVS,Healthcare,-0.08992085945832595,0.03824834981132418
2025-06-30,DHR,Healthcare,-0.0019236154154494978,0.009868649477451972
2025-06-30,EW,Healthcare,0.014064678263619568,-0.05186344536527349
2025-06-30,GILD,Healthcare,0.012807801192431745,0.016536315660561445
2025-06-30,HUM,Healthcare,0.022046727933580534,-0.005867899857274972
2025-06-30,ISRG,Healthcare,-0.11468316719697991,0.04965565884050252
2025-06-30,JNJ,Healthcare,0.07849441139931801,0.015788862592227997
2025-06-30,LLY,Healthcare,-0.05062028797684626,-0.0318115724558789
2025-06-30,MDT,Healthcare,0.035218566187468214,0.016080358280632475
2025-06-30,MRK,Healthcare,-0.013137986535872836,-0.0117081374737715
2025-06-30,PFE,Healthcare,-0.022612359504035062,0.004227336118228703
2025-06-30,REGN,Healthcare,0.03897147101755971,-0.010277736969999434
2025-06-30,SYK,Healthcare,-0.007330037096267006,0.022565471111285942
2025-06-30,TMO,Healthcare,0.15345537129192754,0.023351386509166985
2025-06-30,UNH,Healthcare,-0.2000512640948796,-0.00864524324654269
2025-06-30,VRTX,Healthcare,0.026212898899763193,-0.009255633374664946
2025-06-30,ZBH,Healthcare,0.004824121958632022,0.008640853227722014
2025-06-30,A,Healthcare,-0.025067465664894484,0.011532306573624465
2025-06-30,ACAD,Healthcare,0.10477516276572452,0.03898464584556643
2025-06-30,ALGN,Healthcare,-0.31859719400438313,-0.014714103254757204
2025-06-30,ALKS,Healthcare,-0.0740999927999424,0.01117233968741152
2025-06-30,BDX,Healthcare,0.034833088774761656,0.001965895011876067
2025-06-30,DGX,Healthcare,-0.06379540598637068,0.040402406057304045
2025-06-30,DXCM,Healthcare,-0.07469359839703182,0.06746540449039325
2025-06-30,FOLD,Healthcare,0.045375174725866385,-0.01640295811918937
2025-06-30,HOLX,Healthcare,0.025475689678024604,0.060230942099180985
2025-06-30,IDXX,Healthcare,-0.003784966989648253,0.005137760500182171
2025-06-30,INSP,Healthcare,-0.04030209743965829,0.028285630190609323
2025-06-30,IQV,Healthcare,0.17938958645475744,-0.006231918070485133
2025-06-30,MASI,Healthcare,-0.08578057204766198,-0.013616147338380668
2025-06-30,MTD,Healthcare,0.050190755650916685,0.03445966344559524
2025-06-30,NBIX,Healthcare,0.02020839555092624,0.004079105562411494
2025-06-30,NTRA,Healthcare,-0.20883152758052725,0.04811341371907628
2025-06-30,NVCR,Healthcare,-0.3499999892845578,-0.03501472606817408
2025-06-30,PODD,Healthcare,-0.08205487103025244,0.03763560827269446
2025-06-30,RARE,Healthcare,-0.24862488349226508,-0.022912134794727132
2025-06-30,RMD,Healthcare,0.05403081238130536,0.007793416913273857
2025-06-30,WAT,Healthcare,-0.17270226135563127,0.0023761604671845445
2025-06-30,AAPL,Technology,0.01169767583943182,0.10142007360321559
2025-06-30,ADBE,Technology,-0.07544975721929081,0.09476871775163306
2025-06-30,AMAT,Technology,-0.01644185953489241,0.14215699192341064
2025-06-30,AMD,Technology,0.24249475082579197,0.12762583397299893
2025-06-30,AVGO,Technology,0.0654816451193021,0.3106058514522752
2025-06-30,CDNS,Technology,0.1830926968854243,0.13801701616146153
2025-06-30,CRM,Technology,-0.052660580470431206,0.04590440431234939
2025-06-30,CRWD,Technology,-0.1074787270950388,0.2529981117680789
2025-06-30,FTNT,Technology,-0.055051074797797916,0.08875133825605652
2025-06-30,GOOGL,Technology,0.08891775759571696,0.14600797255864315
2025-06-30,INTC,Technology,-0.11607144757801202,0.12940371227058425
2025-06-30,INTU,Technology,-0.0018251026376100432,0.11850086154498925
2025-06-30,KLAC,Technology,-0.018654857701822958,0.31472195925451185
2025-06-30,LRCX,Technology,-0.02568309608795971,0.11913569877915069
2025-06-30,META,Technology,0.04789385548533054,0.10756975706549211
2025-06-30,MSFT,Technology,0.07255590467975481,0.09958317121653047
2025-06-30,MU,Technology,-0.1136493264353643,0.09608195419627151
2025-06-30,NET,Technology,0.06051162096678997,0.17625988632830134
2025-06-30,NOW,Technology,-0.082639505760561,0.13579724668207033
2025-06-30,NVDA,Technology,0.12583062355243713,0.10584611246706105
2025-06-30,ORCL,Technology,0.16319461749490394,0.09288030352483811
2025-06-30,PANW,Technology,-0.1516809684260727,0.13840091930519177
2025-06-30,QCOM,Technology,-0.07848797966308729,0.08595563860840393
2025-06-30,SNPS,Technology,0.23560501629274877,0.09259770039393038
2025-06-30,TXN,Technology,-0.12162268143680655,0.18443703286212254
2025-06-30,ACN,Technology,-0.10189085761237837,0.04308039595016423
2025-06-30,ADI,Technology,-0.05625576187869463,0.13754524104883759
2025-06-30,ANET,Technology,0.20437888926870573,0.09348514230163284
2025-06-30,CGNX,Technology,0.28530896239605896,0.05525798012903943
2025-06-30,COHU,Technology,-0.07172552895962958,0.1313630023281259
2025-06-30,CSCO,Technology,-0.012836407992693144,0.14123681962261003
2025-06-30,DELL,Technology,0.08672423112680794,0.09049349358329406
2025-06-30,ENTG,Technology,-0.026105638274761422,0.19814501152854552
2025-06-30,FORM,Technology,-0.17436791707661825,0.2019011513631395
2025-06-30,HPQ,Technology,0.013900304437425737,0.10187271520051266
2025-06-30,IBM,Technology,-0.1412240190721178,0.1543889101276757
2025-06-30,IPGP,Technology,0.09089581536887881,0.12017177003840017
2025-06-30,KEYS,Technology,0.00030515715593537607,0.051600335781679295
2025-06-30,MCHP,Technology,-0.039505601314744454,0.055168793720632985
2025-06-30,MKSI,Technology,-0.04206923874652069,0.07108951372750014
2025-06-30,MPWR,Technology,-0.027536996905726308,0.14784311741716677
2025-06-30,MRVL,Technology,0.039222070012512766,0.044817445257331584
2025-06-30,NXPI,Technology,-0.021602829515245947,0.09937143718800867
2025-06-30,ONTO,Technology,-0.06123055866927274,0.16721228585681439
2025-06-30,QRVO,Technology,-0.015428160775982414,0.133452796581493
2025-06-30,STX,Technology,0.08785422729344994,0.1275485080934098
2025-06-30,SWKS,Technology,-0.08024695405910742,0.14403204740553763
2025-06-30,TER,Technology,0.19472863879785796,0.10349226910142387
2025-06-30,VRSN,Technology,-0.06900977106179329,0.19589744124935324
2025-06-30,WDC,Technology,0.22972339517689533,0.030174400811009985
2025-07-31,AMZN,Consumer,-0.021827348669553603,0.0653228538522671
2025-07-31,AZO,Consumer,0.11414717085866388,0.028377606823726656
2025-07-31,BKNG,Consumer,0.017258223371512393,-0.0014515716234848475
2025-07-31,CMG,Consumer,-0.017257501400041897,-0.06126159381816444
2025-07-31,COST,Consumer,0.005307179111530447,0.005406497764743509
2025-07-31,DG,Consumer,0.0367970301192726,0.029310592972693804
2025-07-31,DLTR,Consumer,-0.03857335768468473,0.06949252954084315
2025-07-31,DRI,Consumer,0.026131806009609182,-0.01907450956424245
2025-07-31,EBAY,Consumer,-0.009329242286831407,0.012293353613733253
2025-07-31,HD,Consumer,0.1068270401098601,0.001221549839792866
2025-07-31,HLT,Consumer,0.03032671147722521,-0.022026668938579384
2025-07-31,KR,Consumer,-0.02732216460121495,0.034216336542052236
2025-07-31,LOW,Consumer,0.1542692830633181,0.028319938755140033
2025-07-31,LULU,Consumer,0.008327921902514523,-0.12211596215914644
2025-07-31,MAR,Consumer,0.017862793481183914,-0.012912943408910131
2025-07-31,MCD,Consumer,0.04488956142733347,-0.060282226281397025
2025-07-31,MGM,Consumer,0.08888882842119994,0.10932694264051812
2025-07-31,NKE,Consumer,0.03588160142931418,-0.053163705053616984
2025-07-31,ORLY,Consumer,0.05451587293519622,0.0025631305750842288
2025-07-31,ROST,Consumer,0.07777949598928924,0.028160787055048257
2025-07-31,SBUX,Consumer,-0.004352880168226658,0.07221426020264869
2025-07-31,TGT,Consumer,-0.0346180383574719,0.056361250291944644
2025-07-31,TJX,Consumer,0.10049260462578835,-0.0007276895273351465
2025-07-31,WMT,Consumer,-0.00789443285551128,-0.009437476210452095
2025-07-31,YUM,Consumer,0.019563055647232153,-0.029659618732328804
2025-07-31,BBY,Consumer,0.131878345504729,-0.0015684156109736058
2025-07-31,CCL,Consumer,0.0712125419293912,0.0759208081905624
2025-07-31,CHDN,Consumer,-0.03092297019933532,0.07933587927143236
2025-07-31,CMCSA,Consumer,0.022269057415343463,-0.02848248980777602
2025-07-31,CZR,Consumer,0.0033733190239293442,0.016877583966194817
2025-07-31,DIS,Consumer,-0.006128818557371241,0.044941371965349405
2025-07-31,DKNG,Consumer,0.06527527901748842,-0.012395688052908185
2025-07-31,F,Consumer,0.0775121314684537,0.013811765415565605
2025-07-31,FOX,Consumer,0.06667973643980885,-0.04047675578054945
2025-07-31,GM,Consumer,0.09842520110323849,0.013228417270402821
2025-07-31,GRMN,Consumer,0.10541236500355411,0.025129136000070374
2025-07-31,H,Consumer,0.02455952448543286,0.05190442744129915
2025-07-31,IHG,Consumer,0.060965226091168834,0.005910586023970899
2025-07-31,LVS,Consumer,0.10508151311461944,0.011314832346267957
2025-07-31,NCLH,Consumer,-0.028168987809012336,0.10029315604061102
2025-07-31,NFLX,Consumer,0.04213381407598904,-0.08197563373440976
2025-07-31,PENN,Consumer,0.12015504653730136,-0.007267585851986685
2025-07-31,POOL,Consumer,0.012165791725689878,0.04244153066360028
2025-07-31,RCL,Consumer,0.1426685164232604,0.0012328056744648533
2025-07-31,SIRI,Consumer,0.1336819050886906,-0.040072348091829205
2025-07-31,TSLA,Consumer,0.08304410748975077,-0.043875028353326774
2025-07-31,WBD,Consumer,-0.11617309978040147,0.04079067963588229
2025-07-31,WYNN,Consumer,0.1651855525909014,-0.024803544822407937
2025-07-31,APA,Energy,0.2037323542370153,0.02262208945280033
2025-07-31,BA,Energy,0.05787953727845219,0.05276783934841186
2025-07-31,CAT,Energy,-0.04333137960454503,0.029653253021816213
2025-07-31,COP,Energy,0.04663800117928152,0.010170157033674345
2025-07-31,CVX,Energy,0.0708771931282639,0.01312806828462726
2025-07-31,DE,Energy,-0.08720951077261807,0.029653253021816213
2025-07-31,DVN,Energy,0.08669466584529917,0.03899130548170791
2025-07-31,EOG,Energy,0.039993337512514104,-0.008339113908201808
2025-07-31,FDX,Energy,0.03391645578345415,0.012142013670080288
2025-07-31,GD,Energy,0.04159057255614984,0.02823407243470227
2025-07-31,GE,Energy,0.015198526729472306,0.03445339078154185
2025-07-31,HAL,Energy,0.014732119657664411,0.0027132676599812165
2025-07-31,HON,Energy,-0.0076786717038942465,0.030205929071108202
2025-07-31,LMT,Energy,0.08230790742554328,0.024419909154507407
2025-07-31,MMM,Energy,0.04710262041294566,0.030205929071108202
2025-07-31,MPC,Energy,0.061815872090773105,0.032678651685220175
2025-07-31,NOC,Energy,0.023291413534420435,0.02823407243470227
2025-07-31,OXY,Energy,0.08352309687753445,0.01441997834259659
2025-07-31,PSX,Energy,0.09158268893191557,0.032165977048077
2025-07-31,RTX,Energy,0.010969590724976719,0.030205929071108202
2025-07-31,SLB,Energy,0.08994096721859424,0.027925826733105057
2025-07-31,UNP,Energy,0.013498443307762065,-0.0016770142045212262
2025-07-31,UPS,Energy,0.03402197603375989,0.012142013670080288
2025-07-31,VLO,Energy,0.10705703115919984,0.05348187381068573
2025-07-31,XOM,Energy,0.033263200038046836,0.009950944556973153
2025-07-31,AME,Energy,-0.00027039141064355565,0.02979995379748963
2025-07-31,BE,Energy,0.4158865870793682,0.14475571061785536
2025-07-31,BKR,Energy,0.013095227738091353,0.010764721899889548
2025-07-31,CTRA,Energy,0.01123560645610655,-0.007133846816953644
2025-07-31,EMR,Energy,-0.08926714718830309,-0.0016770142045212262
2025-07-31,ENPH,Energy,0.16501854301200747,0.06250741701855882
2025-07-31,ETN,Energy,-0.08983994012959329,0.029653253021816213
2025-07-31,FSLR,Energy,0.1170949877762888,0.05459663705241758
2025-07-31,FTV,Energy,-0.001460447329578396,-0.004989319409930513
2025-07-31,GNRC,Energy,-0.04848735077830879,0.02234123027115246
2025-07-31,HUBB,Energy,-0.011909250824544304,0.030257826555078915
2025-07-31,MTDR,Energy,0.01628339528013889,0.012498268196053909
2025-07-31,PH,Energy,0.03750498111456779,0.029653253021816213
2025-07-31,PLUG,Energy,0.04666670163472486,0.0502869302174604
2025-07-31,PR,Energy,0.009180704605329826,0.00509419684717767
2025-07-31,ROK,Energy,-0.01979054368267197,-0.0016770142045212262
2025-07-31,ROP,Energy,-0.04376819508850749,0.00046751320250190936
2025-07-31,SM,Energy,0.03479520191842478,-0.012507072080140473
2025-07-31,VRSK,Energy,-0.03799650256797904,0.00046751320250190936
2025-07-31,WMB,Energy,-0.034528767608212996,-0.008339113908201808
2025-07-31,XYL,Energy,-0.018443966150042734,0.03144197883191079
2025-07-31,AXP,Financials,0.1068122931515938,-0.020609510381551416
2025-07-31,BAC,Financials,0.0734080359417777,0.036070725401448844
2025-07-31,BK,Financials,0.04090696879348288,0.03264187594440238
2025-07-31,BLK,Financials,0.019104724592789335,0.042565406466818556
2025-07-31,C,Financials,0.03740795689431997,0.0399581487580615
2025-07-31,CFG,Financials,0.09555726253406793,0.014737499672958298
2025-07-31,CME,Financials,-0.04229549346102501,0.021080127122147557
2025-07-31,COF,Financials,0.05971323877407597,0.0022530119848682435
2025-07-31,FITB,Financials,0.1010344596608026,0.02316674341300386
2025-07-31,GS,Financials,0.035447457509792946,0.02438873892767704
2025-07-31,HBAN,Financials,0.0839926908021551,-0.014734376988821192
2025-07-31,ICE,Financials,-0.044527340742353094,0.024129308156603697
2025-07-31,JPM,Financials,0.017486003431689934,0.051910918933164255
2025-07-31,KEY,Financials,0.08035718110865742,-0.006089998357827733
2025-07-31,MCO,Financials,-0.009790263155920909,0.008031316495560725
2025-07-31,MS,Financials,0.05629650142196385,0.03614930540904357
2025-07-31,MTB,Financials,0.06868051792684726,-0.011656363512750255
2025-07-31,PNC,Financials,0.0902401374298889,0.03364403540565372
2025-07-31,RF,Financials,0.0813264781387304,0.009398893805437325
2025-07-31,SCHW,Financials,-0.01657279603711781,0.006101613544754204
2025-07-31,SPGI,Financials,-0.0030918243646768095,0.001728980996822548
2025-07-31,STT,Financials,0.02881425638963031,-0.010864677513817813
2025-07-31,TFC,Financials,0.08430923792555323,0.035260550405927925
2025-07-31,USB,Financials,0.08607663458869497,0.020103678512750158
2025-07-31,WFC,Financials,0.02521127741010476,0.014227662458573804
2025-07-31,AFL,Financials,0.08135065915069495,0.0191800866424669
2025-07-31,AJG,Financials,0.053959936390107544,-0.0065498710159646355
2025-07-31,ALL,Financials,0.005920769248232816,-0.01371883790383641
2025-07-31,AMTD,Financials,0.029702942250534603,-0.02909243217168851
2025-07-31,AON,Financials,0.03390472919790888,-0.022215078445010916
2025-07-31,CB,Financials,0.03394224994650208,0.010454282646158825
2025-07-31,FDS,Financials,-0.07069731977120952,0.019933093363093325
2025-07-31,FNF,Financials,0.060960419969198876,0.028538840401004278
2025-07-31,GL,Financials,-0.0037017904265880253,0.008142736877081096
2025-07-31,HIG,Financials,0.0636706036711987,-0.017956777982360655
2025-07-31,IBKR,Financials,-0.04942917109544287,-0.0033035422000089352
2025-07-31,LPLA,Financials,-0.07819105485975886,0.03575097981982856
2025-07-31,MET,Financials,0.07942447895889426,0.038433806146250485
2025-07-31,MSCI,Financials,0.014557750853033014,0.012573173166303962
2025-07-31,NDAQ,Financials,-0.01538149637684294,0.04673531850368344
2025-07-31,PGR,Financials,0.020740364236972786,-0.011378490297061115
2025-07-31,PRU,Financials,0.07227555278591935,0.05720706636575892
2025-07-31,RJF,Financials,0.013821580703180736,0.012084766454432199
2025-07-31,SEIC,Financials,0.0018156189398970124,-0.002551138858041418
2025-07-31,SF,Financials,0.010252311562324534,0.02406596858887923
2025-07-31,SYF,Financials,0.10050449478320567,0.009276163461949977
2025-07-31,TRV,Financials,0.04330632014618896,-0.009009465315065081
2025-07-31,UNM,Financials,-0.027154987535420894,-0.023183769662473947
2025-07-31,WTW,Financials,0.03476783602534317,0.015842110197497712
2025-07-31,ABBV,Healthcare,0.11310974125729234,0.012269746548451007
2025-07-31,ABT,Healthcare,0.05127187935594835,-0.028884283515449822
2025-07-31,AMGN,Healthcare,-0.017133274282728594,0.0007595864944659194
2025-07-31,BAX,Healthcare,0.1426114670504981,-0.028732747873890577
2025-07-31,BIIB,Healthcare,0.032968759536743164,0.0011101531763974672
2025-07-31,BMY,Healthcare,0.08935576062886397,-0.01082683455905517
2025-07-31,BSX,Healthcare,0.005528038897987253,0.0032035869036296173
2025-07-31,CI,Healthcare,0.12525236942499318,0.014216175880441297
2025-07-31,CVS,Healthcare,0.17793883266609023,0.03244397453233983
2025-07-31,DHR,Healthcare,0.04392377473943565,-0.04310758705903253
2025-07-31,EW,Healthcare,0.02559574885621596,-0.016712887161574635
2025-07-31,GILD,Healthcare,0.006055753350067139,0.01758980310901466
2025-07-31,HUM,Healthcare,0.21527200784938239,-0.02656874414591954
2025-07-31,ISRG,Healthcare,-0.01619241431794527,-0.013224422923908984
2025-07-31,JNJ,Healthcare,0.0833459586484353,0.0025172725326074513
2025-07-31,LLY,Healthcare,-0.007946447604362583,-0.10083602159866989
2025-07-31,MDT,Healthcare,0.028479540825260496,-0.0031287439553035153
2025-07-31,MRK,Healthcare,0.0768048019159564,-0.05070446655417324
2025-07-31,PFE,Healthcare,0.06311716817410673,-0.02249612255103631
2025-07-31,REGN,Healthcare,0.0662224961371185,-0.022460452974542456
2025-07-31,SYK,Healthcare,-0.0033610782256274785,-0.0007996566305866975
2025-07-31,TMO,Healthcare,0.05354089242497295,-0.02270895474192203
2025-07-31,UNH,Healthcare,0.2416652584908321,-0.07598412836652958
2025-07-31,VRTX,Healthcare,-0.1441329192271098,-0.013096395549213541
2025-07-31,ZBH,Healthcare,0.1576649057380064,-0.0389861365686077
2025-07-31,A,Healthcare,0.09450397986374015,-0.02880764109786443
2025-07-31,ACAD,Healthcare,0.09064204172587287,-0.030308377627766336
2025-07-31,ALGN,Healthcare,0.10037991441310434,-0.05604632160654125
2025-07-31,ALKS,Healthcare,0.09362021757887118,-0.05108784628670599
2025-07-31,BDX,Healthcare,0.08263668686668169,-0.046551811230148364
2025-07-31,DGX,Healthcare,0.08500090984750597,-0.01194538700138717
2025-07-31,DXCM,Healthcare,-0.06722793773499447,-0.012127106419115664
2025-07-31,FOLD,Healthcare,0.26711192697943154,-0.032998659277195946
2025-07-31,HOLX,Healthcare,0.0044897194422024445,-0.018713975660797837
2025-07-31,IDXX,Healthcare,0.2110760229308779,-0.0006260475888885015
2025-07-31,INSP,Healthcare,-0.24771156453616816,-0.04149548540122898
2025-07-31,IQV,Healthcare,0.026632933024786087,-0.037528771080830595
2025-07-31,MASI,Healthcare,-0.09155333368192042,-0.024667977208265635
2025-07-31,MTD,Healthcare,0.05460085469400444,0.009518080958041157
2025-07-31,NBIX,Healthcare,0.08866888212439283,-0.05084775960884879
2025-07-31,NTRA,Healthcare,0.2587909276535234,-0.019241282495635403
2025-07-31,NVCR,Healthcare,0.06568714338184622,-0.06979690141361347
2025-07-31,PODD,Healthcare,0.17850212231559848,-0.0030934074964028826
2025-07-31,RARE,Healthcare,0.09663248239891398,-0.07036275269249169
2025-07-31,RMD,Healthcare,0.011556156632522852,0.035092344621773894
2025-07-31,WAT,Healthcare,0.04515853160528627,-0.06319409156863676
2025-07-31,AAPL,Technology,0.11963895984061979,0.027714283992196654
2025-07-31,ADBE,Technology,-0.0027677324711841145,0.013682846664113558
2025-07-31,AMAT,Technology,-0.10462765921166606,0.04447818134159066
2025-07-31,AMD,Technology,-0.07759056698548772,0.06354179579233782
2025-07-31,AVGO,Technology,0.012563903739962523,0.06438330521472288
2025-07-31,CDNS,Technology,-0.038785457839000226,0.028784502909166794
2025-07-31,CRM,Technology,-0.008051616662767103,-0.06402027212127484
2025-07-31,CRWD,Technology,-0.06791032100622008,-0.054540342231705286
2025-07-31,FTNT,Technology,-0.21151155715787262,-0.03494625703876233
2025-07-31,GOOGL,Technology,0.10948414150921826,0.03941723811408578
2025-07-31,INTC,Technology,0.22979804645106938,0.07346389128003919
2025-07-31,INTU,Technology,-0.150459176142407,0.017311340591475884
2025-07-31,KLAC,Technology,-0.005838611552823836,-0.04097722938492746
2025-07-31,LRCX,Technology,0.05598910433357207,0.03260035562711726
2025-07-31,META,Technology,-0.04491617460361408,0.013396817688870273
2025-07-31,MSFT,Technology,-0.048691766218305066,0.04796171269007277
2025-07-31,MU,Technology,0.09043443683944874,-0.001997214096364557
2025-07-31,NET,Technology,0.004959620928405739,-0.12747803770964902
2025-07-31,NOW,Technology,-0.027207506563437844,0.030071383268148656
2025-07-31,NVDA,Technology,-0.020745518363826654,-0.00600309143175884
2025-07-31,ORCL,Technology,-0.10891754180797497,0.027854737288859188
2025-07-31,PANW,Technology,0.09746542381373025,-0.04879134214851271
2025-07-31,QCOM,Technology,0.09518952080943333,-0.006594308798383708
2025-07-31,SNPS,Technology,-0.04727919642131073,0.010811891594501079
2025-07-31,TXN,Technology,0.11830323561736389,-0.043977880869962176
2025-07-31,ACN,Technology,-0.026694100775527807,-0.006354384626686706
2025-07-31,ADI,Technology,0.11877295734547189,-0.01029578238880482
2025-07-31,ANET,Technology,0.10818050396849865,0.10553097189031536
2025-07-31,CGNX,Technology,0.07970824414912392,0.02901002924127996
2025-07-31,COHU,Technology,0.11422166508753295,-0.044187438317227296
2025-07-31,CSCO,Technology,0.014835333394719319,0.012880260407837614
2025-07-31,DELL,Technology,-0.07943320471652326,-0.06379709381146843
2025-07-31,ENTG,Technology,0.06729552715390197,0.056515660022680526
2025-07-31,FORM,Technology,0.0274551457527219,0.05412526869820851
2025-07-31,HPQ,Technology,0.15080644536400256,0.0017057035013530184
2025-07-31,IBM,Technology,-0.03165598392218827,-0.015535427489611463
2025-07-31,IPGP,Technology,0.0925357238837643,-0.007489116435692737
2025-07-31,KEYS,Technology,-0.0029285032981735126,-0.02298897261693645
2025-07-31,MCHP,Technology,-0.03165351269570171,0.14312788789069059
2025-07-31,MKSI,Technology,0.08800653871085928,0.03789514255485659
2025-07-31,MPWR,Technology,0.17507446305493524,0.050640845174356526
2025-07-31,MRVL,Technology,-0.21774297552683197,0.08041255134186662
2025-07-31,NXPI,Technology,0.09861063808097281,0.009150344700460632
2025-07-31,ONTO,Technology,0.1187335092348285,0.05627009409800822
2025-07-31,QRVO,Technology,0.0849282129630533,-0.01416388036475894
2025-07-31,STX,Technology,0.06617408964165516,-0.09638629608491756
2025-07-31,SWKS,Technology,0.10358392281878492,0.03282245914490625
2025-07-31,TER,Technology,0.10062364705953519,0.013675543517574835
2025-07-31,VRSN,Technology,0.019670301572782822,0.008857761989829698
2025-07-31,WDC,Technology,0.020968305338335824,0.007637764598458163
2025-08-31,AMZN,Consumer,-0.04117900731782209,0.06788650840602449
2025-08-31,AZO,Consumer,0.021843467573575248,0.03614910405670199
2025-08-31,BKNG,Consumer,-0.03402098391188646,-0.026894551798534474
2025-08-31,CMG,Consumer,-0.07000476520329779,0.06691780765789465
2025-08-31,COST,Consumer,-0.0187529243574438,-0.035443275951269046
2025-08-31,DG,Consumer,-0.04974259261698866,-0.04657433059886128
2025-08-31,DLTR,Consumer,-0.13556833993401418,0.09994344076644708
2025-08-31,DRI,Consumer,-0.08011971883385449,0.02113292820819703
2025-08-31,EBAY,Consumer,0.0037522734789234846,0.028881954337139495
2025-08-31,HD,Consumer,0.0017670372896467779,-0.005967333145353401
2025-08-31,HLT,Consumer,-0.06020427743645962,0.012009747851367965
2025-08-31,KR,Consumer,-0.006338422107641795,0.0026813645354029107
2025-08-31,LOW,Consumer,-0.02615670972242612,0.0527444484580191
2025-08-31,LULU,Consumer,-0.12002969653196094,-0.12612993995502347
2025-08-31,MAR,Consumer,-0.027700969534505848,0.04729431708913663
2025-08-31,MCD,Consumer,-0.025275066847534333,-0.011255402722796569
2025-08-31,MGM,Consumer,-0.126732147980272,0.0342669279622492
2025-08-31,NKE,Consumer,-0.09406254669372294,-0.033357055066356354
2025-08-31,ORLY,Consumer,0.039834078330069245,0.032058197837985955
2025-08-31,ROST,Consumer,0.03831398259974228,-0.039844048019114967
2025-08-31,SBUX,Consumer,-0.04070765106274388,0.04824934989316679
2025-08-31,TGT,Consumer,-0.06543040761764196,0.07153337945771775
2025-08-31,TJX,Consumer,0.05804841016534379,0.01878708478080381
2025-08-31,WMT,Consumer,0.06269327841183281,-0.010941062044193489
2025-08-31,YUM,Consumer,0.03924507423956847,0.007334958985166528
2025-08-31,BBY,Consumer,0.04014757583971318,0.1020677687709735
2025-08-31,CCL,Consumer,-0.09344620342971388,0.05329178316085
2025-08-31,CHDN,Consumer,-0.06478357739214868,0.06787093554204897
2025-08-31,CMCSA,Consumer,-0.07506624678866824,0.07792036943893127
2025-08-31,CZR,Consumer,0.009525556832504556,0.044699833534527195
2025-08-31,DIS,Consumer,-0.03277576661395676,-0.020323990467926042
2025-08-31,DKNG,Consumer,-0.2205085059878742,0.045870409694633706
2025-08-31,F,Consumer,0.016142695927403583,0.02679552021144606
2025-08-31,FOX,Consumer,0.055542958120638364,-0.008119271097810696
2025-08-31,GM,Consumer,0.04331248333908322,0.06085034665187338
2025-08-31,GRMN,Consumer,0.022009097304688252,0.009443247875612449
2025-08-31,H,Consumer,-0.01628788709585305,-0.07446099258130925
2025-08-31,IHG,Consumer,-0.011252419777366685,0.03536740443128858
2025-08-31,LVS,Consumer,-0.06663195241015452,0.025329556488716466
2025-08-31,NCLH,Consumer,-0.008454146156654185,0.004057536174083626
2025-08-31,NFLX,Consumer,-0.007721900937653126,0.029164203114503406
2025-08-31,PENN,Consumer,-0.047948558344221515,0.04138600608564177
2025-08-31,POOL,Consumer,-0.0020597250767456776,-0.003266052673854717
2025-08-31,RCL,Consumer,-0.1064025684134925,0.013175264626565404
2025-08-31,SIRI,Consumer,-0.015228365915665343,0.0691709670409349
2025-08-31,TSLA,Consumer,0.33201547825406585,-0.008956181084595801
2025-08-31,WBD,Consumer,0.677835061048673,-0.09852554591544022
2025-08-31,WYNN,Consumer,0.011992219981850738,0.0010891510051719998
2025-08-31,APA,Energy,0.045650441789497176,0.0310829123361774
2025-08-31,BA,Energy,-0.08032210428252606,0.035116478789737615
2025-08-31,CAT,Energy,0.13867411909872263,0.011402363132198544
2025-08-31,COP,Energy,-0.04425582970634301,0.012371528929538037
2025-08-31,CVX,Energy,-0.03306356212469663,0.012315621333999464
2025-08-31,DE,Energy,-0.04133181886377435,0.018535080251273255
2025-08-31,DVN,Energy,-0.022058483168310827,0.04297532816809512
2025-08-31,EOG,Energy,-0.10174651463954665,-0.003472443789492991
2025-08-31,FDX,Energy,0.027053015741729025,0.01227319290050462
2025-08-31,GD,Energy,0.05062069346573783,0.010584697534859465
2025-08-31,GE,Energy,0.09443155767532341,0.025027175484381166
2025-08-31,HAL,Energy,0.09044009632370464,0.020899104536541622
2025-08-31,HON,Energy,-0.041002317310902314,0.019851162780988953
2025-08-31,LMT,Energy,0.10364114456317175,0.02796580326581974
2025-08-31,MMM,Energy,-0.0022504255054029976,0.019851162780988953
2025-08-31,MPC,Energy,0.07250567515254458,0.0051396676036595205
2025-08-31,NOC,Energy,0.03673456536426878,0.014343386110447302
2025-08-31,OXY,Energy,-0.002256622810637876,0.02073127430531363
2025-08-31,PSX,Energy,0.018266249339117913,0.02203718407733043
2025-08-31,RTX,Energy,0.055044095166713936,0.01973121108257487
2025-08-31,SLB,Energy,-0.059580979471200446,0.0214032336020577
2025-08-31,UNP,Energy,0.05725271885304917,-0.007411420243009952
2025-08-31,UPS,Energy,-0.04471642955501931,0.028434101241788957
2025-08-31,VLO,Energy,0.12005794182726715,0.036436719256857826
2025-08-31,XOM,Energy,-0.013474443229769317,0.016807281877605988
2025-08-31,AME,Energy,0.018978978101996002,0.01973121108257487
2025-08-31,BE,Energy,0.5974688683153355,0.1376391185629545
2025-08-31,BKR,Energy,0.07312772760911801,0.009748203976657198
2025-08-31,CTRA,Energy,-0.03232412888839098,0.013459475832471665
2025-08-31,EMR,Energy,-0.006212061809677039,-0.0025351774343083193
2025-08-31,ENPH,Energy,-0.061273244735894905,-0.020175134146482174
2025-08-31,ETN,Energy,0.07191944893703917,0.018535080251273255
2025-08-31,FSLR,Energy,0.12982220411364254,0.04306816539137644
2025-08-31,FTV,Energy,0.024851040360086563,-0.002624625198796269
2025-08-31,GNRC,Energy,-0.09635630825109653,0.0380610894986498
2025-08-31,HUBB,Energy,-0.0015777462833239664,0.011402363132198544
2025-08-31,MTDR,Energy,-0.1078236993103846,0.012539359160766025
2025-08-31,PH,Energy,0.0007921936767525395,0.011402363132198544
2025-08-31,PLUG,Energy,0.4840763349446835,0.06743111237916098
2025-08-31,PR,Energy,-0.09400439323022836,0.023598130935117916
2025-08-31,ROK,Energy,0.017761968995311683,0.013937787297628292
2025-08-31,ROP,Energy,-0.05247853914230316,-0.0012190949045926206
2025-08-31,SM,Energy,-0.12539405639112933,0.009986885878135158
2025-08-31,VRSK,Energy,-0.0603371344942496,0.0006848511112194705
2025-08-31,WMB,Energy,0.10380816996839015,-0.009142344042149949
2025-08-31,XYL,Energy,0.041960972696636345,0.01973121108257487
2025-08-31,AXP,Financials,0.0026563851713001796,-0.010994252364277693
2025-08-31,BAC,Financials,0.02240751306776323,-0.0014135097178995715
2025-08-31,BK,Financials,0.03181812224741898,-0.006142083285937433
2025-08-31,BLK,Financials,0.03924466580186858,-0.0055417402433472545
2025-08-31,C,Financials,0.05105100790453232,0.0014370333022407384
2025-08-31,CFG,Financials,0.016832466757961573,-0.015593937358525729
2025-08-31,CME,Financials,0.018657320530129917,0.036579014775095654
2025-08-31,COF,Financials,-0.06443090716853461,-0.01592855112973753
2025-08-31,FITB,Financials,-0.018003141963350622,0.018613134538658507
2025-08-31,GS,Financials,0.06856751860675714,0.007846035654984658
2025-08-31,HBAN,Financials,-0.021619640127443995,0.03729889969428133
2025-08-31,ICE,Financials,-0.04331341533140376,0.016207222877593696
2025-08-31,JPM,Financials,0.04647985631500573,-0.005331908350013214
2025-08-31,KEY,Financials,-0.024275645806547064,0.02106790956485932
2025-08-31,MCO,Financials,-0.06528559181420746,-0.005851123615351621
2025-08-31,MS,Financials,0.0563529416011308,0.010590921172917434
2025-08-31,MTB,Financials,-0.01268999418690886,0.03835565888346185
2025-08-31,PNC,Financials,-0.03138259309717273,0.006142679796588805
2025-08-31,RF,Financials,-0.027834043858248947,-0.00019654608815466111
2025-08-31,SCHW,Financials,-0.0038605554182266077,-0.015097095301122727
2025-08-31,SPGI,Financials,-0.11255563325822981,-0.01577116851074402
2025-08-31,STT,Financials,0.009045948917711488,-0.0029747926964916525
2025-08-31,TFC,Financials,-0.023494164526170147,0.02162554061163718
2025-08-31,USB,Financials,0.0003787302452347152,0.028607256460446377
2025-08-31,WFC,Financials,0.01995609952587296,0.02006918251849913
2025-08-31,AFL,Financials,0.04529284759587382,0.03162412781368509
2025-08-31,AJG,Financials,0.025308248126534094,0.006864985897049068
2025-08-31,ALL,Financials,0.055050396917331046,-0.01585486736213964
2025-08-31,AMTD,Financials,0.08173080890841877,0.0023708664225513152
2025-08-31,AON,Financials,-0.028392356514566064,-0.0011597036673644304
2025-08-31,CB,Financials,0.02610247465106119,0.033518175709409036
2025-08-31,FDS,Financials,-0.23258877409566092,0.001174067696960482
2025-08-31,FNF,Financials,0.01884335523431213,0.02301377597148006
2025-08-31,GL,Financials,0.02157903513891868,-0.03197257895334945
2025-08-31,HIG,Financials,0.012140681718752822,0.015231454164945342
2025-08-31,IBKR,Financials,0.10555903804111044,-0.035122307348170095
2025-08-31,LPLA,Financials,-0.08722017405669802,-0.011666154131434618
2025-08-31,MET,Financials,0.012414033349390952,0.03800995498870935
2025-08-31,MSCI,Financials,-0.0005461284161853985,0.023636835000572873
2025-08-31,NDAQ,Financials,-0.06375578034564655,0.0059316898023330155
2025-08-31,PGR,Financials,-0.00044522491024168165,0.018854885410775915
2025-08-31,PRU,Financials,-0.053985107935848986,0.07082527560541889
2025-08-31,RJF,Financials,0.018649765119000516,-0.020742000143230552
2025-08-31,SEIC,Financials,-0.03885367139116691,-0.0032298956729080504
2025-08-31,SF,Financials,-0.011843599404196992,0.001826943269380078
2025-08-31,SYF,Financials,-0.06929514615399712,-0.022722752131011
2025-08-31,TRV,Financials,0.03254877175969506,-0.03835678590294889
2025-08-31,UNM,Financials,0.11336960308429656,0.015359131188738207
2025-08-31,WTW,Financials,0.059950498948441844,-0.006937689406394778
2025-08-31,ABBV,Healthcare,0.10047522204944781,-0.02112703008039681
2025-08-31,ABT,Healthcare,0.009648755661527897,-0.001476312392312783
2025-08-31,AMGN,Healthcare,-0.01915108248288766,-0.01517299289575047
2025-08-31,BAX,Healthcare,-0.0777642388866665,-0.04094016730472745
2025-08-31,BIIB,Healthcare,0.05944638131738911,0.008837625082528017
2025-08-31,BMY,Healthcare,-0.044086508293409876,0.01793138382966856
2025-08-31,BSX,Healthcare,-0.07459718243205715,0.010320901671219766
2025-08-31,CI,Healthcare,-0.03710620425853617,-0.03938801033943763
2025-08-31,CVS,Healthcare,0.0306219180766103,7.216708144471519e-05
2025-08-31,DHR,Healthcare,-0.03502946909276061,0.00510371395109823
2025-08-31,EW,Healthcare,-0.043889843318829946,0.021205141655406372
2025-08-31,GILD,Healthcare,-0.01061489100001567,0.006000536412216547
2025-08-31,HUM,Healthcare,-0.14022872603841952,0.09302350048577429
2025-08-31,ISRG,Healthcare,-0.05508129617371593,-0.02718737076251687
2025-08-31,JNJ,Healthcare,0.04656546782210458,-0.007344577546946825
2025-08-31,LLY,Healthcare,0.041524460468933544,0.0009028517824950272
2025-08-31,MDT,Healthcare,0.03396740616220684,-0.008845812378678425
2025-08-31,MRK,Healthcare,0.007597099223399795,-0.029370384593103302
2025-08-31,PFE,Healthcare,0.02907917100882118,-0.005175573593457803
2025-08-31,REGN,Healthcare,-0.031737488855064555,0.09613158441879135
2025-08-31,SYK,Healthcare,-0.05339303318447641,-0.012127100206964005
2025-08-31,TMO,Healthcare,-0.01474396366027575,-0.026669884902778634
2025-08-31,UNH,Healthcare,0.1213685045078381,-0.0027228472020604166
2025-08-31,VRTX,Healthcare,0.0015856622479315519,-0.023206796576449768
2025-08-31,ZBH,Healthcare,-0.06935789034354456,-0.011475748129468649
2025-08-31,A,Healthcare,0.02345801859650276,-0.008511268732309039
2025-08-31,ACAD,Healthcare,-0.1789149541931765,0.06124007838405534
2025-08-31,ALGN,Healthcare,-0.11792057411567336,0.015969647697758466
2025-08-31,ALKS,Healthcare,0.035554045946100565,0.020467297164801657
2025-08-31,BDX,Healthcare,-0.024835306827304837,0.037640788507237934
2025-08-31,DGX,Healthcare,0.04921826267521712,0.018335468875236866
2025-08-31,DXCM,Healthcare,-0.10684889585420265,-0.01996698733926419
2025-08-31,FOLD,Healthcare,0.038208162848870186,0.022581109329256433
2025-08-31,HOLX,Healthcare,0.005512441925612732,0.03264912244313236
2025-08-31,IDXX,Healthcare,-0.012672135045689314,-0.0008777464715600717
2025-08-31,INSP,Healthcare,-0.20802652348475614,-0.043636604375474626
2025-08-31,IQV,Healthcare,-0.004559483928091024,0.011187145021258187
2025-08-31,MASI,Healthcare,0.05611621187555538,-0.039593721885182204
2025-08-31,MTD,Healthcare,-0.05643950340210091,0.030969638316931482
2025-08-31,NBIX,Healthcare,0.005587383561562964,-0.043401828077947104
2025-08-31,NTRA,Healthcare,-0.04326893776699481,0.01438755771414961
2025-08-31,NVCR,Healthcare,0.04785078314992819,-0.007125393941428556
2025-08-31,PODD,Healthcare,-0.09164997484104609,0.0016601679149143179
2025-08-31,RARE,Healthcare,0.004005368588131608,-0.03790105712046688
2025-08-31,RMD,Healthcare,-0.00284137458685918,0.0067029721534447575
2025-08-31,WAT,Healthcare,-0.006593738617842848,-0.0746219559323186
2025-08-31,AAPL,Technology,0.09688121209766343,0.0418778818785422
2025-08-31,ADBE,Technology,-0.011073765270124603,0.0682352961031431
2025-08-31,AMAT,Technology,0.27357559014795285,0.013181572314247346
2025-08-31,AMD,Technology,-0.00516516984233617,0.07392687219388488
2025-08-31,AVGO,Technology,0.11125194221876589,0.03975725052757271
2025-08-31,CDNS,Technology,0.0023685674947682145,0.0596046453479915
2025-08-31,CRM,Technology,-0.07351142538085997,-0.0010511121444764801
2025-08-31,CRWD,Technology,0.15737547971369792,0.018846622467378237
2025-08-31,FTNT,Technology,0.06741151979540794,0.048259363459344846
2025-08-31,GOOGL,Technology,0.14281827292390226,0.05221967878818648
2025-08-31,INTC,Technology,0.37782335570688486,0.07702967975032522
2025-08-31,INTU,Technology,0.02385303182661347,0.01972042964785447
2025-08-31,KLAC,Technology,0.23692665921953382,0.012265142845757466
2025-08-31,LRCX,Technology,0.33963445724512,0.06144911772494877
2025-08-31,META,Technology,-0.005177189887054623,-0.0019301156215750946
2025-08-31,MSFT,Technology,0.022222676492286153,0.002482604541842977
2025-08-31,MU,Technology,0.40593227727445536,0.06535576117082724
2025-08-31,NET,Technology,0.028173012480827708,-0.029969878601773033
2025-08-31,NOW,Technology,0.0030736781321296647,0.08574439414396726
2025-08-31,NVDA,Technology,0.07125115097366086,0.002203692058805669
2025-08-31,ORCL,Technology,0.24370927280114452,-0.04195670991719848
2025-08-31,PANW,Technology,0.06875913579128623,0.03184912856526481
2025-08-31,QCOM,Technology,0.04091790150343777,0.008488672153133177
2025-08-31,SNPS,Technology,-0.18247945605574067,0.0446681650993597
2025-08-31,TXN,Technology,-0.09260176711253298,0.043754417956172326
2025-08-31,ACN,Technology,-0.0514289996416506,0.033503614987852245
2025-08-31,ADI,Technology,-0.018456318181505837,0.030253587920416127
2025-08-31,ANET,Technology,0.06708168039100948,0.00381021391744551
2025-08-31,CGNX,Technology,0.03095134005910971,0.11066338472486802
2025-08-31,COHU,Technology,0.02160805595068349,0.049348580650723256
2025-08-31,CSCO,Technology,-0.009697318827275425,-0.03032109947015781
2025-08-31,DELL,Technology,0.16062219945987133,-0.01632320828862748
2025-08-31,ENTG,Technology,0.1041319131265479,0.022092286415780284
2025-08-31,FORM,Technology,0.24768747867791396,0.08729577248430503
2025-08-31,HPQ,Technology,-0.03631012143680601,0.08201180107526576
2025-08-31,IBM,Technology,0.15881553561963546,0.07652339859286633
2025-08-31,IPGP,Technology,-0.03214369669063122,0.05366186259782979
2025-08-31,KEYS,Technology,0.07030536626137152,-0.01348429683646843
2025-08-31,MCHP,Technology,-0.012000040028129266,0.026309819506152143
2025-08-31,MKSI,Technology,0.197696866743452,-0.10182162988246657
2025-08-31,MPWR,Technology,0.1035019520967142,0.062041978085020544
2025-08-31,MRVL,Technology,0.3372038474624728,-0.037736036371519344
2025-08-31,NXPI,Technology,-0.0258475207104214,-0.017034871678785295
2025-08-31,ONTO,Technology,0.21905661528965203,0.17006073643012928
2025-08-31,QRVO,Technology,0.004189690138902025,-0.04124775502030936
2025-08-31,STX,Technology,0.41460023990133577,-0.04754025438408874
2025-08-31,SWKS,Technology,0.027221768828838977,0.011266326994915544
2025-08-31,TER,Technology,0.16524423250860587,0.08938166575048374
2025-08-31,VRSN,Technology,0.0226798058967832,0.06226166412138138
2025-08-31,WDC,Technology,0.49613845436504866,-0.10119980900483923
2025-09-30,AMZN,Consumer,0.11226484981660545,0.13819797483741064
2025-09-30,AZO,Consumer,-0.14353748720182935,0.009013841307221649
2025-09-30,BKNG,Consumer,-0.059550624774737715,0.02246657235927974
2025-09-30,CMG,Consumer,-0.19137530889169074,0.005006981061773111
2025-09-30,COST,Consumer,-0.013926211283457945,0.008753555780272801
2025-09-30,DG,Consumer,-0.039605425023740315,0.08981225511034036
2025-09-30,DLTR,Consumer,0.050333791053874366,0.1297362845219921
2025-09-30,DRI,Consumer,-0.045969932775129174,-0.013716632964486677
2025-09-30,EBAY,Consumer,-0.1059923267081706,0.1716779533527505
2025-09-30,HD,Consumer,-0.0631802473273535,0.05853892902775532
2025-09-30,HLT,Consumer,-0.009559144920409768,0.11365639038850336
2025-09-30,KR,Consumer,-0.05607478292033319,0.04700976356504175
2025-09-30,LOW,Consumer,-0.047786341340247174,0.03158102220810795
2025-09-30,LULU,Consumer,-0.04153318548781304,0.06080412818402759
2025-09-30,MAR,Consumer,0.0005374483337041713,0.09681759036341261
2025-09-30,MCD,Consumer,-0.017967017968541832,0.002239557472695633
2025-09-30,MGM,Consumer,-0.07588000806963657,0.06890609419926322
2025-09-30,NKE,Consumer,-0.07371304072839657,0.052053444106254856
2025-09-30,ORLY,Consumer,-0.1240144274182089,0.017191400857445447
2025-09-30,ROST,Consumer,0.04285058704938183,0.03069076979891254
2025-09-30,SBUX,Consumer,-0.044089772250853754,0.038393782938156006
2025-09-30,TGT,Consumer,0.033667841028106604,0.023878173149143284
2025-09-30,TJX,Consumer,-0.03044143682630518,0.01956163094672371
2025-09-30,WMT,Consumer,-0.018241770167521598,0.0862871703287859
2025-09-30,YUM,Consumer,-0.09072355192543624,0.032457548532888875
2025-09-30,BBY,Consumer,0.08622052751788956,0.04263816092188367
2025-09-30,CCL,Consumer,-0.0027672053227907334,0.14094136653927983
2025-09-30,CHDN,Consumer,0.022574935495278003,0.07066770873528083
2025-09-30,CMCSA,Consumer,-0.10453521647073472,0.00767831971910612
2025-09-30,CZR,Consumer,-0.25624419370249585,0.011064133297157962
2025-09-30,DIS,Consumer,-0.016419190433199837,0.152327404082582
2025-09-30,DKNG,Consumer,-0.18208559078744524,0.08090780096136369
2025-09-30,F,Consumer,0.09782598237975826,0.02022619279731277
2025-09-30,FOX,Consumer,0.0195496035265883,0.08400917835461941
2025-09-30,GM,Consumer,0.13318017516938707,0.01762987152776555
2025-09-30,GRMN,Consumer,-0.1311022455656411,0.024299412302333245
2025-09-30,H,Consumer,-0.03184652796844145,0.11547561587162342
2025-09-30,IHG,Consumer,0.0016493593117581362,0.09580200398485025
2025-09-30,LVS,Consumer,0.10336488117166476,0.07058087585813755
2025-09-30,NCLH,Consumer,-0.0897279399015567,0.13349582443485328
2025-09-30,NFLX,Consumer,-0.06677673921714511,0.02198292564062228
2025-09-30,PENN,Consumer,-0.14537908157500257,0.041419790955936654
2025-09-30,POOL,Consumer,-0.13871057000828713,0.009630038735125954
2025-09-30,RCL,Consumer,-0.11357306644396714,0.11710198103358122
2025-09-30,SIRI,Consumer,-0.06829898769512355,-0.0034177125829278603
2025-09-30,TSLA,Consumer,0.026623485126352042,0.03946103991739694
2025-09-30,WBD,Consumer,0.14951356751823486,0.22620057800443868
2025-09-30,WYNN,Consumer,-0.07234752328944061,0.15553055637463883
2025-09-30,APA,Energy,-0.05668938029636217,0.014304050943383962
2025-09-30,BA,Energy,-0.06861880847402568,0.029023196533218623
2025-09-30,CAT,Energy,0.21328407703147612,0.0658895465446987
2025-09-30,COP,Energy,-0.06057725233898492,0.0197397004397175
2025-09-30,CVX,Energy,0.015648265431278174,0.019950023278145972
2025-09-30,DE,Energy,0.009556901026772868,0.06478839004552013
2025-09-30,DVN,Energy,-0.07330295862274017,0.019486735826212274
2025-09-30,EOG,Energy,-0.04694743145758884,0.007649488243195322
2025-09-30,FDX,Energy,0.07637506136064864,0.058195551545496244
2025-09-30,GD,Energy,0.015882574079417067,0.0197397004397175
2025-09-30,GE,Energy,0.02702608138093887,0.020940117858560765
2025-09-30,HAL,Energy,0.09105694218625882,0.014565925239822504
2025-09-30,HON,Energy,0.014779803231943722,0.02252269846176387
2025-09-30,LMT,Energy,-0.014683144783365631,0.029276161146723843
2025-09-30,MMM,Energy,0.07294758354942199,0.07252143372752286
2025-09-30,MPC,Energy,0.011258604043130616,0.058064162434126806
2025-09-30,NOC,Energy,-0.04245712641951305,0.02132447158343543
2025-09-30,OXY,Energy,-0.12804240013413215,0.019950023278145972
2025-09-30,PSX,Energy,0.0008821746986502621,0.020940117858560765
2025-09-30,RTX,Energy,0.06675427728678596,0.029486483985152315
2025-09-30,SLB,Energy,0.04917079270171998,0.019486735826212274
2025-09-30,UNP,Energy,-0.06769046964310976,0.007550495159523195
2025-09-30,UPS,Energy,0.1543157868950078,-0.014055609519647166
2025-09-30,VLO,Energy,-0.004111393717192269,0.020940117858560765
2025-09-30,XOM,Energy,0.014279376957383905,0.019760027632323166
2025-09-30,AME,Energy,0.07505331337582777,0.07038482329872114
2025-09-30,BE,Energy,0.5627291490956186,0.11156028722678939
2025-09-30,BKR,Energy,-0.006362901025862122,0.02611732794580258
2025-09-30,CTRA,Energy,0.000422822519325905,0.016018275367752317
2025-09-30,EMR,Energy,0.06395795429678208,0.048003616418099616
2025-09-30,ENPH,Energy,-0.13789203856821763,-0.0353216333478952
2025-09-30,ETN,Energy,0.01953247971028027,0.0658895465446987
2025-09-30,FSLR,Energy,0.21044757592619323,0.04610835437492783
2025-09-30,FTV,Energy,0.027556558144464116,0.04631951966937381
2025-09-30,GNRC,Energy,0.003703765821879035,0.028206388484881124
2025-09-30,HUBB,Energy,0.09223581414334325,0.07060346918000682
2025-09-30,MTDR,Energy,-0.12174494444977557,0.014565925239822504
2025-09-30,PH,Energy,0.019362868502220687,0.0634882367870463
2025-09-30,PLUG,Energy,0.15450650012974876,0.04008584527091046
2025-09-30,PR,Energy,-0.018749965350270625,0.058064162434126806
2025-09-30,ROK,Energy,0.05387231797397107,0.07075450741336664
2025-09-30,ROP,Energy,-0.10387029978571027,0.048135005529469053
2025-09-30,SM,Energy,-0.15564618394085372,0.01980543940538634
2025-09-30,VRSK,Energy,-0.13021348888550688,0.016953376214645263
2025-09-30,WMB,Energy,-0.08650358006683456,0.008637392283095296
2025-09-30,XYL,Energy,0.02271200170463894,0.02833777759625056
2025-09-30,AXP,Financials,0.08876448487142863,0.0070130905352424906
2025-09-30,BAC,Financials,0.036053471617290445,0.03735990820912494
2025-09-30,BK,Financials,-0.004567548522131593,0.04804582716406649
2025-09-30,BLK,Financials,-0.07124284960395366,0.056172087067202975
2025-09-30,C,Financials,-0.0026600609098351713,0.009735524513683216
2025-09-30,CFG,Financials,-0.034424441648802206,0.011913240459879624
2025-09-30,CME,Financials,-0.01739509187542798,0.030897562128573697
2025-09-30,COF,Financials,0.034857478581771906,0.002915138946595617
2025-09-30,FITB,Financials,-0.065768760982169,0.020033379438270004
2025-09-30,GS,Financials,-0.00876488039355594,0.004857918372057398
2025-09-30,HBAN,Financials,-0.10596403530403131,0.023906759006480652
2025-09-30,ICE,Financials,-0.131707010339718,0.020814973236277103
2025-09-30,JPM,Financials,-0.008868559313091606,0.05827468212248341
2025-09-30,KEY,Financials,-0.058855055867263695,0.024479517279754486
2025-09-30,MCO,Financials,0.00801703698339451,0.042944081730818054
2025-09-30,MS,Financials,0.037986958973525775,0.02735531949240142
2025-09-30,MTB,Financials,-0.06957792736014634,0.021963849268569702
2025-09-30,PNC,Financials,-0.08313592519883417,0.013407639595848963
2025-09-30,RF,Financials,-0.08229047673866008,0.015021234658879036
2025-09-30,SCHW,Financials,-0.009950854043472734,0.07516488084467647
2025-09-30,SPGI,Financials,0.0010273103084172952,0.04617346992929838
2025-09-30,STT,Financials,0.004254539650123901,0.02953263468579231
2025-09-30,TFC,Financials,-0.023840824838879504,0.020731424884949883
2025-09-30,USB,Financials,-0.034140209668844346,0.028635200730316362
2025-09-30,WFC,Financials,0.037580655750306446,0.0402472060774139
2025-09-30,AFL,Financials,-0.04037594428685953,0.04548260869687281
2025-09-30,AJG,Financials,-0.19451794730426275,0.02579255471600608
2025-09-30,ALL,Financials,-0.10775670419177352,0.01182215415677491
2025-09-30,AMTD,Financials,0.14666663275824643,0.056888042041811096
2025-09-30,AON,Financials,-0.04459024496145847,0.018136979301569503
2025-09-30,CB,Financials,-0.018813114417040255,0.03731907371753402
2025-09-30,FDS,Financials,-0.06872826116401698,0.020384860166288172
2025-09-30,FNF,Financials,-0.0867911928115197,0.028431587943654007
2025-09-30,GL,Financials,-0.07837217439417588,0.029149361274541277
2025-09-30,HIG,Financials,-0.06904572312963186,0.06418471284386464
2025-09-30,IBKR,Financials,0.022525805424178813,0.02933425322889893
2025-09-30,LPLA,Financials,0.1341188178586541,0.04306572906660906
2025-09-30,MET,Financials,-0.03095788997450366,0.030182958004541936
2025-09-30,MSCI,Financials,0.037257123617371546,0.06115768708154863
2025-09-30,NDAQ,Financials,-0.03346516334913219,0.03862361804511424
2025-09-30,PGR,Financials,-0.16548439644035018,0.034192976858211134
2025-09-30,PRU,Financials,0.002506331536493489,0.050592962621154765
2025-09-30,RJF,Financials,-0.07803616034363381,0.05289958283809683
2025-09-30,SEIC,Financials,-0.04997050202468922,0.06654198217817005
2025-09-30,SF,Financials,0.04371191553820619,0.033632398958136384
2025-09-30,SYF,Financials,0.046868235115338,0.017132729253247478
2025-09-30,TRV,Financials,-0.037962905451807916,5.708387408449265e-05
2025-09-30,UNM,Financials,-0.050338364566435034,0.03021376586513233
2025-09-30,WTW,Financials,-0.09364601555654828,0.015656492929115202
2025-09-30,ABBV,Healthcare,-0.05151649060407304,0.025410414356562622
2025-09-30,ABT,Healthcare,-0.07294534126440932,0.04272887666256854
2025-09-30,AMGN,Healthcare,0.05751234309302222,0.03201194029947607
2025-09-30,BAX,Healthcare,-0.18884500201872145,0.03770740871345424
2025-09-30,BIIB,Healthcare,0.10129927367162872,0.024792618647798373
2025-09-30,BMY,Healthcare,0.03554761570635101,0.06056940891089065
2025-09-30,BSX,Healthcare,0.03165014907523189,0.0290538178629539
2025-09-30,CI,Healthcare,-0.15209013232303714,0.02478222769334053
2025-09-30,CVS,Healthcare,0.045084053643410726,0.06057038829386068
2025-09-30,DHR,Healthcare,0.08635133679163065,0.03736344703156448
2025-09-30,EW,Healthcare,0.06017745283769438,0.038371054666696026
2025-09-30,GILD,Healthcare,0.07918926572738072,0.017707021609662178
2025-09-30,HUM,Healthcare,0.06926227021026432,0.04188503177710481
2025-09-30,ISRG,Healthcare,0.19464261380528858,0.040525869237380496
2025-09-30,JNJ,Healthcare,0.018606438259735736,0.04413076494784503
2025-09-30,LLY,Healthcare,0.13087812486433603,0.049296531483143086
2025-09-30,MDT,Healthcare,-0.04766902278661933,0.006316543930036929
2025-09-30,MRK,Healthcare,0.02442514390970585,0.036616977862619166
2025-09-30,PFE,Healthcare,-0.03257457604001546,0.04106952588714609
2025-09-30,REGN,Healthcare,0.15922948902688483,0.05962937321277322
2025-09-30,SYK,Healthcare,-0.036329860709449546,0.04687889605405105
2025-09-30,TMO,Healthcare,0.16982815803944007,0.03745889864038877
2025-09-30,UNH,Healthcare,-0.010831184342193545,0.044120126024782706
2025-09-30,VRTX,Healthcare,0.08663566389210531,0.018565262468003607
2025-09-30,ZBH,Healthcare,0.020913610207659694,0.043727663011794066
2025-09-30,A,Healthcare,0.14031933565254273,0.025753727685639424
2025-09-30,ACAD,Healthcare,0.06373011249424176,0.08460314011144641
2025-09-30,ALGN,Healthcare,0.10110208863355497,0.0342459839031776
2025-09-30,ALKS,Healthcare,0.023333358764648482,0.018982829352418854
2025-09-30,BDX,Healthcare,-0.04519949306979232,0.04441405646499946
2025-09-30,DGX,Healthcare,-0.07266605903425072,0.03215211478544002
2025-09-30,DXCM,Healthcare,-0.1347897097848202,0.03675707866170469
2025-09-30,FOLD,Healthcare,0.14593903576508582,-0.01797643329217704
2025-09-30,HOLX,Healthcare,0.09512529265890346,0.03843775049218846
2025-09-30,IDXX,Healthcare,-0.014681720903047868,0.0530871321375743
2025-09-30,INSP,Healthcare,-0.028571363940436467,-0.009400807764063166
2025-09-30,IQV,Healthcare,0.13962305955346066,0.02647390149802018
2025-09-30,MASI,Healthcare,-0.046763869959752125,-0.0054655576438572264
2025-09-30,MTD,Healthcare,0.15369706662731608,0.06981339275448736
2025-09-30,NBIX,Healthcare,0.020159579232221336,0.03766816859533231
2025-09-30,NTRA,Healthcare,0.23582028432137392,0.016978651313580062
2025-09-30,NVCR,Healthcare,-0.008513905265300825,0.00839885982110795
2025-09-30,PODD,Healthcare,0.013863241754901612,0.008696248396789653
2025-09-30,RARE,Healthcare,0.15026590963694875,0.045648437287062395
2025-09-30,RMD,Healthcare,-0.09808944643937656,0.03514096348725898
2025-09-30,WAT,Healthcare,0.16607187535562784,0.013533004090962582
2025-09-30,AAPL,Technology,0.061815166304167946,0.03726856786239807
2025-09-30,ADBE,Technology,-0.03526577587925228,0.0020485314146126464
2025-09-30,AMAT,Technology,0.138517118993698,0.10811866614156973
2025-09-30,AMD,Technology,0.5830397783886911,0.15359580336733736
2025-09-30,AVGO,Technology,0.12039656517968034,0.18384506275747597
2025-09-30,CDNS,Technology,-0.03578547792162845,0.22027362004051795
2025-09-30,CRM,Technology,0.0987763632447125,0.07998003240496371
2025-09-30,CRWD,Technology,0.10732494057417696,0.1577708685095536
2025-09-30,FTNT,Technology,0.027949553079732903,0.10086448576121912
2025-09-30,GOOGL,Technology,0.1566843836163343,0.12488188566794112
2025-09-30,INTC,Technology,0.19195238711935314,0.04060679211245578
2025-09-30,INTU,Technology,-0.020705519678301476,0.07928449184537824
2025-09-30,KLAC,Technology,0.12065640790933219,0.2352629657995498
2025-09-30,LRCX,Technology,0.17595224335264725,0.1710093617888187
2025-09-30,META,Technology,-0.11714643166595518,0.11111215573788757
2025-09-30,MSFT,Technology,-0.00027038377100996325,0.1499189523403778
2025-09-30,MU,Technology,0.3382149441860687,0.24367275498533025
2025-09-30,NET,Technology,0.1803905465048563,0.14759779370182707
2025-09-30,NOW,Technology,-0.0010866092303835062,0.0839106105610367
2025-09-30,NVDA,Technology,0.08527179462348733,0.2947322363171623
2025-09-30,ORCL,Technology,-0.0646219540443842,0.14402966555862348
2025-09-30,PANW,Technology,0.08162268330480704,0.02883064977829501
2025-09-30,QCOM,Technology,0.08740079857523853,0.042880167350171285
2025-09-30,SNPS,Technology,-0.0802002597324839,0.16727781949396833
2025-09-30,TXN,Technology,-0.11336646416156415,0.030754934258581987
2025-09-30,ACN,Technology,0.01419301431151454,0.014975681024690225
2025-09-30,ADI,Technology,-0.04708992062737882,0.056825766220933056
2025-09-30,ANET,Technology,0.08221807134402481,0.17582403619176085
2025-09-30,CGNX,Technology,-0.08631345486848485,0.1373986707145398
2025-09-30,COHU,Technology,0.17019188415179043,0.035907427238101634
2025-09-30,CSCO,Technology,0.07499936499930593,0.04214252672435488
2025-09-30,DELL,Technology,0.14683806469115734,0.12619830174921845
2025-09-30,ENTG,Technology,-0.00854484197122063,0.18590265116572824
2025-09-30,FORM,Technology,0.5087864779135092,0.030603881025544268
2025-09-30,HPQ,Technology,0.01615865521541826,0.06816183544180852
2025-09-30,IBM,Technology,0.08948821129888329,0.1263432075023015
2025-09-30,IPGP,Technology,0.07488319386735043,0.14719000295362467
2025-09-30,KEYS,Technology,0.04596391852895221,0.10226512469229883
2025-09-30,MCHP,Technology,-0.028028662663266757,0.14786810055788813
2025-09-30,MKSI,Technology,0.16110544204970623,0.08099742721607699
2025-09-30,MPWR,Technology,0.09163195371171273,0.1836748778969838
2025-09-30,MRVL,Technology,0.11576141820677699,0.1273373618558702
2025-09-30,NXPI,Technology,-0.08171957535936958,-0.02455175174310887
2025-09-30,ONTO,Technology,0.04442041045457312,0.03495827373994181
2025-09-30,QRVO,Technology,0.042160696757708394,0.10589820039881531
2025-09-30,STX,Technology,0.08396179542568016,0.13952366135790203
2025-09-30,SWKS,Technology,0.009612894449579024,0.05847661218430192
2025-09-30,TER,Technology,0.32054632535520233,0.035675665313844376
2025-09-30,VRSN,Technology,-0.14225411909364494,0.13887151680313556
2025-09-30,WDC,Technology,0.25112445080244195,0.2562955746194202
2025-10-31,AMZN,Consumer,-0.04504135592915348,0.037749563198765386
2025-10-31,AZO,Consumer,0.07617512149956829,-0.0023757330048212
2025-10-31,BKNG,Consumer,-0.03211077382967298,0.001818560017397493
2025-10-31,CMG,Consumer,0.08930261521026539,-0.09271149000947985
2025-10-31,COST,Consumer,0.002347961375350316,0.005229485178462679
2025-10-31,DG,Consumer,0.10977082015631545,-0.016995876605546637
2025-10-31,DLTR,Consumer,0.1179377974988487,-0.005689628792697763
2025-10-31,DRI,Consumer,-0.003164069869569408,-0.03427465053943387
2025-10-31,EBAY,Consumer,0.021794282283968736,-0.048451274980668015
2025-10-31,HD,Consumer,-0.0597223224597313,-0.004758410758623021
2025-10-31,HLT,Consumer,0.10986867095097486,0.01894049668669095
2025-10-31,KR,Consumer,0.0630025574638895,0.028890201258211495
2025-10-31,LOW,Consumer,0.018267255280381534,0.032612841293937496
2025-10-31,LULU,Consumer,0.07998123564343751,0.10734973752792117
2025-10-31,MAR,Consumer,0.17242400961265236,0.0334304575444159
2025-10-31,MCD,Consumer,0.044868099231758496,-0.008292368789989622
2025-10-31,MGM,Consumer,0.1017796522158354,0.017187049458790044
2025-10-31,NKE,Consumer,0.0006193783946670806,-0.003541214867151469
2025-10-31,ORLY,Consumer,0.07687414569202589,-0.021907018865759624
2025-10-31,ROST,Consumer,0.10974067323716907,0.022858783841046632
2025-10-31,SBUX,Consumer,0.08494268497378576,-0.02386476327108153
2025-10-31,TGT,Consumer,-0.010329284503396652,0.010661940621911047
2025-10-31,TJX,Consumer,0.08718864970564355,-0.03970363128793842
2025-10-31,WMT,Consumer,0.09221193872096589,0.0013963478954194704
2025-10-31,YUM,Consumer,0.10853036691070628,-0.04157752589563556
2025-10-31,BBY,Consumer,-0.03481857330706939,0.057871190629194415
2025-10-31,CCL,Consumer,-0.10579253544905998,0.07560838763601246
2025-10-31,CHDN,Consumer,0.09969754627525007,-0.022500937418950245
2025-10-31,CMCSA,Consumer,-0.041307542078357296,-0.015710826203186385
2025-10-31,CZR,Consumer,0.15771144358864686,-0.04911138182961874
2025-10-31,DIS,Consumer,-0.0723672629489569,-0.028332292231679938
2025-10-31,DKNG,Consumer,0.08401437339014861,0.031227545439167857
2025-10-31,F,Consumer,0.023121570165255845,0.07223628369042648
2025-10-31,FOX,Consumer,-0.002568092501231578,-0.00917181069208006
2025-10-31,GM,Consumer,0.06411935264878688,0.1063247814080895
2025-10-31,GRMN,Consumer,-0.08703373628547317,0.019564052245406232
2025-10-31,H,Consumer,0.1974799138847827,0.020525401458507276
2025-10-31,IHG,Consumer,0.10472573476012004,-0.013209056052807476
2025-10-31,LVS,Consumer,0.15311151769192022,-0.04194603843682183
2025-10-31,NCLH,Consumer,-0.17662805434191076,0.01288413573310432
2025-10-31,NFLX,Consumer,-0.03848559868782542,-0.08904391602076234
2025-10-31,PENN,Consumer,-0.09842035370542468,-0.021729704900654907
2025-10-31,POOL,Consumer,-0.08333986030207508,-0.06579580240672771
2025-10-31,RCL,Consumer,-0.07174990310985441,0.023014656386567738
2025-10-31,SIRI,Consumer,-0.007549875521426164,-0.029417139345089265
2025-10-31,TSLA,Consumer,-0.05780178787448975,-0.16044640057897144
2025-10-31,WBD,Consumer,0.0690422799280832,-0.08341826809605674
2025-10-31,WYNN,Consumer,0.083679500077527,-0.021392734506570345
2025-10-31,APA,Energy,0.1024282397104197,0.027037504044093514
2025-10-31,BA,Energy,-0.059795065252158275,0.02696991291445038
2025-10-31,CAT,Energy,-0.002598371746500572,0.017358501863942957
2025-10-31,COP,Energy,0.007347825973048394,0.011004798403610593
2025-10-31,CVX,Energy,-0.031081055450757233,0.011844572002962793
2025-10-31,DE,Energy,0.0061954341763810206,0.014228610656841206
2025-10-31,DVN,Energy,0.1406586457048482,0.029666247259728402
2025-10-31,EOG,Energy,0.018990976101718182,-0.0017967445040699835
2025-10-31,FDX,Energy,0.08612389623639238,0.008441527821680509
2025-10-31,GD,Energy,-0.009481006345871013,0.00634722632387027
2025-10-31,GE,Energy,-0.033985976588032596,0.0261299836754783
2025-10-31,HAL,Energy,-0.023099940448031764,0.014162789193145751
2025-10-31,HON,Energy,-0.03968052743193606,0.017552394741934988
2025-10-31,LMT,Energy,-0.06916324804731944,0.02880106966042265
2025-10-31,MMM,Energy,0.037773506329159545,0.02798231070510509
2025-10-31,MPC,Energy,-0.0010495599803008737,0.012407531785426818
2025-10-31,NOC,Energy,-0.01919620343463646,0.010967895504794531
2025-10-31,OXY,Energy,0.01941751842507,0.016079944530004463
2025-10-31,PSX,Energy,0.01457781201761188,0.01219139307179856
2025-10-31,RTX,Energy,-0.016239135857609055,0.02798231070510509
2025-10-31,SLB,Energy,0.0049916155744926805,0.013691117870948415
2025-10-31,UNP,Energy,0.05200345040684251,-0.0038769757803577623
2025-10-31,UPS,Energy,0.01073644482416336,0.021419695643885888
2025-10-31,VLO,Energy,0.04903637420202012,0.031863695479831575
2025-10-31,XOM,Energy,0.0225070230499389,0.011178995281143854
2025-10-31,AME,Energy,-0.02087972742615296,0.02859466350884129
2025-10-31,BE,Energy,-0.17342618918912056,0.2318074009835409
2025-10-31,BKR,Energy,0.04190262977076986,0.02344476161505418
2025-10-31,CTRA,Energy,0.1440362918455047,0.00963654761517802
2025-10-31,EMR,Energy,-0.040203789967856673,-0.003076213870305292
2025-10-31,ENPH,Energy,-0.0544083852821704,-0.021515670476996426
2025-10-31,ETN,Energy,-0.09098177561540732,0.018006368062913558
2025-10-31,FSLR,Energy,0.02240207886279899,0.020740438429769796
2025-10-31,FTV,Energy,0.06357470487873318,0.001421854470207463
2025-10-31,GNRC,Energy,-0.09754790484989184,0.04515428160812987
2025-10-31,HUBB,Energy,-0.07901152163033776,0.02344476161505418
2025-10-31,MTDR,Energy,0.08484438531451799,0.018465552863858935
2025-10-31,PH,Energy,0.11740418452774604,0.01219139307179856
2025-10-31,PLUG,Energy,-0.25278812352882885,0.13471454800438062
2025-10-31,PR,Energy,0.15366235672783324,0.019558419177370442
2025-10-31,ROK,Energy,0.07860197005566127,0.02344476161505418
2025-10-31,ROP,Energy,0.00015688070311692393,0.003196938520724144
2025-10-31,SM,Energy,-0.08808046683046689,0.01627426955616627
2025-10-31,VRSK,Energy,0.028844447163278497,0.007998897262505243
2025-10-31,WMB,Energy,0.052877157153260024,-0.004282453319533746
2025-10-31,XYL,Energy,-0.06484697323081168,0.032873550558208724
2025-10-31,AXP,Financials,0.012585574318416448,-0.05070446409905466
2025-10-31,BAC,Financials,0.0037418469724912473,0.029833467094313976
2025-10-31,BK,Financials,0.038636124999278154,0.009250788183950772
2025-10-31,BLK,Financials,-0.0327942840622053,-0.013615922678384676
2025-10-31,C,Financials,0.029513986066194153,0.010612547093974231
2025-10-31,CFG,Financials,0.06349525072537454,0.001234004122449074
2025-10-31,CME,Financials,0.06015282338995975,0.03247406092463379
2025-10-31,COF,Financials,-0.00039474709592146606,0.0060874657970082565
2025-10-31,FITB,Financials,0.044209536886624656,0.0008013296434816738
2025-10-31,GS,Financials,0.04645471214899444,-0.0015063924870247509
2025-10-31,HBAN,Financials,0.05569936633108208,-0.004990624800098767
2025-10-31,ICE,Financials,0.07526146702812886,-0.004683384157091353
2025-10-31,JPM,Financials,0.006299886356039952,-0.002458115093478994
2025-10-31,KEY,Financials,0.044911830259145136,-0.0207210402257987
2025-10-31,MCO,Financials,0.02384795861680966,0.009544931245384613
2025-10-31,MS,Financials,0.03451236065092389,0.00029462633675004103
2025-10-31,MTB,Financials,0.03453537543056662,-0.0019564882719129584
2025-10-31,PNC,Financials,0.04475485872003815,0.005281807940305234
2025-10-31,RF,Financials,0.0516529214700876,-0.01077860885327627
2025-10-31,SCHW,Financials,-0.016152018770869914,-0.004783559810288036
2025-10-31,SPGI,Financials,0.025863111260520988,-0.009787666614548312
2025-10-31,STT,Financials,0.02905063839818922,0.015916218344336795
2025-10-31,TFC,Financials,0.05399091109094778,0.00939907338227931
2025-10-31,USB,Financials,0.0507711247569369,0.024564787080721035
2025-10-31,WFC,Financials,-0.007688148049157406,0.05048912953689692
2025-10-31,AFL,Financials,0.03447579402376211,0.011401708942610172
2025-10-31,AJG,Financials,-0.007495280811767424,-0.008151960814561416
2025-10-31,ALL,Financials,0.11205089065812013,-0.028847809455403283
2025-10-31,AMTD,Financials,-0.17054257047025012,0.04514413427486966
2025-10-31,AON,Financials,0.03886346632800519,0.01229011437612092
2025-10-31,CB,Financials,0.06947345618839851,0.022789872599248754
2025-10-31,FDS,Financials,0.0433800335282859,-0.020086654759403418
2025-10-31,FNF,Financials,0.07585080546232681,-0.004705663121601199
2025-10-31,GL,Financials,0.02448490458787833,-0.009541905018138003
2025-10-31,HIG,Financials,0.10347882185469826,0.014673416810942926
2025-10-31,IBKR,Financials,-0.07589547914160599,0.020906222482926385
2025-10-31,LPLA,Financials,-0.055620496423714916,0.04481886738925466
2025-10-31,MET,Financials,-0.03391427271296632,0.01818068280981067
2025-10-31,MSCI,Financials,-0.03917190916359048,0.020891229602416964
2025-10-31,NDAQ,Financials,0.06351614545591677,0.008398264085071421
2025-10-31,PGR,Financials,0.11063092996588075,-0.016158803606653543
2025-10-31,PRU,Financials,0.054619934287865934,0.04456858077089077
2025-10-31,RJF,Financials,-0.01342404667360586,-0.007233186061461848
2025-10-31,SEIC,Financials,0.003101334906268516,0.01141944263260393
2025-10-31,SF,Financials,0.030144463924750786,-0.0014378149616205735
2025-10-31,SYF,Financials,0.044338933323337715,0.024312327180639276
2025-10-31,TRV,Financials,0.09023899431833726,-0.008912374771261637
2025-10-31,UNM,Financials,0.03473167774722441,-0.02680643794353333
2025-10-31,WTW,Financials,0.025231471788620397,-0.007142745481625478
2025-10-31,ABBV,Healthcare,0.04430383483406786,0.026246137257937088
2025-10-31,ABT,Healthcare,0.04271145769348084,0.008781484307775497
2025-10-31,AMGN,Healthcare,0.16584768623162938,0.020959641201261075
2025-10-31,BAX,Healthcare,0.015155072115446755,-0.011503097541569451
2025-10-31,BIIB,Healthcare,0.18033312565607984,0.02247182918493701
2025-10-31,BMY,Healthcare,0.06794015017981891,0.043470546318932754
2025-10-31,BSX,Healthcare,0.008538528593412975,0.0074195237781050204
2025-10-31,CI,Healthcare,0.13448699143957277,-0.009418157647316948
2025-10-31,CVS,Healthcare,0.028279001823897643,0.004330145882136173
2025-10-31,DHR,Healthcare,0.05292959129931307,0.04732254152293127
2025-10-31,EW,Healthcare,0.05118255156943463,0.010385165496926571
2025-10-31,GILD,Healthcare,0.0505049931943955,0.01394053648700244
2025-10-31,HUM,Healthcare,-0.11653902671466465,-0.04075461514797895
2025-10-31,ISRG,Healthcare,0.07336967324693577,0.020481694488761977
2025-10-31,JNJ,Healthcare,0.10252438770214112,0.018507810977451418
2025-10-31,LLY,Healthcare,0.2482319043293313,0.0023019699160946403
2025-10-31,MDT,Healthcare,0.16130107262333127,-0.01724569165357604
2025-10-31,MRK,Healthcare,0.2192370638386838,-0.006202995085563563
2025-10-31,PFE,Healthcare,0.06260622288261763,-0.00164786888463075
2025-10-31,REGN,Healthcare,0.19847836796426588,0.05360248587848864
2025-10-31,SYK,Healthcare,0.04193814777436011,0.017241138974581648
2025-10-31,TMO,Healthcare,0.04131203596912436,0.0185438628764678
2025-10-31,UNH,Healthcare,-0.03451799242638842,-0.04824323163778439
2025-10-31,VRTX,Healthcare,0.018892257182068217,0.037713110900351884
2025-10-31,ZBH,Healthcare,-0.03023068703901799,0.010177591458805259
2025-10-31,A,Healthcare,0.048783840112853305,-0.016429487854521464
2025-10-31,ACAD,Healthcare,0.10308370369785314,0.03204957542864654
2025-10-31,ALGN,Healthcare,0.06752246322087485,0.061175379595452176
2025-10-31,ALKS,Healthcare,-0.03648211112051325,-0.03541518588045925
2025-10-31,BDX,Healthcare,0.08566948596638002,0.01302914927501022
2025-10-31,DGX,Healthcare,0.0751917790671548,0.0020783894434316754
2025-10-31,DXCM,Healthcare,0.09017519563591314,-0.04934124513086586
2025-10-31,FOLD,Healthcare,0.09966784040075027,-0.043718080271336356
2025-10-31,HOLX,Healthcare,0.014341733271177937,-0.032863404278564934
2025-10-31,IDXX,Healthcare,0.1959778132251142,0.02934818356421475
2025-10-31,INSP,Healthcare,0.725998897082561,0.006241277377504577
2025-10-31,IQV,Healthcare,0.0625981122271706,-0.03827691106409575
2025-10-31,MASI,Healthcare,0.012655519776324509,0.00014580746002518187
2025-10-31,MTD,Healthcare,0.04266776576401399,0.0021370952151469587
2025-10-31,NBIX,Healthcare,0.062495611540080764,0.007524659073175122
2025-10-31,NTRA,Healthcare,0.2004725599513264,0.09275161377501356
2025-10-31,NVCR,Healthcare,0.0,-0.052386330771875114
2025-10-31,PODD,Healthcare,0.04530204221391809,-0.022951819840363763
2025-10-31,RARE,Healthcare,0.004335304407342644,-0.049188482844839
2025-10-31,RMD,Healthcare,0.038717179940949364,-0.01511240543858428
2025-10-31,WAT,Healthcare,0.15394738668363406,-0.029265426307214112
2025-10-31,AAPL,Technology,0.03236424005075422,0.06751225278942981
2025-10-31,ADBE,Technology,-0.05929885345876951,-0.015004211799280456
2025-10-31,AMAT,Technology,0.08427480587177305,0.08245082945108445
2025-10-31,AMD,Technology,-0.15067154878022626,0.30215948676376536
2025-10-31,AVGO,Technology,0.09017109320600825,0.06872744866480854
2025-10-31,CDNS,Technology,-0.07927605158100504,0.0807176188530072
2025-10-31,CRM,Technology,-0.11470379884468429,0.018886933170953597
2025-10-31,CRWD,Technology,-0.06233772029013984,0.0621181968655768
2025-10-31,FTNT,Technology,-0.0613213355668637,0.027449250774792253
2025-10-31,GOOGL,Technology,0.13866080793276514,0.1473695586111862
2025-10-31,INTC,Technology,0.014253555161292786,0.27340575210070583
2025-10-31,INTU,Technology,-0.05013856424817287,0.03983352404172488
2025-10-31,KLAC,Technology,-0.025892917193715448,0.009656057137650354
2025-10-31,LRCX,Technology,-0.00927219791547318,0.11851392389210298
2025-10-31,META,Technology,-0.0006168887195739936,-0.019331882394409517
2025-10-31,MSFT,Technology,-0.048046756730589224,0.05090792861992676
2025-10-31,MU,Technology,0.05679942274959249,0.19348106300842224
2025-10-31,NET,Technology,-0.20959335056558426,0.1906424439898389
2025-10-31,NOW,Technology,-0.11625406759808776,0.09237289075401685
2025-10-31,NVDA,Technology,-0.1258828143464189,0.1589265681532881
2025-10-31,ORCL,Technology,-0.23098892436329066,0.13567834752261493
2025-10-31,PANW,Technology,-0.13671449264146573,0.0544500358922946
2025-10-31,QCOM,Technology,-0.07081269828376346,0.06844847045505192
2025-10-31,SNPS,Technology,-0.07890793041438193,0.08028164993437738
2025-10-31,TXN,Technology,0.042177593055693796,0.043613691077864045
2025-10-31,ACN,Technology,-0.00039980987803578394,0.027598396484983783
2025-10-31,ADI,Technology,0.1333020080544718,0.09371591378152515
2025-10-31,ANET,Technology,-0.17128549272273152,0.1732709833163803
2025-10-31,CGNX,Technology,-0.07743388087169256,0.03467751215637082
2025-10-31,COHU,Technology,0.02227821601095248,0.19557838180512252
2025-10-31,CSCO,Technology,0.052386849824040294,0.013589948403848836
2025-10-31,DELL,Technology,-0.1769025787125481,0.09066778240539644
2025-10-31,ENTG,Technology,-0.1575843407314147,0.11411721566548569
2025-10-31,FORM,Technology,0.0012738797789322298,0.2765487875744064
2025-10-31,HPQ,Technology,-0.11745572435721408,0.08159828797815037
2025-10-31,IBM,Technology,0.009340558178738245,0.0979877052909387
2025-10-31,IPGP,Technology,-0.06437973660842766,0.11507700903072636
2025-10-31,KEYS,Technology,0.0819304202246669,0.012162651390860665
2025-10-31,MCHP,Technology,-0.13387889998350688,0.07056956661961418
2025-10-31,MKSI,Technology,0.08989823329543611,0.1702096636691723
2025-10-31,MPWR,Technology,-0.07644782768320446,0.09421728678975806
2025-10-31,MRVL,Technology,-0.04629826710405194,0.1480751340302771
2025-10-31,NXPI,Technology,-0.06780789960914302,0.028680518099098638
2025-10-31,ONTO,Technology,0.060758717696474784,0.21523321817070842
2025-10-31,QRVO,Technology,-0.09513273233765396,0.02611495748368839
2025-10-31,STX,Technology,0.08132707112519877,0.18649983304075607
2025-10-31,SWKS,Technology,-0.1417937493400081,0.1620832211769243
2025-10-31,TER,Technology,0.0014715259971693762,0.18045187145238958
2025-10-31,VRSN,Technology,0.054078133909065906,-0.04271536877220912
2025-10-31,WDC,Technology,0.08734433275410947,0.26312373301115577
2025-11-30,AMZN,Consumer,-0.010290686407351424,-0.01588089971897817
2025-11-30,AZO,Consumer,-0.14233259920271335,-0.029469292021178355
2025-11-30,BKNG,Consumer,0.09174256221543553,-0.01994886404244677
2025-11-30,CMG,Consumer,0.07184239598347308,0.048478386763278286
2025-11-30,COST,Consumer,-0.05609740737415736,0.0024814023731222347
2025-11-30,DG,Consumer,0.21262225980850458,0.037203840156649466
2025-11-30,DLTR,Consumer,0.11009841030982459,0.008638449204984362
2025-11-30,DRI,Consumer,0.0247244561799711,-0.020014454445153807
2025-11-30,EBAY,Consumer,0.052059421402745,-0.10374721552707465
2025-11-30,HD,Consumer,-0.029682957697343304,-0.014859412978498271
2025-11-30,HLT,Consumer,0.0077886937487245955,-0.008096355871077623
2025-11-30,KR,Consumer,-0.07134362578735087,0.0015525920685799258
2025-11-30,LOW,Consumer,-0.005443663877700344,0.03131721610730509
2025-11-30,LULU,Consumer,0.12829843534856278,0.13057616081601817
2025-11-30,MAR,Consumer,0.0178811426331138,0.027963324933667485
2025-11-30,MCD,Consumer,-0.013969521440156618,-0.016865238858589184
2025-11-30,MGM,Consumer,0.034003987866474183,0.03836931743890827
2025-11-30,NKE,Consumer,-0.007941516931205483,-0.016474129576171073
2025-11-30,ORLY,Consumer,-0.10314649143114696,-0.025743649269053388
2025-11-30,ROST,Consumer,0.02376033309220893,0.006267702210297386
2025-11-30,SBUX,Consumer,-0.03329131011425601,0.06271300544453726
2025-11-30,TGT,Consumer,0.07868016764527774,-0.016624816155306622
2025-11-30,TJX,Consumer,0.01112431709400341,0.007320737517138794
2025-11-30,WMT,Consumer,0.010199161981450544,-0.05088249680279574
2025-11-30,YUM,Consumer,-0.007921207921630091,-0.047294737014507114
2025-11-30,BBY,Consumer,-0.14462859248210624,-0.005020445305967184
2025-11-30,CCL,Consumer,0.18463925177683826,-0.06679029776277992
2025-11-30,CHDN,Consumer,0.04704081967216567,0.10232372985272958
2025-11-30,CMCSA,Consumer,0.11989513653212902,-0.014706318373470244
2025-11-30,CZR,Consumer,0.005156808316466144,0.10321007216350811
2025-11-30,DIS,Consumer,0.09638889413765939,-0.03820103189158634
2025-11-30,DKNG,Consumer,0.03920383724495102,0.08446904763700598
2025-11-30,F,Consumer,-0.012048221632399603,0.05443415506677692
2025-11-30,FOX,Consumer,0.11448686707784783,0.02385832244228164
2025-11-30,GM,Consumer,0.10830166500651361,-0.0030675166711965694
2025-11-30,GRMN,Consumer,0.04300538954488786,0.04034867507331908
2025-11-30,H,Consumer,-0.02475812601454408,0.01584320065396544
2025-11-30,IHG,Consumer,0.049560391336895604,0.004677989989510643
2025-11-30,LVS,Consumer,-0.045041209422361894,0.018126859004964264
2025-11-30,NCLH,Consumer,0.20910080183039348,0.10640504266611674
2025-11-30,NFLX,Consumer,-0.12846253448226708,-0.04579044834775766
2025-11-30,PENN,Consumer,-0.0060647002467986155,0.1291342214336837
2025-11-30,POOL,Consumer,-0.060960599785544245,-0.017762113739750753
2025-11-30,RCL,Consumer,0.051160856822975775,0.03401171396192664
2025-11-30,SIRI,Consumer,-0.05926625048067591,0.03959823974944748
2025-11-30,TSLA,Consumer,0.045447119005781245,-0.1916340642932246
2025-11-30,WBD,Consumer,0.20083332061767578,0.10360953570688258
2025-11-30,WYNN,Consumer,-0.06488963101880152,0.032118773995946814
2025-11-30,APA,Energy,-0.020424582407229774,0.0321920623990951
2025-11-30,BA,Energy,0.1487830429480821,0.015114320454852637
2025-11-30,CAT,Energy,-0.00501950848206445,0.040746608994788706
2025-11-30,COP,Energy,0.05547416564651142,0.010750780403094497
2025-11-30,CVX,Energy,0.00846948556691518,0.011261344431752935
2025-11-30,DE,Energy,0.0057923633268195385,0.01370597773178271
2025-11-30,DVN,Energy,-0.005239744665022306,0.033063833846305395
2025-11-30,EOG,Energy,-0.02633289741326017,0.000367563861343193
2025-11-30,FDX,Energy,0.05317979583571897,0.01197164686075205
2025-11-30,GD,Energy,-0.0145478583756381,0.005925366936187327
2025-11-30,GE,Energy,0.03327940801067841,0.020351322496085282
2025-11-30,HAL,Energy,0.08465544829355731,0.02509168063450947
2025-11-30,HON,Energy,0.015089195524824683,0.012957947617750919
2025-11-30,LMT,Energy,0.06439124374790928,0.009176430938691825
2025-11-30,MMM,Energy,-0.06945656880949225,0.014760837448107514
2025-11-30,MPC,Energy,-0.1605326819588634,0.012313110776105347
2025-11-30,NOC,Energy,0.0004737816640050241,0.006739756447526183
2025-11-30,OXY,Energy,-0.015264452775490267,0.029618573035670486
2025-11-30,PSX,Energy,-0.05782718370241757,0.015613832302674545
2025-11-30,RTX,Energy,0.04853918461823259,0.013669764701100583
2025-11-30,SLB,Energy,0.06741757214438349,0.01197164686075205
2025-11-30,UNP,Energy,0.003637016793060388,-0.0046361404865867565
2025-11-30,UPS,Energy,0.03549435046613003,0.015859398404378385
2025-11-30,VLO,Energy,-0.0790336681626782,0.01799855466611913
2025-11-30,XOM,Energy,0.03812972462417674,0.008362041427352971
2025-11-30,AME,Energy,0.039112440434541096,0.01838600327639883
2025-11-30,BE,Energy,-0.20459537633819092,0.19916534088139837
2025-11-30,BKR,Energy,-0.09282868016701362,0.0054290694929478465
2025-11-30,CTRA,Energy,-0.019374108452287486,0.012680643294332224
2025-11-30,EMR,Energy,-0.004948361972638149,-0.005593704733641657
2025-11-30,ENPH,Energy,0.11091850305992268,0.08404739563528957
2025-11-30,ETN,Energy,-0.0791581156807234,0.014622448690950036
2025-11-30,FSLR,Energy,-0.04283307147242832,0.06059262807339792
2025-11-30,FTV,Energy,0.0323485861605457,-9.637309089602308e-06
2025-11-30,GNRC,Energy,-0.10063977625944631,0.03420085493777269
2025-11-30,HUBB,Energy,0.029390582263656206,0.01700873765204632
2025-11-30,MTDR,Energy,0.0009432588764695105,0.045460495505612694
2025-11-30,PH,Energy,0.02003018770450682,0.014760837448107514
2025-11-30,PLUG,Energy,-0.019900478628265272,0.19675076384659282
2025-11-30,PR,Energy,-0.02125954422011367,0.028799417807547426
2025-11-30,ROK,Energy,-0.01715246917763391,-0.005593704733641657
2025-11-30,ROP,Energy,-0.002442709049737868,0.004064692986531061
2025-11-30,SM,Energy,-0.0078850685005184,0.0727922275125646
2025-11-30,VRSK,Energy,-0.004067507229886691,0.0028720873873053264
2025-11-30,WMB,Energy,-0.005293988168271868,-0.0046361404865867565
2025-11-30,XYL,Energy,-0.031918743542386996,0.01945646432404849
2025-11-30,AXP,Financials,0.012812514673455233,-0.015600526863903843
2025-11-30,BAC,Financials,0.03049048755353656,-0.02121172001532153
2025-11-30,BK,Financials,0.035593197422991274,0.0039144541443535364
2025-11-30,BLK,Financials,0.0269738875300094,-0.009486508145434159
2025-11-30,C,Financials,0.12635137135269003,-0.006267301511481397
2025-11-30,CFG,Financials,0.07966732434553236,-0.010855376920267338
2025-11-30,CME,Financials,-0.02530075117530073,-0.001450933930928582
2025-11-30,COF,Financials,0.10631301501085799,-0.024377136293969783
2025-11-30,FITB,Financials,0.08622386879750854,0.0035657983651928597
2025-11-30,GS,Financials,0.06938849211660325,0.0032472551362981057
2025-11-30,HBAN,Financials,0.07379408855252456,0.0320421729660781
2025-11-30,ICE,Financials,0.03269615138380355,-0.007186262292303664
2025-11-30,JPM,Financials,0.02919376431523979,-0.006630462976285571
2025-11-30,KEY,Financials,0.13546081524367581,0.026283772878707236
2025-11-30,MCO,Financials,0.0408940602457899,0.00011182384033401032
2025-11-30,MS,Financials,0.04638681060150973,-0.008427573153993772
2025-11-30,MTB,Financials,0.06761336130385676,0.019274155625018104
2025-11-30,PNC,Financials,0.0944315016149222,0.007009023214971574
2025-11-30,RF,Financials,0.07603722241673205,0.024881079172408768
2025-11-30,SCHW,Financials,0.07742903912782206,0.0063059466419791875
2025-11-30,SPGI,Financials,0.047631574525835996,0.013432161246304353
2025-11-30,STT,Financials,0.08393545308324435,-0.019537821124869965
2025-11-30,TFC,Financials,0.05827951245790186,-0.006946731415535464
2025-11-30,USB,Financials,0.09838620656717789,0.0065459201024619445
2025-11-30,WFC,Financials,0.08561440114697061,-0.00554827875924
2025-11-30,AFL,Financials,-0.0003626025560317103,0.013067777305651848
2025-11-30,AJG,Financials,0.04788497659972535,-0.008949341863985726
2025-11-30,ALL,Financials,-0.018067727844264136,-0.00388613017629866
2025-11-30,AMTD,Financials,-0.07943928409366019,-0.021547814254542833
2025-11-30,AON,Financials,-0.0029385123911782607,0.011953765161267465
2025-11-30,CB,Financials,0.053818672971872594,0.0023438479849787284
2025-11-30,FDS,Financials,0.04659727799941149,0.03112787958083419
2025-11-30,FNF,Financials,-0.03842808227436856,0.003204797851505218
2025-11-30,GL,Financials,0.03807610648820803,-0.0007209551932777338
2025-11-30,HIG,Financials,0.010041802842934766,-0.011933172427280135
2025-11-30,IBKR,Financials,-0.009701174288301084,0.013089436853218407
2025-11-30,LPLA,Financials,0.0031738585181333434,0.004117224567829957
2025-11-30,MET,Financials,0.031086750573821043,0.011486514825932725
2025-11-30,MSCI,Financials,0.01775703900939729,0.005106364870164842
2025-11-30,NDAQ,Financials,0.07150604335286914,0.017352868074474594
2025-11-30,PGR,Financials,-0.00467667399203664,0.0196558349102592
2025-11-30,PRU,Financials,0.042771385657110805,0.049965786039499145
2025-11-30,RJF,Financials,0.025872007866193147,0.011125155312209978
2025-11-30,SEIC,Financials,0.020600503402041337,0.001738589836974504
2025-11-30,SF,Financials,0.030278109248725205,-0.015222337262763263
2025-11-30,SYF,Financials,0.07846429789387543,0.007670833934351977
2025-11-30,TRV,Financials,-0.0056427259171962785,-0.023074270313373023
2025-11-30,UNM,Financials,0.020139445774193465,0.017159227528867064
2025-11-30,WTW,Financials,0.026507160374795724,-0.0024008378134151177
2025-11-30,ABBV,Healthcare,0.003469503170660637,0.034404984833280305
2025-11-30,ABT,Healthcare,-0.028006087915607214,0.0010440228790229373
2025-11-30,AMGN,Healthcare,-0.05253860165694524,0.0364570992017699
2025-11-30,BAX,Healthcare,0.01974393734793667,-0.0029872201637008615
2025-11-30,BIIB,Healthcare,-0.03349986801805005,-0.021478410279022062
2025-11-30,BMY,Healthcare,0.09634140503311617,0.05674614038235609
2025-11-30,BSX,Healthcare,-0.061331002605170104,-0.002017110603461358
2025-11-30,CI,Healthcare,-0.0018173408819567305,-0.03845611695466176
2025-11-30,CVS,Healthcare,-0.01244407278998505,-0.011731490128137352
2025-11-30,DHR,Healthcare,0.010833930840747685,0.009662054698733186
2025-11-30,EW,Healthcare,-0.016383964450735533,0.00016301073278220959
2025-11-30,GILD,Healthcare,-0.01819239807371653,0.02253530518373792
2025-11-30,HUM,Healthcare,0.0457230145626788,-0.0489742631113449
2025-11-30,ISRG,Healthcare,-0.012415420519767406,0.0554273864500032
2025-11-30,JNJ,Healthcare,0.00014500704277553567,0.01419922954302651
2025-11-30,LLY,Healthcare,-0.0007344606432556633,0.011015678589985605
2025-11-30,MDT,Healthcare,-0.08130335835874092,0.028765538996512754
2025-11-30,MRK,Healthcare,0.01268390996555735,0.04581285692630111
2025-11-30,PFE,Healthcare,-0.032634012964370296,0.06026131126199499
2025-11-30,REGN,Healthcare,-0.01066406104669948,0.11206172979765787
2025-11-30,SYK,Healthcare,-0.05074198786250517,0.027173783064974772
2025-11-30,TMO,Healthcare,-0.01852362947649633,-0.039169297874892345
2025-11-30,UNH,Healthcare,0.007761386515283464,-0.05776863501169496
2025-11-30,VRTX,Healthcare,0.045547844070027876,0.03472234895085954
2025-11-30,ZBH,Healthcare,-0.07548178229363056,0.006905171547232899
2025-11-30,A,Healthcare,-0.11355042890150246,0.00019959480123847334
2025-11-30,ACAD,Healthcare,0.06669321517116011,0.10186053939709447
2025-11-30,ALGN,Healthcare,0.06087364159563036,-0.07408029492745674
2025-11-30,ALKS,Healthcare,-0.05409061479366173,0.003918284461286259
2025-11-30,BDX,Healthcare,0.005702041098100796,0.02233020337350636
2025-11-30,DGX,Healthcare,-0.08272547010016007,-0.004591035932616138
2025-11-30,DXCM,Healthcare,0.04569090074214399,0.003951764333732951
2025-11-30,FOLD,Healthcare,0.43403820075371957,-0.07267265599783183
2025-11-30,HOLX,Healthcare,-0.006402605697184427,-0.04388037750042833
2025-11-30,IDXX,Healthcare,-0.10141055027463708,0.09258242064922857
2025-11-30,INSP,Healthcare,-0.258660874189626,0.16831545045767993
2025-11-30,IQV,Healthcare,-0.01999909114640608,-0.04044841551418953
2025-11-30,MASI,Healthcare,-0.0868496507287323,-0.003156327932236624
2025-11-30,MTD,Healthcare,-0.055887392961564086,-0.006831100155214335
2025-11-30,NBIX,Healthcare,-0.067889074542833,-0.002396291866176854
2025-11-30,NTRA,Healthcare,-0.04070181868461453,0.042753430637819854
2025-11-30,NVCR,Healthcare,0.009367672258255189,-0.003766516576518542
2025-11-30,PODD,Healthcare,-0.13126932940049962,0.004094397011296829
2025-11-30,RARE,Healthcare,-0.3381294964028777,0.037630499971741546
2025-11-30,RMD,Healthcare,-0.058476344817295356,0.006378053801976794
2025-11-30,WAT,Healthcare,-0.05847510304466952,-0.0039941051806245565
2025-11-30,AAPL,Technology,-0.025067328015739188,0.053695148471522354
2025-11-30,ADBE,Technology,0.09327456001037171,-0.009721542532948109
2025-11-30,AMAT,Technology,0.018790900342950057,0.03229685921456191
2025-11-30,AMD,Technology,-0.015492093670292584,0.09458205513386339
2025-11-30,AVGO,Technology,-0.13946231378771579,0.11703499790473977
2025-11-30,CDNS,Technology,0.0023729805126511128,0.06866455994240833
2025-11-30,CRM,Technology,0.15093958544633979,0.023819231083363458
2025-11-30,CRWD,Technology,-0.07934636186249766,0.011058326628947145
2025-11-30,FTNT,Technology,-0.0212004640643092,0.025643965939355712
2025-11-30,GOOGL,Technology,-0.021785505503499225,0.09439763554814125
2025-11-30,INTC,Technology,-0.09023667957324677,0.15618750330854372
2025-11-30,INTU,Technology,0.04469466722887949,0.03798257057139491
2025-11-30,KLAC,Technology,0.03369715608497237,-0.024803521579533555
2025-11-30,LRCX,Technology,0.09911415830226944,0.03958467839016337
2025-11-30,META,Technology,0.019566839474451037,0.06371266596556587
2025-11-30,MSFT,Technology,-0.017052532502935924,0.04004271497640059
2025-11-30,MU,Technology,0.20739726151245153,0.00432810309782272
2025-11-30,NET,Technology,-0.015284015357714176,0.0440708245891694
2025-11-30,NOW,Technology,-0.05718782692643598,0.04549155138684487
2025-11-30,NVDA,Technology,0.0537310630129606,0.06434764469075621
2025-11-30,ORCL,Technology,-0.03486007733371632,0.09545374838044934
2025-11-30,PANW,Technology,-0.031189227277542586,0.02820420101671225
2025-11-30,QCOM,Technology,0.02280931402820463,0.018570160968501944
2025-11-30,SNPS,Technology,0.12370515118542613,-0.08513685402456563
2025-11-30,TXN,Technology,0.031021551456442698,0.10907991160496269
2025-11-30,ACN,Technology,0.07319994974833244,0.018009966976982063
2025-11-30,ADI,Technology,0.02569475086132167,0.032715500800582484
2025-11-30,ANET,Technology,0.00267834498876951,-0.022055430408766778
2025-11-30,CGNX,Technology,-0.05564298693028236,0.1815310646212566
2025-11-30,COHU,Technology,-0.04317431127616367,0.11383789569935406
2025-11-30,CSCO,Technology,0.0011696970875445523,0.051024164768981965
2025-11-30,DELL,Technology,-0.05601805098267065,0.056380228678011846
2025-11-30,ENTG,Technology,0.09217012780723643,-0.004947127318603601
2025-11-30,FORM,Technology,0.013813128229917426,0.14516657386770457
2025-11-30,HPQ,Technology,-0.07676720329376818,0.06280636274599435
2025-11-30,IBM,Technology,-0.040086829168831994,0.07665248118797763
2025-11-30,IPGP,Technology,-0.10095430659398497,0.1344547427881351
2025-11-30,KEYS,Technology,0.0264713593025927,0.04250345350011564
2025-11-30,MCHP,Technology,0.18924975460949578,0.14938212065891363
2025-11-30,MKSI,Technology,0.021804534922922336,0.14552304825802595
2025-11-30,MPWR,Technology,-0.02184623654097162,0.05473498070727509
2025-11-30,MRVL,Technology,-0.04944071257677052,0.1588275353338188
2025-11-30,NXPI,Technology,0.11844386789783634,0.018730334263770188
2025-11-30,ONTO,Technology,0.10268228955160952,0.30173241275333806
2025-11-30,QRVO,Technology,-0.016067030658103443,0.02395071129373343
2025-11-30,STX,Technology,-0.0020870476097212265,0.12680368032145758
2025-11-30,SWKS,Technology,-0.03851399257182431,0.058107888091037466
2025-11-30,TER,Technology,0.06415961715301788,0.004311213677154349
2025-11-30,VRSN,Technology,-0.035874456359916596,0.057208057948181935
2025-11-30,WDC,Technology,0.05558396142738298,-0.009826823702883382
2025-12-31,AMZN,Consumer,0.036738564502459825,0.14811743003626912
2025-12-31,AZO,Consumer,0.09222763941102752,0.0270377524755691
2025-12-31,BKNG,Consumer,-0.06600715956187608,0.09475672820132278
2025-12-31,CMG,Consumer,0.05054051167256124,-0.00691042835242856
2025-12-31,COST,Consumer,0.09183674193653713,0.04086624202904693
2025-12-31,DG,Consumer,0.08489638216887574,0.07475506919651781
2025-12-31,DLTR,Consumer,-0.04406150478997084,0.08646537159881665
2025-12-31,DRI,Consumer,0.09139055331320445,0.023233285154558303
2025-12-31,EBAY,Consumer,0.04730200812368568,0.028780993910094168
2025-12-31,HD,Consumer,0.08860795319102044,0.08483218519761483
2025-12-31,HLT,Consumer,0.039199350861793825,0.025866793772780675
2025-12-31,KR,Consumer,0.005921878016271087,0.006098134654323204
2025-12-31,LOW,Consumer,0.11237087561111658,0.06478008792366223
2025-12-31,LULU,Consumer,-0.1602906402479588,0.06377678956217839
2025-12-31,MAR,Consumer,0.016309920621623064,-0.013567466009192106
2025-12-31,MCD,Consumer,0.03065803455662164,0.02747408607876778
2025-12-31,MGM,Consumer,-0.08084408405714827,0.05522783241474165
2025-12-31,NKE,Consumer,-0.0298226093916788,0.09939133859105159
2025-12-31,ORLY,Consumer,0.07893876384066778,0.04634576017070384
2025-12-31,ROST,Consumer,0.04724098114029496,0.0926859047098671
2025-12-31,SBUX,Consumer,0.09191310028186761,0.023317457920814386
2025-12-31,TGT,Consumer,0.07897695977086072,0.1855577969391621
2025-12-31,TJX,Consumer,-0.02473800141932081,0.049786377762346255
2025-12-31,WMT,Consumer,0.06938325273239743,0.07495243630512628
2025-12-31,YUM,Consumer,0.027895280501118558,0.015694273014931388
2025-12-31,BBY,Consumer,-0.02734206835256703,0.10886962112902657
2025-12-31,CCL,Consumer,-0.017026829200652904,0.2149643279501138
2025-12-31,CHDN,Consumer,-0.1355246821443199,0.05551190338484401
2025-12-31,CMCSA,Consumer,0.07445213570766751,0.05475689393404255
2025-12-31,CZR,Consumer,-0.1150063572853054,-0.07502833781562741
2025-12-31,DIS,Consumer,-0.008525917376545067,0.17976647995321612
2025-12-31,DKNG,Consumer,-0.20168308300165982,-0.0050778070411534
2025-12-31,F,Consumer,0.05792687787882911,0.04767152940066466
2025-12-31,FOX,Consumer,0.009856690102742816,0.05656653351160262
2025-12-31,GM,Consumer,0.032956204753668894,0.10935462904175418
2025-12-31,GRMN,Consumer,-0.005965088709900868,0.039224787153509376
2025-12-31,H,Consumer,-0.024638245711406492,-0.0349800642989069
2025-12-31,IHG,Consumer,-0.025491741213654162,0.08435124210811001
2025-12-31,LVS,Consumer,-0.1898908972140404,-0.0018635399362382904
2025-12-31,NCLH,Consumer,-0.016129059824093184,0.1689720000806992
2025-12-31,NFLX,Consumer,-0.1095350260075606,0.04647107979533117
2025-12-31,PENN,Consumer,-0.1294915150787871,0.0713438992941378
2025-12-31,POOL,Consumer,0.11077592494895816,0.07880886662828135
2025-12-31,RCL,Consumer,0.16395371885263343,0.11290869048103819
2025-12-31,SIRI,Consumer,0.017500087654981566,0.030121185945796613
2025-12-31,TSLA,Consumer,-0.04293782243658151,0.229862404781688
2025-12-31,WBD,Consumer,-0.0444135597796953,0.1954626104444532
2025-12-31,WYNN,Consumer,-0.10703902235472329,0.12559388960288864
2025-12-31,APA,Energy,0.089989555283299,0.09278775700135324
2025-12-31,BA,Energy,0.07645544619027844,0.026913904351188532
2025-12-31,CAT,Energy,0.15017022961203486,0.04489563378274176
2025-12-31,COP,Energy,0.11344943664442853,0.04135917271800776
2025-12-31,CVX,Energy,0.16068496243117503,0.0957649046136037
2025-12-31,DE,Energy,0.13409366242534837,0.07648745184526966
2025-12-31,DVN,Energy,0.09773406632565784,0.04304059699347743
2025-12-31,EOG,Energy,0.07798210640068715,0.015477357638472054
2025-12-31,FDX,Energy,0.11559237877346518,0.09278775700135324
2025-12-31,GD,Energy,0.04712236113451751,0.041574285099953937
2025-12-31,GE,Energy,-0.004025560468486233,0.04489563378274176
2025-12-31,HAL,Energy,0.18612880549910504,0.04601774460572793
2025-12-31,HON,Energy,0.16623106516887143,0.02695540421934007
2025-12-31,LMT,Energy,0.311265877790873,0.0913214451078297
2025-12-31,MMM,Energy,-0.043347894067499615,0.04435312584557554
2025-12-31,MPC,Energy,0.08337946734989332,0.09442758119335196
2025-12-31,NOC,Energy,0.21404392700345065,0.041574285099953937
2025-12-31,OXY,Energy,0.10384248494326576,0.04135917271800776
2025-12-31,PSX,Energy,0.11252326665818213,0.09686232108375567
2025-12-31,RTX,Energy,0.09558343481909493,0.04325570937542361
2025-12-31,SLB,Energy,0.26055237977929435,0.09278775700135324
2025-12-31,UNP,Energy,0.01634098374395765,0.05973409791930465
2025-12-31,UPS,Energy,0.07087408193542788,0.09278775700135324
2025-12-31,VLO,Energy,0.11450331646697953,0.08303020102211345
2025-12-31,XOM,Energy,0.17500408136799028,0.04135917271800776
2025-12-31,AME,Energy,0.09093561139650919,0.04456823822752172
2025-12-31,BE,Energy,0.7420876531300888,0.14235759398934164
2025-12-31,BKR,Energy,0.23056649345532798,0.09278775700135324
2025-12-31,CTRA,Energy,0.09612465628131983,0.07480602756979997
2025-12-31,EMR,Energy,0.10729365475153552,0.07624951545733438
2025-12-31,ENPH,Energy,0.15382216606966548,0.038874468045046066
2025-12-31,ETN,Energy,0.10332488089520564,0.09431539823539756
2025-12-31,FSLR,Energy,-0.1366994801976873,0.03328304101423765
2025-12-31,FTV,Energy,-0.04347039354229565,0.016223785751594593
2025-12-31,GNRC,Energy,0.232235823882887,0.09431539823539756
2025-12-31,HUBB,Energy,0.09869185059036711,0.09431539823539756
2025-12-31,MTDR,Energy,0.0659755893118128,0.026740291837393886
2025-12-31,PH,Energy,0.06471281803400175,0.09442768140867142
2025-12-31,PLUG,Energy,0.0761420582590917,0.08495850292718642
2025-12-31,PR,Energy,0.14967925404116333,0.04580263222378175
2025-12-31,ROK,Energy,0.08373813688672627,0.07603440307538822
2025-12-31,ROP,Energy,-0.1643104859369211,0.0012894002277266325
2025-12-31,SM,Energy,0.04117637740131497,0.06510927256894762
2025-12-31,VRSK,Energy,-0.027851012286620014,-0.02642877278827117
2025-12-31,WMB,Energy,0.11894858361031835,0.05805267364383497
2025-12-31,XYL,Energy,0.012410090869270807,0.09633100535257932
2025-12-31,AXP,Financials,-0.04594587914908632,0.04445491863594014
2025-12-31,BAC,Financials,-0.032727224789844356,0.0693238359381887
2025-12-31,BK,Financials,0.03756732735557189,0.06653329919824817
2025-12-31,BLK,Financials,0.045406128342753815,0.05988209600745196
2025-12-31,C,Financials,-0.008398328931765398,0.048924976812874506
2025-12-31,CFG,Financials,0.07823994729359351,0.041625581721605256
2025-12-31,CME,Financials,0.058517644991100015,0.03966022654119104
2025-12-31,COF,Financials,-0.09667439856581295,0.05963538088437642
2025-12-31,FITB,Financials,0.07284765652463321,0.054365756272495805
2025-12-31,GS,Financials,0.06417520251964581,0.03447538629483153
2025-12-31,HBAN,Financials,0.00749279577309081,0.04036610310519031
2025-12-31,ICE,Financials,0.07298096329189141,0.03256114564777422
2025-12-31,JPM,Financials,-0.04639747673767136,0.0788662330949895
2025-12-31,KEY,Financials,0.04263574066476705,0.05739286679465113
2025-12-31,MCO,Financials,0.009219962054502373,0.04977484347388901
2025-12-31,MS,Financials,0.03536145846574823,0.061112015142446366
2025-12-31,MTB,Financials,0.09971217682235656,0.06360104341933308
2025-12-31,PNC,Financials,0.07801461187770498,0.05200980003439656
2025-12-31,RF,Financials,0.05166051975166752,0.045935110605318075
2025-12-31,SCHW,Financials,0.04013606276141979,0.052003303888424744
2025-12-31,SPGI,Financials,0.009950295349274718,0.0468979692956026
2025-12-31,STT,Financials,0.020987780677799828,0.06139920287159582
2025-12-31,TFC,Financials,0.044909522758803,0.06154852970402211
2025-12-31,USB,Financials,0.05153670500890395,0.07022371133902812
2025-12-31,WFC,Financials,-0.02907718257173897,0.06251607621458873
2025-12-31,AFL,Financials,0.006166688101480355,0.025477480442211823
2025-12-31,AJG,Financials,-0.03640026481565395,0.048627684135176555
2025-12-31,ALL,Financials,-0.04400668963394816,0.010601995350896211
2025-12-31,AMTD,Financials,-0.005076137217272736,-0.006274494690519829
2025-12-31,AON,Financials,-0.009181593146750489,0.022852539182669315
2025-12-31,CB,Financials,-0.00820195647046884,0.039491640473761726
2025-12-31,FDS,Financials,-0.12347081911136526,-0.03200673952739064
2025-12-31,FNF,Financials,-0.0036637088305202514,-0.007813616158690145
2025-12-31,GL,Financials,0.0045335068063963035,0.03489145279922867
2025-12-31,HIG,Financials,-0.019883935129556884,0.024369936368376317
2025-12-31,IBKR,Financials,0.1643600695280727,0.04790291939286048
2025-12-31,LPLA,Financials,0.020522433055931044,0.01939648513463679
2025-12-31,MET,Financials,-0.0007601327920546685,0.08955225649513761
2025-12-31,MSCI,Financials,0.061858304927474794,0.0458369116653098
2025-12-31,NDAQ,Financials,-0.0024709171989799605,0.04963777750796706
2025-12-31,PGR,Financials,-0.02858211129863719,-0.029852668405860212
2025-12-31,PRU,Financials,-0.015680395138860326,0.06063242038971286
2025-12-31,RJF,Financials,0.0363011460951177,0.06836561191520865
2025-12-31,SEIC,Financials,0.07108024956920711,0.06063583655207353
2025-12-31,SF,Financials,-0.015333119346817137,0.062088801430473094
2025-12-31,SYF,Financials,-0.1294499330643739,0.04502901482058886
2025-12-31,TRV,Financials,-0.019133910765578133,0.01593670569714722
2025-12-31,UNM,Financials,-0.01379541762108405,0.03565369697548286
2025-12-31,WTW,Financials,-0.0338709337762253,0.04235611875989477
2025-12-31,ABBV,Healthcare,-0.016130780632501618,0.014943084441347424
2025-12-31,ABT,Healthcare,-0.12320487477749642,0.020228365648533315
2025-12-31,AMGN,Healthcare,0.04451443779498221,0.07980187344240249
2025-12-31,BAX,Healthcare,0.05023545011929542,0.07572058664617297
2025-12-31,BIIB,Healthcare,0.022160314647162505,0.01643251450952043
2025-12-31,BMY,Healthcare,0.03263932346038301,0.021438053299925798
2025-12-31,BSX,Healthcare,-0.0190875692076512,0.021584401260966782
2025-12-31,CI,Healthcare,-0.00406942506047836,-0.023896451526901962
2025-12-31,CVS,Healthcare,-0.0532620634164328,0.03884081570066876
2025-12-31,DHR,Healthcare,-0.04381444176979277,0.03845193739558524
2025-12-31,EW,Healthcare,-0.045630491374175186,0.04673455462610666
2025-12-31,GILD,Healthcare,0.15650972758583848,0.02662145828990012
2025-12-31,HUM,Healthcare,-0.2378870117064238,0.04159082657698121
2025-12-31,ISRG,Healthcare,-0.10971817525612548,0.047595346336148335
2025-12-31,JNJ,Healthcare,0.09809126944006041,0.013940918267517562
2025-12-31,LLY,Healthcare,-0.034922079710004716,0.03347890176220103
2025-12-31,MDT,Healthcare,0.07183014809498656,0.04779304924678996
2025-12-31,MRK,Healthcare,0.04759637718377574,0.06225377931014152
2025-12-31,PFE,Healthcare,0.07963445854974882,0.031059746270448527
2025-12-31,REGN,Healthcare,-0.03941074444364567,0.029801834468572125
2025-12-31,SYK,Healthcare,0.05146949866314232,0.028005338775292144
2025-12-31,TMO,Healthcare,-0.001449759303052689,0.05911918783624094
2025-12-31,UNH,Healthcare,-0.13080488015295522,0.02636715072463435
2025-12-31,VRTX,Healthcare,0.036483168076899775,0.03797577486151745
2025-12-31,ZBH,Healthcare,-0.03169479520932106,0.0369288159432253
2025-12-31,A,Healthcare,-0.014556975779133507,0.018029819064901215
2025-12-31,ACAD,Healthcare,-0.059153874124411976,0.1102049173869692
2025-12-31,ALGN,Healthcare,0.04406023151927507,-0.005682420555256741
2025-12-31,ALKS,Healthcare,0.2112222996462474,0.05437273081630722
2025-12-31,BDX,Healthcare,0.04848760873339586,0.022936508369129777
2025-12-31,DGX,Healthcare,0.08271951105368047,0.050704965345313685
2025-12-31,DXCM,Healthcare,0.10049718084859971,0.017206443908186507
2025-12-31,FOLD,Healthcare,0.0035112494057951693,0.049293588411807705
2025-12-31,HOLX,Healthcare,0.005906866076314632,0.05103898561770648
2025-12-31,IDXX,Healthcare,-0.008972265917785438,0.04366537285729885
2025-12-31,INSP,Healthcare,-0.17835849483789545,0.025605246350921478
2025-12-31,IQV,Healthcare,0.021028304677552123,0.025542263391432205
2025-12-31,MASI,Healthcare,0.055897312078494465,0.032280755720026255
2025-12-31,MTD,Healthcare,-0.015026611905364806,0.018112812820890275
2025-12-31,NBIX,Healthcare,-0.04068253682555867,0.033502992893163296
2025-12-31,NTRA,Healthcare,0.00894846167239094,0.061423309703899996
2025-12-31,NVCR,Healthcare,-0.04098999799971792,0.014139242803973672
2025-12-31,PODD,Healthcare,-0.10002108659073206,-0.00024355448374042556
2025-12-31,RARE,Healthcare,0.0465217258619226,0.013196818267408102
2025-12-31,RMD,Healthcare,0.07240423704733745,0.042899350887514974
2025-12-31,WAT,Healthcare,-0.02398437636210493,0.016549034853649964
2025-12-31,AAPL,Technology,-0.045538079860853675,0.1676405015039235
2025-12-31,ADBE,Technology,-0.16211889430431536,0.0626099542624152
2025-12-31,AMAT,Technology,0.25421223488236633,0.17394854374980695
2025-12-31,AMD,Technology,0.10538845573162892,0.26399825456305287
2025-12-31,AVGO,Technology,-0.04276227516100406,0.09310452846692673
2025-12-31,CDNS,Technology,-0.05189072211106904,0.09729397755597838
2025-12-31,CRM,Technology,-0.1986335470437116,0.10581797135967158
2025-12-31,CRWD,Technology,-0.058356110624721014,0.13785314086737965
2025-12-31,FTNT,Technology,0.02329679371370963,0.09599719917755863
2025-12-31,GOOGL,Technology,0.07987223159262968,0.11075806764926666
2025-12-31,INTC,Technology,0.2593495745010346,0.16474789824809868
2025-12-31,INTU,Technology,-0.2454350382906586,0.09215893966206613
2025-12-31,KLAC,Technology,0.17518185763268912,0.260212541667309
2025-12-31,LRCX,Technology,0.3638276819859514,0.27926319626760776
2025-12-31,META,Technology,0.08545806027820779,0.12051480708214274
2025-12-31,MSFT,Technology,-0.11027253387667912,0.11520639602943104
2025-12-31,MU,Technology,0.45362804795864275,0.17281105704718627
2025-12-31,NET,Technology,-0.10043108499087727,0.24803619154928913
2025-12-31,NOW,Technology,-0.2361772943963122,0.13651343898534996
2025-12-31,NVDA,Technology,0.02482571515839349,0.2388864526182892
2025-12-31,ORCL,Technology,-0.15337820870909336,0.23466402271575684
2025-12-31,PANW,Technology,-0.0392507917878554,0.17600315799789443
2025-12-31,QCOM,Technology,-0.11376794139275959,0.10761096149678308
2025-12-31,SNPS,Technology,-0.00979308117934341,0.24720280203260464
2025-12-31,TXN,Technology,0.250544398871003,0.12010553642050933
2025-12-31,ACN,Technology,-0.01736852217751761,0.0697577168457486
2025-12-31,ADI,Technology,0.14631271473357477,0.0676165470318043
2025-12-31,ANET,Technology,0.08173705879297777,0.328557816961596
2025-12-31,CGNX,Technology,0.0767092387867927,0.13486169766939685
2025-12-31,COHU,Technology,0.2264718673868964,0.2548674360918076
2025-12-31,CSCO,Technology,0.022187366973509537,0.07162767591496279
2025-12-31,DELL,Technology,-0.0869029199410899,0.15099595687542122
2025-12-31,ENTG,Technology,0.4025891117022178,0.17037953740131892
2025-12-31,FORM,Technology,0.2637145824021132,0.25747740953633497
2025-12-31,HPQ,Technology,-0.12746857512768783,0.02207932829278736
2025-12-31,IBM,Technology,0.035414104156972215,0.1814138206228037
2025-12-31,IPGP,Technology,0.2906425367524246,0.09880214221273348
2025-12-31,KEYS,Technology,0.06466853305657905,0.06921427508025828
2025-12-31,MCHP,Technology,0.19146257575331482,0.21871569444313807
2025-12-31,MKSI,Technology,0.47315392846202475,0.15521743828247425
2025-12-31,MPWR,Technology,0.240290868419071,0.10814265697276004
2025-12-31,MRVL,Technology,-0.07064265894562305,0.19215392369398798
2025-12-31,NXPI,Technology,0.04183171045379397,0.11207073461292244
2025-12-31,ONTO,Technology,0.2799315993320002,0.10119190743775547
2025-12-31,QRVO,Technology,-0.07573069890072981,0.12233433966907462
2025-12-31,STX,Technology,0.48040954829708626,0.17055865538365791
2025-12-31,SWKS,Technology,-0.12064345073252702,0.12408191315858627
2025-12-31,TER,Technology,0.2453502984184508,0.16958240322971432
2025-12-31,VRSN,Technology,0.0052685624077370985,0.05177709208918759
2025-12-31,WDC,Technology,0.45254537955915763,0.17496234647031658
2026-01-31,AMZN,Consumer,-0.12244046250772744,0.01782958542595132
2026-01-31,AZO,Consumer,0.013846118560273624,0.016269049972615565
2026-01-31,BKNG,Consumer,-0.15244180652168116,-0.03226253318526186
2026-01-31,CMG,Consumer,-0.04244913188891708,0.06551704873609056
2026-01-31,COST,Consumer,0.07502261463907423,0.028733604474389145
2026-01-31,DG,Consumer,0.08931197854002759,0.06739313652054124
2026-01-31,DLTR,Consumer,0.07560172885368455,-0.0036908881370544874
2026-01-31,DRI,Consumer,0.07273638271530958,0.030406673724074205
2026-01-31,EBAY,Consumer,-0.003946527816647616,0.008583208816768132
2026-01-31,HD,Consumer,0.016364572366529773,0.04502510243071438
2026-01-31,HLT,Consumer,0.0449472024023827,0.006462756228849462
2026-01-31,KR,Consumer,0.09120491706029243,0.002685820817237674
2026-01-31,LOW,Consumer,-0.009323686540786191,0.01704837256400493
2026-01-31,LULU,Consumer,0.06114612131200747,-0.059813270351019514
2026-01-31,MAR,Consumer,0.08591911849559919,-0.004111961262691299
2026-01-31,MCD,Consumer,0.08273012631788146,0.05948013357770933
2026-01-31,MGM,Consumer,0.0989862732319493,-0.001511683234952476
2026-01-31,NKE,Consumer,0.0059861032495642785,0.01873427034499929
2026-01-31,ORLY,Consumer,-0.046031970735873284,-0.029115973307672727
2026-01-31,ROST,Consumer,0.09006101653810239,0.08589017834050247
2026-01-31,SBUX,Consumer,0.07288879313260432,0.037548877387965904
2026-01-31,TGT,Consumer,0.08985769948400368,0.019109608969206916
2026-01-31,TJX,Consumer,0.08215106244782455,0.03251692966669342
2026-01-31,WMT,Consumer,0.07394659949492866,0.0006878860821051817
2026-01-31,YUM,Consumer,0.08639893455256487,0.04640363996926586
2026-01-31,BBY,Consumer,-0.04807982091217955,0.01939356936201042
2026-01-31,CCL,Consumer,0.055824047772132346,0.08361466788700064
2026-01-31,CHDN,Consumer,-0.065372105177672,-0.03312451941670096
2026-01-31,CMCSA,Consumer,0.04067222781262636,0.011088285494413597
2026-01-31,CZR,Consumer,0.21014484607697104,-0.036890466843692696
2026-01-31,DIS,Consumer,-0.05992909533104063,-0.034631929154301556
2026-01-31,DKNG,Consumer,-0.1334060358327781,0.06092611202676238
2026-01-31,F,Consumer,0.026123853397384433,0.10394855846774545
2026-01-31,FOX,Consumer,-0.21107209038739072,0.034230305258532635
2026-01-31,GM,Consumer,-0.06297619090971995,0.12171369636809641
2026-01-31,GRMN,Consumer,0.25386832465501574,0.0015016666186921936
2026-01-31,H,Consumer,0.032806763905029124,0.045177485085103636
2026-01-31,IHG,Consumer,0.013115683453108318,0.0025028477296215436
2026-01-31,LVS,Consumer,0.08128077556621194,0.043296982570762726
2026-01-31,NCLH,Consumer,0.12887076270671205,0.03314535134773092
2026-01-31,NFLX,Consumer,0.15271290365588652,-0.022815382603677388
2026-01-31,PENN,Consumer,0.21806854808880405,0.008325320188948925
2026-01-31,POOL,Consumer,-0.10590735305560162,0.052159424320000404
2026-01-31,RCL,Consumer,-0.042168517005257256,0.03532615024162271
2026-01-31,SIRI,Consumer,0.09294359334404811,0.03950799354804842
2026-01-31,TSLA,Consumer,-0.06482189925675397,0.026142049279344517
2026-01-31,WBD,Consumer,0.022875785759738365,-0.03285114071978187
2026-01-31,WYNN,Consumer,0.009083091303764723,-0.01371339171221017
2026-01-31,APA,Energy,0.1499431962846458,0.026606786952341237
2026-01-31,BA,Energy,-0.026484692833631307,0.026128975363868403
2026-01-31,CAT,Energy,0.13002011866168428,0.030780938210669944
2026-01-31,COP,Energy,0.09702533317006168,0.025157170619929694
2026-01-31,CVX,Energy,0.0660652850398924,0.0238494366767819
2026-01-31,DE,Energy,0.1926325867274845,0.025635195063177577
2026-01-31,DVN,Energy,0.0825665282064032,0.03570968563382632
2026-01-31,EOG,Energy,0.10657281685676145,0.00811152712419365
2026-01-31,FDX,Energy,0.20093098218573058,0.014220705521041061
2026-01-31,GD,Energy,0.016975674522262896,0.024848055375029425
2026-01-31,GE,Energy,0.11561651248342342,0.02522159809394591
2026-01-31,HAL,Energy,0.07398559722218101,0.04272978441438384
2026-01-31,HON,Energy,0.075946501365598,0.026393663904247217
2026-01-31,LMT,Energy,0.037621032478328154,0.02547662999425647
2026-01-31,MMM,Energy,0.0842374639935568,0.02603361954887315
2026-01-31,MPC,Energy,0.13061655240003445,0.023178325455425985
2026-01-31,NOC,Energy,0.04975013661156269,0.025635195063177577
2026-01-31,OXY,Energy,0.16942056432736097,0.0361564170741184
2026-01-31,PSX,Energy,0.08385886668686315,0.03981735661758265
2026-01-31,RTX,Energy,0.011760245451350793,0.026434977857800895
2026-01-31,SLB,Energy,0.0674401277393335,0.025157170619929694
2026-01-31,UNP,Energy,0.1329849162432153,0.008250168748663292
2026-01-31,UPS,Energy,0.10692075774332821,0.016281918937543736
2026-01-31,VLO,Energy,0.13482644448654613,0.02902937514218265
2026-01-31,XOM,Energy,0.08568940599419994,0.02335231113790195
2026-01-31,AME,Energy,0.06804182870781816,0.02671103281352402
2026-01-31,BE,Energy,0.02840723518837951,0.2102778591332283
2026-01-31,BKR,Energy,0.16891840798959978,0.023594137870863067
2026-01-31,CTRA,Energy,0.06031192939024921,0.015441190961740972
2026-01-31,EMR,Energy,0.029731188365761163,0.013155871245530018
2026-01-31,ENPH,Energy,0.14305032398622464,-0.008419413354915159
2026-01-31,ETN,Energy,0.06971710354843608,0.025368972009495328
2026-01-31,FSLR,Energy,-0.12557647564605434,0.03361946139080433
2026-01-31,FTV,Energy,0.12099980243973896,0.02021101812651885
2026-01-31,GNRC,Energy,0.34116879386822574,0.025591605076892336
2026-01-31,HUBB,Energy,0.051399184196475156,0.02475839416722402
2026-01-31,MTDR,Energy,0.14481457918286922,0.024838042482464545
2026-01-31,PH,Energy,0.08037784201543619,0.025684031017076853
2026-01-31,PLUG,Energy,-0.1556603497735698,0.11338236387780523
2026-01-31,PR,Energy,0.13391201614232173,0.04277487388363492
2026-01-31,ROK,Energy,-0.030321636248290096,0.013155871245530018
2026-01-31,ROP,Energy,-0.057915608099008864,0.007415565681689495
2026-01-31,SM,Energy,0.1879814606913086,-0.01231992568305102
2026-01-31,VRSK,Energy,-0.045479652530854064,0.006336682132022311
2026-01-31,WMB,Energy,0.11091290489639549,0.012120455807497675
2026-01-31,XYL,Energy,-0.057088137837568276,0.02546383992671667
2026-01-31,AXP,Financials,-0.1228668740231268,-0.00802586480808306
2026-01-31,BAC,Financials,-0.06334584805733334,0.04411946828879273
2026-01-31,BK,Financials,-0.0068378861329145835,0.01610629456347915
2026-01-31,BLK,Financials,-0.04978822588814413,0.015200224337522111
2026-01-31,C,Financials,-0.042741653055675566,0.04090463997175556
2026-01-31,CFG,Financials,-0.037589011109313786,0.024170606004867527
2026-01-31,CME,Financials,0.10530689820340378,0.009798222562837555
2026-01-31,COF,Financials,-0.1029617355387975,0.013731410472907353
2026-01-31,FITB,Financials,-0.01493429952127745,0.016015513297723667
2026-01-31,GS,Financials,-0.08107671471311839,0.016436970062748017
2026-01-31,HBAN,Financials,-0.0389016885991067,-0.011404579751857174
2026-01-31,ICE,Financials,-0.055529980424894876,0.014059784859239177
2026-01-31,JPM,Financials,-0.018274596364674878,-0.006346924841377427
2026-01-31,KEY,Financials,-0.03624540964367995,0.012938188261502549
2026-01-31,MCO,Financials,-0.07364809215351609,-0.011975842495101282
2026-01-31,MS,Financials,-0.08911387221072264,0.024161282665928922
2026-01-31,MTB,Financials,-0.02071588854950157,0.014973518225622302
2026-01-31,PNC,Financials,-0.04903713019434219,0.01507724818136655
2026-01-31,RF,Financials,-0.02350876460404161,-0.0013540808760387167
2026-01-31,SCHW,Financials,-0.08081710129509345,0.021427623453110205
2026-01-31,SPGI,Financials,-0.1608269001375524,0.0013278832843001014
2026-01-31,STT,Financials,-0.017117495703781627,0.039686221020424316
2026-01-31,TFC,Financials,-0.031361133862327195,0.026450966334718915
2026-01-31,USB,Financials,-0.025842093177676162,0.014329382364502668
2026-01-31,WFC,Financials,-0.09547673722370409,0.007085335891851394
2026-01-31,AFL,Financials,0.023253818840736518,0.004243192552557804
2026-01-31,AJG,Financials,-0.08489392647605887,-0.00778001539283877
2026-01-31,ALL,Financials,0.07804411347852236,-0.003966995072072463
2026-01-31,AMTD,Financials,0.04081628681073313,-0.0064689823231765965
2026-01-31,AON,Financials,-0.04052741002579974,0.017002669884670234
2026-01-31,CB,Financials,0.10111119394617618,0.030792202833067692
2026-01-31,FDS,Financials,-0.14322703109473134,-0.040713440416344567
2026-01-31,FNF,Financials,-0.027762432555176297,0.007088574916141855
2026-01-31,GL,Financials,0.03594337786860713,-0.004662393916831712
2026-01-31,HIG,Financials,0.04272179492081585,-0.03211422017525552
2026-01-31,IBKR,Financials,-0.04825757282127752,0.0025990265737880834
2026-01-31,LPLA,Financials,-0.17591220132678187,-0.010823078216781742
2026-01-31,MET,Financials,-0.0797862060070551,0.02483179529648791
2026-01-31,MSCI,Financials,-0.05767431343946661,0.03162755951676868
2026-01-31,NDAQ,Financials,-0.0960883373055883,0.013984039623179168
2026-01-31,PGR,Financials,0.027211544432144574,0.05587226858585665
2026-01-31,PRU,Financials,-0.10256069054356165,0.002610556200063977
2026-01-31,RJF,Financials,-0.07705298846772757,0.027633922019958252
2026-01-31,SEIC,Financials,-0.07433123383855822,0.017896017254017748
2026-01-31,SF,Financials,-0.09914832643940141,0.03646386778147176
2026-01-31,SYF,Financials,-0.044591000997898145,0.02961105459300723
2026-01-31,TRV,Financials,0.08481246635805784,-0.0009949477306069692
2026-01-31,UNM,Financials,-0.05581153361044222,-0.0014036673420958832
2026-01-31,WTW,Financials,-0.03874382775257135,0.00640905945484594
2026-01-31,ABBV,Healthcare,0.040670838653871444,-0.004342391047278637
2026-01-31,ABT,Healthcare,0.0645013332651534,-0.03467486652345735
2026-01-31,AMGN,Healthcare,0.14323625451243993,-0.004895641294195409
2026-01-31,BAX,Healthcare,0.015446466637990097,-0.020698152881222575
2026-01-31,BIIB,Healthcare,0.06631834996413266,-0.005628497211758059
2026-01-31,BMY,Healthcare,0.132970001991074,-0.011039963555676833
2026-01-31,BSX,Healthcare,-0.17833850660616013,-0.030572669560263166
2026-01-31,CI,Healthcare,0.05731288172410398,-0.00251907140319182
2026-01-31,CVS,Healthcare,0.07219550735863667,-0.02278346403750662
2026-01-31,DHR,Healthcare,-0.0376901695401658,-0.008707188273658859
2026-01-31,EW,Healthcare,0.06280728333354268,0.006476661642781355
2026-01-31,GILD,Healthcare,0.04931309269686546,0.06735833060833402
2026-01-31,HUM,Healthcare,-0.02387298539399596,-0.06217822989550502
2026-01-31,ISRG,Healthcare,-0.0014080985549149716,0.021381142777249763
2026-01-31,JNJ,Healthcare,0.09901290651513017,0.01947704803167325
2026-01-31,LLY,Healthcare,0.016001318529584863,0.008868621514882578
2026-01-31,MDT,Healthcare,-0.05147624937975692,0.04773552394387458
2026-01-31,MRK,Healthcare,0.12288022536210241,-0.013521579526631492
2026-01-31,PFE,Healthcare,0.04576395839758196,-0.003638982372210894
2026-01-31,REGN,Healthcare,0.055513156248552464,0.004252233692833937
2026-01-31,SYK,Healthcare,0.04843603117744766,-0.010652411349431323
2026-01-31,TMO,Healthcare,-0.09937603630103875,0.02291529590547493
2026-01-31,UNH,Healthcare,0.022095931107805278,-0.08434282018145017
2026-01-31,VRTX,Healthcare,0.05731005112912113,-0.00039042458994451175
2026-01-31,ZBH,Healthcare,0.1305846172553924,-0.000914994190432549
2026-01-31,A,Healthcare,-0.0931641069540029,0.006957514417414123
2026-01-31,ACAD,Healthcare,-0.02268204193632095,0.06672479136328847
2026-01-31,ALGN,Healthcare,0.16604310572844305,-0.0010190103227129383
2026-01-31,ALKS,Healthcare,-0.11183237168591842,-0.001230337432726534
2026-01-31,BDX,Healthcare,0.1032168045640034,0.0075762143037951864
2026-01-31,DGX,Healthcare,0.13302684824153466,-0.009003605354392754
2026-01-31,DXCM,Healthcare,0.005339531554763743,0.05471002562822024
2026-01-31,FOLD,Healthcare,0.005598315179818902,-0.055375418147866604
2026-01-31,HOLX,Healthcare,0.0057386934929197775,0.007708232870007637
2026-01-31,IDXX,Healthcare,-0.0204785386957288,0.034297408181115034
2026-01-31,INSP,Healthcare,-0.14871993698349562,-0.07033519505439809
2026-01-31,IQV,Healthcare,-0.22307189962812712,0.0010446156756345408
2026-01-31,MASI,Healthcare,0.27685140730744107,0.0032698668667573223
2026-01-31,MTD,Healthcare,-0.004769777223722627,0.0012736004725673808
2026-01-31,NBIX,Healthcare,-0.028002334462434386,-0.048729119760752226
2026-01-31,NTRA,Healthcare,-0.09993945731813547,-0.04061611372332759
2026-01-31,NVCR,Healthcare,0.1024193949059331,0.04677360645258424
2026-01-31,PODD,Healthcare,-0.03596418058733186,-0.05518443649592023
2026-01-31,RARE,Healthcare,-0.028250947810439797,0.014848745956834573
2026-01-31,RMD,Healthcare,-0.005638183574842581,-0.010243313726215529
2026-01-31,WAT,Healthcare,-0.13848725768461045,-0.02608419867739711
2026-01-31,AAPL,Technology,0.019065788377024218,0.0369308582142135
2026-01-31,ADBE,Technology,-0.10516622792119568,-0.016193525317463105
2026-01-31,AMAT,Technology,0.15650379490181954,0.03878767619314188
2026-01-31,AMD,Technology,-0.15426853239039473,-0.06251763474828134
2026-01-31,AVGO,Technology,-0.035466343490675456,-0.02972147877426362
2026-01-31,CDNS,Technology,0.01700637330961885,0.04350935417634099
2026-01-31,CRM,Technology,-0.08243435187154735,0.025186162269179642
2026-01-31,CRWD,Technology,-0.15728183410918128,0.041989229324468844
2026-01-31,FTNT,Technology,-0.027442816863271102,0.027623160586118863
2026-01-31,GOOGL,Technology,-0.07763309270420937,0.006590539539377878
2026-01-31,INTC,Technology,-0.018506576022391363,0.026347483404177845
2026-01-31,INTU,Technology,-0.18016916423634355,-0.0651129083208162
2026-01-31,KLAC,Technology,0.06904427338522634,0.0649103407537014
2026-01-31,LRCX,Technology,0.0018418076596844468,0.050358737813978725
2026-01-31,META,Technology,-0.09535246285859755,-0.01053994864150921
2026-01-31,MSFT,Technology,-0.08518347861481179,-0.047823317515785925
2026-01-31,MU,Technology,-0.006049931713547285,0.05687772694990828
2026-01-31,NET,Technology,-0.02909502951523768,-0.05930773477973949
2026-01-31,NOW,Technology,-0.0769165014587525,0.0008451495981541441
2026-01-31,NVDA,Technology,-0.07293461878268304,0.004856653520998275
2026-01-31,ORCL,Technology,-0.11653910474839224,0.06535334889691427
2026-01-31,PANW,Technology,-0.1585014570733717,-0.0192108660600104
2026-01-31,QCOM,Technology,-0.06088788989085847,-0.03444316762036673
2026-01-31,SNPS,Technology,-0.10990711139887199,-0.04296907096565503
2026-01-31,TXN,Technology,-0.01595916461986735,0.10122332953400398
2026-01-31,ACN,Technology,-0.2083144074503015,0.015856664506038655
2026-01-31,ADI,Technology,0.14446083792814246,0.010169963695082867
2026-01-31,ANET,Technology,-0.05813464917328137,0.075362781661233
2026-01-31,CGNX,Technology,0.4063152185436014,0.054339687945197404
2026-01-31,COHU,Technology,0.058163973166131866,0.015870092988895572
2026-01-31,CSCO,Technology,0.014555691334370069,0.003114057914100008
2026-01-31,DELL,Technology,0.29395314616650126,-0.027550985735476007
2026-01-31,ENTG,Technology,0.1217921630274652,0.010672959589036121
2026-01-31,FORM,Technology,0.40275216697432104,0.0366862037428638
2026-01-31,HPQ,Technology,-0.02314827001170161,-0.08631738303671457
2026-01-31,IBM,Technology,-0.21232619408182007,0.049870428204767885
2026-01-31,IPGP,Technology,0.42376368477697657,0.07982419237664735
2026-01-31,KEYS,Technology,0.42065355693140694,-0.00398908438351768
2026-01-31,MCHP,Technology,-0.0110710514188338,0.08052898277637864
2026-01-31,MKSI,Technology,0.03944584535839146,0.07999953337988248
2026-01-31,MPWR,Technology,0.0165368936426995,0.04967888882773823
2026-01-31,MRVL,Technology,0.03509885407978919,-0.05900286340131354
2026-01-31,NXPI,Technology,0.0038471780058781935,0.028126971469470807
2026-01-31,ONTO,Technology,0.0684978774008993,0.11061680393933067
2026-01-31,QRVO,Technology,0.06132378540645589,-0.01274055630853662
2026-01-31,STX,Technology,0.00036787854878883586,0.017532435236790968
2026-01-31,SWKS,Technology,0.08135102308346376,-0.02216191659563231
2026-01-31,TER,Technology,0.3282050047970819,0.06418147286173202
2026-01-31,VRSN,Technology,-0.06322752477403248,-0.023180619672350567
2026-01-31,WDC,Technology,0.11777165200801298,0.04167885293163959
2026-02-28,AMZN,Consumer,-0.008238074893043179,0.11455876317741334
2026-02-28,AZO,Consumer,-0.10059698927169314,0.0564980539452371
2026-02-28,BKNG,Consumer,-0.004582198914348856,0.05080670385939767
2026-02-28,CMG,Consumer,-0.13997857948139802,0.058024478305364016
2026-02-28,COST,Consumer,-0.014206749218772075,0.1155132148601061
2026-02-28,DG,Consumer,-0.24007932867164705,0.13177215760664115
2026-02-28,DLTR,Consumer,-0.13417141658996357,0.13376378839164135
2026-02-28,DRI,Consumer,-0.0832827442263886,0.12447701862392888
2026-02-28,EBAY,Consumer,0.005109809813739652,0.10432280431979382
2026-02-28,HD,Consumer,-0.13036130245991528,0.05231837368204537
2026-02-28,HLT,Consumer,-0.024696940910830967,0.10796854412849463
2026-02-28,KR,Consumer,0.0603751886805004,0.1331470055106627
2026-02-28,LOW,Consumer,-0.1069282571864163,0.11995888219016823
2026-02-28,LULU,Consumer,-0.17319216062296272,0.020323405558395354
2026-02-28,MAR,Consumer,-0.04289937433296098,0.15999054825451656
2026-02-28,MCD,Consumer,-0.08366224962366509,0.11942736935608414
2026-02-28,MGM,Consumer,0.004069389818173619,0.07819391482514365
2026-02-28,NKE,Consumer,-0.1448923538386433,0.04102668333919378
2026-02-28,ORLY,Consumer,-0.016723474017433015,0.08582458569775267
2026-02-28,ROST,Consumer,0.05568169760168673,0.14869590012879597
2026-02-28,SBUX,Consumer,-0.08600286261866641,0.11162555676886358
2026-02-28,TGT,Consumer,0.06511992242812004,0.16911265766003986
2026-02-28,TJX,Consumer,-0.012124252563818216,0.1291648789986813
2026-02-28,WMT,Consumer,-0.026689628313617875,0.08123618992836153
2026-02-28,YUM,Consumer,-0.07540442232654065,0.07658631422869316
2026-02-28,BBY,Consumer,0.051759011978057545,0.12127814973383928
2026-02-28,CCL,Consumer,-0.17971474527433962,0.18945276115303272
2026-02-28,CHDN,Consumer,-0.022843451181875585,0.06585274513437801
2026-02-28,CMCSA,Consumer,-0.07267437276808819,0.08013106385124928
2026-02-28,CZR,Consumer,0.055089864676465705,0.07851629667454871
2026-02-28,DIS,Consumer,-0.09109773273016697,0.09281344274674627
2026-02-28,DKNG,Consumer,-0.09312077597086366,-0.01539686754112432
2026-02-28,F,Consumer,-0.18097942960394564,0.12852312383643044
2026-02-28,FOX,Consumer,0.03200021945075027,0.12299068695625805
2026-02-28,GM,Consumer,-0.05124633379085952,0.13913889235859395
2026-02-28,GRMN,Consumer,-0.07883089548258393,0.13171280909869804
2026-02-28,H,Consumer,-0.10883172330324098,0.11418091100882702
2026-02-28,IHG,Consumer,-0.04013228994442963,0.16472857781840947
2026-02-28,LVS,Consumer,-0.050070504258497794,0.01876173226933803
2026-02-28,NCLH,Consumer,-0.24566357110432324,0.14399513001502012
2026-02-28,NFLX,Consumer,-0.0009351240636769065,-0.02433102671493605
2026-02-28,PENN,Consumer,-0.0390025957136243,0.016367313051183444
2026-02-28,POOL,Consumer,-0.10407395405580566,0.09135207271639037
2026-02-28,RCL,Consumer,-0.11034853594381755,0.014155187218129903
2026-02-28,SIRI,Consumer,0.05100186183638433,0.10823700271735658
2026-02-28,TSLA,Consumer,-0.07642048401115797,0.15093314048603487
2026-02-28,WBD,Consumer,-0.025204152996037066,0.2145018191555878
2026-02-28,WYNN,Consumer,-0.061373502540075675,0.04124783528807315
2026-02-28,APA,Energy,0.3974316354843388,0.06675772626045538
2026-02-28,BA,Energy,-0.12525820838088642,0.04135070019519771
2026-02-28,CAT,Energy,-0.046268992025537026,0.08720505597980292
2026-02-28,COP,Energy,0.16340561488744632,0.07074520371541905
2026-02-28,CVX,Energy,0.10783893757777574,0.07669321141408163
2026-02-28,DE,Energy,-0.1028449178148787,0.08858354345514802
2026-02-28,DVN,Energy,0.1620221467239178,0.07074520371541905
2026-02-28,EOG,Energy,0.16513535380499555,0.04889572187338608
2026-02-28,FDX,Energy,-0.075906901427085,0.07074520371541905
2026-02-28,GD,Energy,-0.03873405519503692,0.08658077308188378
2026-02-28,GE,Energy,-0.16968572342439792,0.08815378490382397
2026-02-28,HAL,Energy,0.08830269417071523,0.06209241263765864
2026-02-28,HON,Energy,-0.07208833623132771,0.08831768895841705
2026-02-28,LMT,Energy,-0.07674562708650767,0.07321441017983998
2026-02-28,MMM,Energy,-0.12152196169021445,0.08783652202354089
2026-02-28,MPC,Energy,0.23192565665100662,0.08720505597980292
2026-02-28,NOC,Energy,-0.05817390646399023,0.07788676208726811
2026-02-28,OXY,Energy,0.23038095079237264,0.06145253035968964
2026-02-28,PSX,Energy,0.18045739982050923,0.07074520371541905
2026-02-28,RTX,Energy,-0.047971579582170354,0.08858354345514802
2026-02-28,SLB,Energy,0.0009738846301508008,0.06205119272080342
2026-02-28,UNP,Energy,-0.08438378346317721,0.08748890272577647
2026-02-28,UPS,Energy,-0.15160401836712933,0.07391408340443902
2026-02-28,VLO,Energy,0.2073885973806988,0.08846462655016149
2026-02-28,XOM,Energy,0.11252461417776649,0.07988953246053233
2026-02-28,AME,Energy,-0.10249841704332763,0.08427880311990128
2026-02-28,BE,Energy,-0.12963315290773203,0.07546564813067133
2026-02-28,BKR,Energy,-0.06451129708673675,0.06193227581581691
2026-02-28,CTRA,Energy,0.1571124732005087,0.02090337047585018
2026-02-28,EMR,Energy,-0.13087891029876664,0.0633582039271746
2026-02-28,ENPH,Energy,-0.10551216078005732,0.0760296925756982
2026-02-28,ETN,Energy,-0.0455807462237342,0.0356674723846059
2026-02-28,FSLR,Energy,0.00030424725924049767,0.0787937971529745
2026-02-28,FTV,Energy,-0.0651943970185449,0.06663453245633653
2026-02-28,GNRC,Energy,-0.13329189305130285,0.01998284785068726
2026-02-28,HUBB,Energy,-0.0408303157537101,0.08085632535443674
2026-02-28,MTDR,Energy,0.22918284882473938,0.04889572187338608
2026-02-28,PH,Energy,-0.11290354869135,0.037045959859950975
2026-02-28,PLUG,Energy,0.26256985398127064,0.10551532320800609
2026-02-28,PR,Energy,0.17544436361250226,0.06813621373580046
2026-02-28,ROK,Energy,-0.11920482481060679,0.07278720393709019
2026-02-28,ROP,Energy,0.011809046303180804,0.07160876599037844
2026-02-28,SM,Energy,0.35955012166864564,-0.01117593980182722
2026-02-28,VRSK,Energy,-0.08353674484925633,0.032996364466389226
2026-02-28,WMB,Energy,-0.018958090714665587,0.019716139200602806
2026-02-28,XYL,Energy,-0.07764740466318776,0.08432002303675651
2026-02-28,AXP,Financials,-0.020783367042822798,0.05630336062203358
2026-02-28,BAC,Financials,-0.016143096044515692,0.07841418634571881
2026-02-28,BK,Financials,-0.003946246159066358,0.03735711222328917
2026-02-28,BLK,Financials,-0.09044704430127881,0.04371045017882279
2026-02-28,C,Financials,0.029222266759959314,0.054905647334265825
2026-02-28,CFG,Financials,-0.0036550450460571815,0.04785912266999948
2026-02-28,CME,Financials,-0.05348803479648445,0.02893894105383871
2026-02-28,COF,Financials,-0.06752201367347865,0.06317891099370025
2026-02-28,FITB,Financials,-0.052361216962278356,0.021747855135636127
2026-02-28,GS,Financials,-0.010619033543531664,0.027944315532736984
2026-02-28,HBAN,Financials,-0.058974843015424994,0.05719948008113604
2026-02-28,ICE,Financials,-0.03863963734406983,0.012130850858585687
2026-02-28,JPM,Financials,-0.02044621075906372,0.06307798245344394
2026-02-28,KEY,Financials,-0.02369740786005403,0.08243762954765506
2026-02-28,MCO,Financials,-0.084585357069626,0.03975675312360864
2026-02-28,MS,Financials,-0.011650838040554223,0.06032810654273305
2026-02-28,MTB,Financials,-0.04065340022519959,0.051139988684526766
2026-02-28,PNC,Financials,-0.0200612867909008,0.024116462606525727
2026-02-28,RF,Financials,-0.05242153697907115,0.04946553715535646
2026-02-28,SCHW,Financials,-0.012815059143036267,0.01688102166371852
2026-02-28,SPGI,Financials,-0.037430995659802124,0.01736188654206793
2026-02-28,STT,Financials,-0.01601615803768508,0.07372458498116458
2026-02-28,TFC,Financials,-0.06773474061181062,0.07390128247728613
2026-02-28,USB,Financials,-0.038656501824909206,0.07245251489229135
2026-02-28,WFC,Financials,-0.02259050223242931,0.06732630051371895
2026-02-28,AFL,Financials,-0.028513249021531628,0.0241663652551259
2026-02-28,AJG,Financials,-0.04801844486911866,0.03783494200178743
2026-02-28,ALL,Financials,-0.028579488538893805,0.01583988029398302
2026-02-28,AMTD,Financials,-0.02941173720662238,0.033490463439470076
2026-02-28,AON,Financials,-0.037827540520321556,0.02171684743212245
2026-02-28,CB,Financials,-0.040978231344439564,0.04178984801482527
2026-02-28,FDS,Financials,0.0008302566145348411,0.01896312351929388
2026-02-28,FNF,Financials,-0.11329171326935272,0.04781791782850754
2026-02-28,GL,Financials,-0.0419247902686507,0.04012950764042456
2026-02-28,HIG,Financials,-0.035655709565268645,0.04287912627162791
2026-02-28,IBKR,Financials,-0.05787333340763745,0.01455190959153475
2026-02-28,LPLA,Financials,0.0024594718496488976,0.04257939519280104
2026-02-28,MET,Financials,-0.01873176744606042,0.08217987142458023
2026-02-28,MSCI,Financials,-0.05739469133020736,0.04164988657999963
2026-02-28,NDAQ,Financials,-0.027645256753270675,0.05551735899941256
2026-02-28,PGR,Financials,-0.07217070448540142,0.023208355954546917
2026-02-28,PRU,Financials,-0.007013568116233548,0.043123379533264644
2026-02-28,RJF,Financials,-0.054154670887513356,0.07277236273038903
2026-02-28,SEIC,Financials,-0.03504671033960283,0.03410977557046023
2026-02-28,SF,Financials,0.0028488866632896404,0.06439847905270678
2026-02-28,SYF,Financials,-0.015771941260822042,0.045466749045922024
2026-02-28,TRV,Financials,-0.05150958789293014,0.01664887309989074
2026-02-28,UNM,Financials,0.018123453043955795,0.04729336848702238
2026-02-28,WTW,Financials,-0.044249256221432276,0.054041470194120096
2026-02-28,ABBV,Healthcare,-0.06286625460440987,0.02921346693015716
2026-02-28,ABT,Healthcare,-0.1175762772111314,0.00561605338852588
2026-02-28,AMGN,Healthcare,-0.09354389225068471,0.0832528273466144
2026-02-28,BAX,Healthcare,-0.17525780339178443,0.02347504296396049
2026-02-28,BIIB,Healthcare,-0.04426027092582707,0.08151523156015081
2026-02-28,BMY,Healthcare,-0.02757729719562274,0.05994767188595708
2026-02-28,BSX,Healthcare,-0.1834742843732028,0.009418297701335438
2026-02-28,CI,Healthcare,-0.07453081020736085,0.07954063798632077
2026-02-28,CVS,Healthcare,-0.10112649066375845,0.06824598343506566
2026-02-28,DHR,Healthcare,-0.09796728729924253,0.013176658399038584
2026-02-28,EW,Healthcare,-0.07389845379253346,0.04581408987107886
2026-02-28,GILD,Healthcare,-0.059003058065538405,0.08415522502829693
2026-02-28,HUM,Healthcare,-0.08538569702667309,-0.027439193063255204
2026-02-28,ISRG,Healthcare,-0.08444721794317911,0.0014565258077107453
2026-02-28,JNJ,Healthcare,-0.016060823378851175,0.04352983335241788
2026-02-28,LLY,Healthcare,-0.12568557869421115,0.03166587482087664
2026-02-28,MDT,Healthcare,-0.1054939159208832,0.06543169250256192
2026-02-28,MRK,Healthcare,-0.021313516091732265,0.07174092997307094
2026-02-28,PFE,Healthcare,0.0155515483221782,0.02610489975842995
2026-02-28,REGN,Healthcare,-0.011552149192297523,0.0515350638796907
2026-02-28,SYK,Healthcare,-0.14964356420630254,0.02952755931090747
2026-02-28,TMO,Healthcare,-0.055830961351011066,0.012547802596387539
2026-02-28,UNH,Healthcare,-0.07016175047612994,0.03150498477227358
2026-02-28,VRTX,Healthcare,-0.1012217043788054,0.05895652024922858
2026-02-28,ZBH,Healthcare,-0.07897668479851039,0.011295742592140685
2026-02-28,A,Healthcare,-0.05882280677759555,0.038047686626380535
2026-02-28,ACAD,Healthcare,-0.09364817944112669,0.0923300593211978
2026-02-28,ALGN,Healthcare,-0.098211535130451,0.05899671690197305
2026-02-28,ALKS,Healthcare,0.17475083595414231,0.04977580280135587
2026-02-28,BDX,Healthcare,-0.10338765707449893,0.04321285450027863
2026-02-28,DGX,Healthcare,-0.0751734596909619,0.05466143838815329
2026-02-28,DXCM,Healthcare,-0.1447637344945778,0.03179203994919987
2026-02-28,FOLD,Healthcare,0.006263058685082923,0.0438286490789984
2026-02-28,HOLX,Healthcare,0.003051960266405196,0.023181898224626216
2026-02-28,IDXX,Healthcare,-0.144412420082633,0.01985635070859202
2026-02-28,INSP,Healthcare,-0.20043403932727455,0.10057914960430171
2026-02-28,IQV,Healthcare,-0.046250234245157174,-0.01818358078717218
2026-02-28,MASI,Healthcare,0.014371194331092463,0.05751619906243161
2026-02-28,MTD,Healthcare,-0.07718648322371602,0.022080781397135384
2026-02-28,NBIX,Healthcare,-0.003856291167001369,0.06729171186670853
2026-02-28,NTRA,Healthcare,-0.03869442440279747,0.036562491169012265
2026-02-28,NVCR,Healthcare,-0.20263353637922166,0.024461316277023783
2026-02-28,PODD,Healthcare,-0.1491018376442821,0.04879092430252693
2026-02-28,RARE,Healthcare,-0.10431802866095152,0.14176906024951952
2026-02-28,RMD,Healthcare,-0.12401472265279267,0.009890868742402765
2026-02-28,WAT,Healthcare,-0.06756846627816271,0.015603965588452808
2026-02-28,AAPL,Technology,-0.039329243991613416,0.11409561918387966
2026-02-28,ADBE,Technology,-0.07366335719405293,0.06621335730470543
2026-02-28,AMAT,Technology,-0.08194998723720903,0.08381150278024262
2026-02-28,AMD,Technology,0.016083042075494047,0.08372388526335467
2026-02-28,AVGO,Technology,-0.02938732971611413,0.1628040355272646
2026-02-28,CDNS,Technology,-0.07806900881152057,0.057427443973913764
2026-02-28,CRM,Technology,-0.0416859393540554,0.06725075831338369
2026-02-28,CRWD,Technology,0.04954565334549299,0.01608846825560023
2026-02-28,FTNT,Technology,0.034037738617692215,0.0928210366227508
2026-02-28,GOOGL,Technology,-0.07697457213873138,0.1165917148361792
2026-02-28,INTC,Technology,-0.03244901386606058,0.30930601300299243
2026-02-28,INTU,Technology,0.05708630788823932,0.0181469837644684
2026-02-28,KLAC,Technology,-0.03420026432619638,0.21603859013443796
2026-02-28,LRCX,Technology,-0.085399146380845,0.16263903658981205
2026-02-28,META,Technology,-0.11657274885643698,0.10814979616866945
2026-02-28,MSFT,Technology,-0.05746798739077108,0.10469235796667357
2026-02-28,MU,Technology,-0.18039158750816064,0.3665338532049574
2026-02-28,NET,Technology,0.19832739074444872,-0.03498925881315176
2026-02-28,NOW,Technology,-0.032034061809466885,0.16848324960969654
2026-02-28,NVDA,Technology,-0.015692625780075575,0.058861725652069666
2026-02-28,ORCL,Technology,0.011760711533736812,0.05795417558032329
2026-02-28,PANW,Technology,0.0765512308316072,0.0800639749503858
2026-02-28,QCOM,Technology,-0.08958396304022376,0.11080646080574952
2026-02-28,SNPS,Technology,-0.04231881404268567,0.09820422370265887
2026-02-28,TXN,Technology,-0.08472017090839445,0.1628240488550359
2026-02-28,ACN,Technology,-0.04997128354093483,0.07921405662674103
2026-02-28,ADI,Technology,-0.10302099373127283,0.16370032277275975
2026-02-28,ANET,Technology,-0.0802996346120084,0.11796589883953251
2026-02-28,CGNX,Technology,-0.09944852381738423,0.12891955223162282
2026-02-28,COHU,Technology,0.013907286943163122,0.40719892697246673
2026-02-28,CSCO,Technology,-0.02353388648353827,0.13502588271838914
2026-02-28,DELL,Technology,0.10838743700538189,0.12036573222657271
2026-02-28,ENTG,Technology,-0.11483575804003687,0.15540079951679336
2026-02-28,FORM,Technology,-0.019114072028183715,0.43588385069508456
2026-02-28,HPQ,Technology,0.027998009240943533,0.06972306519467641
2026-02-28,IBM,Technology,0.009075361620459077,0.20624207762045502
2026-02-28,IPGP,Technology,-0.12905685217821317,0.08755955858245297
2026-02-28,KEYS,Technology,-0.08121560715068399,0.24893226230707993
2026-02-28,MCHP,Technology,-0.13437833415480838,0.12730349252895182
2026-02-28,MKSI,Technology,-0.05992804038666666,0.37308163597721866
2026-02-28,MPWR,Technology,-0.04130777926212992,0.042657841130198396
2026-02-28,MRVL,Technology,0.21251065813922088,0.041160424568045154
2026-02-28,NXPI,Technology,-0.1283130263836747,0.02726184167170647
2026-02-28,ONTO,Technology,-0.05011807909592536,0.26665684729252187
2026-02-28,QRVO,Technology,-0.06634499274747374,0.022547089800201408
2026-02-28,STX,Technology,-0.037751552021242474,0.4217299970122825
2026-02-28,SWKS,Technology,-0.101208499642092,0.06062582897995777
2026-02-28,TER,Technology,-0.07364936854083293,0.23233020847979333
2026-02-28,VRSN,Technology,0.08958496951053796,-0.010886686367507786
2026-02-28,WDC,Technology,-0.03246530743683018,0.3416952366741045
2026-03-31,AMZN,Consumer,0.27267485533749536,0.07567131395401522
2026-03-31,AZO,Consumer,0.09658710667074222,0.05467741055865929
2026-03-31,BKNG,Consumer,-0.00031348811612763594,0.04722434249041477
2026-03-31,CMG,Consumer,0.0618557782179463,0.05431978300782418
2026-03-31,COST,Consumer,0.018164927743801407,0.10467953323771664
2026-03-31,DG,Consumer,-0.01937595666320524,0.08070784803605
2026-03-31,DLTR,Consumer,-0.11323168006565554,0.009041292885831416
2026-03-31,DRI,Consumer,0.030932686658159625,0.08142298648776417
2026-03-31,EBAY,Consumer,0.13689306936286672,0.08349570255031274
2026-03-31,HD,Consumer,-0.00027372936683711657,0.05297490402624075
2026-03-31,HLT,Consumer,0.0657393502850685,0.09597586720001733
2026-03-31,KR,Consumer,-0.059286910991452224,0.012728102372374232
2026-03-31,LOW,Consumer,0.015474141597836999,0.05331928053454665
2026-03-31,LULU,Consumer,-0.10058790686697305,-0.017816860123799308
2026-03-31,MAR,Consumer,0.10584888354764166,0.03788760365675854
2026-03-31,MCD,Consumer,-0.05534287375440239,0.04223206208212448
2026-03-31,MGM,Consumer,0.05214807870047555,0.09367195100616164
2026-03-31,NKE,Consumer,-0.16016658715167775,0.08736546413728188
2026-03-31,ORLY,Consumer,0.07680645818222209,0.07543656378640809
2026-03-31,ROST,Consumer,0.05151635577609559,0.038762011747074825
2026-03-31,SBUX,Consumer,0.17568931952849165,0.10727375167273934
2026-03-31,TGT,Consumer,0.0705445814112442,0.022970027185386387
2026-03-31,TJX,Consumer,-0.01847211649727376,0.020419375554118584
2026-03-31,WMT,Consumer,0.06155450572597476,0.10930998541191742
2026-03-31,YUM,Consumer,0.026820158756968082,0.06855385186611171
2026-03-31,BBY,Consumer,-0.057788091061225066,0.09225287986838963
2026-03-31,CCL,Consumer,0.024343164163247,0.08722106072959135
2026-03-31,CHDN,Consumer,0.12423461878252762,0.1563536596601556
2026-03-31,CMCSA,Consumer,-0.047216289107284815,-0.05449209310298839
2026-03-31,CZR,Consumer,0.0518349949325001,-0.01681811831519078
2026-03-31,DIS,Consumer,0.07646817759502134,0.05745739084656057
2026-03-31,DKNG,Consumer,0.07863084133215503,0.0348669429532564
2026-03-31,F,Consumer,0.04679375768094163,0.08688949580118949
2026-03-31,FOX,Consumer,0.0738230149959993,0.029675879082994547
2026-03-31,GM,Consumer,0.032080528720113355,0.1841242184138778
2026-03-31,GRMN,Consumer,0.08245336552623761,-0.030193373452653396
2026-03-31,H,Consumer,0.165380173505991,0.09039416416097819
2026-03-31,IHG,Consumer,0.08764225869873776,0.08726924140279553
2026-03-31,LVS,Consumer,0.013548546840961961,-0.03156120950601643
2026-03-31,NCLH,Consumer,-0.027807509975840916,-0.02123117833769685
2026-03-31,NFLX,Consumer,-0.026417065784899663,0.001659867741259236
2026-03-31,PENN,Consumer,0.16167660643205428,-0.03643638271649266
2026-03-31,POOL,Consumer,0.05431723122476262,0.08197770846057059
2026-03-31,RCL,Consumer,-0.04150004801988405,-0.00901967564189694
2026-03-31,SIRI,Consumer,0.1672443944155675,0.08999222500443098
2026-03-31,TSLA,Consumer,0.026577013807162153,0.10779144200345996
2026-03-31,WBD,Consumer,-0.014930803389718417,0.14852098258939858
2026-03-31,WYNN,Consumer,0.05475132832600638,0.02977009155245757
2026-03-31,APA,Energy,-0.033868410925329995,0.08174616986188972
2026-03-31,BA,Energy,0.15073104649549252,0.030019101885211386
2026-03-31,CAT,Energy,0.2587930639661995,0.06637639585072304
2026-03-31,COP,Energy,-0.04712122136896302,0.03749246713765966
2026-03-31,CVX,Energy,-0.06568388950600901,0.0469488377857211
2026-03-31,DE,Energy,0.04716848553169872,0.07123535413639807
2026-03-31,DVN,Energy,0.02086643965477908,0.03478581869638475
2026-03-31,EOG,Energy,-0.020118718810305913,0.0673537737549569
2026-03-31,FDX,Energy,0.13232075313593872,0.062415909106729
2026-03-31,GD,Energy,0.007806149999530998,0.07531702641671213
2026-03-31,GE,Energy,0.021707734787319577,0.030019101885211386
2026-03-31,HAL,Energy,0.08489349618114472,0.029477023231635334
2026-03-31,HON,Energy,-0.05176302708237612,0.033949320794783376
2026-03-31,LMT,Energy,-0.14298721330725728,0.07531702641671213
2026-03-31,MMM,Energy,0.008882521399656396,0.07892772185774931
2026-03-31,MPC,Energy,0.016831848364451174,0.08013475687693908
2026-03-31,NOC,Energy,-0.1506214986464266,0.07531702641671213
2026-03-31,OXY,Energy,-0.0679999718299279,0.06961267368394551
2026-03-31,PSX,Energy,-0.01663189648211949,0.07531702641671213
2026-03-31,RTX,Energy,-0.08724721153333515,0.08212543530354675
2026-03-31,SLB,Energy,0.1068301565221006,0.029477023231635334
2026-03-31,UNP,Energy,0.11070817084209006,0.02668079271139916
2026-03-31,UPS,Energy,0.10591589844731186,0.07977667752813303
2026-03-31,VLO,Energy,0.022259996597218334,0.07892772185774931
2026-03-31,XOM,Energy,-0.0903571938002874,0.08212543530354675
2026-03-31,AME,Energy,0.09861914223482038,0.07558941268393704
2026-03-31,BE,Energy,1.0913718640734649,0.1780782142359344
2026-03-31,BKR,Energy,0.14119574043581684,0.01551832527702566
2026-03-31,CTRA,Energy,0.021912364005063134,0.08494388330768715
2026-03-31,EMR,Energy,0.07189740392128274,0.060471748439908275
2026-03-31,ENPH,Energy,-0.12827299954144944,0.07373059391768824
2026-03-31,ETN,Energy,0.210641075598899,0.07558941268393704
2026-03-31,FSLR,Energy,0.02347158578396913,0.08564973546096558
2026-03-31,FTV,Energy,0.08158470035855947,0.06698757892384741
2026-03-31,GNRC,Energy,0.3271387321776713,0.07145933530820292
2026-03-31,HUBB,Energy,0.03551783742962322,0.0772875127076493
2026-03-31,MTDR,Energy,0.004115199751145049,0.07223217985345379
2026-03-31,PH,Energy,0.015839319992920542,0.02668079271139916
2026-03-31,PLUG,Energy,0.3849558086941973,0.10494338309682313
2026-03-31,PR,Energy,0.014071348438246423,0.0357484223643707
2026-03-31,ROK,Energy,0.13940592426048792,0.062220295883260175
2026-03-31,ROP,Energy,0.005240796140344894,0.04172999244449586
2026-03-31,SM,Energy,-0.004810763857028388,0.0626263246668965
2026-03-31,VRSK,Energy,-0.027720656162508184,0.062220295883260175
2026-03-31,WMB,Energy,0.048502319847537834,0.06342733090244992
2026-03-31,XYL,Energy,-0.011213358476072188,0.07679644770312682
2026-03-31,AXP,Financials,0.07138080745279374,0.030580640779759916
2026-03-31,BAC,Financials,0.09661536583533659,0.048042696653744485
2026-03-31,BK,Financials,0.1371775370661188,0.05155782189955019
2026-03-31,BLK,Financials,0.10802627740135495,0.06305338224924821
2026-03-31,C,Financials,0.12847184882943719,0.050134481662109494
2026-03-31,CFG,Financials,0.09251269421727981,0.06416330199983176
2026-03-31,CME,Financials,-0.025495170555905555,-0.0064492934312701975
2026-03-31,COF,Financials,0.048621447854468425,0.025548650410038416
2026-03-31,FITB,Financials,0.09255271893661421,0.07299195254611732
2026-03-31,GS,Financials,0.09193965672729365,0.037191977080935835
2026-03-31,HBAN,Financials,0.07092655830082406,0.05467339164964411
2026-03-31,ICE,Financials,0.005150035381996432,0.005081203274477713
2026-03-31,JPM,Financials,0.07027821608357754,0.04051329996912244
2026-03-31,KEY,Financials,0.10274321454752466,0.05776997927526706
2026-03-31,MCO,Financials,0.05868196241493551,0.017768132478634967
2026-03-31,MS,Financials,0.1643325959836348,0.0541584432411692
2026-03-31,MTB,Financials,0.05761418146178188,0.04693687713449865
2026-03-31,PNC,Financials,0.07988399683627745,0.05413702958892089
2026-03-31,RF,Financials,0.09303209493688769,0.05379619916727888
2026-03-31,SCHW,Financials,-0.02489895598745495,0.01697961892722906
2026-03-31,SPGI,Financials,0.013847779891732692,-0.013223368233845552
2026-03-31,STT,Financials,0.21571742645450653,0.05428829722519501
2026-03-31,TFC,Financials,0.12029581536766143,0.05502647233396317
2026-03-31,USB,Financials,0.0894059157074365,0.055878557161084176
2026-03-31,WFC,Financials,0.03291047263528535,0.05778636995024423
2026-03-31,AFL,Financials,0.03609515192342316,-0.004199979393938585
2026-03-31,AJG,Financials,-0.047003452989677785,0.02207462474296159
2026-03-31,ALL,Financials,0.04784411278169043,-0.023860568521951633
2026-03-31,AMTD,Financials,0.050505001853162534,0.005192085401795232
2026-03-31,AON,Financials,-0.034481666838246494,0.0028102314008343616
2026-03-31,CB,Financials,0.0032829360545629793,-0.00433628977467328
2026-03-31,FDS,Financials,0.048804074242139395,-0.0015290226865217029
2026-03-31,FNF,Financials,0.1276411822468697,0.03710330319579629
2026-03-31,GL,Financials,0.11132755231991509,0.0037242910493290975
2026-03-31,HIG,Financials,0.011683811883260509,0.007750989201625493
2026-03-31,IBKR,Financials,0.18532876638934903,0.06853470639892849
2026-03-31,LPLA,Financials,0.1106938131067845,0.016905971483215973
2026-03-31,MET,Financials,0.13263570547948467,0.06187799668101253
2026-03-31,MSCI,Financials,0.09721519532019651,0.00020951618091042304
2026-03-31,NDAQ,Financials,0.0826953036038891,0.050024774490381334
2026-03-31,PGR,Financials,0.015860285812903996,0.004601844275011449
2026-03-31,PRU,Financials,0.00429929530605988,0.004137542108746088
2026-03-31,RJF,Financials,0.09753904557517323,0.05643804268016557
2026-03-31,SEIC,Financials,0.1556008524854111,0.028803023045404864
2026-03-31,SF,Financials,0.066152590784327,0.034287516666029624
2026-03-31,SYF,Financials,0.12025870855195508,0.0471797056535565
2026-03-31,TRV,Financials,0.046146538366167,-0.01476887824575255
2026-03-31,UNM,Financials,0.1071933533720868,0.026123289594949126
2026-03-31,WTW,Financials,-0.11867904558404263,0.016098690173065536
2026-03-31,ABBV,Healthcare,-0.02030828905382931,0.03129406923318775
2026-03-31,ABT,Healthcare,-0.11016279273054008,0.02531242960635957
2026-03-31,AMGN,Healthcare,-0.015915890312271586,0.06937401099255892
2026-03-31,BAX,Healthcare,0.04642861440879331,-0.00041859324491441913
2026-03-31,BIIB,Healthcare,0.032455118577511044,0.061384089223305766
2026-03-31,BMY,Healthcare,0.009311438882673162,0.07556156111626874
2026-03-31,BSX,Healthcare,-0.08191234087089139,-0.0037996674252762396
2026-03-31,CI,Healthcare,0.08933453260455715,0.048755695269445835
2026-03-31,CVS,Healthcare,0.1698837884047737,0.09187752193799677
2026-03-31,DHR,Healthcare,-0.05617093255502781,0.045631432675227644
2026-03-31,EW,Healthcare,0.04270726886545906,0.013208438060101631
2026-03-31,GILD,Healthcare,-0.06120398276633743,0.040990113740660666
2026-03-31,HUM,Healthcare,0.3636311394757521,-0.0031460110616000946
2026-03-31,ISRG,Healthcare,-0.007332056995628111,0.01859886545448024
2026-03-31,JNJ,Healthcare,-0.05968743328493431,0.02669634306005559
2026-03-31,LLY,Healthcare,0.01612354799544935,-0.027612314476940663
2026-03-31,MDT,Healthcare,-0.06555106988058612,0.07343459067948838
2026-03-31,MRK,Healthcare,-0.09236013405763854,0.053135716973683925
2026-03-31,PFE,Healthcare,-0.04914526939159858,0.05083268309051908
2026-03-31,REGN,Healthcare,-0.08487784200470594,-0.001638939755574024
2026-03-31,SYK,Healthcare,-0.04096287654855191,-0.001716458548916197
2026-03-31,TMO,Healthcare,-0.025573225144825518,0.023807017891431734
2026-03-31,UNH,Healthcare,0.3691563472424273,0.01482494875286136
2026-03-31,VRTX,Healthcare,-0.042907697620518714,0.02000029956007342
2026-03-31,ZBH,Healthcare,-0.08836538404746053,0.050342425045018846
2026-03-31,A,Healthcare,0.01377434329342564,0.006584137184364252
2026-03-31,ACAD,Healthcare,0.008535513571607867,0.05677272425433877
2026-03-31,ALGN,Healthcare,0.02671645585213711,0.049113177001990645
2026-03-31,ALKS,Healthcare,-0.046662938274833365,0.03239232312600144
2026-03-31,BDX,Healthcare,-0.052089312878940475,0.07995270283691318
2026-03-31,DGX,Healthcare,-0.004760257007272117,0.0873302269156554
2026-03-31,DXCM,Healthcare,-0.05175159298540333,0.0088411148560951
2026-03-31,FOLD,Healthcare,0.0020746703244847176,0.014572134470334393
2026-03-31,HOLX,Healthcare,0.00555636749157129,0.03214197694117679
2026-03-31,IDXX,Healthcare,-0.0019399292157750159,-0.0009443316753919545
2026-03-31,INSP,Healthcare,0.08840630858311282,-0.018098177180149187
2026-03-31,IQV,Healthcare,-0.07136154947846418,0.026379267056705027
2026-03-31,MASI,Healthcare,0.003148353145367766,0.0017426765971784801
2026-03-31,MTD,Healthcare,0.012218549616473506,-0.0018862075562716275
2026-03-31,NBIX,Healthcare,-0.0005314052019101956,0.059094041958878
2026-03-31,NTRA,Healthcare,0.030851532573992646,-0.004672070602653502
2026-03-31,NVCR,Healthcare,0.3954128963719954,0.01100839420934616
2026-03-31,PODD,Healthcare,-0.179660682454152,0.008017132974950892
2026-03-31,RARE,Healthcare,0.1785202689698333,0.02986525170142981
2026-03-31,RMD,Healthcare,-0.04753206687466238,-0.013728245528967604
2026-03-31,WAT,Healthcare,0.03838154352546708,-0.02591888410608539
2026-03-31,AAPL,Technology,0.06919111581198156,0.03706475652262328
2026-03-31,ADBE,Technology,0.012423910851209863,0.04467447128660568
2026-03-31,AMAT,Technology,0.1541881868162529,0.18092531259292668
2026-03-31,AMD,Technology,0.7425650248110034,0.13083075466142852
2026-03-31,AVGO,Technology,0.34868010566727126,0.0719785108936596
2026-03-31,CDNS,Technology,0.18613021243582262,0.032080722749784185
2026-03-31,CRM,Technology,-0.051955304744660924,0.013674967375546937
2026-03-31,CRWD,Technology,0.14174840761966245,0.1326447727210472
2026-03-31,FTNT,Technology,0.03169354257467227,0.10293793068341614
2026-03-31,GOOGL,Technology,0.338155484281367,0.06500018139570275
2026-03-31,INTC,Technology,1.140947225700323,0.2426347985791518
2026-03-31,INTU,Technology,-0.09870814556667495,0.023932502764986773
2026-03-31,KLAC,Technology,0.18876531329881652,0.13138661014742647
2026-03-31,LRCX,Technology,0.2068706399507172,0.20015909852739952
2026-03-31,META,Technology,0.06952959628444377,-0.0018019916856463843
2026-03-31,MSFT,Technology,0.10160192340621577,0.04448546539016897
2026-03-31,MU,Technology,0.5307837400853326,0.1803869140114818
2026-03-31,NET,Technology,-0.006639503448202411,0.14187722855723583
2026-03-31,NOW,Technology,-0.1553324248601351,0.02936261544659905
2026-03-31,NVDA,Technology,0.14432347654022348,0.005962016034659322
2026-03-31,ORCL,Technology,0.10090184217532938,0.12501790988727207
2026-03-31,PANW,Technology,0.11851296863763161,0.08153482156310302
2026-03-31,QCOM,Technology,0.39447121861539114,0.04323777276021326
2026-03-31,SNPS,Technology,0.21721144252126545,0.08382463245794951
2026-03-31,TXN,Technology,0.4478210837502554,0.12782349909515503
2026-03-31,ACN,Technology,-0.09110127483177877,0.04770431963278764
2026-03-31,ADI,Technology,0.26441186661207894,0.047977488685752245
2026-03-31,ANET,Technology,0.406662391521293,0.01605498329476612
2026-03-31,CGNX,Technology,0.13308831230214513,0.01890691906022542
2026-03-31,COHU,Technology,0.5463748261382002,0.23991325215567816
2026-03-31,CSCO,Technology,0.18566581770202983,0.1120960029429643
2026-03-31,DELL,Technology,0.27701521321204536,0.05653868429746745
2026-03-31,ENTG,Technology,0.20673630036161783,0.11313159294255963
2026-03-31,FORM,Technology,0.4014846444960867,0.03275119538008562
2026-03-31,HPQ,Technology,0.08589284771036731,0.049557471333889484
2026-03-31,IBM,Technology,-0.04707291427385785,0.13826869868172
2026-03-31,IPGP,Technology,0.03778690958577968,0.0710758495899789
2026-03-31,KEYS,Technology,0.2391897500189133,0.16931740580920351
2026-03-31,MCHP,Technology,0.4380127346295628,0.12281109393877837
2026-03-31,MKSI,Technology,0.2347156477718224,0.29824820151967274
2026-03-31,MPWR,Technology,0.47657206770824545,0.18982286617092686
2026-03-31,MRVL,Technology,0.668174300214254,0.17997965264154667
2026-03-31,NXPI,Technology,0.4913643981897493,-0.012000701327753998
2026-03-31,ONTO,Technology,0.438825703517431,0.24067135678672547
2026-03-31,QRVO,Technology,0.21731265327172378,-0.04858198284626953
2026-03-31,STX,Technology,0.7195221509501455,0.24676729546159393
2026-03-31,SWKS,Technology,0.3103641301339646,-0.0703760860245145
2026-03-31,TER,Technology,0.15857117695676748,0.07035332910880077
2026-03-31,VRSN,Technology,0.08173620148924954,0.06381250502627948
2026-03-31,WDC,Technology,0.606417999561343,0.1164754923944986
2026-04-30,AMZN,Consumer,0.03746318858841069,0.08762157683363148
2026-04-30,AZO,Consumer,-0.04380093815415764,-0.02003836146918278
2026-04-30,BKNG,Consumer,-0.00023754624606686647,0.015841322836825437
2026-04-30,CMG,Consumer,-0.03677552039639631,-0.0369097345823875
2026-04-30,COST,Consumer,-0.01708690264403323,0.016588286084441767
2026-04-30,DG,Consumer,0.004228559758182149,0.1255362704928102
2026-04-30,DLTR,Consumer,-0.006178544643703154,0.018566834482020466
2026-04-30,DRI,Consumer,-0.024232153318269334,-0.03147206730065953
2026-04-30,EBAY,Consumer,0.045129474463168284,0.01931614827197804
2026-04-30,HD,Consumer,-0.017487835199131885,-0.023189644766622587
2026-04-30,HLT,Consumer,-0.007899520167667262,0.022946528150063514
2026-04-30,KR,Consumer,-0.03026292886483417,-0.062432979897901336
2026-04-30,LOW,Consumer,-0.022697760883349627,-0.0019813018136572752
2026-04-30,LULU,Consumer,-0.04110387645278468,-0.10510083059682118
2026-04-30,MAR,Consumer,-0.007271433727943699,-0.012297088907469174
2026-04-30,MCD,Consumer,-0.03232395637708663,-0.03976104525530912
2026-04-30,MGM,Consumer,-0.018746778838754752,0.018041865061821972
2026-04-30,NKE,Consumer,-0.010820548594048462,-0.04161836908759307
2026-04-30,ORLY,Consumer,-0.04647890015755385,0.011280550763782404
2026-04-30,ROST,Consumer,0.0049168550374805164,0.10002112151190079
2026-04-30,SBUX,Consumer,0.010538313785771747,0.030560362963065472
2026-04-30,TGT,Consumer,0.0033911556177745883,-0.01653317007086282
2026-04-30,TJX,Consumer,-0.00829348039398925,0.04382059222883178
2026-04-30,WMT,Consumer,-0.014022519119461507,0.016512878662326848
2026-04-30,YUM,Consumer,-0.022737173584717385,-0.006108077655030537
2026-04-30,BBY,Consumer,-0.029757034250481373,0.02224273218769363
2026-04-30,CCL,Consumer,0.03809883893480581,0.10653501632604913
2026-04-30,CHDN,Consumer,-0.086543202778946,0.09207069433872864
2026-04-30,CMCSA,Consumer,-0.022189362468741036,0.06854306000065112
2026-04-30,CZR,Consumer,-0.0014388132833250689,-0.10137766130417727
2026-04-30,DIS,Consumer,0.041542145143072196,0.0071158619165065514
2026-04-30,DKNG,Consumer,0.025729004687889967,0.1082396285940657
2026-04-30,F,Consumer,0.007450343804330073,-0.07189209051249333
2026-04-30,FOX,Consumer,-0.014030151361593357,-0.018591663272634663
2026-04-30,GM,Consumer,0.023540090687494963,-0.051839552550738764
2026-04-30,GRMN,Consumer,-0.03312890055606421,-0.024759841169640934
2026-04-30,H,Consumer,0.010741706237955118,0.03930089195966723
2026-04-30,IHG,Consumer,0.011676345696190138,0.015217097306362328
2026-04-30,LVS,Consumer,-0.019782798550116776,0.021212891440282038
2026-04-30,NCLH,Consumer,-0.023652381625833163,-0.14035498527760942
2026-04-30,NFLX,Consumer,-0.057045229489023686,-0.028757716375647786
2026-04-30,PENN,Consumer,-0.040664325412483326,0.002696420256475541
2026-04-30,POOL,Consumer,-0.11827306450436115,0.04919562880214666
2026-04-30,RCL,Consumer,0.08841361822575977,0.010991778281918933
2026-04-30,SIRI,Consumer,-0.0096510847708835,0.05720977093552767
2026-04-30,TSLA,Consumer,0.04480781354905927,0.009357633682074333
2026-04-30,WBD,Consumer,0.0055453430724461406,0.014536663051645934
2026-04-30,WYNN,Consumer,0.004294641787428111,0.0030105867437013605
2026-04-30,APA,Energy,-0.05966119156608174,0.07474019038037158
2026-04-30,BA,Energy,0.003929589579012571,0.03884565557290067
2026-04-30,CAT,Energy,0.041365682814664906,0.03298424293982818
2026-04-30,COP,Energy,-0.054698658929788424,0.04086245255327679
2026-04-30,CVX,Energy,-0.04216022967986455,0.06580315447306126
2026-04-30,DE,Energy,0.003000694298577411,0.0338109645265011
2026-04-30,DVN,Energy,-0.09285576322648093,0.06232372205783169
2026-04-30,EOG,Energy,-0.04182972594751677,0.02349360046696025
2026-04-30,FDX,Energy,-0.06476406554586522,0.0427450477406178
2026-04-30,GD,Energy,0.00862620193436947,0.014429606051776291
2026-04-30,GE,Energy,0.05484080398078994,0.045513086436600854
2026-04-30,HAL,Energy,-0.044917204384178455,0.07839480801524956
2026-04-30,HON,Energy,0.011804221330111053,0.055926385782323694
2026-04-30,LMT,Energy,-0.007162501973741575,0.013070625470276764
2026-04-30,MMM,Energy,0.00013642515075762418,0.04115670949616954
2026-04-30,MPC,Energy,-0.010109124711858097,0.05379796787874799
2026-04-30,NOC,Energy,-0.034306629310526415,0.014429606051776291
2026-04-30,OXY,Energy,-0.09012880049751004,0.07807365637949656
2026-04-30,PSX,Energy,-0.041473585983343164,0.02223018730369265
2026-04-30,RTX,Energy,0.0038052941504771454,0.032892496994866155
2026-04-30,SLB,Energy,-0.030239120752536208,0.03747742104060437
2026-04-30,UNP,Energy,-0.004638562969568105,0.030223685673255382
2026-04-30,UPS,Energy,-0.08189341371498626,0.047817491441318596
2026-04-30,VLO,Energy,-0.06291075807449287,0.07186548705988495
2026-04-30,XOM,Energy,-0.03654506137972158,0.04159855269460299
2026-04-30,AME,Energy,0.0249681736000531,0.033867867559628055
2026-04-30,BE,Energy,0.007446414378243116,0.18067070724590328
2026-04-30,BKR,Energy,-0.03986012626037605,0.019222703690453365
2026-04-30,CTRA,Energy,-0.09328873540394944,0.037596695500601164
2026-04-30,EMR,Energy,0.05375963344138923,0.028114916386965436
2026-04-30,ENPH,Energy,0.08616505556657628,0.045685726446623214
2026-04-30,ETN,Energy,-0.02683539607658736,0.0315826662547549
2026-04-30,FSLR,Energy,0.07979593174032962,0.03881078732001525
2026-04-30,FTV,Energy,0.010202385031125694,0.017539649962393204
2026-04-30,GNRC,Energy,0.031593573638502015,0.06216286615487956
2026-04-30,HUBB,Energy,-0.011472572044381013,0.015430829234933894
2026-04-30,MTDR,Energy,-0.08953342415087051,0.050153070849763726
2026-04-30,PH,Energy,-0.007433320020077905,0.03970426096971925
2026-04-30,PLUG,Energy,0.05750793027391787,0.04686546256398062
2026-04-30,PR,Energy,-0.018964002721809314,0.08941636670206421
2026-04-30,ROK,Energy,0.12335233178370908,0.01746132124557863
2026-04-30,ROP,Energy,-0.012823730515703291,-0.004952567524839769
2026-04-30,SM,Energy,-0.07992270044171434,0.04125946497499154
2026-04-30,VRSK,Energy,-0.07344572956966977,0.01877088698175001
2026-04-30,WMB,Energy,-0.03341626921695673,0.017539649962393204
2026-04-30,XYL,Energy,0.003639071280082673,0.028191795427573954
2026-04-30,AXP,Financials,-0.0035598017023339423,-0.003921411475628944
2026-04-30,BAC,Financials,0.002618769024429257,0.047292267308060965
2026-04-30,BK,Financials,-0.0054327286899311655,-0.016846190331188938
2026-04-30,BLK,Financials,0.007479327032400285,0.012126920090126714
2026-04-30,C,Financials,0.0017471051386057646,-0.02152664074863455
2026-04-30,CFG,Financials,0.008762485289519395,-0.011609388905309163
2026-04-30,CME,Financials,0.001806646516710364,0.008858851610159155
2026-04-30,COF,Financials,0.01097747418309436,-0.0200896484601648
2026-04-30,FITB,Financials,0.0015760802541389118,-0.02533456685329251
2026-04-30,GS,Financials,0.01470058106191674,-0.0003919087130662411
2026-04-30,HBAN,Financials,-0.007159954510418509,-0.020056650825604552
2026-04-30,ICE,Financials,-0.02966666171199195,-0.0007100090083086846
2026-04-30,JPM,Financials,0.005331490762643165,0.0009036146378037525
2026-04-30,KEY,Financials,0.005427359953512845,-0.004825730814784847
2026-04-30,MCO,Financials,-0.028602341194117753,-0.02496735950538277
2026-04-30,MS,Financials,0.014481398912101762,-0.0025724679229647165
2026-04-30,MTB,Financials,-0.005534495205796519,0.017858158492944344
2026-04-30,PNC,Financials,-0.002600905071994064,-0.027577719941091764
2026-04-30,RF,Financials,-0.011908937361600258,-0.029253618969787717
2026-04-30,SCHW,Financials,0.005565278695190301,0.0010354360898616713
2026-04-30,SPGI,Financials,-0.017763150678193895,0.023809856078751575
2026-04-30,STT,Financials,-0.010468404102741413,-0.004325184372422408
2026-04-30,TFC,Financials,-0.013592247824067094,0.006690406563947283
2026-04-30,USB,Financials,-0.008824567619952761,-0.025802150442831285
2026-04-30,WFC,Financials,-0.022011493543684257,0.007215805857550121
2026-04-30,AFL,Financials,-0.0023752674181020117,-0.00856415812100861
2026-04-30,AJG,Financials,-0.045978636216115865,0.05783055613568807
2026-04-30,ALL,Financials,0.003037851784943424,-0.008321803958615266
2026-04-30,AMTD,Financials,-0.02884612739438741,0.04748727821317305
2026-04-30,AON,Financials,-0.008236103128456573,0.03686036901228127
2026-04-30,CB,Financials,-0.015596348940414728,0.0062863199577297135
2026-04-30,FDS,Financials,-0.0693822322606521,-0.00283629297516027
2026-04-30,FNF,Financials,-0.019311631668581408,0.00046635656553920674
2026-04-30,GL,Financials,0.0005832555807561146,-0.007281319527755861
2026-04-30,HIG,Financials,-0.024267174363538646,-0.013851362913924739
2026-04-30,IBKR,Financials,0.09484277881166481,-0.002097664528455499
2026-04-30,LPLA,Financials,-0.02813274401914667,0.000989722580048669
2026-04-30,MET,Financials,0.0007491284535749987,0.02576491887176621
2026-04-30,MSCI,Financials,-0.015674335768815828,0.016602753630595456
2026-04-30,NDAQ,Financials,-0.02948543799247405,0.006885933073611856
2026-04-30,PGR,Financials,-0.022257530577846296,-0.015263805430871089
2026-04-30,PRU,Financials,0.020894944847666297,0.010489224733441676
2026-04-30,RJF,Financials,0.006632060032807585,0.001147570816883458
2026-04-30,SEIC,Financials,0.005403593539043738,0.00025111869100299684
2026-04-30,SF,Financials,-0.004187212433483634,0.016987713230598195
2026-04-30,SYF,Financials,-0.00977800466175538,-0.010880688029825988
2026-04-30,TRV,Financials,-0.011634063512243609,-0.015039539017881423
2026-04-30,UNM,Financials,-0.0011196359911146425,0.025597284084448006
2026-04-30,WTW,Financials,-0.014793163014602984,0.0042992868094012425
2026-04-30,ABBV,Healthcare,-0.029765324280305316,-0.033085920683455214
2026-04-30,ABT,Healthcare,-0.049454761741296926,0.017934606101705934
2026-04-30,AMGN,Healthcare,-0.04372567407490979,0.0071856066822423926
2026-04-30,BAX,Healthcare,-0.034129714679955514,0.01883648975008305
2026-04-30,BIIB,Healthcare,0.007396417505881159,0.03916895120154626
2026-04-30,BMY,Healthcare,-0.06601749446982219,0.06316310416932502
2026-04-30,BSX,Healthcare,-0.027946547357999396,0.019365122597815837
2026-04-30,CI,Healthcare,-0.029595897802131454,0.014802455301735526
2026-04-30,CVS,Healthcare,0.042862284254804095,-0.006978770930786017
2026-04-30,DHR,Healthcare,-0.022520250617620752,-0.02584710378228221
2026-04-30,EW,Healthcare,-0.0035928509192552083,-0.03688098883317193
2026-04-30,GILD,Healthcare,0.041730410170349286,0.010209845356969387
2026-04-30,HUM,Healthcare,0.041828790760985335,0.014607587791364651
2026-04-30,ISRG,Healthcare,-0.01284931394300115,-0.007829032328164518
2026-04-30,JNJ,Healthcare,-0.02275401717402059,0.010729838585254472
2026-04-30,LLY,Healthcare,0.05612027988139867,-0.04673592106627337
2026-04-30,MDT,Healthcare,-0.041620386510755725,-0.009734482461488773
2026-04-30,MRK,Healthcare,0.04011721232071053,0.02154413696316354
2026-04-30,PFE,Healthcare,-0.006367043874017875,0.007687628226020517
2026-04-30,REGN,Healthcare,0.01978614301852888,0.023065506602209587
2026-04-30,SYK,Healthcare,-0.0723511501833205,-0.019390201806339005
2026-04-30,TMO,Healthcare,-0.012547977608293737,0.0017795709401588378
2026-04-30,UNH,Healthcare,-0.008637476009871303,0.07094167271308205
2026-04-30,VRTX,Healthcare,0.0006317305690188846,-0.004625282645743414
2026-04-30,ZBH,Healthcare,0.0048526207011767575,0.009725669148107033
2026-04-30,A,Healthcare,0.01852011538839915,0.013349421538866521
2026-04-30,ACAD,Healthcare,-0.04320717985472888,0.03461398426400782
2026-04-30,ALGN,Healthcare,-0.011760650701851394,-0.023280749990775063
2026-04-30,ALKS,Healthcare,0.0477603279168628,-0.02451004217238862
2026-04-30,BDX,Healthcare,-0.028717116023213807,-0.05375696350096914
2026-04-30,DGX,Healthcare,-0.026107065628744208,0.011454624360750005
2026-04-30,DXCM,Healthcare,0.013602038348758061,0.02562332080686192
2026-04-30,FOLD,Healthcare,0.0,0.02176515367290207
2026-04-30,HOLX,Healthcare,0.0,-0.02774270685598754
2026-04-30,IDXX,Healthcare,0.03286375370354877,-0.022177666991829142
2026-04-30,INSP,Healthcare,-0.18596363983277842,-0.053826045381529096
2026-04-30,IQV,Healthcare,0.1142893645360179,-0.03322975914047759
2026-04-30,MASI,Healthcare,0.00033633817097022956,-0.0414257224793309
2026-04-30,MTD,Healthcare,0.03950310140888469,-0.066588966788053
2026-04-30,NBIX,Healthcare,0.11657937508148275,-0.06135703976550253
2026-04-30,NTRA,Healthcare,0.04331583487172064,-0.03239311485485649
2026-04-30,NVCR,Healthcare,0.08448394463271658,0.07374903051940862
2026-04-30,PODD,Healthcare,-0.12118043850536908,-0.032133431816770204
2026-04-30,RARE,Healthcare,0.0502227518953553,0.01674356957835128
2026-04-30,RMD,Healthcare,-0.01950328897881659,-0.03656171499050695
2026-04-30,WAT,Healthcare,0.13032366316719024,0.03158931487739662
2026-04-30,AAPL,Technology,0.0595540936009582,-0.031555273368598
2026-04-30,ADBE,Technology,0.016537960034498145,-0.02510972874392044
2026-04-30,AMAT,Technology,0.08651678300515342,0.023385842535100235
2026-04-30,AMD,Technology,0.18872189979138998,0.3851843193938411
2026-04-30,AVGO,Technology,0.019188869765394134,0.3037912079236172
2026-04-30,CDNS,Technology,0.07679237185538335,0.02662183876624527
2026-04-30,CRM,Technology,0.026397800341773303,0.119793300182028
2026-04-30,CRWD,Technology,0.05007292725567858,0.14766036269601188
2026-04-30,FTNT,Technology,0.06689597382242551,0.09000485597204742
2026-04-30,GOOGL,Technology,0.03440753942818886,-0.03211611641519413
2026-04-30,INTC,Technology,0.19612614437885734,0.1313662796750189
2026-04-30,INTU,Technology,0.00012866870777017425,0.059557339331684486
2026-04-30,KLAC,Technology,0.03767250229742691,0.006039362403343982
2026-04-30,LRCX,Technology,0.1524471818400872,0.05656593947375584
2026-04-30,META,Technology,0.0015852523751105352,0.02062684137448101
2026-04-30,MSFT,Technology,0.015155212845851418,0.06879796520422535
2026-04-30,MU,Technology,0.2889435792997386,0.4093993078507648
2026-04-30,NET,Technology,0.2128116058808982,0.15001653433069942
2026-04-30,NOW,Technology,0.008379634397261304,0.027976173310594214
2026-04-30,NVDA,Technology,0.04138895727661551,0.2678955372701529
2026-04-30,ORCL,Technology,0.20224301080046958,0.3055794933504375
2026-04-30,PANW,Technology,0.024313992714039223,-0.018125938400220174
2026-04-30,QCOM,Technology,0.07233547923328798,0.010564088878046954
2026-04-30,SNPS,Technology,0.045213441873721116,0.17989787692832943
2026-04-30,TXN,Technology,0.03497464552901075,0.06603318276992408
2026-04-30,ACN,Technology,-0.023166018880392047,0.0009645013927337824
2026-04-30,ADI,Technology,0.03323719681948356,0.2541454707519951
2026-04-30,ANET,Technology,-0.1485148987213487,0.248420953920007
2026-04-30,CGNX,Technology,0.12159971544048065,0.28032694989774276
2026-04-30,COHU,Technology,0.04794087710487105,0.08431037067101485
2026-04-30,CSCO,Technology,0.0015300479742998974,0.2900415070836002
2026-04-30,DELL,Technology,0.14285717415401344,0.2608245601676405
2026-04-30,ENTG,Technology,0.10241897883326057,0.10960308947973393
2026-04-30,FORM,Technology,0.09703526191505718,0.11865038131251758
2026-04-30,HPQ,Technology,0.026366213852727194,-0.04848615120884095
2026-04-30,IBM,Technology,-0.022685904975753957,0.03951912044378348
2026-04-30,IPGP,Technology,-0.14278503186164027,0.41088666138802554
2026-04-30,KEYS,Technology,0.04792657780046161,0.4409998907495894
2026-04-30,MCHP,Technology,0.10773860846287131,0.265838468811027
2026-04-30,MKSI,Technology,0.03531273661205958,0.33652514837286174
2026-04-30,MPWR,Technology,0.023500808718355026,-0.022530706382282988
2026-04-30,MRVL,Technology,0.042385711527107794,0.2123423821241769
2026-04-30,NXPI,Technology,0.03392483251920897,-0.042205036682124816
2026-04-30,ONTO,Technology,-0.003423065728943575,0.12111582652628443
2026-04-30,QRVO,Technology,-0.05603904384302527,0.08742977432994258
2026-04-30,STX,Technology,0.16741874860355033,0.010543015400728233
2026-04-30,SWKS,Technology,-0.07410570163793329,0.03340307553976396
2026-04-30,TER,Technology,0.11357617732839032,0.0005549133778542166
2026-04-30,VRSN,Technology,0.026427477133683208,0.013081634124624266
2026-04-30,WDC,Technology,0.1119166116919017,0.02710445382283022
